{
  "type": "FeatureCollection",
  "metadata": {
    "source_format": "OpenStreetMap XML",
    "selection": "way with highway tag in accepted_highways",
    "accepted_highways": [
      "bridleway",
      "cycleway",
      "footway",
      "living_street",
      "path",
      "pedestrian",
      "residential",
      "road",
      "secondary",
      "service",
      "steps",
      "tertiary",
      "track",
      "unclassified"
    ],
    "node_count": 10335,
    "selected_way_count": 221,
    "feature_count": 221,
    "skipped_missing_nodes": 0
  },
  "features": [
    {
      "type": "Feature",
      "properties": {
        "osm_way_id": 25601833,
        "cycleway:both": "no",
        "highway": "tertiary",
        "lane_markings": "no",
        "maxspeed": "70",
        "ref": "M 1607",
        "surface": "asphalt"
      },
      "geometry": {
        "type": "LineString",
        "coordinates": [
          [
            14.0661693,
            55.7278819
          ],
          [
            14.0637708,
            55.7277127
          ],
          [
            14.0621751,
            55.7275547
          ],
          [
            14.061105,
            55.7276052
          ],
          [
            14.0604671,
            55.7277379
          ],
          [
            14.0598614,
            55.7280443
          ],
          [
            14.0591995,
            55.7286811
          ],
          [
            14.0585397,
            55.7292122
          ],
          [
            14.0572241,
            55.7302426
          ],
          [
            14.055663,
            55.7316072
          ],
          [
            14.0554672,
            55.7317665
          ],
          [
            14.0554207,
            55.7318073
          ],
          [
            14.0550877,
            55.7320995
          ],
          [
            14.0546997,
            55.7323964
          ],
          [
            14.0543375,
            55.7325876
          ],
          [
            14.0540529,
            55.7327423
          ],
          [
            14.0539162,
            55.7328165
          ],
          [
            14.0535613,
            55.732983
          ],
          [
            14.0531695,
            55.7331245
          ],
          [
            14.0525855,
            55.7333451
          ],
          [
            14.0518463,
            55.7335116
          ],
          [
            14.0513732,
            55.7335823
          ],
          [
            14.0507892,
            55.7336406
          ],
          [
            14.0500204,
            55.7336489
          ],
          [
            14.0479743,
            55.733618
          ],
          [
            14.0477839,
            55.7336151
          ],
          [
            14.0475967,
            55.7336123
          ],
          [
            14.0473731,
            55.7336089
          ],
          [
            14.0444954,
            55.7335955
          ],
          [
            14.0414741,
            55.7335779
          ],
          [
            14.0408444,
            55.7335776
          ],
          [
            14.0383378,
            55.7334131
          ],
          [
            14.0381368,
            55.73341
          ],
          [
            14.0353507,
            55.7332509
          ],
          [
            14.0320692,
            55.7331316
          ],
          [
            14.0290294,
            55.7329599
          ],
          [
            14.0286326,
            55.7329375
          ],
          [
            14.0266876,
            55.7328142
          ],
          [
            14.0254817,
            55.7327377
          ],
          [
            14.0250421,
            55.7326924
          ],
          [
            14.0244994,
            55.7326364
          ],
          [
            14.0239402,
            55.7325624
          ],
          [
            14.0235853,
            55.732494
          ],
          [
            14.0232984,
            55.7324118
          ],
          [
            14.0228365,
            55.7322229
          ],
          [
            14.0223648,
            55.7320149
          ],
          [
            14.0216451,
            55.7317082
          ],
          [
            14.0211589,
            55.7315029
          ],
          [
            14.020886,
            55.7313603
          ],
          [
            14.0207553,
            55.731292
          ],
          [
            14.0204003,
            55.7310347
          ],
          [
            14.0197828,
            55.7304186
          ],
          [
            14.0196175,
            55.7302762
          ],
          [
            14.0193695,
            55.7300983
          ],
          [
            14.0187714,
            55.7298409
          ],
          [
            14.0174002,
            55.7293973
          ],
          [
            14.0166027,
            55.7291536
          ],
          [
            14.0159463,
            55.7289647
          ],
          [
            14.0154795,
            55.7288716
          ],
          [
            14.0150662,
            55.7288388
          ],
          [
            14.0149321,
            55.7288378
          ],
          [
            14.0147015,
            55.728836
          ],
          [
            14.0138571,
            55.7288057
          ],
          [
            14.0134178,
            55.728836
          ],
          [
            14.0129899,
            55.7288826
          ],
          [
            14.0126349,
            55.7289401
          ],
          [
            14.012314,
            55.7290304
          ],
          [
            14.0119445,
            55.7292002
          ],
          [
            14.0115311,
            55.7294165
          ],
          [
            14.0110984,
            55.7296465
          ],
          [
            14.0109008,
            55.7297505
          ],
          [
            14.010651,
            55.729882
          ],
          [
            14.0103836,
            55.7299888
          ],
          [
            14.0100856,
            55.7300577
          ]
        ]
      }
    },
    {
      "type": "Feature",
      "properties": {
        "osm_way_id": 25931346,
        "cycleway:both": "no",
        "highway": "tertiary",
        "lane_markings": "no",
        "maxspeed": "70",
        "ref": "M 1589",
        "surface": "asphalt"
      },
      "geometry": {
        "type": "LineString",
        "coordinates": [
          [
            13.9863662,
            55.7082205
          ],
          [
            13.9873169,
            55.708115
          ],
          [
            13.9880534,
            55.7080529
          ],
          [
            13.9888503,
            55.70796
          ],
          [
            13.9895793,
            55.7078438
          ],
          [
            13.9908652,
            55.7075765
          ],
          [
            13.9916835,
            55.7074215
          ],
          [
            13.9923781,
            55.7073091
          ],
          [
            13.9930176,
            55.70722
          ],
          [
            13.9938772,
            55.7070534
          ],
          [
            13.9949155,
            55.7068055
          ],
          [
            13.9965045,
            55.7064177
          ],
          [
            13.9966612,
            55.7063795
          ],
          [
            13.9968685,
            55.7063289
          ],
          [
            13.9973911,
            55.7061894
          ],
          [
            13.9978243,
            55.7061003
          ],
          [
            13.9982644,
            55.7060344
          ],
          [
            13.9987802,
            55.7060189
          ],
          [
            13.9992753,
            55.7060499
          ],
          [
            14.000183,
            55.7061468
          ],
          [
            14.0010495,
            55.7062359
          ],
          [
            14.0016821,
            55.7062514
          ],
          [
            14.0022941,
            55.7062475
          ],
          [
            14.0027755,
            55.7061972
          ],
          [
            14.0032087,
            55.7061236
          ],
          [
            14.0045359,
            55.7057942
          ],
          [
            14.0050792,
            55.7056509
          ],
          [
            14.0055674,
            55.7054649
          ],
          [
            14.0064641,
            55.7050638
          ],
          [
            14.0068963,
            55.7048723
          ],
          [
            14.0081261,
            55.7043251
          ],
          [
            14.0096399,
            55.7037463
          ],
          [
            14.0100785,
            55.7036128
          ],
          [
            14.0108198,
            55.7034346
          ],
          [
            14.0114125,
            55.7033842
          ],
          [
            14.0122102,
            55.7033532
          ],
          [
            14.012836,
            55.7033609
          ],
          [
            14.0134343,
            55.7033299
          ],
          [
            14.0141632,
            55.7032524
          ],
          [
            14.0148921,
            55.7031478
          ],
          [
            14.0155172,
            55.7030339
          ],
          [
            14.0159098,
            55.7029269
          ],
          [
            14.01646,
            55.7027061
          ],
          [
            14.0169826,
            55.7024619
          ],
          [
            14.0174158,
            55.7023069
          ],
          [
            14.0179883,
            55.7021656
          ],
          [
            14.0182981,
            55.7021061
          ],
          [
            14.0198158,
            55.7018148
          ],
          [
            14.0246377,
            55.7009298
          ],
          [
            14.0252134,
            55.7007402
          ],
          [
            14.0258705,
            55.7004844
          ],
          [
            14.0268866,
            55.7000465
          ],
          [
            14.0273913,
            55.6997794
          ],
          [
            14.0279362,
            55.6995019
          ],
          [
            14.0282579,
            55.6994108
          ],
          [
            14.0284628,
            55.6993533
          ],
          [
            14.0286949,
            55.6992735
          ],
          [
            14.0291014,
            55.69916
          ],
          [
            14.0295959,
            55.6989576
          ],
          [
            14.0302966,
            55.6986662
          ],
          [
            14.0310874,
            55.6984109
          ],
          [
            14.0314712,
            55.6983214
          ],
          [
            14.0316454,
            55.6982717
          ],
          [
            14.0320289,
            55.6982109
          ],
          [
            14.0321918,
            55.6981832
          ]
        ]
      }
    },
    {
      "type": "Feature",
      "properties": {
        "osm_way_id": 29903252,
        "cycleway:both": "no",
        "highway": "tertiary",
        "lane_markings": "no",
        "maxspeed": "70",
        "ref": "M 1603",
        "surface": "asphalt"
      },
      "geometry": {
        "type": "LineString",
        "coordinates": [
          [
            13.9351079,
            55.7365549
          ],
          [
            13.9346291,
            55.736037
          ],
          [
            13.9340018,
            55.7353334
          ],
          [
            13.9335642,
            55.7348543
          ],
          [
            13.9331852,
            55.7344355
          ],
          [
            13.9326077,
            55.7338362
          ],
          [
            13.931921,
            55.7331355
          ],
          [
            13.9313274,
            55.732467
          ],
          [
            13.930778,
            55.7318591
          ],
          [
            13.9301615,
            55.7312024
          ],
          [
            13.9292174,
            55.7302116
          ],
          [
            13.9285737,
            55.7294866
          ],
          [
            13.9282093,
            55.729066
          ],
          [
            13.9277153,
            55.7284958
          ],
          [
            13.9269429,
            55.72765
          ],
          [
            13.9259438,
            55.7265873
          ],
          [
            13.9257842,
            55.7264175
          ],
          [
            13.9250409,
            55.7255908
          ],
          [
            13.9248214,
            55.7253643
          ],
          [
            13.9245396,
            55.7251366
          ],
          [
            13.9240246,
            55.7247015
          ],
          [
            13.9233557,
            55.7242693
          ],
          [
            13.9230644,
            55.7240173
          ],
          [
            13.9227236,
            55.7236461
          ],
          [
            13.922435,
            55.7231997
          ],
          [
            13.9217255,
            55.7222375
          ],
          [
            13.9204499,
            55.7202992
          ]
        ]
      }
    },
    {
      "type": "Feature",
      "properties": {
        "osm_way_id": 38780895,
        "highway": "unclassified"
      },
      "geometry": {
        "type": "LineString",
        "coordinates": [
          [
            13.9890107,
            55.7164899
          ],
          [
            13.9883203,
            55.7167213
          ],
          [
            13.9876945,
            55.7169176
          ],
          [
            13.9870377,
            55.7169873
          ],
          [
            13.9858905,
            55.7169981
          ]
        ]
      }
    },
    {
      "type": "Feature",
      "properties": {
        "osm_way_id": 38780919,
        "highway": "unclassified",
        "maxspeed": "70"
      },
      "geometry": {
        "type": "LineString",
        "coordinates": [
          [
            13.9711851,
            55.7173079
          ],
          [
            13.9714037,
            55.7173351
          ],
          [
            13.971747,
            55.7174318
          ],
          [
            13.9720045,
            55.7174962
          ],
          [
            13.9722001,
            55.7175204
          ],
          [
            13.9724576,
            55.7174774
          ],
          [
            13.9728391,
            55.7173217
          ],
          [
            13.9731586,
            55.71719
          ],
          [
            13.97396,
            55.717003
          ],
          [
            13.974475,
            55.7168918
          ],
          [
            13.9746757,
            55.7168602
          ]
        ]
      }
    },
    {
      "type": "Feature",
      "properties": {
        "osm_way_id": 38780923,
        "highway": "unclassified",
        "name": "Hästhagen"
      },
      "geometry": {
        "type": "LineString",
        "coordinates": [
          [
            13.9746757,
            55.7168602
          ],
          [
            13.974796,
            55.7169182
          ],
          [
            13.9748354,
            55.7170494
          ],
          [
            13.9748784,
            55.7175635
          ]
        ]
      }
    },
    {
      "type": "Feature",
      "properties": {
        "osm_way_id": 38781022,
        "highway": "tertiary",
        "maxspeed": "70",
        "ref": "M 1607"
      },
      "geometry": {
        "type": "LineString",
        "coordinates": [
          [
            14.0002669,
            55.7295352
          ],
          [
            14.0001556,
            55.7289749
          ],
          [
            14.0000437,
            55.7281261
          ],
          [
            14.0000044,
            55.7273553
          ],
          [
            13.9999708,
            55.7270719
          ],
          [
            13.9999173,
            55.7268309
          ],
          [
            13.9998003,
            55.7265897
          ],
          [
            13.9996353,
            55.7263983
          ],
          [
            13.9994554,
            55.7262258
          ],
          [
            13.9991636,
            55.7259985
          ],
          [
            13.9976576,
            55.7248719
          ],
          [
            13.9969949,
            55.7243828
          ],
          [
            13.9968421,
            55.7242523
          ],
          [
            13.9967032,
            55.7241336
          ],
          [
            13.9963482,
            55.7237831
          ],
          [
            13.9956918,
            55.7230985
          ],
          [
            13.9952542,
            55.7225919
          ],
          [
            13.9947874,
            55.7221838
          ],
          [
            13.99434,
            55.7218168
          ],
          [
            13.9939802,
            55.7214909
          ],
          [
            13.993635,
            55.7211294
          ],
          [
            13.9933705,
            55.7208368
          ],
          [
            13.9930417,
            55.7204146
          ],
          [
            13.9927944,
            55.7200072
          ],
          [
            13.9922978,
            55.7192616
          ],
          [
            13.9919768,
            55.7188974
          ],
          [
            13.9917386,
            55.7186591
          ],
          [
            13.9913395,
            55.7183006
          ],
          [
            13.9908244,
            55.7179771
          ],
          [
            13.9903333,
            55.7177306
          ],
          [
            13.9900173,
            55.7175882
          ],
          [
            13.9898228,
            55.7174211
          ],
          [
            13.9896526,
            55.7172239
          ],
          [
            13.9893705,
            55.7167966
          ],
          [
            13.9892247,
            55.7166597
          ],
          [
            13.9891449,
            55.7165964
          ],
          [
            13.9890107,
            55.7164899
          ],
          [
            13.9886995,
            55.7162762
          ],
          [
            13.9877647,
            55.7157219
          ],
          [
            13.9860822,
            55.7148422
          ],
          [
            13.9857096,
            55.7146474
          ]
        ]
      }
    },
    {
      "type": "Feature",
      "properties": {
        "osm_way_id": 45137812,
        "cycleway:both": "no",
        "highway": "tertiary",
        "lane_markings": "no",
        "maxspeed": "70",
        "ref": "M 1589",
        "surface": "asphalt"
      },
      "geometry": {
        "type": "LineString",
        "coordinates": [
          [
            13.9698974,
            55.7138286
          ],
          [
            13.9697776,
            55.7136926
          ],
          [
            13.9696822,
            55.7135261
          ],
          [
            13.9696393,
            55.7133568
          ],
          [
            13.9696202,
            55.713107
          ],
          [
            13.9695219,
            55.7128094
          ],
          [
            13.9694343,
            55.712602
          ],
          [
            13.9692594,
            55.7123369
          ],
          [
            13.9690954,
            55.7122126
          ],
          [
            13.9689639,
            55.7120992
          ],
          [
            13.9688727,
            55.7119799
          ],
          [
            13.9687923,
            55.7118424
          ],
          [
            13.9686713,
            55.7115946
          ],
          [
            13.9684103,
            55.7113535
          ],
          [
            13.9681372,
            55.7111459
          ],
          [
            13.9673504,
            55.7106892
          ],
          [
            13.966678,
            55.7101761
          ],
          [
            13.9661487,
            55.7098134
          ],
          [
            13.9659055,
            55.7096764
          ],
          [
            13.9655478,
            55.7095286
          ],
          [
            13.9652379,
            55.7093916
          ],
          [
            13.9647038,
            55.7091848
          ],
          [
            13.9636458,
            55.7088506
          ],
          [
            13.9625904,
            55.7085491
          ],
          [
            13.9620524,
            55.7083438
          ],
          [
            13.9616805,
            55.7081638
          ],
          [
            13.9613848,
            55.708
          ],
          [
            13.9609938,
            55.7077313
          ],
          [
            13.9608292,
            55.7076221
          ],
          [
            13.9606982,
            55.7075352
          ],
          [
            13.9603024,
            55.7073229
          ],
          [
            13.9600735,
            55.7071483
          ],
          [
            13.9599079,
            55.7069753
          ],
          [
            13.9598112,
            55.7068742
          ],
          [
            13.959239,
            55.7062858
          ]
        ]
      }
    },
    {
      "type": "Feature",
      "properties": {
        "osm_way_id": 45137814,
        "highway": "tertiary",
        "ref": "M 1605"
      },
      "geometry": {
        "type": "LineString",
        "coordinates": [
          [
            13.9686474,
            55.7212592
          ],
          [
            13.9687476,
            55.7210417
          ],
          [
            13.9688334,
            55.7207838
          ],
          [
            13.9688763,
            55.7203621
          ],
          [
            13.9688859,
            55.7198303
          ],
          [
            13.9689574,
            55.7195564
          ],
          [
            13.9690623,
            55.7193173
          ],
          [
            13.9692149,
            55.7191132
          ],
          [
            13.9694295,
            55.7189332
          ],
          [
            13.969749,
            55.7187372
          ],
          [
            13.9701639,
            55.7185223
          ],
          [
            13.970206,
            55.7184989
          ],
          [
            13.9705167,
            55.7183262
          ],
          [
            13.9712177,
            55.7179717
          ],
          [
            13.9713799,
            55.7178562
          ],
          [
            13.9714419,
            55.7177407
          ],
          [
            13.9714228,
            55.717601
          ],
          [
            13.9711851,
            55.7173079
          ],
          [
            13.970841,
            55.7168973
          ],
          [
            13.9705007,
            55.7164352
          ],
          [
            13.9704563,
            55.7163749
          ],
          [
            13.9703806,
            55.716245
          ],
          [
            13.9702957,
            55.716095
          ],
          [
            13.9702748,
            55.7159998
          ],
          [
            13.9702495,
            55.7158715
          ],
          [
            13.9702478,
            55.7158628
          ],
          [
            13.9702344,
            55.7156589
          ],
          [
            13.970256,
            55.7155083
          ],
          [
            13.9703069,
            55.715154
          ],
          [
            13.9703117,
            55.7148988
          ],
          [
            13.9701925,
            55.7145039
          ],
          [
            13.9698974,
            55.7138286
          ]
        ]
      }
    },
    {
      "type": "Feature",
      "properties": {
        "osm_way_id": 50321313,
        "highway": "track",
        "motor_vehicle": "no"
      },
      "geometry": {
        "type": "LineString",
        "coordinates": [
          [
            13.9304602,
            55.6917285
          ],
          [
            13.930369,
            55.6918192
          ],
          [
            13.9303529,
            55.6919099
          ],
          [
            13.9302778,
            55.6926023
          ],
          [
            13.930251,
            55.693071
          ],
          [
            13.9302832,
            55.6933884
          ],
          [
            13.9304334,
            55.6936666
          ],
          [
            13.9306855,
            55.693851
          ],
          [
            13.9307821,
            55.6941292
          ],
          [
            13.9307821,
            55.6942743
          ],
          [
            13.9309752,
            55.6944073
          ],
          [
            13.9323562,
            55.6947372
          ],
          [
            13.9327401,
            55.6947973
          ],
          [
            13.9349073,
            55.6951481
          ],
          [
            13.9368278,
            55.695532
          ],
          [
            13.937273,
            55.6956137
          ],
          [
            13.9380401,
            55.6958434
          ],
          [
            13.9386249,
            55.6962092
          ],
          [
            13.9405936,
            55.6969288
          ],
          [
            13.941865,
            55.6974337
          ],
          [
            13.9421654,
            55.6975667
          ],
          [
            13.9430653,
            55.6977879
          ],
          [
            13.943764,
            55.6979597
          ],
          [
            13.9450556,
            55.6983008
          ],
          [
            13.9453894,
            55.698389
          ],
          [
            13.9467492,
            55.6988077
          ],
          [
            13.9477712,
            55.6990661
          ],
          [
            13.948667,
            55.6992113
          ],
          [
            13.9496863,
            55.6993291
          ],
          [
            13.9509308,
            55.6995105
          ],
          [
            13.9519662,
            55.6997584
          ],
          [
            13.9524758,
            55.6999942
          ],
          [
            13.9529532,
            55.7003539
          ],
          [
            13.9531624,
            55.7004763
          ],
          [
            13.9533127,
            55.7004386
          ],
          [
            13.9537471,
            55.700233
          ],
          [
            13.9542782,
            55.7000426
          ],
          [
            13.9544231,
            55.7000184
          ],
          [
            13.9547421,
            55.7000393
          ]
        ]
      }
    },
    {
      "type": "Feature",
      "properties": {
        "osm_way_id": 50321315,
        "attribution": "Region Skåne",
        "highway": "path"
      },
      "geometry": {
        "type": "LineString",
        "coordinates": [
          [
            13.9846463,
            55.7139878
          ],
          [
            13.9844545,
            55.7140336
          ],
          [
            13.9842911,
            55.7140604
          ],
          [
            13.9842665,
            55.7140644
          ],
          [
            13.984138,
            55.7140661
          ],
          [
            13.9837884,
            55.7140571
          ],
          [
            13.9833628,
            55.7140084
          ],
          [
            13.9832808,
            55.713999
          ],
          [
            13.9830439,
            55.7139719
          ],
          [
            13.9822576,
            55.7140462
          ],
          [
            13.9814767,
            55.714158
          ],
          [
            13.9808711,
            55.7143683
          ],
          [
            13.98006,
            55.7145391
          ],
          [
            13.9798309,
            55.7146379
          ],
          [
            13.9796378,
            55.714783
          ],
          [
            13.9792462,
            55.7151093
          ],
          [
            13.9789136,
            55.7152695
          ],
          [
            13.9787201,
            55.7153175
          ],
          [
            13.9784761,
            55.7153781
          ],
          [
            13.9780609,
            55.7155137
          ],
          [
            13.9777978,
            55.7156986
          ],
          [
            13.9774404,
            55.7161099
          ]
        ]
      }
    },
    {
      "type": "Feature",
      "properties": {
        "osm_way_id": 50321319,
        "highway": "path"
      },
      "geometry": {
        "type": "LineString",
        "coordinates": [
          [
            13.982715,
            55.716291
          ],
          [
            13.9824968,
            55.7164633
          ],
          [
            13.9817687,
            55.7166711
          ],
          [
            13.9810859,
            55.7167561
          ],
          [
            13.9803767,
            55.7167878
          ],
          [
            13.9800906,
            55.7167555
          ],
          [
            13.9798617,
            55.716779
          ],
          [
            13.9796019,
            55.7168669
          ],
          [
            13.9794916,
            55.7169253
          ],
          [
            13.9792326,
            55.7169816
          ],
          [
            13.9791374,
            55.716949
          ]
        ]
      }
    },
    {
      "type": "Feature",
      "properties": {
        "osm_way_id": 51096672,
        "attribution": "Region Skåne",
        "highway": "path"
      },
      "geometry": {
        "type": "LineString",
        "coordinates": [
          [
            13.9743458,
            55.7188358
          ],
          [
            13.9739971,
            55.7195073
          ],
          [
            13.9739864,
            55.7199847
          ],
          [
            13.9740159,
            55.7201252
          ],
          [
            13.9741124,
            55.720734
          ],
          [
            13.9741768,
            55.7212296
          ],
          [
            13.974408,
            55.7226502
          ],
          [
            13.974145,
            55.7230162
          ],
          [
            13.974135,
            55.7233563
          ],
          [
            13.9738909,
            55.7237693
          ],
          [
            13.974117,
            55.7241204
          ],
          [
            13.9748731,
            55.7246394
          ],
          [
            13.9752212,
            55.7253265
          ],
          [
            13.9751932,
            55.7260396
          ],
          [
            13.9749821,
            55.7264096
          ],
          [
            13.9755962,
            55.7274278
          ],
          [
            13.9757473,
            55.7278138
          ],
          [
            13.9756713,
            55.7281828
          ],
          [
            13.9752592,
            55.7284389
          ],
          [
            13.9746231,
            55.7284069
          ],
          [
            13.9740411,
            55.7282199
          ],
          [
            13.9724828,
            55.7280839
          ],
          [
            13.9719928,
            55.7282949
          ],
          [
            13.9710977,
            55.7284429
          ],
          [
            13.9701235,
            55.7284619
          ],
          [
            13.9683923,
            55.729093
          ],
          [
            13.9689084,
            55.7297301
          ],
          [
            13.9691905,
            55.7298761
          ],
          [
            13.9697375,
            55.7303072
          ],
          [
            13.9698486,
            55.7307032
          ],
          [
            13.969736,
            55.7309868
          ],
          [
            13.9695675,
            55.7314113
          ],
          [
            13.9695295,
            55.7318423
          ],
          [
            13.9693878,
            55.7319054
          ],
          [
            13.9691295,
            55.7320204
          ],
          [
            13.9689785,
            55.7331775
          ],
          [
            13.9682394,
            55.7333455
          ],
          [
            13.9681299,
            55.7334415
          ],
          [
            13.968251,
            55.7336452
          ],
          [
            13.9684134,
            55.7337486
          ],
          [
            13.9686966,
            55.7337957
          ],
          [
            13.9688916,
            55.7339621
          ],
          [
            13.9691404,
            55.7341056
          ],
          [
            13.9698445,
            55.7341466
          ],
          [
            13.9700537,
            55.7342826
          ],
          [
            13.9706177,
            55.7346097
          ],
          [
            13.9712838,
            55.7347187
          ],
          [
            13.9714799,
            55.7351397
          ],
          [
            13.9718549,
            55.7354408
          ],
          [
            13.9715739,
            55.7359458
          ],
          [
            13.9727841,
            55.737046
          ],
          [
            13.9734532,
            55.737395
          ],
          [
            13.9740442,
            55.7377871
          ],
          [
            13.9741413,
            55.7382941
          ],
          [
            13.9741798,
            55.7385214
          ],
          [
            13.9745922,
            55.7387955
          ],
          [
            13.974467,
            55.7391362
          ],
          [
            13.9743301,
            55.7394292
          ],
          [
            13.9745209,
            55.7395623
          ],
          [
            13.9749835,
            55.7396298
          ],
          [
            13.9753297,
            55.7395595
          ],
          [
            13.9759245,
            55.7393818
          ],
          [
            13.9765196,
            55.7393202
          ],
          [
            13.9770437,
            55.7395743
          ],
          [
            13.9785179,
            55.7398373
          ],
          [
            13.9789919,
            55.7401333
          ],
          [
            13.979543,
            55.7403813
          ],
          [
            13.9807542,
            55.7404554
          ],
          [
            13.9816073,
            55.7404223
          ],
          [
            13.9827724,
            55.7400763
          ],
          [
            13.9834085,
            55.7400883
          ],
          [
            13.9840176,
            55.7402523
          ],
          [
            13.9849517,
            55.7408774
          ],
          [
            13.9855898,
            55.7411454
          ],
          [
            13.9861049,
            55.7410644
          ],
          [
            13.986993,
            55.7410434
          ],
          [
            13.9874401,
            55.7412254
          ],
          [
            13.9881292,
            55.7427656
          ],
          [
            13.9886663,
            55.7435207
          ],
          [
            13.9893324,
            55.7441038
          ],
          [
            13.9896001,
            55.744267
          ],
          [
            13.9899705,
            55.7444928
          ],
          [
            13.9906926,
            55.7447138
          ],
          [
            13.9914116,
            55.7447908
          ],
          [
            13.9921127,
            55.7449918
          ],
          [
            13.9925168,
            55.7450479
          ],
          [
            13.993713,
            55.7450448
          ],
          [
            13.9961253,
            55.7451307
          ],
          [
            13.9971075,
            55.7452691
          ],
          [
            13.9975105,
            55.7454631
          ],
          [
            13.9984262,
            55.7460126
          ],
          [
            13.9989541,
            55.746424
          ],
          [
            13.9992625,
            55.7467974
          ],
          [
            13.9994236,
            55.7471584
          ],
          [
            13.999373,
            55.7473317
          ],
          [
            13.9991781,
            55.7475578
          ],
          [
            13.9989215,
            55.7477803
          ],
          [
            13.9991307,
            55.7483932
          ],
          [
            13.9990983,
            55.7485836
          ],
          [
            13.9993354,
            55.7489993
          ],
          [
            13.99993,
            55.7494359
          ],
          [
            14.0002619,
            55.749657
          ],
          [
            14.0006562,
            55.7499557
          ],
          [
            14.0011121,
            55.7501851
          ],
          [
            14.0014531,
            55.7504006
          ],
          [
            14.001868,
            55.7506369
          ],
          [
            14.0023495,
            55.7507133
          ],
          [
            14.0029543,
            55.7510395
          ],
          [
            14.0032143,
            55.7513536
          ],
          [
            14.0031643,
            55.7517416
          ],
          [
            14.0029083,
            55.7519991
          ],
          [
            14.0027017,
            55.7523397
          ],
          [
            14.0026335,
            55.7526743
          ],
          [
            14.0027713,
            55.7529863
          ],
          [
            14.0029584,
            55.7531733
          ],
          [
            14.0034081,
            55.7534565
          ],
          [
            14.0038018,
            55.753631
          ],
          [
            14.0041585,
            55.7537569
          ],
          [
            14.0044404,
            55.7539797
          ],
          [
            14.0045004,
            55.7541608
          ],
          [
            14.004489,
            55.7543417
          ],
          [
            14.0042805,
            55.754592
          ],
          [
            14.0037495,
            55.75496
          ],
          [
            14.0037794,
            55.7551883
          ],
          [
            14.0039325,
            55.7554859
          ],
          [
            14.004288,
            55.7558316
          ],
          [
            14.0043743,
            55.7563312
          ],
          [
            14.0045346,
            55.7566922
          ],
          [
            14.0049337,
            55.7570595
          ],
          [
            14.0049662,
            55.7574284
          ],
          [
            14.0050727,
            55.7576864
          ],
          [
            14.0053801,
            55.7579966
          ],
          [
            14.0054222,
            55.7581275
          ],
          [
            14.0054397,
            55.7582724
          ],
          [
            14.0050507,
            55.7585515
          ],
          [
            14.0045119,
            55.7590366
          ],
          [
            14.0042635,
            55.7592838
          ],
          [
            14.0041615,
            55.7593946
          ],
          [
            14.004035,
            55.7595534
          ],
          [
            14.0039832,
            55.7596258
          ],
          [
            14.0038406,
            55.759675
          ],
          [
            14.0035455,
            55.7596866
          ],
          [
            14.0020293,
            55.7604277
          ],
          [
            14.0017253,
            55.7605215
          ],
          [
            14.0018173,
            55.7608728
          ],
          [
            14.0018435,
            55.7609474
          ],
          [
            14.0019474,
            55.7612428
          ],
          [
            14.0019754,
            55.7616289
          ],
          [
            14.0022574,
            55.7619909
          ],
          [
            14.0028518,
            55.762595
          ],
          [
            14.0035956,
            55.763124
          ],
          [
            14.0039707,
            55.7633661
          ],
          [
            14.0047187,
            55.7637811
          ],
          [
            14.005594,
            55.7640001
          ],
          [
            14.0061831,
            55.7644602
          ],
          [
            14.006839,
            55.7647648
          ]
        ]
      }
    },
    {
      "type": "Feature",
      "properties": {
        "osm_way_id": 51096673,
        "highway": "unclassified"
      },
      "geometry": {
        "type": "LineString",
        "coordinates": [
          [
            13.9746757,
            55.7168602
          ],
          [
            13.9750501,
            55.7167715
          ]
        ]
      }
    },
    {
      "type": "Feature",
      "properties": {
        "osm_way_id": 65046738,
        "attribution": "Region Skåne",
        "highway": "path"
      },
      "geometry": {
        "type": "LineString",
        "coordinates": [
          [
            13.9774404,
            55.7161099
          ],
          [
            13.9772662,
            55.7162774
          ],
          [
            13.9769619,
            55.7165329
          ],
          [
            13.9766912,
            55.7165921
          ]
        ]
      }
    },
    {
      "type": "Feature",
      "properties": {
        "osm_way_id": 68423848,
        "highway": "residential",
        "maxspeed": "70"
      },
      "geometry": {
        "type": "LineString",
        "coordinates": [
          [
            14.0064641,
            55.7050638
          ],
          [
            14.006953,
            55.7054251
          ],
          [
            14.0077596,
            55.7073651
          ],
          [
            14.0088026,
            55.708334
          ]
        ]
      }
    },
    {
      "type": "Feature",
      "properties": {
        "osm_way_id": 68423849,
        "attribution": "Region Skåne",
        "highway": "track",
        "tracktype": "grade1"
      },
      "geometry": {
        "type": "LineString",
        "coordinates": [
          [
            14.0205934,
            55.7091837
          ],
          [
            14.0203753,
            55.7091127
          ],
          [
            14.0197555,
            55.7089108
          ],
          [
            14.019476,
            55.7088078
          ],
          [
            14.0182541,
            55.7084817
          ],
          [
            14.017836,
            55.7085179
          ],
          [
            14.0175305,
            55.7086176
          ],
          [
            14.0175013,
            55.7086511
          ],
          [
            14.0173161,
            55.7088633
          ],
          [
            14.0166058,
            55.709067
          ],
          [
            14.0161961,
            55.7091161
          ],
          [
            14.0144366,
            55.709233
          ],
          [
            14.0137122,
            55.7091278
          ],
          [
            14.0132481,
            55.7090166
          ],
          [
            14.0125927,
            55.7089302
          ],
          [
            14.0119593,
            55.7089063
          ],
          [
            14.011029,
            55.7087357
          ]
        ]
      }
    },
    {
      "type": "Feature",
      "properties": {
        "osm_way_id": 68423850,
        "attribution": "Region Skåne",
        "highway": "track",
        "tracktype": "grade4"
      },
      "geometry": {
        "type": "LineString",
        "coordinates": [
          [
            14.0108408,
            55.708789
          ],
          [
            14.0106525,
            55.7088492
          ],
          [
            14.0104327,
            55.7089613
          ],
          [
            14.0102067,
            55.7091726
          ],
          [
            14.0098816,
            55.709454
          ],
          [
            14.0095633,
            55.7097025
          ],
          [
            14.0094147,
            55.7097767
          ]
        ]
      }
    },
    {
      "type": "Feature",
      "properties": {
        "osm_way_id": 68423852,
        "highway": "path",
        "surface": "dirt"
      },
      "geometry": {
        "type": "LineString",
        "coordinates": [
          [
            14.023415,
            55.7085122
          ],
          [
            14.0233376,
            55.7082854
          ],
          [
            14.0233129,
            55.7082129
          ],
          [
            14.0230823,
            55.7079076
          ],
          [
            14.0228677,
            55.7078502
          ],
          [
            14.0221327,
            55.7077474
          ],
          [
            14.0218216,
            55.7076598
          ],
          [
            14.0215856,
            55.7074512
          ],
          [
            14.0210009,
            55.7072941
          ],
          [
            14.0205878,
            55.7072064
          ],
          [
            14.0200138,
            55.7072094
          ],
          [
            14.0196651,
            55.7072427
          ],
          [
            14.0193379,
            55.7073485
          ],
          [
            14.0189248,
            55.707554
          ],
          [
            14.0185547,
            55.7077202
          ],
          [
            14.0183082,
            55.7077375
          ],
          [
            14.0182189,
            55.7078145
          ],
          [
            14.0181315,
            55.707839
          ],
          [
            14.017903,
            55.7079018
          ],
          [
            14.0176973,
            55.7079429
          ],
          [
            14.0174567,
            55.7080422
          ],
          [
            14.0172039,
            55.708099
          ],
          [
            14.017195,
            55.7081056
          ]
        ]
      }
    },
    {
      "type": "Feature",
      "properties": {
        "osm_way_id": 68423853,
        "highway": "track",
        "surface": "compacted",
        "tracktype": "grade3"
      },
      "geometry": {
        "type": "LineString",
        "coordinates": [
          [
            14.019476,
            55.7088078
          ],
          [
            14.0190187,
            55.7084386
          ],
          [
            14.0181465,
            55.7083435
          ],
          [
            14.0179933,
            55.7083292
          ]
        ]
      }
    },
    {
      "type": "Feature",
      "properties": {
        "osm_way_id": 68423854,
        "highway": "residential",
        "maxspeed": "70",
        "name": "Slottsallén"
      },
      "geometry": {
        "type": "LineString",
        "coordinates": [
          [
            13.9604187,
            55.7168448
          ],
          [
            13.960437,
            55.7159845
          ],
          [
            13.960341,
            55.715305
          ],
          [
            13.9604865,
            55.7152267
          ],
          [
            13.9606921,
            55.715192
          ],
          [
            13.9647046,
            55.7152334
          ],
          [
            13.9649192,
            55.7152198
          ],
          [
            13.9650828,
            55.7152031
          ],
          [
            13.9652196,
            55.7151714
          ],
          [
            13.967858,
            55.7143134
          ],
          [
            13.9687619,
            55.7140369
          ],
          [
            13.969558,
            55.7138909
          ],
          [
            13.9698974,
            55.7138286
          ]
        ]
      }
    },
    {
      "type": "Feature",
      "properties": {
        "osm_way_id": 68423856,
        "highway": "path"
      },
      "geometry": {
        "type": "LineString",
        "coordinates": [
          [
            13.9616043,
            55.7184766
          ],
          [
            13.9614428,
            55.7184867
          ],
          [
            13.9607163,
            55.7185321
          ],
          [
            13.958853,
            55.7185797
          ],
          [
            13.9587023,
            55.7184766
          ],
          [
            13.9585438,
            55.7181436
          ],
          [
            13.9579887,
            55.7184766
          ],
          [
            13.9564882,
            55.7189182
          ],
          [
            13.9557528,
            55.7191347
          ],
          [
            13.9557025,
            55.7191666
          ],
          [
            13.955639,
            55.7192068
          ],
          [
            13.9545079,
            55.7188096
          ],
          [
            13.9538895,
            55.718437
          ],
          [
            13.9539291,
            55.7178106
          ],
          [
            13.9538736,
            55.7172159
          ],
          [
            13.9536199,
            55.7169543
          ],
          [
            13.9536357,
            55.7166292
          ],
          [
            13.9534613,
            55.7164389
          ],
          [
            13.9529594,
            55.7160784
          ],
          [
            13.9520817,
            55.7154478
          ],
          [
            13.9521668,
            55.715435
          ],
          [
            13.9525574,
            55.7153764
          ],
          [
            13.9529776,
            55.7149562
          ],
          [
            13.9531759,
            55.7149165
          ],
          [
            13.9533344,
            55.7149799
          ],
          [
            13.9539336,
            55.7148101
          ],
          [
            13.953937,
            55.7146866
          ],
          [
            13.9539563,
            55.7148076
          ],
          [
            13.9540322,
            55.7149324
          ],
          [
            13.9542844,
            55.7151281
          ],
          [
            13.9548994,
            55.715222
          ],
          [
            13.9552453,
            55.7152971
          ],
          [
            13.9554675,
            55.7154098
          ],
          [
            13.9555936,
            55.7155342
          ],
          [
            13.955681,
            55.7155977
          ],
          [
            13.955955,
            55.7156395
          ]
        ]
      }
    },
    {
      "type": "Feature",
      "properties": {
        "osm_way_id": 164681928,
        "cycleway:both": "no",
        "highway": "tertiary",
        "lane_markings": "no",
        "ref": "M 1589",
        "surface": "asphalt"
      },
      "geometry": {
        "type": "LineString",
        "coordinates": [
          [
            13.981218,
            55.7117053
          ],
          [
            13.9810143,
            55.7117844
          ],
          [
            13.9807614,
            55.7118611
          ],
          [
            13.9804162,
            55.7119296
          ],
          [
            13.9795663,
            55.7120919
          ],
          [
            13.9776239,
            55.7125294
          ],
          [
            13.9755121,
            55.7129162
          ],
          [
            13.9730441,
            55.7133703
          ],
          [
            13.9724671,
            55.7134643
          ],
          [
            13.9709841,
            55.7136846
          ],
          [
            13.9698974,
            55.7138286
          ]
        ]
      }
    },
    {
      "type": "Feature",
      "properties": {
        "osm_way_id": 164681929,
        "highway": "tertiary",
        "maxspeed": "70",
        "ref": "M 1607"
      },
      "geometry": {
        "type": "LineString",
        "coordinates": [
          [
            13.9846463,
            55.7139878
          ],
          [
            13.9844983,
            55.7137563
          ],
          [
            13.9843768,
            55.7135179
          ],
          [
            13.9843281,
            55.7132796
          ],
          [
            13.9843087,
            55.713066
          ],
          [
            13.9842941,
            55.7128277
          ],
          [
            13.9843281,
            55.7125811
          ],
          [
            13.9844546,
            55.7122442
          ],
          [
            13.9846053,
            55.71191
          ],
          [
            13.9846053,
            55.7118388
          ],
          [
            13.9847257,
            55.7117389
          ],
          [
            13.9849148,
            55.7115665
          ],
          [
            13.985183,
            55.7111616
          ],
          [
            13.9853274,
            55.7108537
          ],
          [
            13.9857778,
            55.7099413
          ],
          [
            13.9862626,
            55.7090386
          ],
          [
            13.9863795,
            55.7088023
          ],
          [
            13.9864242,
            55.7086725
          ],
          [
            13.9864311,
            55.708564
          ],
          [
            13.986383,
            55.7083199
          ],
          [
            13.9863662,
            55.7082205
          ]
        ]
      }
    },
    {
      "type": "Feature",
      "properties": {
        "osm_way_id": 164681930,
        "highway": "tertiary",
        "maxspeed": "70",
        "ref": "M 1605",
        "surface": "paved"
      },
      "geometry": {
        "type": "LineString",
        "coordinates": [
          [
            13.9637156,
            55.7251298
          ],
          [
            13.9639477,
            55.7249924
          ],
          [
            13.9642937,
            55.7247855
          ],
          [
            13.9647896,
            55.7244041
          ],
          [
            13.9659029,
            55.7234242
          ],
          [
            13.9666589,
            55.7227229
          ],
          [
            13.9671358,
            55.7222664
          ],
          [
            13.9674267,
            55.7220434
          ],
          [
            13.9677509,
            55.7218554
          ],
          [
            13.9680275,
            55.7217212
          ],
          [
            13.9683518,
            55.7215385
          ],
          [
            13.9685044,
            55.721423
          ],
          [
            13.9686474,
            55.7212592
          ]
        ]
      }
    },
    {
      "type": "Feature",
      "properties": {
        "osm_way_id": 164681934,
        "highway": "track",
        "tracktype": "grade3"
      },
      "geometry": {
        "type": "LineString",
        "coordinates": [
          [
            13.9858905,
            55.7169981
          ],
          [
            13.9855516,
            55.7169481
          ],
          [
            13.9851771,
            55.7169548
          ],
          [
            13.9847345,
            55.7169929
          ],
          [
            13.9843196,
            55.7170194
          ],
          [
            13.983858,
            55.7169309
          ],
          [
            13.9834864,
            55.7168282
          ],
          [
            13.9831288,
            55.7168053
          ],
          [
            13.9825931,
            55.716803
          ],
          [
            13.9822649,
            55.716761
          ],
          [
            13.9819802,
            55.7167208
          ],
          [
            13.9817687,
            55.7166711
          ],
          [
            13.9814458,
            55.7164806
          ],
          [
            13.9813266,
            55.7163423
          ],
          [
            13.9813477,
            55.7162041
          ],
          [
            13.98153,
            55.7161172
          ],
          [
            13.9817824,
            55.7160895
          ],
          [
            13.9822242,
            55.716133
          ],
          [
            13.9825608,
            55.7162278
          ],
          [
            13.982715,
            55.716291
          ],
          [
            13.9828969,
            55.7163866
          ],
          [
            13.9831358,
            55.7165122
          ],
          [
            13.9834583,
            55.7166939
          ],
          [
            13.983858,
            55.7169309
          ]
        ]
      }
    },
    {
      "type": "Feature",
      "properties": {
        "osm_way_id": 164681937,
        "highway": "tertiary",
        "maxspeed": "70",
        "ref": "M 1604",
        "surface": "paved"
      },
      "geometry": {
        "type": "LineString",
        "coordinates": [
          [
            13.9351079,
            55.7365549
          ],
          [
            13.9359031,
            55.7362888
          ],
          [
            13.9390908,
            55.7351932
          ],
          [
            13.9405911,
            55.7346873
          ],
          [
            13.941257,
            55.7344628
          ],
          [
            13.9424604,
            55.7340627
          ],
          [
            13.9431412,
            55.7338614
          ],
          [
            13.9436019,
            55.7337142
          ],
          [
            13.9440076,
            55.7335245
          ],
          [
            13.9442896,
            55.733358
          ],
          [
            13.9446472,
            55.7331257
          ],
          [
            13.9450735,
            55.7328315
          ],
          [
            13.9453348,
            55.7326185
          ],
          [
            13.9455893,
            55.7323204
          ],
          [
            13.9459331,
            55.7319099
          ],
          [
            13.9460431,
            55.731786
          ],
          [
            13.9462013,
            55.7316737
          ],
          [
            13.9464763,
            55.7315769
          ],
          [
            13.9469233,
            55.7314647
          ],
          [
            13.9474597,
            55.7313679
          ],
          [
            13.9478517,
            55.7313408
          ],
          [
            13.948333,
            55.7313795
          ],
          [
            13.9488556,
            55.731453
          ],
          [
            13.9493508,
            55.7314918
          ],
          [
            13.9496946,
            55.7314763
          ],
          [
            13.9500453,
            55.7314414
          ],
          [
            13.9507123,
            55.7313059
          ],
          [
            13.9512762,
            55.7311665
          ],
          [
            13.9518126,
            55.730969
          ],
          [
            13.9522183,
            55.7307909
          ],
          [
            13.9525828,
            55.7305896
          ],
          [
            13.9529472,
            55.7303572
          ],
          [
            13.9530848,
            55.7301907
          ],
          [
            13.9532567,
            55.7298345
          ],
          [
            13.9534767,
            55.7292227
          ],
          [
            13.9535639,
            55.728959
          ],
          [
            13.9536624,
            55.7286612
          ],
          [
            13.9537469,
            55.7281985
          ],
          [
            13.9538618,
            55.7278132
          ],
          [
            13.95402,
            55.7274956
          ],
          [
            13.9542619,
            55.7272125
          ],
          [
            13.9544326,
            55.7270542
          ],
          [
            13.9547076,
            55.7269264
          ],
          [
            13.9549896,
            55.7268334
          ],
          [
            13.9552509,
            55.7268218
          ],
          [
            13.955636,
            55.7268489
          ],
          [
            13.9562205,
            55.7269225
          ],
          [
            13.9567362,
            55.7270038
          ],
          [
            13.9570319,
            55.7270232
          ],
          [
            13.9573964,
            55.7269961
          ],
          [
            13.957699,
            55.7269264
          ],
          [
            13.9579259,
            55.7268257
          ],
          [
            13.9583454,
            55.7266514
          ],
          [
            13.9585723,
            55.7265778
          ],
          [
            13.9590537,
            55.7264772
          ],
          [
            13.9595419,
            55.7263958
          ],
          [
            13.959982,
            55.72633
          ],
          [
            13.9603465,
            55.7262642
          ],
          [
            13.9606766,
            55.7261712
          ],
          [
            13.9611648,
            55.7259505
          ],
          [
            13.9617631,
            55.7257181
          ],
          [
            13.9625011,
            55.725507
          ],
          [
            13.9629251,
            55.7254031
          ],
          [
            13.9634115,
            55.7252608
          ],
          [
            13.9636073,
            55.7251813
          ],
          [
            13.9637156,
            55.7251298
          ]
        ]
      }
    },
    {
      "type": "Feature",
      "properties": {
        "osm_way_id": 164681938,
        "highway": "tertiary",
        "maxspeed": "70",
        "ref": "M 1605",
        "surface": "asphalt"
      },
      "geometry": {
        "type": "LineString",
        "coordinates": [
          [
            13.9669479,
            55.7314079
          ],
          [
            13.9671079,
            55.7317904
          ],
          [
            13.967225,
            55.7320705
          ],
          [
            13.9674341,
            55.7325606
          ],
          [
            13.9675848,
            55.7329685
          ],
          [
            13.9676578,
            55.7332724
          ],
          [
            13.9677502,
            55.7335215
          ],
          [
            13.9679058,
            55.7337652
          ],
          [
            13.96811,
            55.733976
          ],
          [
            13.9681716,
            55.734026
          ],
          [
            13.9683628,
            55.7341813
          ],
          [
            13.9687081,
            55.7344031
          ],
          [
            13.9689561,
            55.734603
          ],
          [
            13.9692138,
            55.7348384
          ],
          [
            13.9694131,
            55.7351067
          ],
          [
            13.9695931,
            55.7353449
          ],
          [
            13.9697924,
            55.735531
          ],
          [
            13.9700647,
            55.7357583
          ],
          [
            13.9704926,
            55.7359964
          ],
          [
            13.9708719,
            55.736136
          ],
          [
            13.9712755,
            55.7362839
          ],
          [
            13.9714651,
            55.7363934
          ],
          [
            13.9716499,
            55.7365604
          ],
          [
            13.971859,
            55.7368177
          ],
          [
            13.972034,
            55.7370832
          ],
          [
            13.9722188,
            55.7373105
          ],
          [
            13.9724084,
            55.7374857
          ],
          [
            13.9726516,
            55.7376663
          ],
          [
            13.9729628,
            55.7378142
          ],
          [
            13.9732691,
            55.7379702
          ],
          [
            13.9734831,
            55.73817
          ],
          [
            13.9736873,
            55.7384383
          ],
          [
            13.9737505,
            55.7386628
          ],
          [
            13.9738429,
            55.7389858
          ],
          [
            13.9739985,
            55.7393636
          ],
          [
            13.9741784,
            55.7397714
          ],
          [
            13.9742562,
            55.7398508
          ],
          [
            13.9744118,
            55.7399357
          ],
          [
            13.9745917,
            55.739963
          ],
          [
            13.975501,
            55.7399329
          ],
          [
            13.9758997,
            55.7399247
          ],
          [
            13.9761915,
            55.7399302
          ],
          [
            13.976561,
            55.7399767
          ],
          [
            13.9771397,
            55.7400725
          ],
          [
            13.9779322,
            55.7402067
          ],
          [
            13.978472,
            55.7403435
          ],
          [
            13.9789825,
            55.7404968
          ],
          [
            13.9794056,
            55.7406556
          ],
          [
            13.9798578,
            55.7408965
          ],
          [
            13.9802419,
            55.7411401
          ],
          [
            13.980435,
            55.7412469
          ]
        ]
      }
    },
    {
      "type": "Feature",
      "properties": {
        "osm_way_id": 191093270,
        "cycleway:both": "no",
        "highway": "tertiary",
        "lane_markings": "no",
        "maxspeed": "70",
        "ref": "M 1589",
        "surface": "asphalt"
      },
      "geometry": {
        "type": "LineString",
        "coordinates": [
          [
            13.9240817,
            55.716426
          ],
          [
            13.9253818,
            55.7155112
          ],
          [
            13.9260065,
            55.7150761
          ],
          [
            13.9268527,
            55.7145595
          ],
          [
            13.9277613,
            55.714152
          ],
          [
            13.9284862,
            55.7138296
          ],
          [
            13.9293874,
            55.7134831
          ],
          [
            13.9301599,
            55.7132279
          ],
          [
            13.9308371,
            55.7129808
          ],
          [
            13.9316704,
            55.7126648
          ],
          [
            13.9333025,
            55.7120459
          ],
          [
            13.9346499,
            55.7115047
          ],
          [
            13.9355966,
            55.7111244
          ],
          [
            13.9375572,
            55.7103566
          ],
          [
            13.9392394,
            55.7096979
          ],
          [
            13.9394422,
            55.7096174
          ],
          [
            13.9398185,
            55.709468
          ],
          [
            13.9419193,
            55.708634
          ],
          [
            13.9428826,
            55.7082525
          ],
          [
            13.9434501,
            55.7080429
          ],
          [
            13.9438125,
            55.7079247
          ],
          [
            13.9442512,
            55.7078253
          ],
          [
            13.9447614,
            55.707742
          ],
          [
            13.9454481,
            55.7076399
          ],
          [
            13.9457772,
            55.707605
          ],
          [
            13.9461682,
            55.7075969
          ],
          [
            13.9467643,
            55.7075755
          ],
          [
            13.9473413,
            55.7075325
          ],
          [
            13.9478658,
            55.7074599
          ],
          [
            13.9493202,
            55.7071966
          ],
          [
            13.9502549,
            55.707022
          ],
          [
            13.9508224,
            55.7069011
          ],
          [
            13.9512658,
            55.7067802
          ],
          [
            13.9519048,
            55.7065599
          ],
          [
            13.9523006,
            55.706404
          ],
          [
            13.952772,
            55.7062667
          ],
          [
            13.9533545,
            55.7061568
          ],
          [
            13.9543368,
            55.7059903
          ],
          [
            13.9549949,
            55.705915
          ],
          [
            13.9557197,
            55.7058371
          ],
          [
            13.9561203,
            55.7057941
          ],
          [
            13.9565638,
            55.7057699
          ],
          [
            13.9570168,
            55.7057941
          ],
          [
            13.9571449,
            55.7058154
          ],
          [
            13.9573887,
            55.7058559
          ],
          [
            13.9580659,
            55.7060171
          ],
          [
            13.9589385,
            55.7062348
          ],
          [
            13.9591007,
            55.7062697
          ],
          [
            13.959239,
            55.7062858
          ]
        ]
      }
    },
    {
      "type": "Feature",
      "properties": {
        "osm_way_id": 200516320,
        "cycleway:both": "no",
        "highway": "tertiary",
        "lane_markings": "no",
        "maxspeed": "70",
        "name": "Andrarumsvägen",
        "ref": "M 1591",
        "surface": "asphalt"
      },
      "geometry": {
        "type": "LineString",
        "coordinates": [
          [
            13.959239,
            55.7062858
          ],
          [
            13.9587573,
            55.705735
          ],
          [
            13.9586701,
            55.7056411
          ],
          [
            13.9583234,
            55.7052675
          ],
          [
            13.957775,
            55.7046764
          ],
          [
            13.9574793,
            55.7043324
          ],
          [
            13.957198,
            55.703924
          ],
          [
            13.9565076,
            55.7029407
          ],
          [
            13.9557451,
            55.7018546
          ],
          [
            13.9548706,
            55.7004675
          ],
          [
            13.9547421,
            55.7000393
          ],
          [
            13.9545992,
            55.6995628
          ],
          [
            13.9542012,
            55.6980431
          ],
          [
            13.9539385,
            55.6976123
          ],
          [
            13.9524312,
            55.6951959
          ],
          [
            13.9522773,
            55.6949491
          ],
          [
            13.9507695,
            55.6926573
          ],
          [
            13.9502819,
            55.6922343
          ]
        ]
      }
    },
    {
      "type": "Feature",
      "properties": {
        "osm_way_id": 200662295,
        "highway": "tertiary",
        "ref": "M 1607.01"
      },
      "geometry": {
        "type": "LineString",
        "coordinates": [
          [
            13.9846053,
            55.7118388
          ],
          [
            13.984508,
            55.7117676
          ],
          [
            13.9843184,
            55.7117237
          ],
          [
            13.9837398,
            55.7116799
          ],
          [
            13.9829884,
            55.7116502
          ],
          [
            13.982546,
            55.7116474
          ],
          [
            13.9819381,
            55.7116803
          ],
          [
            13.9815151,
            55.7117105
          ],
          [
            13.981218,
            55.7117053
          ]
        ]
      }
    },
    {
      "type": "Feature",
      "properties": {
        "osm_way_id": 203894107,
        "highway": "service"
      },
      "geometry": {
        "type": "LineString",
        "coordinates": [
          [
            13.9724635,
            55.7076022
          ],
          [
            13.9742219,
            55.7075445
          ]
        ]
      }
    },
    {
      "type": "Feature",
      "properties": {
        "osm_way_id": 203894110,
        "highway": "service"
      },
      "geometry": {
        "type": "LineString",
        "coordinates": [
          [
            13.9585438,
            55.7181436
          ],
          [
            13.9589955,
            55.7169716
          ]
        ]
      }
    },
    {
      "type": "Feature",
      "properties": {
        "osm_way_id": 203894111,
        "highway": "service"
      },
      "geometry": {
        "type": "LineString",
        "coordinates": [
          [
            13.9537524,
            55.7329882
          ],
          [
            13.9539777,
            55.7321424
          ],
          [
            13.9539455,
            55.7319491
          ],
          [
            13.9537631,
            55.7317739
          ],
          [
            13.9534841,
            55.7314719
          ],
          [
            13.9535056,
            55.7311759
          ],
          [
            13.9535914,
            55.7308678
          ],
          [
            13.9540597,
            55.7303657
          ],
          [
            13.9542995,
            55.729877
          ],
          [
            13.9542566,
            55.7295689
          ],
          [
            13.9540099,
            55.7292185
          ],
          [
            13.9537202,
            55.7290131
          ],
          [
            13.9535639,
            55.728959
          ]
        ]
      }
    },
    {
      "type": "Feature",
      "properties": {
        "osm_way_id": 203894112,
        "attribution": "Region Skåne",
        "highway": "service"
      },
      "geometry": {
        "type": "LineString",
        "coordinates": [
          [
            13.9755121,
            55.7129162
          ],
          [
            13.9755759,
            55.7120107
          ],
          [
            13.9755818,
            55.7105746
          ],
          [
            13.9754804,
            55.7099348
          ],
          [
            13.9746505,
            55.7087555
          ],
          [
            13.9742219,
            55.7075445
          ],
          [
            13.9738271,
            55.7068868
          ],
          [
            13.9736195,
            55.706331
          ],
          [
            13.9736034,
            55.7058356
          ],
          [
            13.9736141,
            55.705618
          ],
          [
            13.9737434,
            55.7051979
          ],
          [
            13.9736143,
            55.7047324
          ],
          [
            13.9731433,
            55.7041878
          ],
          [
            13.9717564,
            55.7037711
          ],
          [
            13.971382,
            55.7035617
          ],
          [
            13.9708504,
            55.7031297
          ],
          [
            13.9698875,
            55.7025291
          ]
        ]
      }
    },
    {
      "type": "Feature",
      "properties": {
        "osm_way_id": 203894115,
        "highway": "service"
      },
      "geometry": {
        "type": "LineString",
        "coordinates": [
          [
            13.9876037,
            55.7373657
          ],
          [
            13.9878593,
            55.7372709
          ],
          [
            13.9884065,
            55.7372347
          ],
          [
            13.988267,
            55.7371078
          ],
          [
            13.9869474,
            55.7361957
          ],
          [
            13.9861642,
            55.7360145
          ],
          [
            13.9853702,
            55.7358635
          ],
          [
            13.9845119,
            55.7354226
          ],
          [
            13.9833103,
            55.734746
          ],
          [
            13.9820108,
            55.7342672
          ],
          [
            13.9817509,
            55.7341957
          ],
          [
            13.9800986,
            55.7335494
          ],
          [
            13.9796732,
            55.7334292
          ],
          [
            13.9789077,
            55.7333138
          ],
          [
            13.9787398,
            55.7330969
          ],
          [
            13.9772137,
            55.7312531
          ],
          [
            13.9766048,
            55.7305174
          ],
          [
            13.9758752,
            55.729871
          ],
          [
            13.9753495,
            55.729871
          ],
          [
            13.9748345,
            55.7298951
          ],
          [
            13.9738367,
            55.7302032
          ],
          [
            13.9730643,
            55.7304268
          ],
          [
            13.971927,
            55.7305838
          ],
          [
            13.9706074,
            55.7307953
          ],
          [
            13.969736,
            55.7309868
          ]
        ]
      }
    },
    {
      "type": "Feature",
      "properties": {
        "osm_way_id": 203894116,
        "highway": "service"
      },
      "geometry": {
        "type": "LineString",
        "coordinates": [
          [
            13.9357494,
            55.728862
          ],
          [
            13.9350723,
            55.7291988
          ]
        ]
      }
    },
    {
      "type": "Feature",
      "properties": {
        "osm_way_id": 203894129,
        "highway": "service"
      },
      "geometry": {
        "type": "LineString",
        "coordinates": [
          [
            13.932284,
            55.7282398
          ],
          [
            13.932756,
            55.7279981
          ],
          [
            13.9332174,
            55.7278531
          ],
          [
            13.9334963,
            55.7279075
          ],
          [
            13.9345976,
            55.728801
          ],
          [
            13.9350723,
            55.7291988
          ],
          [
            13.9357829,
            55.7298005
          ],
          [
            13.9368346,
            55.7306912
          ],
          [
            13.9372064,
            55.7309772
          ],
          [
            13.9376446,
            55.7313142
          ],
          [
            13.9378478,
            55.7321499
          ],
          [
            13.9380309,
            55.732903
          ],
          [
            13.9385818,
            55.7334231
          ],
          [
            13.9405911,
            55.7346873
          ]
        ]
      }
    },
    {
      "type": "Feature",
      "properties": {
        "osm_way_id": 203894157,
        "highway": "service"
      },
      "geometry": {
        "type": "LineString",
        "coordinates": [
          [
            13.9581834,
            55.7123471
          ],
          [
            13.9578401,
            55.7122746
          ],
          [
            13.9571105,
            55.7133867
          ],
          [
            13.9562951,
            55.7147405
          ],
          [
            13.955955,
            55.7156395
          ],
          [
            13.9558767,
            55.7158465
          ],
          [
            13.957214,
            55.7165831
          ],
          [
            13.9577397,
            55.7166919
          ],
          [
            13.9584301,
            55.7170249
          ],
          [
            13.9589955,
            55.7169716
          ],
          [
            13.9604187,
            55.7168448
          ]
        ]
      }
    },
    {
      "type": "Feature",
      "properties": {
        "osm_way_id": 203894160,
        "highway": "service"
      },
      "geometry": {
        "type": "LineString",
        "coordinates": [
          [
            13.9800986,
            55.7335494
          ],
          [
            13.9801346,
            55.733411
          ],
          [
            13.9816007,
            55.7331265
          ],
          [
            13.9849304,
            55.7330184
          ],
          [
            13.9850269,
            55.7322149
          ]
        ]
      }
    },
    {
      "type": "Feature",
      "properties": {
        "osm_way_id": 203894167,
        "attribution": "Region Skåne",
        "highway": "unclassified",
        "maxspeed": "70"
      },
      "geometry": {
        "type": "LineString",
        "coordinates": [
          [
            13.9698875,
            55.7025291
          ],
          [
            13.9697775,
            55.7023895
          ],
          [
            13.9696299,
            55.7016704
          ],
          [
            13.9691134,
            55.7013341
          ],
          [
            13.9685637,
            55.701158
          ],
          [
            13.9683999,
            55.700637
          ],
          [
            13.9681418,
            55.7003603
          ],
          [
            13.9679253,
            55.7000396
          ],
          [
            13.9679468,
            55.6997191
          ],
          [
            13.9680634,
            55.6992349
          ],
          [
            13.9679658,
            55.6989254
          ],
          [
            13.9675589,
            55.6984185
          ],
          [
            13.966478,
            55.6975943
          ],
          [
            13.9658567,
            55.6970222
          ],
          [
            13.9652512,
            55.6965264
          ],
          [
            13.9649159,
            55.696303
          ],
          [
            13.9646888,
            55.6960305
          ],
          [
            13.9643171,
            55.6951306
          ],
          [
            13.9638787,
            55.694808
          ],
          [
            13.9635684,
            55.6942558
          ],
          [
            13.9629769,
            55.69374
          ],
          [
            13.9627538,
            55.6932393
          ],
          [
            13.9616421,
            55.692329
          ],
          [
            13.9611868,
            55.6917576
          ],
          [
            13.9605897,
            55.6909994
          ],
          [
            13.9600813,
            55.690118
          ],
          [
            13.9597409,
            55.6899901
          ],
          [
            13.9594415,
            55.6897752
          ],
          [
            13.9593914,
            55.6896393
          ],
          [
            13.9590552,
            55.6886654
          ]
        ]
      }
    },
    {
      "type": "Feature",
      "properties": {
        "osm_way_id": 203894179,
        "highway": "track"
      },
      "geometry": {
        "type": "LineString",
        "coordinates": [
          [
            13.9375572,
            55.7103566
          ],
          [
            13.9379488,
            55.7107877
          ],
          [
            13.9372047,
            55.7116454
          ],
          [
            13.9364051,
            55.7123465
          ],
          [
            13.9360391,
            55.7126674
          ],
          [
            13.9343761,
            55.7128064
          ],
          [
            13.9341079,
            55.7129454
          ],
          [
            13.9339791,
            55.7144322
          ],
          [
            13.9334175,
            55.7171754
          ],
          [
            13.9327523,
            55.7193479
          ],
          [
            13.9328453,
            55.7198347
          ],
          [
            13.9330528,
            55.720276
          ],
          [
            13.9332066,
            55.7203728
          ],
          [
            13.934898,
            55.7207589
          ],
          [
            13.9382331,
            55.7213335
          ],
          [
            13.9409652,
            55.7218027
          ]
        ]
      }
    },
    {
      "type": "Feature",
      "properties": {
        "osm_way_id": 203894181,
        "highway": "service"
      },
      "geometry": {
        "type": "LineString",
        "coordinates": [
          [
            13.9769374,
            55.7041263
          ],
          [
            13.9771841,
            55.704882
          ],
          [
            13.9770983,
            55.7059217
          ],
          [
            13.9769159,
            55.7059459
          ],
          [
            13.9740728,
            55.7057706
          ],
          [
            13.9736034,
            55.7058356
          ]
        ]
      }
    },
    {
      "type": "Feature",
      "properties": {
        "osm_way_id": 203894182,
        "highway": "service"
      },
      "geometry": {
        "type": "LineString",
        "coordinates": [
          [
            13.9361316,
            55.7309803
          ],
          [
            13.9368346,
            55.7306912
          ]
        ]
      }
    },
    {
      "type": "Feature",
      "properties": {
        "osm_way_id": 204777993,
        "highway": "service",
        "service": "driveway"
      },
      "geometry": {
        "type": "LineString",
        "coordinates": [
          [
            13.9284001,
            55.7181251
          ],
          [
            13.9270376,
            55.7179679
          ],
          [
            13.9224671,
            55.7184756
          ],
          [
            13.9222347,
            55.7184415
          ]
        ]
      }
    },
    {
      "type": "Feature",
      "properties": {
        "osm_way_id": 204778004,
        "highway": "service"
      },
      "geometry": {
        "type": "LineString",
        "coordinates": [
          [
            13.9237513,
            55.7306868
          ],
          [
            13.9238082,
            55.7305962
          ],
          [
            13.9253639,
            55.730137
          ],
          [
            13.9282093,
            55.729066
          ]
        ]
      }
    },
    {
      "type": "Feature",
      "properties": {
        "osm_way_id": 204793461,
        "highway": "service"
      },
      "geometry": {
        "type": "LineString",
        "coordinates": [
          [
            13.9552864,
            55.703262
          ],
          [
            13.9557472,
            55.7031121
          ],
          [
            13.9564008,
            55.7029648
          ],
          [
            13.9565076,
            55.7029407
          ]
        ]
      }
    },
    {
      "type": "Feature",
      "properties": {
        "osm_way_id": 204793464,
        "highway": "service"
      },
      "geometry": {
        "type": "LineString",
        "coordinates": [
          [
            13.9669487,
            55.7175869
          ],
          [
            13.9699742,
            55.7184329
          ],
          [
            13.970206,
            55.7184989
          ]
        ]
      }
    },
    {
      "type": "Feature",
      "properties": {
        "osm_way_id": 205739361,
        "highway": "service"
      },
      "geometry": {
        "type": "LineString",
        "coordinates": [
          [
            13.9855739,
            55.7213464
          ],
          [
            13.9879128,
            55.7211409
          ],
          [
            13.9887711,
            55.7210442
          ],
          [
            13.9901444,
            55.720863
          ],
          [
            13.9930417,
            55.7204146
          ]
        ]
      }
    },
    {
      "type": "Feature",
      "properties": {
        "osm_way_id": 205739367,
        "highway": "service"
      },
      "geometry": {
        "type": "LineString",
        "coordinates": [
          [
            13.9740619,
            55.7185664
          ],
          [
            13.974151,
            55.7182173
          ],
          [
            13.9741516,
            55.7182151
          ],
          [
            13.9743314,
            55.7181144
          ],
          [
            13.9745002,
            55.7180636
          ],
          [
            13.974733,
            55.7180439
          ]
        ]
      }
    },
    {
      "type": "Feature",
      "properties": {
        "osm_way_id": 205739368,
        "highway": "service",
        "name": "Gamlegård",
        "service": "driveway"
      },
      "geometry": {
        "type": "LineString",
        "coordinates": [
          [
            13.9748987,
            55.7177777
          ],
          [
            13.9755585,
            55.7184316
          ],
          [
            13.9761566,
            55.7187671
          ]
        ]
      }
    },
    {
      "type": "Feature",
      "properties": {
        "osm_way_id": 220636734,
        "highway": "track",
        "tracktype": "grade4"
      },
      "geometry": {
        "type": "LineString",
        "coordinates": [
          [
            14.0155707,
            55.7214531
          ],
          [
            14.0157684,
            55.721015
          ],
          [
            14.0159793,
            55.7208443
          ],
          [
            14.016902,
            55.7204879
          ],
          [
            14.0188397,
            55.719894
          ],
          [
            14.0190901,
            55.7197678
          ],
          [
            14.0192878,
            55.7194708
          ],
          [
            14.0195515,
            55.719159
          ],
          [
            14.0206982,
            55.718513
          ],
          [
            14.021331,
            55.7181789
          ],
          [
            14.021845,
            55.7179785
          ],
          [
            14.0226491,
            55.7178077
          ],
          [
            14.0233477,
            55.7176666
          ],
          [
            14.0239936,
            55.7173993
          ],
          [
            14.024086,
            55.7173325
          ],
          [
            14.0247845,
            55.7168276
          ],
          [
            14.0261707,
            55.7156173
          ],
          [
            14.0267673,
            55.7153391
          ],
          [
            14.0274867,
            55.7150159
          ],
          [
            14.0278031,
            55.7147634
          ],
          [
            14.0281062,
            55.7144516
          ],
          [
            14.0283702,
            55.7142672
          ],
          [
            14.0283639,
            55.7139411
          ],
          [
            14.0286205,
            55.7134496
          ],
          [
            14.0285084,
            55.7130695
          ],
          [
            14.0287846,
            55.7127643
          ],
          [
            14.0284874,
            55.7126894
          ],
          [
            14.0281194,
            55.7125693
          ],
          [
            14.027862,
            55.7124605
          ],
          [
            14.0277144,
            55.7122958
          ],
          [
            14.0275106,
            55.7121855
          ],
          [
            14.0273657,
            55.7120616
          ],
          [
            14.0271887,
            55.7119589
          ],
          [
            14.0271566,
            55.7118419
          ]
        ]
      }
    },
    {
      "type": "Feature",
      "properties": {
        "osm_way_id": 220636735,
        "highway": "track",
        "tracktype": "grade4"
      },
      "geometry": {
        "type": "LineString",
        "coordinates": [
          [
            14.0267673,
            55.7153391
          ],
          [
            14.0271587,
            55.7154231
          ],
          [
            14.0286966,
            55.7158011
          ],
          [
            14.0294982,
            55.7159323
          ],
          [
            14.0299363,
            55.7159586
          ],
          [
            14.0303278,
            55.7159061
          ],
          [
            14.030682,
            55.7157643
          ],
          [
            14.031148,
            55.7156173
          ],
          [
            14.0314463,
            55.7155963
          ],
          [
            14.0316513,
            55.7156278
          ],
          [
            14.0323597,
            55.7158168
          ],
          [
            14.0327884,
            55.7159218
          ],
          [
            14.0333104,
            55.7159953
          ],
          [
            14.0338976,
            55.7161056
          ],
          [
            14.034862,
            55.7162856
          ],
          [
            14.0356133,
            55.7164861
          ],
          [
            14.0363779,
            55.7165678
          ],
          [
            14.0370294,
            55.7166464
          ],
          [
            14.0376166,
            55.7166674
          ],
          [
            14.0380919,
            55.7166411
          ],
          [
            14.0385859,
            55.7165414
          ],
          [
            14.0390426,
            55.7163419
          ],
          [
            14.0393409,
            55.7162054
          ],
          [
            14.0396764,
            55.7161319
          ],
          [
            14.040245,
            55.7161476
          ],
          [
            14.040711,
            55.7161791
          ],
          [
            14.0413667,
            55.7162082
          ],
          [
            14.0418948,
            55.7162316
          ],
          [
            14.0427243,
            55.7163104
          ],
          [
            14.0435818,
            55.7164626
          ],
          [
            14.0441784,
            55.7166464
          ],
          [
            14.0445698,
            55.7169194
          ],
          [
            14.044764,
            55.7171108
          ]
        ]
      }
    },
    {
      "type": "Feature",
      "properties": {
        "osm_way_id": 220636736,
        "attribution": "Region Skåne",
        "highway": "track",
        "tracktype": "grade3"
      },
      "geometry": {
        "type": "LineString",
        "coordinates": [
          [
            14.0417989,
            55.7146322
          ],
          [
            14.0412994,
            55.7144383
          ],
          [
            14.0408022,
            55.7142418
          ],
          [
            14.0401902,
            55.7140057
          ],
          [
            14.0396092,
            55.713828
          ],
          [
            14.0384391,
            55.7136202
          ],
          [
            14.0376534,
            55.7133999
          ],
          [
            14.0367898,
            55.7130895
          ],
          [
            14.0358248,
            55.7128281
          ],
          [
            14.0349785,
            55.7126338
          ],
          [
            14.0342667,
            55.7124494
          ],
          [
            14.0335954,
            55.7123687
          ],
          [
            14.0329645,
            55.7123371
          ],
          [
            14.0323142,
            55.7122984
          ],
          [
            14.0317624,
            55.7121445
          ],
          [
            14.0314525,
            55.7118616
          ],
          [
            14.0310452,
            55.7116422
          ],
          [
            14.0302966,
            55.7114979
          ],
          [
            14.0296615,
            55.7114198
          ],
          [
            14.0292033,
            55.7114618
          ],
          [
            14.0286259,
            55.7115714
          ],
          [
            14.0278144,
            55.7117978
          ],
          [
            14.0274058,
            55.7118423
          ],
          [
            14.0271566,
            55.7118419
          ],
          [
            14.0269526,
            55.7118415
          ],
          [
            14.0262402,
            55.7116601
          ],
          [
            14.0258339,
            55.7115804
          ],
          [
            14.0247136,
            55.7113937
          ],
          [
            14.024048,
            55.7111764
          ],
          [
            14.0234193,
            55.7108993
          ],
          [
            14.0226755,
            55.7103975
          ],
          [
            14.0222816,
            55.7100488
          ],
          [
            14.0217499,
            55.7096235
          ],
          [
            14.0214241,
            55.709427
          ]
        ]
      }
    },
    {
      "type": "Feature",
      "properties": {
        "osm_way_id": 220636737,
        "highway": "track",
        "tracktype": "grade2"
      },
      "geometry": {
        "type": "LineString",
        "coordinates": [
          [
            14.0247581,
            55.7178597
          ],
          [
            14.024086,
            55.7173325
          ],
          [
            14.0233873,
            55.7169687
          ],
          [
            14.0227809,
            55.7166346
          ],
          [
            14.0224646,
            55.7163301
          ],
          [
            14.0223064,
            55.7159812
          ],
          [
            14.0222273,
            55.715454
          ],
          [
            14.0218187,
            55.7146966
          ],
          [
            14.0216078,
            55.7143699
          ],
          [
            14.0212651,
            55.714162
          ],
          [
            14.0203951,
            55.7138056
          ],
          [
            14.0174029,
            55.7124615
          ],
          [
            14.016612,
            55.7122462
          ],
          [
            14.0154257,
            55.7120085
          ],
          [
            14.0143448,
            55.7117115
          ],
          [
            14.0139493,
            55.7115704
          ],
          [
            14.0137516,
            55.7113031
          ],
          [
            14.0128816,
            55.7104565
          ],
          [
            14.0124598,
            55.7102263
          ],
          [
            14.0123121,
            55.7101976
          ],
          [
            14.0120595,
            55.7101486
          ],
          [
            14.0116377,
            55.7101905
          ],
          [
            14.0109176,
            55.7104639
          ],
          [
            14.008334,
            55.7117412
          ],
          [
            14.0073586,
            55.7122239
          ],
          [
            14.0069209,
            55.7124934
          ],
          [
            14.0065202,
            55.7125865
          ],
          [
            14.006435,
            55.7126063
          ],
          [
            14.0053176,
            55.7128004
          ],
          [
            14.0046122,
            55.7128582
          ],
          [
            14.0037704,
            55.712907
          ],
          [
            14.0026905,
            55.7129748
          ],
          [
            14.0021135,
            55.7130873
          ],
          [
            14.00143,
            55.7132295
          ],
          [
            14.0008034,
            55.7133526
          ],
          [
            14.0001311,
            55.7136075
          ],
          [
            13.9992068,
            55.7139122
          ],
          [
            13.9986653,
            55.7141531
          ],
          [
            13.9985369,
            55.7142861
          ],
          [
            13.9983091,
            55.7144517
          ],
          [
            13.9978122,
            55.7145264
          ],
          [
            13.9973359,
            55.7145917
          ],
          [
            13.99681,
            55.7146104
          ],
          [
            13.996019,
            55.7146314
          ],
          [
            13.9951369,
            55.714692
          ],
          [
            13.99435,
            55.7148157
          ],
          [
            13.9939276,
            55.7149743
          ],
          [
            13.9935696,
            55.7151626
          ],
          [
            13.9930124,
            55.7155412
          ],
          [
            13.9924285,
            55.7158934
          ],
          [
            13.9917454,
            55.7163218
          ],
          [
            13.9913898,
            55.7165661
          ],
          [
            13.9911404,
            55.7166968
          ],
          [
            13.9907479,
            55.7168067
          ],
          [
            13.9903582,
            55.7169415
          ]
        ]
      }
    },
    {
      "type": "Feature",
      "properties": {
        "osm_way_id": 220636739,
        "attribution": "Region Skåne",
        "highway": "path"
      },
      "geometry": {
        "type": "LineString",
        "coordinates": [
          [
            13.9992074,
            55.7084157
          ],
          [
            13.9992106,
            55.7084818
          ],
          [
            13.9991498,
            55.7086855
          ],
          [
            13.9990069,
            55.7088981
          ],
          [
            13.9988458,
            55.709038
          ],
          [
            13.9985072,
            55.7091808
          ],
          [
            13.9982557,
            55.7091619
          ],
          [
            13.9980733,
            55.7090893
          ],
          [
            13.9978051,
            55.708954
          ],
          [
            13.9974581,
            55.7089028
          ],
          [
            13.9969156,
            55.7089114
          ],
          [
            13.9965069,
            55.7089594
          ],
          [
            13.9960934,
            55.70901
          ],
          [
            13.9959437,
            55.7091498
          ],
          [
            13.9957661,
            55.7093469
          ],
          [
            13.9955574,
            55.7095124
          ],
          [
            13.9953055,
            55.7096932
          ],
          [
            13.9951661,
            55.7099894
          ],
          [
            13.9950912,
            55.7104071
          ],
          [
            13.9950789,
            55.7107418
          ],
          [
            13.9950424,
            55.7110024
          ],
          [
            13.994929,
            55.7112284
          ],
          [
            13.9943783,
            55.7115061
          ],
          [
            13.9939533,
            55.7116363
          ],
          [
            13.9934164,
            55.7117648
          ],
          [
            13.9929986,
            55.7118335
          ],
          [
            13.9924638,
            55.7118651
          ],
          [
            13.9915824,
            55.7118456
          ],
          [
            13.9910047,
            55.7117624
          ],
          [
            13.9906007,
            55.7118002
          ],
          [
            13.9901714,
            55.7119103
          ],
          [
            13.9898856,
            55.7120921
          ],
          [
            13.989737,
            55.7122566
          ],
          [
            13.9895707,
            55.7124439
          ],
          [
            13.9894044,
            55.712734
          ],
          [
            13.9893324,
            55.7129992
          ],
          [
            13.9891897,
            55.7132123
          ],
          [
            13.9890216,
            55.7134475
          ],
          [
            13.9889109,
            55.7135198
          ],
          [
            13.9886856,
            55.7135016
          ],
          [
            13.9883947,
            55.7135163
          ],
          [
            13.987968,
            55.7136537
          ],
          [
            13.9874931,
            55.7138921
          ],
          [
            13.9871882,
            55.7140662
          ],
          [
            13.9867058,
            55.7142143
          ],
          [
            13.9865141,
            55.7142817
          ],
          [
            13.9862564,
            55.7144128
          ],
          [
            13.9859997,
            55.714546
          ],
          [
            13.9857096,
            55.7146474
          ]
        ]
      }
    },
    {
      "type": "Feature",
      "properties": {
        "osm_way_id": 230745249,
        "highway": "path",
        "surface": "dirt"
      },
      "geometry": {
        "type": "LineString",
        "coordinates": [
          [
            14.0272647,
            55.7113902
          ],
          [
            14.0267113,
            55.7111528
          ],
          [
            14.0259738,
            55.7108
          ],
          [
            14.0252184,
            55.7103071
          ],
          [
            14.0249042,
            55.7100049
          ],
          [
            14.0245362,
            55.7095186
          ],
          [
            14.0243645,
            55.7090592
          ],
          [
            14.0243073,
            55.7088296
          ],
          [
            14.0240705,
            55.7086467
          ],
          [
            14.0236616,
            55.7085514
          ],
          [
            14.023415,
            55.7085122
          ],
          [
            14.0230886,
            55.7086143
          ]
        ]
      }
    },
    {
      "type": "Feature",
      "properties": {
        "osm_way_id": 230745250,
        "fixme": "To be continued",
        "highway": "track",
        "tracktype": "grade3"
      },
      "geometry": {
        "type": "LineString",
        "coordinates": [
          [
            14.0472748,
            55.7150038
          ],
          [
            14.0467991,
            55.7149909
          ],
          [
            14.0462101,
            55.7147533
          ],
          [
            14.0459172,
            55.7146251
          ],
          [
            14.0455446,
            55.714462
          ],
          [
            14.044642,
            55.7142814
          ],
          [
            14.0438568,
            55.7141716
          ],
          [
            14.0430327,
            55.7141595
          ],
          [
            14.0420089,
            55.7140979
          ],
          [
            14.0413525,
            55.7139758
          ],
          [
            14.0404363,
            55.7136891
          ],
          [
            14.0399248,
            55.7135173
          ],
          [
            14.0393058,
            55.7134302
          ],
          [
            14.0388189,
            55.7132934
          ],
          [
            14.038317,
            55.7129963
          ],
          [
            14.0381568,
            55.7126748
          ],
          [
            14.037808,
            55.712332
          ],
          [
            14.0368743,
            55.711888
          ],
          [
            14.0357354,
            55.7114586
          ],
          [
            14.0347748,
            55.7110857
          ],
          [
            14.0342724,
            55.7110363
          ],
          [
            14.033755,
            55.711089
          ],
          [
            14.0331549,
            55.7110168
          ],
          [
            14.0325828,
            55.7109088
          ],
          [
            14.0318235,
            55.710886
          ],
          [
            14.0310974,
            55.7109286
          ],
          [
            14.0298231,
            55.7111137
          ],
          [
            14.0288413,
            55.711309
          ],
          [
            14.0281114,
            55.7114442
          ],
          [
            14.0276273,
            55.7114587
          ],
          [
            14.0272647,
            55.7113902
          ]
        ]
      }
    },
    {
      "type": "Feature",
      "properties": {
        "osm_way_id": 252377722,
        "highway": "service"
      },
      "geometry": {
        "type": "LineString",
        "coordinates": [
          [
            14.0039522,
            55.7290371
          ],
          [
            14.0036883,
            55.7290851
          ],
          [
            14.0035073,
            55.7292005
          ],
          [
            14.0035918,
            55.7294174
          ],
          [
            14.0047065,
            55.7315368
          ]
        ]
      }
    },
    {
      "type": "Feature",
      "properties": {
        "osm_way_id": 252377733,
        "highway": "service"
      },
      "geometry": {
        "type": "LineString",
        "coordinates": [
          [
            14.009778,
            55.7272491
          ],
          [
            14.0104153,
            55.7286804
          ],
          [
            14.0109008,
            55.7297505
          ]
        ]
      }
    },
    {
      "type": "Feature",
      "properties": {
        "osm_way_id": 252377736,
        "highway": "unclassified"
      },
      "geometry": {
        "type": "LineString",
        "coordinates": [
          [
            13.9974077,
            55.7297863
          ],
          [
            13.9975293,
            55.7298229
          ],
          [
            13.9980085,
            55.7299675
          ],
          [
            13.9986243,
            55.7301001
          ],
          [
            13.9990277,
            55.7301427
          ],
          [
            13.9996393,
            55.7301729
          ],
          [
            14.000004,
            55.7302877
          ],
          [
            14.0002658,
            55.7303961
          ],
          [
            14.0004619,
            55.7304015
          ]
        ]
      }
    },
    {
      "type": "Feature",
      "properties": {
        "osm_way_id": 252377737,
        "highway": "service"
      },
      "geometry": {
        "type": "LineString",
        "coordinates": [
          [
            14.013855,
            55.7259078
          ],
          [
            14.0142734,
            55.725932
          ],
          [
            14.0145352,
            55.7259857
          ],
          [
            14.0147347,
            55.7261011
          ],
          [
            14.0148785,
            55.7262818
          ],
          [
            14.0149479,
            55.726494
          ]
        ]
      }
    },
    {
      "type": "Feature",
      "properties": {
        "osm_way_id": 252377739,
        "highway": "service"
      },
      "geometry": {
        "type": "LineString",
        "coordinates": [
          [
            13.9968819,
            55.7299373
          ],
          [
            13.9975293,
            55.7298229
          ],
          [
            13.9975793,
            55.7296473
          ],
          [
            13.9976437,
            55.7291882
          ],
          [
            13.9977188,
            55.7286024
          ]
        ]
      }
    },
    {
      "type": "Feature",
      "properties": {
        "osm_way_id": 252377741,
        "highway": "service"
      },
      "geometry": {
        "type": "LineString",
        "coordinates": [
          [
            14.0101321,
            55.7306683
          ],
          [
            14.0098633,
            55.7300961
          ]
        ]
      }
    },
    {
      "type": "Feature",
      "properties": {
        "osm_way_id": 252377742,
        "highway": "service"
      },
      "geometry": {
        "type": "LineString",
        "coordinates": [
          [
            14.0000439,
            55.7260007
          ],
          [
            13.9999815,
            55.7261247
          ],
          [
            13.9999668,
            55.7263489
          ]
        ]
      }
    },
    {
      "type": "Feature",
      "properties": {
        "osm_way_id": 252377744,
        "highway": "service"
      },
      "geometry": {
        "type": "LineString",
        "coordinates": [
          [
            13.9986364,
            55.7248323
          ],
          [
            13.9983628,
            55.7247749
          ],
          [
            13.9981482,
            55.7247598
          ],
          [
            13.9979122,
            55.7247991
          ],
          [
            13.9976576,
            55.7248719
          ]
        ]
      }
    },
    {
      "type": "Feature",
      "properties": {
        "osm_way_id": 252377749,
        "highway": "service"
      },
      "geometry": {
        "type": "LineString",
        "coordinates": [
          [
            13.9998003,
            55.7265897
          ],
          [
            13.9999024,
            55.7265573
          ],
          [
            13.9999453,
            55.7264395
          ],
          [
            13.9999668,
            55.7263489
          ],
          [
            14.000074,
            55.7263126
          ],
          [
            14.0002014,
            55.7263694
          ],
          [
            14.0005622,
            55.7266721
          ],
          [
            14.001784,
            55.7276593
          ],
          [
            14.0021595,
            55.7279463
          ],
          [
            14.0024813,
            55.7281276
          ],
          [
            14.0026315,
            55.7282212
          ],
          [
            14.0028944,
            55.7283118
          ],
          [
            14.0030553,
            55.7284901
          ],
          [
            14.0032605,
            55.7289347
          ],
          [
            14.0033624,
            55.7291311
          ],
          [
            14.0035073,
            55.7292005
          ]
        ]
      }
    },
    {
      "type": "Feature",
      "properties": {
        "osm_way_id": 252377751,
        "highway": "service"
      },
      "geometry": {
        "type": "LineString",
        "coordinates": [
          [
            14.0187795,
            55.725642
          ],
          [
            14.0174169,
            55.7256601
          ],
          [
            14.0164728,
            55.725648
          ],
          [
            14.0159943,
            55.7256353
          ],
          [
            14.0153506,
            55.7257078
          ],
          [
            14.0149751,
            55.7258709
          ],
          [
            14.0149965,
            55.7261187
          ],
          [
            14.0149858,
            55.7264147
          ],
          [
            14.0149479,
            55.726494
          ],
          [
            14.0148527,
            55.7266932
          ],
          [
            14.0147712,
            55.7270854
          ],
          [
            14.0148034,
            55.7274358
          ],
          [
            14.0149858,
            55.7277439
          ],
          [
            14.0149965,
            55.728185
          ],
          [
            14.0149321,
            55.7288378
          ]
        ]
      }
    },
    {
      "type": "Feature",
      "properties": {
        "osm_way_id": 252377753,
        "highway": "service"
      },
      "geometry": {
        "type": "LineString",
        "coordinates": [
          [
            14.0151317,
            55.7329941
          ],
          [
            14.0152068,
            55.7328914
          ],
          [
            14.0149386,
            55.7320094
          ],
          [
            14.0144665,
            55.7307408
          ],
          [
            14.0141983,
            55.7298104
          ],
          [
            14.0138571,
            55.7288057
          ]
        ]
      }
    },
    {
      "type": "Feature",
      "properties": {
        "osm_way_id": 252377755,
        "highway": "service"
      },
      "geometry": {
        "type": "LineString",
        "coordinates": [
          [
            14.0288217,
            55.7334169
          ],
          [
            14.0290294,
            55.7329599
          ]
        ]
      }
    },
    {
      "type": "Feature",
      "properties": {
        "osm_way_id": 252405557,
        "highway": "service"
      },
      "geometry": {
        "type": "LineString",
        "coordinates": [
          [
            14.0026279,
            55.7335472
          ],
          [
            14.0025742,
            55.7334022
          ],
          [
            14.0023382,
            55.7331908
          ],
          [
            14.0011669,
            55.7334682
          ]
        ]
      }
    },
    {
      "type": "Feature",
      "properties": {
        "osm_way_id": 295016553,
        "highway": "path"
      },
      "geometry": {
        "type": "LineString",
        "coordinates": [
          [
            13.9529594,
            55.7160784
          ],
          [
            13.9533904,
            55.7161561
          ],
          [
            13.9543879,
            55.7160319
          ],
          [
            13.9558767,
            55.7158465
          ]
        ]
      }
    },
    {
      "type": "Feature",
      "properties": {
        "osm_way_id": 312654228,
        "bridge": "yes",
        "highway": "path",
        "layer": "1"
      },
      "geometry": {
        "type": "LineString",
        "coordinates": [
          [
            14.017195,
            55.7081056
          ],
          [
            14.0170919,
            55.7081928
          ]
        ]
      }
    },
    {
      "type": "Feature",
      "properties": {
        "osm_way_id": 312654229,
        "highway": "path"
      },
      "geometry": {
        "type": "LineString",
        "coordinates": [
          [
            14.0170919,
            55.7081928
          ],
          [
            14.0170999,
            55.7083117
          ],
          [
            14.017219,
            55.7083567
          ],
          [
            14.017423,
            55.7083654
          ],
          [
            14.017528,
            55.7083752
          ],
          [
            14.0177969,
            55.7083182
          ],
          [
            14.0179933,
            55.7083292
          ]
        ]
      }
    },
    {
      "type": "Feature",
      "properties": {
        "osm_way_id": 425261670,
        "cycleway:both": "no",
        "highway": "tertiary",
        "lane_markings": "no",
        "maxspeed": "70",
        "ref": "M 1589",
        "surface": "asphalt"
      },
      "geometry": {
        "type": "LineString",
        "coordinates": [
          [
            13.981218,
            55.7117053
          ],
          [
            13.9814351,
            55.7115325
          ],
          [
            13.981615,
            55.7113024
          ],
          [
            13.9829103,
            55.7097767
          ],
          [
            13.983402,
            55.7091665
          ],
          [
            13.9835842,
            55.7089553
          ],
          [
            13.9837699,
            55.7087868
          ],
          [
            13.9840002,
            55.7086492
          ],
          [
            13.9842409,
            55.7085369
          ],
          [
            13.9846604,
            55.7084497
          ],
          [
            13.9852071,
            55.7083664
          ],
          [
            13.9861051,
            55.7082464
          ],
          [
            13.9863662,
            55.7082205
          ]
        ]
      }
    },
    {
      "type": "Feature",
      "properties": {
        "osm_way_id": 450631336,
        "bridge": "yes",
        "highway": "unclassified",
        "layer": "1",
        "motor_vehicle": "no",
        "name": "Hästhagen",
        "surface": "wood"
      },
      "geometry": {
        "type": "LineString",
        "coordinates": [
          [
            13.9748784,
            55.7175635
          ],
          [
            13.9748911,
            55.7176972
          ]
        ]
      }
    },
    {
      "type": "Feature",
      "properties": {
        "osm_way_id": 450631337,
        "highway": "unclassified",
        "name": "Hästhagen"
      },
      "geometry": {
        "type": "LineString",
        "coordinates": [
          [
            13.9748911,
            55.7176972
          ],
          [
            13.9748987,
            55.7177777
          ],
          [
            13.974733,
            55.7180439
          ],
          [
            13.9743458,
            55.7188358
          ]
        ]
      }
    },
    {
      "type": "Feature",
      "properties": {
        "osm_way_id": 450631364,
        "highway": "service"
      },
      "geometry": {
        "type": "LineString",
        "coordinates": [
          [
            13.9604913,
            55.7175583
          ],
          [
            13.960426,
            55.7169253
          ],
          [
            13.9604187,
            55.7168448
          ]
        ]
      }
    },
    {
      "type": "Feature",
      "properties": {
        "osm_way_id": 450631366,
        "highway": "residential",
        "maxspeed": "70"
      },
      "geometry": {
        "type": "LineString",
        "coordinates": [
          [
            14.0109053,
            55.7084235
          ],
          [
            14.011029,
            55.7087357
          ]
        ]
      }
    },
    {
      "type": "Feature",
      "properties": {
        "osm_way_id": 450631369,
        "bridge": "yes",
        "highway": "residential",
        "layer": "1",
        "maxspeed": "70"
      },
      "geometry": {
        "type": "LineString",
        "coordinates": [
          [
            14.0108738,
            55.708344
          ],
          [
            14.0109053,
            55.7084235
          ]
        ]
      }
    },
    {
      "type": "Feature",
      "properties": {
        "osm_way_id": 455897645,
        "highway": "service"
      },
      "geometry": {
        "type": "LineString",
        "coordinates": [
          [
            14.0076651,
            55.6991448
          ],
          [
            14.0078905,
            55.699562
          ],
          [
            14.0080498,
            55.6997176
          ],
          [
            14.0099381,
            55.7002678
          ]
        ]
      }
    },
    {
      "type": "Feature",
      "properties": {
        "osm_way_id": 455897647,
        "highway": "track"
      },
      "geometry": {
        "type": "LineString",
        "coordinates": [
          [
            14.0325302,
            55.7087573
          ],
          [
            14.0326899,
            55.7086602
          ],
          [
            14.0332693,
            55.7082068
          ],
          [
            14.0337574,
            55.7077051
          ],
          [
            14.0340364,
            55.7073182
          ],
          [
            14.0342617,
            55.7069314
          ],
          [
            14.0347338,
            55.706614
          ],
          [
            14.0349591,
            55.7063662
          ],
          [
            14.0348089,
            55.7060367
          ],
          [
            14.0344548,
            55.7053959
          ],
          [
            14.0340579,
            55.7049229
          ],
          [
            14.033972,
            55.7048065
          ],
          [
            14.0338686,
            55.7047786
          ],
          [
            14.0337869,
            55.7047566
          ],
          [
            14.0332022,
            55.7047219
          ],
          [
            14.0326336,
            55.704666
          ],
          [
            14.0322849,
            55.7046221
          ],
          [
            14.0320222,
            55.7045145
          ]
        ]
      }
    },
    {
      "type": "Feature",
      "properties": {
        "osm_way_id": 455897649,
        "highway": "service"
      },
      "geometry": {
        "type": "LineString",
        "coordinates": [
          [
            14.0181579,
            55.6919613
          ],
          [
            14.0185855,
            55.6920022
          ],
          [
            14.0190055,
            55.6921307
          ],
          [
            14.0200248,
            55.6921246
          ],
          [
            14.0201841,
            55.6924557
          ],
          [
            14.0203574,
            55.6927293
          ],
          [
            14.0206132,
            55.6942033
          ],
          [
            14.0207205,
            55.6944996
          ],
          [
            14.0210531,
            55.6946991
          ],
          [
            14.0233936,
            55.6956318
          ],
          [
            14.0240052,
            55.6958132
          ],
          [
            14.0246366,
            55.6958903
          ],
          [
            14.0256038,
            55.6959523
          ],
          [
            14.0267416,
            55.6968826
          ],
          [
            14.0270935,
            55.6972447
          ],
          [
            14.0271578,
            55.6973899
          ],
          [
            14.0273617,
            55.6995725
          ],
          [
            14.0273913,
            55.6997794
          ]
        ]
      }
    },
    {
      "type": "Feature",
      "properties": {
        "osm_way_id": 455897652,
        "highway": "service"
      },
      "geometry": {
        "type": "LineString",
        "coordinates": [
          [
            14.0106799,
            55.6953114
          ],
          [
            14.01188,
            55.6958722
          ],
          [
            14.011946,
            55.6959583
          ],
          [
            14.0118708,
            55.6961397
          ],
          [
            14.0114632,
            55.6968532
          ],
          [
            14.0115045,
            55.6969243
          ],
          [
            14.0122018,
            55.6971722
          ],
          [
            14.0122233,
            55.697281
          ],
          [
            14.0099381,
            55.7002678
          ],
          [
            14.0087917,
            55.7017986
          ],
          [
            14.0087579,
            55.7020211
          ],
          [
            14.0090046,
            55.70294
          ],
          [
            14.0096399,
            55.7037463
          ],
          [
            14.0094998,
            55.7029292
          ],
          [
            14.0098216,
            55.7027236
          ]
        ]
      }
    },
    {
      "type": "Feature",
      "properties": {
        "osm_way_id": 455897655,
        "highway": "service"
      },
      "geometry": {
        "type": "LineString",
        "coordinates": [
          [
            14.0057661,
            55.7029412
          ],
          [
            14.0068963,
            55.7048723
          ]
        ]
      }
    },
    {
      "type": "Feature",
      "properties": {
        "osm_way_id": 455897656,
        "highway": "service"
      },
      "geometry": {
        "type": "LineString",
        "coordinates": [
          [
            14.0310419,
            55.7014245
          ],
          [
            14.0313866,
            55.7012303
          ],
          [
            14.0316119,
            55.7009764
          ],
          [
            14.0316441,
            55.7007893
          ],
          [
            14.0316454,
            55.6982717
          ]
        ]
      }
    },
    {
      "type": "Feature",
      "properties": {
        "osm_way_id": 455897658,
        "highway": "service"
      },
      "geometry": {
        "type": "LineString",
        "coordinates": [
          [
            14.0254214,
            55.6970165
          ],
          [
            14.0267416,
            55.6968826
          ]
        ]
      }
    },
    {
      "type": "Feature",
      "properties": {
        "osm_way_id": 455897660,
        "highway": "service"
      },
      "geometry": {
        "type": "LineString",
        "coordinates": [
          [
            14.0249171,
            55.6995136
          ],
          [
            14.0258705,
            55.7004844
          ]
        ]
      }
    },
    {
      "type": "Feature",
      "properties": {
        "osm_way_id": 481258342,
        "highway": "service"
      },
      "geometry": {
        "type": "LineString",
        "coordinates": [
          [
            13.988525,
            55.7271038
          ],
          [
            13.9888704,
            55.7269415
          ],
          [
            13.9893618,
            55.7267956
          ],
          [
            13.9898982,
            55.7263425
          ],
          [
            13.9905634,
            55.7257927
          ],
          [
            13.9909819,
            55.7256356
          ],
          [
            13.9919904,
            55.7253577
          ],
          [
            13.9930203,
            55.7251704
          ],
          [
            13.9936963,
            55.7249347
          ],
          [
            13.9942112,
            55.7247837
          ],
          [
            13.9948764,
            55.7246749
          ],
          [
            13.9958576,
            55.7245474
          ],
          [
            13.9963892,
            55.7244091
          ],
          [
            13.9968421,
            55.7242523
          ]
        ]
      }
    },
    {
      "type": "Feature",
      "properties": {
        "osm_way_id": 694131273,
        "highway": "track",
        "tracktype": "grade2"
      },
      "geometry": {
        "type": "LineString",
        "coordinates": [
          [
            14.0047965,
            55.7082416
          ],
          [
            14.0049201,
            55.7082584
          ],
          [
            14.0054921,
            55.7083924
          ],
          [
            14.0060369,
            55.7084813
          ],
          [
            14.0064837,
            55.7085046
          ],
          [
            14.0069514,
            55.7085121
          ],
          [
            14.0074027,
            55.7085573
          ],
          [
            14.0076971,
            55.7085483
          ],
          [
            14.0088026,
            55.708334
          ]
        ]
      }
    },
    {
      "type": "Feature",
      "properties": {
        "osm_way_id": 694131274,
        "highway": "path"
      },
      "geometry": {
        "type": "LineString",
        "coordinates": [
          [
            13.9846463,
            55.7139878
          ],
          [
            13.9850458,
            55.7139035
          ],
          [
            13.9854401,
            55.7138658
          ],
          [
            13.9858371,
            55.7138038
          ],
          [
            13.986159,
            55.7137978
          ],
          [
            13.9865237,
            55.7136134
          ],
          [
            13.9866418,
            55.7135228
          ],
          [
            13.98691,
            55.7134019
          ],
          [
            13.9871943,
            55.7132448
          ],
          [
            13.9872479,
            55.7130393
          ],
          [
            13.9872533,
            55.712734
          ],
          [
            13.9873123,
            55.7123684
          ],
          [
            13.9873445,
            55.712048
          ],
          [
            13.987366,
            55.7116914
          ],
          [
            13.9874464,
            55.7114406
          ],
          [
            13.9874732,
            55.7111595
          ],
          [
            13.9874947,
            55.7108513
          ],
          [
            13.9876342,
            55.710682
          ],
          [
            13.9882028,
            55.71041
          ],
          [
            13.9888251,
            55.7101864
          ],
          [
            13.9892381,
            55.7100051
          ],
          [
            13.989737,
            55.7098026
          ],
          [
            13.9902949,
            55.7094973
          ],
          [
            13.9906007,
            55.7093613
          ],
          [
            13.9908582,
            55.7092223
          ],
          [
            13.9908528,
            55.7090833
          ],
          [
            13.9907455,
            55.7088445
          ],
          [
            13.9906262,
            55.708637
          ],
          [
            13.9907441,
            55.7085171
          ],
          [
            13.9910971,
            55.7084453
          ],
          [
            13.9916544,
            55.708383
          ],
          [
            13.992371,
            55.7084123
          ],
          [
            13.9926177,
            55.7083851
          ],
          [
            13.993004,
            55.7082975
          ],
          [
            13.9934331,
            55.7082552
          ],
          [
            13.9937657,
            55.7081464
          ],
          [
            13.9942378,
            55.707965
          ],
          [
            13.9947367,
            55.7078472
          ],
          [
            13.9954126,
            55.707687
          ],
          [
            13.9959598,
            55.7075449
          ],
          [
            13.9963567,
            55.707424
          ],
          [
            13.9967859,
            55.7073515
          ],
          [
            13.9970541,
            55.7073605
          ],
          [
            13.9973009,
            55.7073817
          ],
          [
            13.9975185,
            55.7073477
          ],
          [
            13.9976773,
            55.7073881
          ],
          [
            13.9979045,
            55.7071981
          ],
          [
            13.9981826,
            55.7072455
          ],
          [
            13.998819,
            55.7073061
          ],
          [
            13.9992911,
            55.7072941
          ],
          [
            13.9998382,
            55.7072427
          ],
          [
            14.0003394,
            55.7071793
          ],
          [
            14.0008196,
            55.7071756
          ],
          [
            14.0015639,
            55.7072898
          ],
          [
            14.0021503,
            55.7074694
          ],
          [
            14.0025419,
            55.7076719
          ],
          [
            14.0031695,
            55.7077958
          ],
          [
            14.0041351,
            55.7080043
          ],
          [
            14.0047965,
            55.7082416
          ]
        ]
      }
    },
    {
      "type": "Feature",
      "properties": {
        "osm_way_id": 712551207,
        "bridge": "yes",
        "highway": "path",
        "layer": "1",
        "surface": "wood"
      },
      "geometry": {
        "type": "LineString",
        "coordinates": [
          [
            14.0230886,
            55.7086143
          ],
          [
            14.0229711,
            55.7086506
          ]
        ]
      }
    },
    {
      "type": "Feature",
      "properties": {
        "osm_way_id": 712551208,
        "highway": "path"
      },
      "geometry": {
        "type": "LineString",
        "coordinates": [
          [
            14.0229711,
            55.7086506
          ],
          [
            14.022605,
            55.7087691
          ],
          [
            14.0220256,
            55.7090834
          ],
          [
            14.0214241,
            55.709427
          ]
        ]
      }
    },
    {
      "type": "Feature",
      "properties": {
        "osm_way_id": 712551209,
        "highway": "track",
        "tracktype": "grade3"
      },
      "geometry": {
        "type": "LineString",
        "coordinates": [
          [
            14.0175013,
            55.7086511
          ],
          [
            14.0173069,
            55.7085678
          ],
          [
            14.0169825,
            55.7084688
          ]
        ]
      }
    },
    {
      "type": "Feature",
      "properties": {
        "osm_way_id": 712551210,
        "highway": "track"
      },
      "geometry": {
        "type": "LineString",
        "coordinates": [
          [
            14.0076971,
            55.7085483
          ],
          [
            14.0076971,
            55.7086239
          ],
          [
            14.0077668,
            55.708778
          ]
        ]
      }
    },
    {
      "type": "Feature",
      "properties": {
        "osm_way_id": 712551211,
        "highway": "path"
      },
      "geometry": {
        "type": "LineString",
        "coordinates": [
          [
            13.9979045,
            55.7071981
          ],
          [
            13.9976277,
            55.7070838
          ],
          [
            13.9973228,
            55.7069245
          ],
          [
            13.9971098,
            55.7067693
          ],
          [
            13.9968197,
            55.7065003
          ],
          [
            13.9966612,
            55.7063795
          ]
        ]
      }
    },
    {
      "type": "Feature",
      "properties": {
        "osm_way_id": 712554514,
        "highway": "track",
        "tracktype": "grade1"
      },
      "geometry": {
        "type": "LineString",
        "coordinates": [
          [
            13.9891449,
            55.7165964
          ],
          [
            13.9895743,
            55.7167172
          ],
          [
            13.9902207,
            55.716904
          ],
          [
            13.9903582,
            55.7169415
          ],
          [
            13.9912442,
            55.7171835
          ],
          [
            13.9922018,
            55.7173965
          ],
          [
            13.9931799,
            55.7176155
          ],
          [
            13.9942374,
            55.7178604
          ],
          [
            13.9949605,
            55.7180228
          ],
          [
            13.9956,
            55.7182253
          ],
          [
            13.996507,
            55.7185196
          ],
          [
            13.9971716,
            55.7187456
          ],
          [
            13.9977191,
            55.7189033
          ],
          [
            13.9985969,
            55.7190351
          ],
          [
            13.9996962,
            55.7191387
          ],
          [
            14.0006157,
            55.7193012
          ],
          [
            14.0020745,
            55.7195578
          ],
          [
            14.0030442,
            55.7197202
          ],
          [
            14.0036753,
            55.7198295
          ],
          [
            14.0043357,
            55.7199439
          ],
          [
            14.0054183,
            55.720151
          ],
          [
            14.0066179,
            55.72033
          ],
          [
            14.00783,
            55.7205159
          ],
          [
            14.0091759,
            55.7207231
          ],
          [
            14.0105761,
            55.7208761
          ],
          [
            14.0108006,
            55.7209032
          ],
          [
            14.011922,
            55.7210386
          ],
          [
            14.0130045,
            55.7211633
          ],
          [
            14.0141372,
            55.7213046
          ],
          [
            14.0155707,
            55.7214531
          ],
          [
            14.0164152,
            55.7215423
          ],
          [
            14.0175927,
            55.7214709
          ],
          [
            14.0176942,
            55.7214647
          ],
          [
            14.0189374,
            55.7214007
          ],
          [
            14.0202373,
            55.7215184
          ],
          [
            14.021834,
            55.7216691
          ],
          [
            14.0234558,
            55.721808
          ],
          [
            14.0247178,
            55.7217975
          ],
          [
            14.0257688,
            55.7217486
          ],
          [
            14.0265365,
            55.7217292
          ]
        ]
      }
    },
    {
      "type": "Feature",
      "properties": {
        "osm_way_id": 712554515,
        "highway": "track",
        "tracktype": "grade3"
      },
      "geometry": {
        "type": "LineString",
        "coordinates": [
          [
            14.0265365,
            55.7217292
          ],
          [
            14.0270676,
            55.7216881
          ],
          [
            14.0274798,
            55.7215797
          ],
          [
            14.0278425,
            55.7214455
          ],
          [
            14.0282215,
            55.7213235
          ],
          [
            14.0285193,
            55.7211162
          ]
        ]
      }
    },
    {
      "type": "Feature",
      "properties": {
        "osm_way_id": 712554516,
        "highway": "track",
        "tracktype": "grade3"
      },
      "geometry": {
        "type": "LineString",
        "coordinates": [
          [
            14.0285193,
            55.7211162
          ],
          [
            14.0289633,
            55.7211528
          ],
          [
            14.0294939,
            55.7212107
          ],
          [
            14.0298783,
            55.7213418
          ]
        ]
      }
    },
    {
      "type": "Feature",
      "properties": {
        "osm_way_id": 712554517,
        "highway": "track",
        "tracktype": "grade3"
      },
      "geometry": {
        "type": "LineString",
        "coordinates": [
          [
            14.0285193,
            55.7211162
          ],
          [
            14.0284977,
            55.7209119
          ],
          [
            14.0284165,
            55.7206435
          ],
          [
            14.0283677,
            55.7204209
          ],
          [
            14.0284165,
            55.7202105
          ],
          [
            14.0284334,
            55.7199635
          ],
          [
            14.0293408,
            55.7200125
          ],
          [
            14.0302518,
            55.7200617
          ],
          [
            14.0314269,
            55.7201391
          ]
        ]
      }
    },
    {
      "type": "Feature",
      "properties": {
        "osm_way_id": 712554518,
        "highway": "track",
        "motor_vehicle": "yes",
        "tracktype": "grade3"
      },
      "geometry": {
        "type": "LineString",
        "coordinates": [
          [
            14.0265365,
            55.7217292
          ],
          [
            14.0270014,
            55.721954
          ],
          [
            14.0277223,
            55.7221796
          ],
          [
            14.0284556,
            55.7222976
          ],
          [
            14.0292012,
            55.7222907
          ],
          [
            14.029953,
            55.722256
          ],
          [
            14.0304398,
            55.7222525
          ],
          [
            14.0306185,
            55.7223045
          ],
          [
            14.0307787,
            55.7226516
          ],
          [
            14.0308773,
            55.7230923
          ],
          [
            14.0309944,
            55.7233249
          ],
          [
            14.0315182,
            55.7236372
          ],
          [
            14.0318509,
            55.7238593
          ],
          [
            14.0323069,
            55.7242133
          ]
        ]
      }
    },
    {
      "type": "Feature",
      "properties": {
        "osm_way_id": 712554519,
        "highway": "track",
        "motor_vehicle": "yes",
        "tracktype": "grade3"
      },
      "geometry": {
        "type": "LineString",
        "coordinates": [
          [
            14.0323069,
            55.7242133
          ],
          [
            14.0338056,
            55.7240355
          ],
          [
            14.0350647,
            55.7240222
          ],
          [
            14.0359002,
            55.7241349
          ],
          [
            14.0368299,
            55.7243536
          ],
          [
            14.0376301,
            55.7241746
          ],
          [
            14.038748,
            55.723883
          ],
          [
            14.0400778,
            55.7239957
          ],
          [
            14.0413147,
            55.7240686
          ]
        ]
      }
    },
    {
      "type": "Feature",
      "properties": {
        "osm_way_id": 741753790,
        "highway": "track",
        "tracktype": "grade3"
      },
      "geometry": {
        "type": "LineString",
        "coordinates": [
          [
            13.9960418,
            55.7109604
          ],
          [
            13.9944478,
            55.7115597
          ],
          [
            13.9940556,
            55.7117071
          ],
          [
            13.9937005,
            55.7118
          ],
          [
            13.9922505,
            55.712153
          ],
          [
            13.992045,
            55.7122638
          ],
          [
            13.9920564,
            55.7124117
          ],
          [
            13.9921387,
            55.7125083
          ],
          [
            13.9928354,
            55.7131295
          ],
          [
            13.993129,
            55.7134496
          ],
          [
            13.9932266,
            55.7136019
          ],
          [
            13.9932339,
            55.7138065
          ],
          [
            13.9932457,
            55.7140776
          ],
          [
            13.9932747,
            55.7143049
          ],
          [
            13.9933776,
            55.7144593
          ],
          [
            13.9934862,
            55.7145898
          ],
          [
            13.9935397,
            55.7146787
          ],
          [
            13.9935907,
            55.7148119
          ],
          [
            13.9935696,
            55.7151626
          ]
        ]
      }
    },
    {
      "type": "Feature",
      "properties": {
        "osm_way_id": 741753791,
        "highway": "path"
      },
      "geometry": {
        "type": "LineString",
        "coordinates": [
          [
            13.9943783,
            55.7115061
          ],
          [
            13.9944478,
            55.7115597
          ]
        ]
      }
    },
    {
      "type": "Feature",
      "properties": {
        "osm_way_id": 741753792,
        "highway": "path"
      },
      "geometry": {
        "type": "LineString",
        "coordinates": [
          [
            13.9889109,
            55.7135198
          ],
          [
            13.9888186,
            55.713662
          ],
          [
            13.9887163,
            55.7138565
          ],
          [
            13.9883798,
            55.7145955
          ],
          [
            13.9882886,
            55.7147376
          ],
          [
            13.9883798,
            55.7149823
          ],
          [
            13.9885193,
            55.7153329
          ],
          [
            13.9888412,
            55.7156048
          ],
          [
            13.9890718,
            55.7158073
          ]
        ]
      }
    },
    {
      "type": "Feature",
      "properties": {
        "osm_way_id": 741759096,
        "attribution": "Region Skåne",
        "highway": "track",
        "tracktype": "grade2"
      },
      "geometry": {
        "type": "LineString",
        "coordinates": [
          [
            13.9766912,
            55.7165921
          ],
          [
            13.9757182,
            55.7166985
          ],
          [
            13.9750501,
            55.7167715
          ]
        ]
      }
    },
    {
      "type": "Feature",
      "properties": {
        "osm_way_id": 741759097,
        "bridge": "yes",
        "highway": "path",
        "layer": "1"
      },
      "geometry": {
        "type": "LineString",
        "coordinates": [
          [
            13.9791374,
            55.716949
          ],
          [
            13.9790384,
            55.7169078
          ]
        ]
      }
    },
    {
      "type": "Feature",
      "properties": {
        "osm_way_id": 741759098,
        "highway": "path"
      },
      "geometry": {
        "type": "LineString",
        "coordinates": [
          [
            13.9790384,
            55.7169078
          ],
          [
            13.9787565,
            55.7168019
          ],
          [
            13.9784982,
            55.716699
          ],
          [
            13.9783243,
            55.7166735
          ],
          [
            13.9781251,
            55.7165772
          ],
          [
            13.9778633,
            55.7164494
          ],
          [
            13.9777709,
            55.7164043
          ],
          [
            13.9776028,
            55.7161922
          ],
          [
            13.9774404,
            55.7161099
          ]
        ]
      }
    },
    {
      "type": "Feature",
      "properties": {
        "osm_way_id": 741759099,
        "fixme": "To be continued",
        "highway": "path"
      },
      "geometry": {
        "type": "LineString",
        "coordinates": [
          [
            13.9774404,
            55.7161099
          ],
          [
            13.9770842,
            55.7159613
          ]
        ]
      }
    },
    {
      "type": "Feature",
      "properties": {
        "osm_way_id": 741759100,
        "fixme": "To be continued",
        "highway": "track",
        "tracktype": "grade2"
      },
      "geometry": {
        "type": "LineString",
        "coordinates": [
          [
            13.9983091,
            55.7144517
          ],
          [
            13.9985383,
            55.7145877
          ],
          [
            13.9988447,
            55.7147895
          ]
        ]
      }
    },
    {
      "type": "Feature",
      "properties": {
        "osm_way_id": 741759101,
        "fixme": "To be continued",
        "highway": "track",
        "tracktype": "grade3"
      },
      "geometry": {
        "type": "LineString",
        "coordinates": [
          [
            14.0053176,
            55.7128004
          ],
          [
            14.0055412,
            55.7128813
          ],
          [
            14.0057486,
            55.7130658
          ],
          [
            14.0058141,
            55.7132052
          ],
          [
            14.0058218,
            55.7133056
          ],
          [
            14.0058286,
            55.7133938
          ],
          [
            14.0058978,
            55.7135578
          ]
        ]
      }
    },
    {
      "type": "Feature",
      "properties": {
        "osm_way_id": 741759102,
        "highway": "track",
        "tracktype": "grade3"
      },
      "geometry": {
        "type": "LineString",
        "coordinates": [
          [
            14.0058218,
            55.7133056
          ],
          [
            14.0060033,
            55.7131355
          ],
          [
            14.0062835,
            55.7128998
          ],
          [
            14.0064072,
            55.7127993
          ],
          [
            14.0065202,
            55.7125865
          ]
        ]
      }
    },
    {
      "type": "Feature",
      "properties": {
        "osm_way_id": 741759103,
        "highway": "path"
      },
      "geometry": {
        "type": "LineString",
        "coordinates": [
          [
            14.0123121,
            55.7101976
          ],
          [
            14.0124338,
            55.710083
          ],
          [
            14.0126864,
            55.7100107
          ],
          [
            14.0129722,
            55.7099057
          ],
          [
            14.0132455,
            55.7098124
          ],
          [
            14.0134111,
            55.7097051
          ],
          [
            14.0136555,
            55.7095954
          ],
          [
            14.0140489,
            55.7095021
          ],
          [
            14.0147032,
            55.7094321
          ],
          [
            14.0152871,
            55.7093668
          ],
          [
            14.0157137,
            55.7092991
          ],
          [
            14.0159953,
            55.7092034
          ],
          [
            14.0161961,
            55.7091161
          ]
        ]
      }
    },
    {
      "type": "Feature",
      "properties": {
        "osm_way_id": 742696109,
        "highway": "path"
      },
      "geometry": {
        "type": "LineString",
        "coordinates": [
          [
            14.027177,
            55.7114086
          ],
          [
            14.0270189,
            55.7114113
          ]
        ]
      }
    },
    {
      "type": "Feature",
      "properties": {
        "osm_way_id": 742696110,
        "bridge": "yes",
        "highway": "path",
        "layer": "1"
      },
      "geometry": {
        "type": "LineString",
        "coordinates": [
          [
            14.0270189,
            55.7114113
          ],
          [
            14.0268953,
            55.7114411
          ]
        ]
      }
    },
    {
      "type": "Feature",
      "properties": {
        "osm_way_id": 742696111,
        "highway": "path"
      },
      "geometry": {
        "type": "LineString",
        "coordinates": [
          [
            14.0268953,
            55.7114411
          ],
          [
            14.0268568,
            55.7114841
          ]
        ]
      }
    },
    {
      "type": "Feature",
      "properties": {
        "osm_way_id": 742696112,
        "highway": "path"
      },
      "geometry": {
        "type": "LineString",
        "coordinates": [
          [
            14.0170999,
            55.7083117
          ],
          [
            14.0170129,
            55.7083913
          ],
          [
            14.0169825,
            55.7084688
          ]
        ]
      }
    },
    {
      "type": "Feature",
      "properties": {
        "osm_way_id": 823057354,
        "highway": "path"
      },
      "geometry": {
        "type": "LineString",
        "coordinates": [
          [
            14.0172039,
            55.708099
          ],
          [
            14.0171216,
            55.7080729
          ],
          [
            14.0167483,
            55.7080085
          ],
          [
            14.0163111,
            55.7080402
          ],
          [
            14.0157506,
            55.7080689
          ],
          [
            14.0152114,
            55.7081037
          ],
          [
            14.0146589,
            55.7081823
          ],
          [
            14.0141225,
            55.7082548
          ],
          [
            14.013409,
            55.7083908
          ],
          [
            14.0131193,
            55.7083878
          ],
          [
            14.0126848,
            55.708276
          ],
          [
            14.0124059,
            55.7081611
          ],
          [
            14.0121108,
            55.7081128
          ],
          [
            14.0115636,
            55.7080976
          ],
          [
            14.0108045,
            55.7081691
          ]
        ]
      }
    },
    {
      "type": "Feature",
      "properties": {
        "osm_way_id": 823057355,
        "highway": "path"
      },
      "geometry": {
        "type": "LineString",
        "coordinates": [
          [
            14.0182189,
            55.7078145
          ],
          [
            14.0186223,
            55.708021
          ],
          [
            14.0186896,
            55.7080198
          ]
        ]
      }
    },
    {
      "type": "Feature",
      "properties": {
        "osm_way_id": 823057356,
        "highway": "path"
      },
      "geometry": {
        "type": "LineString",
        "coordinates": [
          [
            14.0183082,
            55.7077375
          ],
          [
            14.0182516,
            55.707687
          ],
          [
            14.0181579,
            55.7076473
          ],
          [
            14.018082,
            55.7076389
          ],
          [
            14.0180435,
            55.7076386
          ],
          [
            14.0180039,
            55.7076197
          ],
          [
            14.0180006,
            55.7076068
          ],
          [
            14.0181026,
            55.7076018
          ],
          [
            14.0181774,
            55.7075754
          ],
          [
            14.0181339,
            55.7075729
          ],
          [
            14.017657,
            55.7075478
          ],
          [
            14.0175678,
            55.7075594
          ],
          [
            14.0175449,
            55.7075826
          ],
          [
            14.0175048,
            55.7075984
          ],
          [
            14.017439,
            55.7076062
          ],
          [
            14.0174111,
            55.7076134
          ],
          [
            14.0173815,
            55.7076389
          ],
          [
            14.0172683,
            55.7076669
          ],
          [
            14.0172488,
            55.7076756
          ],
          [
            14.0171986,
            55.7076782
          ],
          [
            14.0171478,
            55.7076926
          ],
          [
            14.0171306,
            55.7077052
          ],
          [
            14.017091,
            55.7077159
          ],
          [
            14.0171004,
            55.7077514
          ],
          [
            14.0171133,
            55.7077699
          ],
          [
            14.017116,
            55.7077907
          ],
          [
            14.0171138,
            55.7078095
          ],
          [
            14.0170809,
            55.7078196
          ],
          [
            14.0171294,
            55.7078491
          ],
          [
            14.0171651,
            55.7078541
          ],
          [
            14.0171863,
            55.7078767
          ],
          [
            14.0172075,
            55.7078893
          ],
          [
            14.017251,
            55.7079097
          ],
          [
            14.0172611,
            55.7079088
          ],
          [
            14.0173235,
            55.7079182
          ],
          [
            14.0173882,
            55.7079063
          ],
          [
            14.0174289,
            55.7079182
          ],
          [
            14.0174763,
            55.7079138
          ],
          [
            14.0175115,
            55.7079116
          ],
          [
            14.0176973,
            55.7079429
          ]
        ]
      }
    },
    {
      "type": "Feature",
      "properties": {
        "osm_way_id": 823057357,
        "highway": "path"
      },
      "geometry": {
        "type": "LineString",
        "coordinates": [
          [
            14.0233376,
            55.7082854
          ],
          [
            14.023441,
            55.7082368
          ]
        ]
      }
    },
    {
      "type": "Feature",
      "properties": {
        "osm_way_id": 831357956,
        "attribution": "Region Skåne",
        "highway": "track",
        "tracktype": "grade4"
      },
      "geometry": {
        "type": "LineString",
        "coordinates": [
          [
            14.0094147,
            55.7097767
          ],
          [
            14.0088613,
            55.7100852
          ],
          [
            14.0087295,
            55.710412
          ],
          [
            14.008334,
            55.7108947
          ],
          [
            14.0074377,
            55.7116521
          ],
          [
            14.0070818,
            55.7120828
          ],
          [
            14.0069209,
            55.7124934
          ]
        ]
      }
    },
    {
      "type": "Feature",
      "properties": {
        "osm_way_id": 831357957,
        "highway": "path"
      },
      "geometry": {
        "type": "LineString",
        "coordinates": [
          [
            13.9750501,
            55.7167715
          ],
          [
            13.9748454,
            55.716599
          ],
          [
            13.9747703,
            55.7164268
          ],
          [
            13.9748722,
            55.7162908
          ],
          [
            13.9750224,
            55.7162092
          ],
          [
            13.9750278,
            55.7161004
          ],
          [
            13.9749312,
            55.7159342
          ],
          [
            13.974883,
            55.7158073
          ],
          [
            13.9747864,
            55.7157076
          ],
          [
            13.9744592,
            55.7156683
          ],
          [
            13.9741373,
            55.715623
          ],
          [
            13.97403,
            55.7156169
          ],
          [
            13.973971,
            55.7155504
          ],
          [
            13.9739871,
            55.715348
          ],
          [
            13.9739335,
            55.715206
          ],
          [
            13.9739174,
            55.7150609
          ],
          [
            13.9740193,
            55.7149431
          ],
          [
            13.9742231,
            55.7147376
          ],
          [
            13.9745396,
            55.7146288
          ],
          [
            13.9747596,
            55.7145442
          ],
          [
            13.9752638,
            55.714517
          ],
          [
            13.9753658,
            55.7145064
          ],
          [
            13.9752883,
            55.7143285
          ],
          [
            13.9752217,
            55.7140211
          ],
          [
            13.9754064,
            55.713401
          ],
          [
            13.9755121,
            55.7129162
          ]
        ]
      }
    },
    {
      "type": "Feature",
      "properties": {
        "osm_way_id": 831799243,
        "fixme": "To be continued",
        "highway": "track",
        "tracktype": "grade3"
      },
      "geometry": {
        "type": "LineString",
        "coordinates": [
          [
            14.0272647,
            55.7113902
          ],
          [
            14.027177,
            55.7114086
          ],
          [
            14.0270038,
            55.7114449
          ],
          [
            14.0268568,
            55.7114841
          ],
          [
            14.0267249,
            55.7115193
          ],
          [
            14.0262402,
            55.7116601
          ]
        ]
      }
    },
    {
      "type": "Feature",
      "properties": {
        "osm_way_id": 831799244,
        "attribution": "Region Skåne",
        "highway": "track",
        "surface": "compacted",
        "tracktype": "grade3"
      },
      "geometry": {
        "type": "LineString",
        "coordinates": [
          [
            14.0214241,
            55.709427
          ],
          [
            14.0211167,
            55.7093068
          ],
          [
            14.0210523,
            55.7092924
          ],
          [
            14.0205934,
            55.7091837
          ]
        ]
      }
    },
    {
      "type": "Feature",
      "properties": {
        "osm_way_id": 831799245,
        "highway": "residential",
        "maxspeed": "70"
      },
      "geometry": {
        "type": "LineString",
        "coordinates": [
          [
            14.0088026,
            55.708334
          ],
          [
            14.0108045,
            55.7081691
          ],
          [
            14.0108738,
            55.708344
          ]
        ]
      }
    },
    {
      "type": "Feature",
      "properties": {
        "osm_way_id": 831799246,
        "highway": "track",
        "tracktype": "grade2"
      },
      "geometry": {
        "type": "LineString",
        "coordinates": [
          [
            14.0047847,
            55.708891
          ],
          [
            14.004787,
            55.7087644
          ],
          [
            14.0047526,
            55.7085384
          ],
          [
            14.0047138,
            55.708339
          ],
          [
            14.0047402,
            55.7082873
          ],
          [
            14.0047965,
            55.7082416
          ]
        ]
      }
    },
    {
      "type": "Feature",
      "properties": {
        "osm_way_id": 1004685505,
        "highway": "unclassified",
        "source": "Lantmäteriet Topographic Map; Esri"
      },
      "geometry": {
        "type": "LineString",
        "coordinates": [
          [
            13.9571449,
            55.7058154
          ],
          [
            13.9573628,
            55.7057707
          ],
          [
            13.957749,
            55.7057088
          ],
          [
            13.9585134,
            55.7056574
          ],
          [
            13.9586701,
            55.7056411
          ],
          [
            13.9589051,
            55.7056067
          ],
          [
            13.9594133,
            55.7055213
          ],
          [
            13.9595461,
            55.7054692
          ],
          [
            13.9596641,
            55.7053627
          ],
          [
            13.9597392,
            55.7052274
          ],
          [
            13.9598921,
            55.7051806
          ],
          [
            13.9603789,
            55.7052191
          ],
          [
            13.96126,
            55.7053053
          ],
          [
            13.9614585,
            55.7053136
          ],
          [
            13.9618166,
            55.7052637
          ],
          [
            13.9622095,
            55.7053007
          ]
        ]
      }
    },
    {
      "type": "Feature",
      "properties": {
        "osm_way_id": 1004685506,
        "highway": "unclassified",
        "maxspeed": "70",
        "source": "Lantmäteriet Topographic Map; Esri"
      },
      "geometry": {
        "type": "LineString",
        "coordinates": [
          [
            13.9679253,
            55.7000396
          ],
          [
            13.9675337,
            55.7003449
          ],
          [
            13.9668277,
            55.7009445
          ],
          [
            13.966772,
            55.7009918
          ],
          [
            13.966552,
            55.7015268
          ],
          [
            13.9663964,
            55.7020891
          ],
          [
            13.9660799,
            55.7023823
          ],
          [
            13.965345,
            55.7027602
          ],
          [
            13.9643258,
            55.7031622
          ],
          [
            13.9631295,
            55.703933
          ],
          [
            13.9625931,
            55.7042231
          ],
          [
            13.962239,
            55.7043682
          ],
          [
            13.9617348,
            55.7044922
          ],
          [
            13.9612144,
            55.704604
          ],
          [
            13.9613002,
            55.704867
          ],
          [
            13.9612734,
            55.7051541
          ],
          [
            13.96126,
            55.7053053
          ]
        ]
      }
    },
    {
      "type": "Feature",
      "properties": {
        "osm_way_id": 1004686342,
        "highway": "path",
        "source": "Lantmäteriet Topographic Map; Strava"
      },
      "geometry": {
        "type": "LineString",
        "coordinates": [
          [
            13.9753658,
            55.7145064
          ],
          [
            13.9757332,
            55.7146424
          ],
          [
            13.9762509,
            55.7145638
          ],
          [
            13.9769322,
            55.714381
          ],
          [
            13.9774311,
            55.7143568
          ],
          [
            13.9781231,
            55.7145774
          ],
          [
            13.9782304,
            55.7147648
          ],
          [
            13.9783162,
            55.7149823
          ],
          [
            13.9786327,
            55.715206
          ],
          [
            13.9787201,
            55.7153175
          ]
        ]
      }
    },
    {
      "type": "Feature",
      "properties": {
        "osm_way_id": 1004686725,
        "highway": "path",
        "informal": "yes",
        "source": "Strava; ESRI"
      },
      "geometry": {
        "type": "LineString",
        "coordinates": [
          [
            13.9833628,
            55.7140084
          ],
          [
            13.9832978,
            55.7140318
          ],
          [
            13.9830878,
            55.7141075
          ],
          [
            13.9824977,
            55.7142858
          ],
          [
            13.9818433,
            55.7144565
          ],
          [
            13.9815724,
            55.714517
          ],
          [
            13.9812049,
            55.7147119
          ],
          [
            13.980867,
            55.7148388
          ],
          [
            13.9803278,
            55.7150534
          ],
          [
            13.9799711,
            55.715218
          ],
          [
            13.9796922,
            55.7153858
          ],
          [
            13.9793032,
            55.7156124
          ],
          [
            13.9789626,
            55.7158798
          ],
          [
            13.9786756,
            55.7161321
          ],
          [
            13.97852,
            55.7162726
          ],
          [
            13.9783055,
            55.7163588
          ],
          [
            13.9778633,
            55.7164494
          ]
        ]
      }
    },
    {
      "type": "Feature",
      "properties": {
        "osm_way_id": 1004689110,
        "highway": "tertiary",
        "maxspeed": "70",
        "ref": "M 1607"
      },
      "geometry": {
        "type": "LineString",
        "coordinates": [
          [
            13.9857096,
            55.7146474
          ],
          [
            13.9853821,
            55.7144815
          ],
          [
            13.9849237,
            55.7142298
          ],
          [
            13.9846463,
            55.7139878
          ]
        ]
      }
    },
    {
      "type": "Feature",
      "properties": {
        "osm_way_id": 1054482482,
        "highway": "service"
      },
      "geometry": {
        "type": "LineString",
        "coordinates": [
          [
            13.9901125,
            55.7300886
          ],
          [
            13.9901823,
            55.7307501
          ],
          [
            13.9902681,
            55.73133
          ],
          [
            13.9903808,
            55.7319976
          ],
          [
            13.9906597,
            55.7328524
          ],
          [
            13.990885,
            55.7334988
          ],
          [
            13.9911318,
            55.7343022
          ],
          [
            13.9912176,
            55.7344864
          ],
          [
            13.9912176,
            55.734722
          ],
          [
            13.9914161,
            55.7356613
          ],
          [
            13.9915341,
            55.7357428
          ],
          [
            13.9920491,
            55.7358757
          ],
          [
            13.9921725,
            55.7359241
          ],
          [
            13.9930308,
            55.7367274
          ],
          [
            13.9930415,
            55.736821
          ],
          [
            13.9927465,
            55.7370536
          ],
          [
            13.9926445,
            55.7371472
          ],
          [
            13.9926553,
            55.7374432
          ],
          [
            13.9927518,
            55.7377361
          ],
          [
            13.9928967,
            55.7379324
          ],
          [
            13.9931327,
            55.7381046
          ],
          [
            13.9932279,
            55.7381922
          ],
          [
            13.9932181,
            55.7385346
          ]
        ]
      }
    },
    {
      "type": "Feature",
      "properties": {
        "osm_way_id": 1071346477,
        "highway": "track"
      },
      "geometry": {
        "type": "LineString",
        "coordinates": [
          [
            13.955639,
            55.7192068
          ],
          [
            13.954922,
            55.719394
          ],
          [
            13.9538974,
            55.719681
          ],
          [
            13.9526528,
            55.7200889
          ],
          [
            13.9522344,
            55.7203095
          ],
          [
            13.9516228,
            55.7206932
          ],
          [
            13.9502871,
            55.7211555
          ],
          [
            13.9498311,
            55.7212793
          ],
          [
            13.9485329,
            55.7214092
          ],
          [
            13.9480072,
            55.7214697
          ],
          [
            13.9476263,
            55.7216087
          ],
          [
            13.9471006,
            55.7221253
          ],
          [
            13.9467198,
            55.7224788
          ],
          [
            13.946178,
            55.7225876
          ],
          [
            13.9458024,
            55.7225876
          ],
          [
            13.9454484,
            55.7224848
          ],
          [
            13.9452124,
            55.7223564
          ]
        ]
      }
    },
    {
      "type": "Feature",
      "properties": {
        "osm_way_id": 1071346493,
        "highway": "track",
        "motor_vehicle": "yes",
        "name": "Ängavången"
      },
      "geometry": {
        "type": "LineString",
        "coordinates": [
          [
            13.9324611,
            55.7051692
          ],
          [
            13.9331751,
            55.7049408
          ],
          [
            13.9340866,
            55.7046493
          ],
          [
            13.9343307,
            55.7046542
          ],
          [
            13.9343923,
            55.7046554
          ],
          [
            13.9348376,
            55.7049697
          ],
          [
            13.9349019,
            55.7051813
          ],
          [
            13.9350414,
            55.7056407
          ],
          [
            13.9352453,
            55.706484
          ],
          [
            13.9354116,
            55.7070583
          ],
          [
            13.9356476,
            55.7073847
          ],
          [
            13.9359856,
            55.7076749
          ],
          [
            13.9364093,
            55.7079076
          ],
          [
            13.9369351,
            55.7080648
          ],
          [
            13.9377826,
            55.7081464
          ],
          [
            13.9380133,
            55.7082491
          ],
          [
            13.938539,
            55.7085483
          ],
          [
            13.9390218,
            55.7088868
          ]
        ]
      }
    },
    {
      "type": "Feature",
      "properties": {
        "osm_way_id": 1071346494,
        "highway": "track"
      },
      "geometry": {
        "type": "LineString",
        "coordinates": [
          [
            13.9542012,
            55.6980431
          ],
          [
            13.9545035,
            55.698061
          ],
          [
            13.9550695,
            55.6982212
          ],
          [
            13.9558822,
            55.6984676
          ],
          [
            13.9563274,
            55.6985552
          ],
          [
            13.957006,
            55.6986762
          ],
          [
            13.9576954,
            55.6988394
          ],
          [
            13.9578375,
            55.6989437
          ],
          [
            13.9578322,
            55.6990646
          ],
          [
            13.9575183,
            55.6997599
          ],
          [
            13.9573145,
            55.7001665
          ],
          [
            13.9572448,
            55.7003237
          ],
          [
            13.9572662,
            55.7006396
          ]
        ]
      }
    },
    {
      "type": "Feature",
      "properties": {
        "osm_way_id": 1071346512,
        "highway": "track",
        "motor_vehicle": "no"
      },
      "geometry": {
        "type": "LineString",
        "coordinates": [
          [
            13.950102,
            55.6970225
          ],
          [
            13.9503139,
            55.6970044
          ],
          [
            13.9518267,
            55.6972598
          ],
          [
            13.9533582,
            55.6975516
          ],
          [
            13.953656,
            55.6975939
          ],
          [
            13.9539385,
            55.6976123
          ]
        ]
      }
    },
    {
      "type": "Feature",
      "properties": {
        "osm_way_id": 1071346513,
        "highway": "track",
        "motor_vehicle": "no"
      },
      "geometry": {
        "type": "LineString",
        "coordinates": [
          [
            13.9450556,
            55.6983008
          ],
          [
            13.9450327,
            55.6982197
          ],
          [
            13.9451346,
            55.6980322
          ],
          [
            13.9452231,
            55.6977964
          ],
          [
            13.945215,
            55.6975138
          ],
          [
            13.9451668,
            55.6973112
          ],
          [
            13.9452767,
            55.6972402
          ],
          [
            13.9456576,
            55.6972145
          ],
          [
            13.9478838,
            55.6971192
          ],
          [
            13.950102,
            55.6970225
          ],
          [
            13.9501584,
            55.6971147
          ],
          [
            13.9505446,
            55.6973158
          ],
          [
            13.9522934,
            55.6981532
          ]
        ]
      }
    },
    {
      "type": "Feature",
      "properties": {
        "osm_way_id": 1071346514,
        "highway": "track",
        "motor_vehicle": "no"
      },
      "geometry": {
        "type": "LineString",
        "coordinates": [
          [
            13.9287463,
            55.6990631
          ],
          [
            13.9285478,
            55.6990858
          ],
          [
            13.9279523,
            55.6992249
          ],
          [
            13.9269438,
            55.6995166
          ],
          [
            13.9268312,
            55.6995725
          ],
          [
            13.9265335,
            55.6998733
          ],
          [
            13.9262786,
            55.6999972
          ],
          [
            13.9255571,
            55.7001378
          ],
          [
            13.9241248,
            55.7002391
          ]
        ]
      }
    },
    {
      "type": "Feature",
      "properties": {
        "osm_way_id": 1071346516,
        "highway": "track",
        "motor_vehicle": "no"
      },
      "geometry": {
        "type": "LineString",
        "coordinates": [
          [
            13.9467492,
            55.6988077
          ],
          [
            13.9463174,
            55.6988379
          ],
          [
            13.9443353,
            55.6990737
          ],
          [
            13.9438632,
            55.6991145
          ],
          [
            13.9429378,
            55.6991039
          ],
          [
            13.9421225,
            55.6990979
          ],
          [
            13.9408511,
            55.6990994
          ],
          [
            13.940261,
            55.6990359
          ],
          [
            13.9393598,
            55.6989301
          ],
          [
            13.9382386,
            55.6987926
          ],
          [
            13.9373293,
            55.6986928
          ],
          [
            13.9367795,
            55.698652
          ],
          [
            13.9357495,
            55.69859
          ],
          [
            13.9349395,
            55.698528
          ],
          [
            13.9343414,
            55.6984993
          ],
          [
            13.9336815,
            55.6985326
          ],
          [
            13.9324585,
            55.6986414
          ],
          [
            13.931922,
            55.6986716
          ],
          [
            13.9316189,
            55.6987215
          ],
          [
            13.9308733,
            55.6989603
          ],
          [
            13.9304548,
            55.6990964
          ],
          [
            13.9300901,
            55.699184
          ],
          [
            13.9296931,
            55.6991704
          ],
          [
            13.929213,
            55.6991039
          ],
          [
            13.9288965,
            55.6990616
          ],
          [
            13.9287463,
            55.6990631
          ],
          [
            13.928698,
            55.6992112
          ],
          [
            13.9288589,
            55.6998718
          ],
          [
            13.9291459,
            55.7014105
          ],
          [
            13.9292854,
            55.7022448
          ],
          [
            13.9294437,
            55.7028916
          ],
          [
            13.9295644,
            55.7034448
          ]
        ]
      }
    },
    {
      "type": "Feature",
      "properties": {
        "osm_way_id": 1071346517,
        "highway": "track",
        "motor_vehicle": "no"
      },
      "geometry": {
        "type": "LineString",
        "coordinates": [
          [
            13.9531624,
            55.7004763
          ],
          [
            13.952972,
            55.7005051
          ],
          [
            13.9527681,
            55.7004794
          ],
          [
            13.9525482,
            55.7004068
          ],
          [
            13.95228,
            55.7003192
          ],
          [
            13.9519876,
            55.7002436
          ],
          [
            13.9517516,
            55.7001862
          ],
          [
            13.9515665,
            55.7001847
          ],
          [
            13.9513707,
            55.7002164
          ],
          [
            13.9511642,
            55.7003131
          ],
          [
            13.9509952,
            55.700493
          ],
          [
            13.9508182,
            55.7008013
          ],
          [
            13.9506304,
            55.7011218
          ],
          [
            13.9504588,
            55.7013152
          ],
          [
            13.9502013,
            55.701486
          ],
          [
            13.9498714,
            55.7016115
          ],
          [
            13.949638,
            55.7016991
          ],
          [
            13.9495146,
            55.7017959
          ],
          [
            13.9494449,
            55.7019379
          ],
          [
            13.94941,
            55.7021752
          ]
        ]
      }
    },
    {
      "type": "Feature",
      "properties": {
        "osm_way_id": 1071346518,
        "highway": "service"
      },
      "geometry": {
        "type": "LineString",
        "coordinates": [
          [
            13.9346499,
            55.7115047
          ],
          [
            13.9346579,
            55.7110281
          ],
          [
            13.9346766,
            55.7106004
          ]
        ]
      }
    },
    {
      "type": "Feature",
      "properties": {
        "osm_way_id": 1071360168,
        "highway": "service"
      },
      "geometry": {
        "type": "LineString",
        "coordinates": [
          [
            14.0302966,
            55.6986662
          ],
          [
            14.0301526,
            55.69833
          ],
          [
            14.030048,
            55.6980882
          ]
        ]
      }
    },
    {
      "type": "Feature",
      "properties": {
        "osm_way_id": 1071360178,
        "highway": "service"
      },
      "geometry": {
        "type": "LineString",
        "coordinates": [
          [
            14.0320222,
            55.7045145
          ],
          [
            14.0319257,
            55.7042181
          ],
          [
            14.0319096,
            55.7041685
          ],
          [
            14.0326682,
            55.7029186
          ],
          [
            14.034543,
            55.6999356
          ],
          [
            14.0356025,
            55.6982499
          ],
          [
            14.0356883,
            55.6979779
          ],
          [
            14.0355789,
            55.697714
          ]
        ]
      }
    },
    {
      "type": "Feature",
      "properties": {
        "osm_way_id": 1071360179,
        "highway": "track"
      },
      "geometry": {
        "type": "LineString",
        "coordinates": [
          [
            14.0325302,
            55.7087573
          ],
          [
            14.0322393,
            55.7087055
          ],
          [
            14.0317887,
            55.7086753
          ],
          [
            14.031043,
            55.7086813
          ],
          [
            14.0289134,
            55.7089805
          ],
          [
            14.0284252,
            55.7091286
          ],
          [
            14.0280712,
            55.7093916
          ],
          [
            14.0274972,
            55.7094127
          ],
          [
            14.0270895,
            55.7092918
          ],
          [
            14.0265477,
            55.7089836
          ],
          [
            14.0262258,
            55.7086904
          ],
          [
            14.0259629,
            55.7085725
          ]
        ]
      }
    },
    {
      "type": "Feature",
      "properties": {
        "osm_way_id": 1071368524,
        "highway": "path"
      },
      "geometry": {
        "type": "LineString",
        "coordinates": [
          [
            14.0319257,
            55.7042181
          ],
          [
            14.0315661,
            55.7042647
          ],
          [
            14.0311986,
            55.7042927
          ],
          [
            14.0302277,
            55.7045194
          ],
          [
            14.0295786,
            55.7046433
          ],
          [
            14.0295733,
            55.7047433
          ],
          [
            14.0295678,
            55.7048458
          ],
          [
            14.0294874,
            55.7051239
          ],
          [
            14.0295705,
            55.7051586
          ],
          [
            14.0296322,
            55.7052448
          ],
          [
            14.029482,
            55.7053128
          ],
          [
            14.0289295,
            55.705411
          ],
          [
            14.0286237,
            55.7054156
          ],
          [
            14.0284654,
            55.705467
          ],
          [
            14.0281972,
            55.7054277
          ],
          [
            14.0279961,
            55.7054125
          ],
          [
            14.0279773,
            55.7053763
          ],
          [
            14.0278298,
            55.7053355
          ],
          [
            14.0276903,
            55.705334
          ],
          [
            14.0275589,
            55.7053702
          ],
          [
            14.0272987,
            55.7054775
          ],
          [
            14.0269312,
            55.7056604
          ],
          [
            14.0265021,
            55.7057964
          ],
          [
            14.0259442,
            55.7059626
          ],
          [
            14.0256196,
            55.7060881
          ],
          [
            14.0252924,
            55.7062528
          ],
          [
            14.0250054,
            55.7064221
          ],
          [
            14.0250108,
            55.7064946
          ],
          [
            14.024992,
            55.7066185
          ],
          [
            14.0249035,
            55.7067183
          ],
          [
            14.0249222,
            55.7068225
          ],
          [
            14.0247881,
            55.7069253
          ],
          [
            14.0246755,
            55.7070795
          ],
          [
            14.024182,
            55.7073439
          ],
          [
            14.0239084,
            55.7074437
          ],
          [
            14.0238199,
            55.7075404
          ],
          [
            14.0236402,
            55.7077323
          ],
          [
            14.0235999,
            55.7080073
          ],
          [
            14.023441,
            55.7082368
          ]
        ]
      }
    },
    {
      "type": "Feature",
      "properties": {
        "osm_way_id": 1071732298,
        "highway": "track"
      },
      "geometry": {
        "type": "LineString",
        "coordinates": [
          [
            13.9866069,
            55.6988364
          ],
          [
            13.986336,
            55.6987759
          ],
          [
            13.9855689,
            55.6986988
          ],
          [
            13.9837155,
            55.6984782
          ],
          [
            13.9819881,
            55.6982741
          ],
          [
            13.9775357,
            55.6977496
          ],
          [
            13.9770743,
            55.6976876
          ],
          [
            13.9769161,
            55.6975999
          ],
          [
            13.9767578,
            55.6973535
          ],
          [
            13.9765459,
            55.6970149
          ],
          [
            13.9764038,
            55.6967776
          ],
          [
            13.976393,
            55.6965962
          ],
          [
            13.9765137,
            55.6964375
          ],
          [
            13.9768677,
            55.6961007
          ],
          [
            13.9771736,
            55.695797
          ],
          [
            13.9774044,
            55.6954219
          ],
          [
            13.9775572,
            55.6952377
          ],
          [
            13.9779301,
            55.6947947
          ],
          [
            13.9781367,
            55.6945589
          ],
          [
            13.9782253,
            55.6943867
          ],
          [
            13.9783007,
            55.6939847
          ],
          [
            13.9782926,
            55.6936459
          ],
          [
            13.9782177,
            55.693392
          ],
          [
            13.978104,
            55.6932268
          ],
          [
            13.9780629,
            55.6930472
          ],
          [
            13.9780559,
            55.6928761
          ],
          [
            13.9780342,
            55.6926316
          ],
          [
            13.9779487,
            55.6921548
          ],
          [
            13.9778817,
            55.6918842
          ],
          [
            13.9778253,
            55.6916287
          ],
          [
            13.9776403,
            55.6911419
          ],
          [
            13.977423,
            55.6904782
          ],
          [
            13.9772272,
            55.6899112
          ],
          [
            13.977128,
            55.6894773
          ],
          [
            13.9770502,
            55.6889134
          ],
          [
            13.9769617,
            55.6885082
          ],
          [
            13.9768195,
            55.6879851
          ],
          [
            13.9767042,
            55.6875299
          ],
          [
            13.9766049,
            55.6874135
          ],
          [
            13.976385,
            55.6872926
          ],
          [
            13.9760846,
            55.6871807
          ],
          [
            13.9757788,
            55.6871368
          ],
          [
            13.9754221,
            55.6872003
          ],
          [
            13.9749742,
            55.6873621
          ],
          [
            13.9743707,
            55.6876358
          ],
          [
            13.9736974,
            55.6878218
          ],
          [
            13.9723885,
            55.6882088
          ],
          [
            13.9710662,
            55.688617
          ],
          [
            13.9701971,
            55.688862
          ],
          [
            13.9699826,
            55.6888242
          ],
          [
            13.9696044,
            55.6887093
          ],
          [
            13.9689875,
            55.6885218
          ],
          [
            13.9685288,
            55.6883797
          ],
          [
            13.9676303,
            55.6881257
          ],
          [
            13.9667237,
            55.6881529
          ],
          [
            13.9661899,
            55.6881196
          ],
          [
            13.9650875,
            55.6880334
          ],
          [
            13.9642882,
            55.6879684
          ],
          [
            13.9640334,
            55.6878626
          ],
          [
            13.963623,
            55.6876267
          ],
          [
            13.9631043,
            55.6873968
          ]
        ]
      }
    },
    {
      "type": "Feature",
      "properties": {
        "osm_way_id": 1071732303,
        "highway": "track"
      },
      "geometry": {
        "type": "LineString",
        "coordinates": [
          [
            13.9965045,
            55.7064177
          ],
          [
            13.9960965,
            55.705677
          ],
          [
            13.9960456,
            55.7054957
          ],
          [
            13.9960697,
            55.7053037
          ],
          [
            13.9962709,
            55.7049743
          ],
          [
            13.9963004,
            55.7048201
          ],
          [
            13.9962628,
            55.7046539
          ],
          [
            13.9961609,
            55.7045027
          ],
          [
            13.995941,
            55.70427
          ],
          [
            13.9954662,
            55.7039088
          ],
          [
            13.9950478,
            55.7036367
          ],
          [
            13.9948037,
            55.7035128
          ],
          [
            13.9943263,
            55.7033314
          ],
          [
            13.9939883,
            55.7032483
          ],
          [
            13.9936396,
            55.7031607
          ],
          [
            13.9934278,
            55.7030141
          ],
          [
            13.9932534,
            55.7028342
          ],
          [
            13.9930657,
            55.7026015
          ],
          [
            13.9929906,
            55.7024775
          ],
          [
            13.992843,
            55.7022176
          ],
          [
            13.992658,
            55.7018654
          ],
          [
            13.9926231,
            55.7017989
          ],
          [
            13.9924192,
            55.7016568
          ],
          [
            13.9920974,
            55.7014679
          ],
          [
            13.9917675,
            55.7012895
          ],
          [
            13.991451,
            55.7011853
          ],
          [
            13.9910325,
            55.7010704
          ],
          [
            13.990472,
            55.700889
          ],
          [
            13.990185,
            55.7007847
          ],
          [
            13.9900723,
            55.7006547
          ],
          [
            13.9899114,
            55.700496
          ],
          [
            13.9898095,
            55.7004129
          ],
          [
            13.98956,
            55.7003449
          ],
          [
            13.9891121,
            55.7002602
          ],
          [
            13.9883181,
            55.7001318
          ],
          [
            13.987999,
            55.6999957
          ],
          [
            13.9876476,
            55.6997932
          ],
          [
            13.9873499,
            55.6995725
          ],
          [
            13.9871353,
            55.6993382
          ],
          [
            13.9868188,
            55.6990661
          ],
          [
            13.9866069,
            55.6988364
          ],
          [
            13.9865184,
            55.6986338
          ],
          [
            13.9864379,
            55.6984918
          ],
          [
            13.9861804,
            55.6982454
          ],
          [
            13.9857969,
            55.6978645
          ],
          [
            13.9856359,
            55.6976936
          ],
          [
            13.9855984,
            55.6975848
          ],
          [
            13.9858022,
            55.6972417
          ],
          [
            13.9861831,
            55.6967519
          ],
          [
            13.9862904,
            55.6964179
          ],
          [
            13.9863843,
            55.6962032
          ],
          [
            13.9866176,
            55.696052
          ],
          [
            13.9870253,
            55.6959175
          ],
          [
            13.9875591,
            55.6958328
          ],
          [
            13.9879373,
            55.6957361
          ],
          [
            13.9882055,
            55.6956212
          ],
          [
            13.9883235,
            55.6954882
          ],
          [
            13.988471,
            55.6949092
          ],
          [
            13.98875,
            55.6945585
          ],
          [
            13.9890665,
            55.6940778
          ],
          [
            13.9893776,
            55.6935577
          ],
          [
            13.9897156,
            55.6931677
          ],
          [
            13.9902466,
            55.6926325
          ],
          [
            13.990649,
            55.6921427
          ],
          [
            13.991105,
            55.6919311
          ],
          [
            13.9915073,
            55.6916952
          ],
          [
            13.992371,
            55.6909968
          ],
          [
            13.9931235,
            55.6904535
          ],
          [
            13.9931542,
            55.6904313
          ],
          [
            13.9935458,
            55.6899264
          ],
          [
            13.993755,
            55.689373
          ],
          [
            13.9944953,
            55.6887501
          ],
          [
            13.9956379,
            55.6878399
          ],
          [
            13.9957237,
            55.6877431
          ],
          [
            13.9954662,
            55.6875466
          ],
          [
            13.9953375,
            55.6872321
          ],
          [
            13.9953697,
            55.6866212
          ],
          [
            13.9954984,
            55.6865033
          ],
          [
            13.9960778,
            55.6861918
          ],
          [
            13.9962441,
            55.6860043
          ]
        ]
      }
    },
    {
      "type": "Feature",
      "properties": {
        "osm_way_id": 1071732318,
        "highway": "track"
      },
      "geometry": {
        "type": "LineString",
        "coordinates": [
          [
            13.9770983,
            55.7059217
          ],
          [
            13.9777556,
            55.7059113
          ],
          [
            13.9782813,
            55.7059732
          ],
          [
            13.9791048,
            55.7061319
          ],
          [
            13.9794266,
            55.7062045
          ],
          [
            13.9803627,
            55.7061984
          ],
          [
            13.9806229,
            55.7061697
          ]
        ]
      }
    },
    {
      "type": "Feature",
      "properties": {
        "osm_way_id": 1071732324,
        "highway": "service"
      },
      "geometry": {
        "type": "LineString",
        "coordinates": [
          [
            13.9608292,
            55.7076221
          ],
          [
            13.9614665,
            55.707427
          ],
          [
            13.9633655,
            55.7069434
          ],
          [
            13.9637142,
            55.7068649
          ]
        ]
      }
    },
    {
      "type": "Feature",
      "properties": {
        "osm_way_id": 1075199974,
        "highway": "path"
      },
      "geometry": {
        "type": "LineString",
        "coordinates": [
          [
            13.955955,
            55.7156395
          ],
          [
            13.9561809,
            55.7156539
          ],
          [
            13.9568707,
            55.7155112
          ],
          [
            13.9579808,
            55.7155429
          ],
          [
            13.9584803,
            55.7156698
          ],
          [
            13.9590988,
            55.7159156
          ],
          [
            13.9595587,
            55.7159552
          ],
          [
            13.960437,
            55.7159845
          ]
        ]
      }
    },
    {
      "type": "Feature",
      "properties": {
        "osm_way_id": 1075199975,
        "highway": "path"
      },
      "geometry": {
        "type": "LineString",
        "coordinates": [
          [
            13.9331751,
            55.7049408
          ],
          [
            13.9330217,
            55.704601
          ],
          [
            13.9328903,
            55.7042579
          ],
          [
            13.932834,
            55.704134
          ],
          [
            13.9326516,
            55.7040146
          ],
          [
            13.9323914,
            55.7039481
          ],
          [
            13.9314231,
            55.7039058
          ],
          [
            13.9309162,
            55.7038831
          ],
          [
            13.9305729,
            55.703803
          ],
          [
            13.9299908,
            55.7035083
          ],
          [
            13.9295644,
            55.7034448
          ]
        ]
      }
    },
    {
      "type": "Feature",
      "properties": {
        "osm_way_id": 1075199976,
        "highway": "track",
        "motor_vehicle": "yes",
        "name": "Ängavången"
      },
      "geometry": {
        "type": "LineString",
        "coordinates": [
          [
            13.9394422,
            55.7096174
          ],
          [
            13.9393598,
            55.7094188
          ],
          [
            13.9393195,
            55.709254
          ],
          [
            13.939231,
            55.7090092
          ],
          [
            13.9390218,
            55.7088868
          ]
        ]
      }
    },
    {
      "type": "Feature",
      "properties": {
        "osm_way_id": 1075199977,
        "highway": "track",
        "name": "Saxhusahall"
      },
      "geometry": {
        "type": "LineString",
        "coordinates": [
          [
            13.9409652,
            55.7218027
          ],
          [
            13.941028,
            55.7219258
          ],
          [
            13.9407919,
            55.7223518
          ],
          [
            13.9415714,
            55.7230732
          ],
          [
            13.9416288,
            55.7234485
          ],
          [
            13.9414678,
            55.7239681
          ],
          [
            13.9410923,
            55.7243729
          ],
          [
            13.9411567,
            55.7249469
          ],
          [
            13.9422902,
            55.7303778
          ],
          [
            13.9424082,
            55.7304684
          ],
          [
            13.9460238,
            55.7315559
          ],
          [
            13.9462013,
            55.7316737
          ]
        ]
      }
    },
    {
      "type": "Feature",
      "properties": {
        "osm_way_id": 1075199978,
        "highway": "track"
      },
      "geometry": {
        "type": "LineString",
        "coordinates": [
          [
            13.9451748,
            55.7253881
          ],
          [
            13.9436406,
            55.7252613
          ],
          [
            13.9415377,
            55.7250498
          ],
          [
            13.9411567,
            55.7249469
          ],
          [
            13.9404917,
            55.7248685
          ],
          [
            13.9391506,
            55.724651
          ],
          [
            13.9370155,
            55.7242734
          ]
        ]
      }
    },
    {
      "type": "Feature",
      "properties": {
        "osm_way_id": 1075199979,
        "highway": "track"
      },
      "geometry": {
        "type": "LineString",
        "coordinates": [
          [
            13.9458432,
            55.7183646
          ],
          [
            13.9455879,
            55.718415
          ],
          [
            13.9452338,
            55.7184089
          ],
          [
            13.9448315,
            55.7182881
          ]
        ]
      }
    },
    {
      "type": "Feature",
      "properties": {
        "osm_way_id": 1075199980,
        "highway": "track"
      },
      "geometry": {
        "type": "LineString",
        "coordinates": [
          [
            13.9458062,
            55.7160242
          ],
          [
            13.945762,
            55.716013
          ],
          [
            13.9453196,
            55.715901
          ],
          [
            13.9446115,
            55.7156592
          ]
        ]
      }
    },
    {
      "type": "Feature",
      "properties": {
        "osm_way_id": 1075199981,
        "highway": "path"
      },
      "geometry": {
        "type": "LineString",
        "coordinates": [
          [
            13.9520817,
            55.7154478
          ],
          [
            13.9519501,
            55.715218
          ],
          [
            13.9517945,
            55.7149461
          ],
          [
            13.9515424,
            55.7146651
          ],
          [
            13.9511937,
            55.714378
          ],
          [
            13.9508182,
            55.7142148
          ],
          [
            13.9500833,
            55.7139307
          ],
          [
            13.9490908,
            55.7134926
          ],
          [
            13.9487636,
            55.7133173
          ],
          [
            13.9483881,
            55.7129063
          ],
          [
            13.9476854,
            55.7123291
          ],
          [
            13.9472562,
            55.7121024
          ]
        ]
      }
    },
    {
      "type": "Feature",
      "properties": {
        "osm_way_id": 1075199982,
        "highway": "track"
      },
      "geometry": {
        "type": "LineString",
        "coordinates": [
          [
            13.9451694,
            55.7222975
          ],
          [
            13.94503,
            55.7222341
          ],
          [
            13.9447135,
            55.7221011
          ],
          [
            13.9444828,
            55.7220044
          ],
          [
            13.9441127,
            55.7219501
          ],
          [
            13.9436674,
            55.7219561
          ],
          [
            13.943131,
            55.7219954
          ],
          [
            13.9426482,
            55.7220347
          ],
          [
            13.9419883,
            55.721944
          ],
          [
            13.9409652,
            55.7218027
          ]
        ]
      }
    },
    {
      "type": "Feature",
      "properties": {
        "osm_way_id": 1075199983,
        "highway": "track"
      },
      "geometry": {
        "type": "LineString",
        "coordinates": [
          [
            13.9472562,
            55.7121024
          ],
          [
            13.9470684,
            55.7122566
          ],
          [
            13.9468163,
            55.7127401
          ],
          [
            13.9465856,
            55.7132387
          ],
          [
            13.946532,
            55.7133898
          ],
          [
            13.9467466,
            55.7136588
          ],
          [
            13.9468646,
            55.7138673
          ],
          [
            13.9464515,
            55.7148373
          ],
          [
            13.9462691,
            55.7154447
          ],
          [
            13.9458062,
            55.7160242
          ],
          [
            13.9457381,
            55.7161095
          ],
          [
            13.9454001,
            55.7165718
          ],
          [
            13.9453679,
            55.7173997
          ],
          [
            13.9453733,
            55.7178016
          ],
          [
            13.9456576,
            55.7182337
          ],
          [
            13.9458432,
            55.7183646
          ],
          [
            13.9467198,
            55.718983
          ],
          [
            13.9466822,
            55.7191553
          ],
          [
            13.9464301,
            55.719539
          ],
          [
            13.9460063,
            55.7200345
          ],
          [
            13.9458454,
            55.7203759
          ],
          [
            13.94584,
            55.7208654
          ],
          [
            13.9457488,
            55.7211947
          ],
          [
            13.9454001,
            55.7217778
          ],
          [
            13.9451694,
            55.7222975
          ],
          [
            13.9452124,
            55.7223564
          ]
        ]
      }
    },
    {
      "type": "Feature",
      "properties": {
        "osm_way_id": 1075200133,
        "highway": "track"
      },
      "geometry": {
        "type": "LineString",
        "coordinates": [
          [
            13.9888704,
            55.7269415
          ],
          [
            13.9885998,
            55.7268971
          ],
          [
            13.9883825,
            55.7267748
          ],
          [
            13.9880258,
            55.7263775
          ],
          [
            13.9876825,
            55.7259168
          ],
          [
            13.9874947,
            55.7257658
          ],
          [
            13.9870575,
            55.7254984
          ],
          [
            13.9866713,
            55.7253217
          ],
          [
            13.9865184,
            55.725222
          ],
          [
            13.9864433,
            55.725012
          ],
          [
            13.9863628,
            55.7245649
          ],
          [
            13.9863387,
            55.7244728
          ],
          [
            13.9862421,
            55.7244169
          ],
          [
            13.986049,
            55.7244048
          ],
          [
            13.9842492,
            55.7243791
          ],
          [
            13.9813149,
            55.7243142
          ],
          [
            13.9800382,
            55.7242522
          ],
          [
            13.97874,
            55.7243746
          ],
          [
            13.9770904,
            55.7245755
          ],
          [
            13.9756098,
            55.7246057
          ],
          [
            13.9748731,
            55.7246394
          ]
        ]
      }
    },
    {
      "type": "Feature",
      "properties": {
        "osm_way_id": 1076069179,
        "highway": "track"
      },
      "geometry": {
        "type": "LineString",
        "coordinates": [
          [
            13.9259438,
            55.7265873
          ],
          [
            13.9267588,
            55.7261993
          ],
          [
            13.928293,
            55.7254833
          ],
          [
            13.9297628,
            55.7247809
          ],
          [
            13.9298594,
            55.724796
          ],
          [
            13.930479,
            55.7254742
          ],
          [
            13.9313695,
            55.7264968
          ]
        ]
      }
    },
    {
      "type": "Feature",
      "properties": {
        "osm_way_id": 1077711326,
        "highway": "unclassified",
        "informal": "yes",
        "source": "Esri World Imagery (Clarity) Beta"
      },
      "geometry": {
        "type": "LineString",
        "coordinates": [
          [
            13.9842911,
            55.7140604
          ],
          [
            13.9843768,
            55.7135179
          ]
        ]
      }
    },
    {
      "type": "Feature",
      "properties": {
        "osm_way_id": 1082474451,
        "highway": "track",
        "motor_vehicle": "no"
      },
      "geometry": {
        "type": "LineString",
        "coordinates": [
          [
            13.959294,
            55.6969892
          ],
          [
            13.9586127,
            55.6970769
          ],
          [
            13.9566868,
            55.6967504
          ],
          [
            13.9553726,
            55.6963785
          ],
          [
            13.9542675,
            55.6960188
          ],
          [
            13.952862,
            55.6952388
          ],
          [
            13.9524312,
            55.6951959
          ],
          [
            13.9514136,
            55.6951753
          ],
          [
            13.9496541,
            55.6951118
          ],
          [
            13.9491337,
            55.6950211
          ],
          [
            13.94871,
            55.6949546
          ],
          [
            13.9472991,
            55.6947127
          ],
          [
            13.9469612,
            55.694625
          ],
          [
            13.9459419,
            55.6943287
          ],
          [
            13.9449495,
            55.6940294
          ],
          [
            13.9447778,
            55.6938782
          ],
          [
            13.9445873,
            55.6936701
          ]
        ]
      }
    },
    {
      "type": "Feature",
      "properties": {
        "osm_way_id": 1083243887,
        "highway": "service"
      },
      "geometry": {
        "type": "LineString",
        "coordinates": [
          [
            13.9604187,
            55.7168448
          ],
          [
            13.9614415,
            55.7167547
          ]
        ]
      }
    },
    {
      "type": "Feature",
      "properties": {
        "osm_way_id": 1083243888,
        "bicycle": "no",
        "foot": "yes",
        "highway": "track",
        "horse": "no",
        "motor_vehicle": "no",
        "surface": "ground",
        "width": "1"
      },
      "geometry": {
        "type": "LineString",
        "coordinates": [
          [
            13.9614415,
            55.7167547
          ],
          [
            13.9617443,
            55.7167069
          ],
          [
            13.9620029,
            55.7167483
          ],
          [
            13.9624086,
            55.7167026
          ],
          [
            13.9626672,
            55.7167312
          ],
          [
            13.9629664,
            55.7167826
          ],
          [
            13.9633924,
            55.7167726
          ],
          [
            13.9637195,
            55.7168198
          ],
          [
            13.9640465,
            55.7168869
          ],
          [
            13.9642367,
            55.7170211
          ],
          [
            13.9645232,
            55.7171382
          ],
          [
            13.9647717,
            55.7172468
          ],
          [
            13.9648833,
            55.7173168
          ],
          [
            13.9649771,
            55.717331
          ],
          [
            13.9650633,
            55.7172996
          ],
          [
            13.9651723,
            55.7172368
          ],
          [
            13.9653041,
            55.7172039
          ],
          [
            13.9654247,
            55.7171931
          ],
          [
            13.9655204,
            55.7172068
          ],
          [
            13.965615,
            55.7172384
          ],
          [
            13.9657306,
            55.7172539
          ],
          [
            13.9658252,
            55.7172613
          ],
          [
            13.9659594,
            55.7172421
          ],
          [
            13.9660913,
            55.7171986
          ],
          [
            13.9662925,
            55.7171004
          ],
          [
            13.9665178,
            55.7170687
          ],
          [
            13.9668477,
            55.7170535
          ],
          [
            13.9669845,
            55.7169417
          ],
          [
            13.9672098,
            55.716833
          ],
          [
            13.9673922,
            55.7167967
          ],
          [
            13.9678589,
            55.7167468
          ],
          [
            13.9681915,
            55.7166305
          ],
          [
            13.9685295,
            55.7165202
          ],
          [
            13.9687387,
            55.7163933
          ],
          [
            13.9691705,
            55.71628
          ],
          [
            13.9696372,
            55.7161198
          ],
          [
            13.9699752,
            55.7160322
          ],
          [
            13.9702748,
            55.7159998
          ]
        ]
      }
    },
    {
      "type": "Feature",
      "properties": {
        "osm_way_id": 1083251562,
        "highway": "track",
        "motor_vehicle": "no"
      },
      "geometry": {
        "type": "LineString",
        "coordinates": [
          [
            13.9287463,
            55.6990631
          ],
          [
            13.9285148,
            55.698458
          ],
          [
            13.9283217,
            55.697678
          ],
          [
            13.9282144,
            55.6970673
          ],
          [
            13.9301278,
            55.6970011
          ]
        ]
      }
    },
    {
      "type": "Feature",
      "properties": {
        "osm_way_id": 1083251563,
        "highway": "track"
      },
      "geometry": {
        "type": "LineString",
        "coordinates": [
          [
            13.9364051,
            55.7123465
          ],
          [
            13.9369606,
            55.7128946
          ]
        ]
      }
    },
    {
      "type": "Feature",
      "properties": {
        "osm_way_id": 1083251564,
        "highway": "track",
        "motor_vehicle": "no"
      },
      "geometry": {
        "type": "LineString",
        "coordinates": [
          [
            13.9430653,
            55.6977879
          ],
          [
            13.9427127,
            55.6961033
          ],
          [
            13.9432492,
            55.6955168
          ]
        ]
      }
    },
    {
      "type": "Feature",
      "properties": {
        "osm_way_id": 1083251565,
        "highway": "path"
      },
      "geometry": {
        "type": "LineString",
        "coordinates": [
          [
            13.9564882,
            55.7189182
          ],
          [
            13.9543879,
            55.7160319
          ]
        ]
      }
    },
    {
      "type": "Feature",
      "properties": {
        "osm_way_id": 1083251567,
        "highway": "service"
      },
      "geometry": {
        "type": "LineString",
        "coordinates": [
          [
            13.9603471,
            55.7176661
          ],
          [
            13.9603552,
            55.7176299
          ],
          [
            13.9603846,
            55.7175975
          ],
          [
            13.9604318,
            55.7175726
          ],
          [
            13.9604913,
            55.7175583
          ],
          [
            13.9605499,
            55.7175559
          ],
          [
            13.9606069,
            55.7175639
          ],
          [
            13.9606567,
            55.7175814
          ],
          [
            13.9606944,
            55.7176068
          ],
          [
            13.9607163,
            55.7176375
          ],
          [
            13.9607201,
            55.7176705
          ],
          [
            13.9607056,
            55.7177026
          ],
          [
            13.9606742,
            55.7177305
          ],
          [
            13.9606289,
            55.7177516
          ],
          [
            13.9605742,
            55.7177637
          ],
          [
            13.9605096,
            55.7177653
          ],
          [
            13.9604479,
            55.7177544
          ],
          [
            13.9603965,
            55.7177323
          ],
          [
            13.9603615,
            55.7177016
          ],
          [
            13.9603471,
            55.7176661
          ]
        ]
      }
    },
    {
      "type": "Feature",
      "properties": {
        "osm_way_id": 1083263266,
        "highway": "footway"
      },
      "geometry": {
        "type": "LineString",
        "coordinates": [
          [
            13.974151,
            55.7182173
          ],
          [
            13.9739011,
            55.7182632
          ],
          [
            13.9737571,
            55.7182626
          ]
        ]
      }
    },
    {
      "type": "Feature",
      "properties": {
        "osm_way_id": 1083263267,
        "highway": "footway"
      },
      "geometry": {
        "type": "LineString",
        "coordinates": [
          [
            13.9739011,
            55.7182632
          ],
          [
            13.973901,
            55.7182778
          ]
        ]
      }
    },
    {
      "type": "Feature",
      "properties": {
        "osm_way_id": 1084194487,
        "attribution": "Region Skåne",
        "highway": "track",
        "tracktype": "grade4"
      },
      "geometry": {
        "type": "LineString",
        "coordinates": [
          [
            14.011029,
            55.7087357
          ],
          [
            14.0108408,
            55.708789
          ]
        ]
      }
    },
    {
      "type": "Feature",
      "properties": {
        "osm_way_id": 1118036213,
        "highway": "service",
        "maxspeed": "70"
      },
      "geometry": {
        "type": "LineString",
        "coordinates": [
          [
            14.020886,
            55.7313603
          ],
          [
            14.0211081,
            55.7310672
          ],
          [
            14.0211568,
            55.730797
          ],
          [
            14.0211081,
            55.7305315
          ],
          [
            14.0209373,
            55.7302201
          ],
          [
            14.0208479,
            55.7299592
          ],
          [
            14.0209617,
            55.7297989
          ]
        ]
      }
    },
    {
      "type": "Feature",
      "properties": {
        "osm_way_id": 1118051145,
        "highway": "track",
        "motor_vehicle": "yes"
      },
      "geometry": {
        "type": "LineString",
        "coordinates": [
          [
            13.9343307,
            55.7046542
          ],
          [
            13.9342409,
            55.7045704
          ],
          [
            13.9342084,
            55.7044147
          ],
          [
            13.9342409,
            55.7042062
          ],
          [
            13.9343344,
            55.7040711
          ],
          [
            13.9345214,
            55.703968
          ],
          [
            13.93468,
            55.7038855
          ],
          [
            13.935237,
            55.703787
          ]
        ]
      }
    },
    {
      "type": "Feature",
      "properties": {
        "osm_way_id": 1118052086,
        "highway": "service",
        "service": "driveway"
      },
      "geometry": {
        "type": "LineString",
        "coordinates": [
          [
            13.9819381,
            55.7116803
          ],
          [
            13.9821107,
            55.7126165
          ]
        ]
      }
    },
    {
      "type": "Feature",
      "properties": {
        "osm_way_id": 1118052883,
        "highway": "track",
        "motor_vehicle": "yes"
      },
      "geometry": {
        "type": "LineString",
        "coordinates": [
          [
            13.9705007,
            55.7164352
          ],
          [
            13.9714296,
            55.7163582
          ],
          [
            13.9718802,
            55.7162736
          ],
          [
            13.9722611,
            55.7161467
          ],
          [
            13.9722986,
            55.7160953
          ]
        ]
      }
    },
    {
      "type": "Feature",
      "properties": {
        "osm_way_id": 1118054682,
        "highway": "service",
        "service": "driveway"
      },
      "geometry": {
        "type": "LineString",
        "coordinates": [
          [
            13.9378478,
            55.7321499
          ],
          [
            13.9382539,
            55.7319337
          ],
          [
            13.9389264,
            55.7316182
          ],
          [
            13.9393747,
            55.7314815
          ],
          [
            13.9399164,
            55.7313132
          ]
        ]
      }
    },
    {
      "type": "Feature",
      "properties": {
        "osm_way_id": 1118054683,
        "highway": "service",
        "service": "driveway"
      },
      "geometry": {
        "type": "LineString",
        "coordinates": [
          [
            13.9372064,
            55.7309772
          ],
          [
            13.9380111,
            55.730619
          ],
          [
            13.9380485,
            55.7304401
          ]
        ]
      }
    },
    {
      "type": "Feature",
      "properties": {
        "osm_way_id": 1118054684,
        "highway": "service",
        "service": "driveway"
      },
      "geometry": {
        "type": "LineString",
        "coordinates": [
          [
            13.9357829,
            55.7298005
          ],
          [
            13.9362925,
            55.7296302
          ]
        ]
      }
    },
    {
      "type": "Feature",
      "properties": {
        "osm_way_id": 1191498551,
        "cycleway:both": "no",
        "highway": "tertiary",
        "lane_markings": "no",
        "maxspeed": "50",
        "ref": "M 1680",
        "surface": "asphalt"
      },
      "geometry": {
        "type": "LineString",
        "coordinates": [
          [
            14.0005676,
            55.7353432
          ],
          [
            14.0005593,
            55.7350564
          ],
          [
            14.0005631,
            55.734859
          ],
          [
            14.0005805,
            55.7347193
          ],
          [
            14.000604,
            55.7346058
          ],
          [
            14.0006432,
            55.7344969
          ],
          [
            14.0007654,
            55.7343367
          ],
          [
            14.0008849,
            55.7342323
          ],
          [
            14.0010865,
            55.7341093
          ],
          [
            14.0011868,
            55.7340166
          ],
          [
            14.001208,
            55.733997
          ],
          [
            14.0012324,
            55.7338027
          ],
          [
            14.0011837,
            55.7335261
          ],
          [
            14.0011669,
            55.7334682
          ],
          [
            14.0011011,
            55.7332414
          ],
          [
            14.0008774,
            55.7327842
          ],
          [
            14.0008239,
            55.7325925
          ]
        ]
      }
    },
    {
      "type": "Feature",
      "properties": {
        "osm_way_id": 1191498552,
        "cycleway:both": "no",
        "highway": "tertiary",
        "lane_markings": "no",
        "maxspeed": "50",
        "ref": "M 1607",
        "surface": "asphalt"
      },
      "geometry": {
        "type": "LineString",
        "coordinates": [
          [
            14.0100856,
            55.7300577
          ],
          [
            14.0100286,
            55.7300709
          ],
          [
            14.0098633,
            55.7300961
          ],
          [
            14.009168,
            55.7302023
          ],
          [
            14.0080058,
            55.7303967
          ],
          [
            14.0073591,
            55.7305172
          ],
          [
            14.0065325,
            55.7307089
          ],
          [
            14.0060073,
            55.730843
          ],
          [
            14.0057594,
            55.7309306
          ],
          [
            14.0055454,
            55.7310319
          ],
          [
            14.0051661,
            55.7312647
          ],
          [
            14.004923,
            55.7314235
          ],
          [
            14.0047065,
            55.7315368
          ],
          [
            14.0046458,
            55.7315686
          ],
          [
            14.0043201,
            55.7316808
          ],
          [
            14.0039894,
            55.7317548
          ],
          [
            14.0033809,
            55.7319058
          ],
          [
            14.0029549,
            55.7320207
          ],
          [
            14.0025413,
            55.7321805
          ],
          [
            14.0021998,
            55.7323139
          ],
          [
            14.0018903,
            55.7323942
          ],
          [
            14.0014814,
            55.7324496
          ],
          [
            14.0010768,
            55.7325268
          ],
          [
            14.0008239,
            55.7325925
          ]
        ]
      }
    },
    {
      "type": "Feature",
      "properties": {
        "osm_way_id": 1191498553,
        "highway": "tertiary",
        "maxspeed": "50",
        "ref": "M 1607"
      },
      "geometry": {
        "type": "LineString",
        "coordinates": [
          [
            14.0008239,
            55.7325925
          ],
          [
            14.0006421,
            55.7325579
          ],
          [
            14.0005218,
            55.7325308
          ],
          [
            14.000429,
            55.7324727
          ],
          [
            14.0003533,
            55.7323953
          ],
          [
            14.0002949,
            55.7322636
          ],
          [
            14.0002811,
            55.7320816
          ],
          [
            14.0003327,
            55.7316209
          ],
          [
            14.0004186,
            55.7311775
          ],
          [
            14.0004599,
            55.7309665
          ],
          [
            14.0004911,
            55.7307109
          ],
          [
            14.0004619,
            55.7304015
          ],
          [
            14.0003258,
            55.7298319
          ],
          [
            14.0002669,
            55.7295352
          ]
        ]
      }
    },
    {
      "type": "Feature",
      "properties": {
        "osm_way_id": 1191498557,
        "cycleway:both": "no",
        "highway": "tertiary",
        "lane_markings": "no",
        "maxspeed": "40",
        "ref": "M 1589",
        "surface": "asphalt"
      },
      "geometry": {
        "type": "LineString",
        "coordinates": [
          [
            14.0321918,
            55.6981832
          ],
          [
            14.0330909,
            55.6980306
          ],
          [
            14.0337735,
            55.6979718
          ],
          [
            14.0344825,
            55.6978736
          ],
          [
            14.0355789,
            55.697714
          ],
          [
            14.0359502,
            55.697655
          ],
          [
            14.036358,
            55.6976016
          ],
          [
            14.0366758,
            55.6975835
          ],
          [
            14.0372833,
            55.6976515
          ],
          [
            14.0377251,
            55.6976981
          ],
          [
            14.0379955,
            55.6977138
          ]
        ]
      }
    },
    {
      "type": "Feature",
      "properties": {
        "osm_way_id": 1237245893,
        "highway": "track"
      },
      "geometry": {
        "type": "LineString",
        "coordinates": [
          [
            14.0376739,
            55.726941
          ],
          [
            14.0365415,
            55.7264482
          ],
          [
            14.0344172,
            55.7256869
          ],
          [
            14.0323069,
            55.7242133
          ]
        ]
      }
    },
    {
      "type": "Feature",
      "properties": {
        "osm_way_id": 1237245894,
        "highway": "track"
      },
      "geometry": {
        "type": "LineString",
        "coordinates": [
          [
            14.0323069,
            55.7242133
          ],
          [
            14.031606,
            55.724352
          ],
          [
            14.0310114,
            55.7245992
          ],
          [
            14.030884,
            55.7249261
          ],
          [
            14.0310256,
            55.7251812
          ],
          [
            14.0315494,
            55.7254283
          ],
          [
            14.0315635,
            55.7255718
          ],
          [
            14.0303319,
            55.7261379
          ]
        ]
      }
    },
    {
      "type": "Feature",
      "properties": {
        "osm_way_id": 1237245900,
        "highway": "path"
      },
      "geometry": {
        "type": "LineString",
        "coordinates": [
          [
            14.0338686,
            55.7047786
          ],
          [
            14.0347479,
            55.704524
          ],
          [
            14.0356539,
            55.7044713
          ],
          [
            14.0359061,
            55.7044345
          ],
          [
            14.0366533,
            55.7041398
          ],
          [
            14.0375126,
            55.7036819
          ]
        ]
      }
    },
    {
      "type": "Feature",
      "properties": {
        "osm_way_id": 1237245902,
        "highway": "track"
      },
      "geometry": {
        "type": "LineString",
        "coordinates": [
          [
            14.0182981,
            55.7021061
          ],
          [
            14.0187987,
            55.7027208
          ],
          [
            14.0194216,
            55.7033829
          ]
        ]
      }
    },
    {
      "type": "Feature",
      "properties": {
        "osm_way_id": 1237245903,
        "highway": "track"
      },
      "geometry": {
        "type": "LineString",
        "coordinates": [
          [
            14.0191385,
            55.7053612
          ],
          [
            14.0190677,
            55.7047629
          ],
          [
            14.0190252,
            55.7042843
          ],
          [
            14.0194216,
            55.7033829
          ]
        ]
      }
    },
    {
      "type": "Feature",
      "properties": {
        "osm_way_id": 1237245904,
        "highway": "track"
      },
      "geometry": {
        "type": "LineString",
        "coordinates": [
          [
            14.0205683,
            55.7040849
          ],
          [
            14.0194216,
            55.7033829
          ]
        ]
      }
    },
    {
      "type": "Feature",
      "properties": {
        "osm_way_id": 1237245905,
        "highway": "track"
      },
      "geometry": {
        "type": "LineString",
        "coordinates": [
          [
            14.0108006,
            55.7209032
          ],
          [
            14.0108992,
            55.7200354
          ],
          [
            14.0107718,
            55.7196367
          ],
          [
            14.0106585,
            55.7194135
          ],
          [
            14.0100781,
            55.7190148
          ],
          [
            14.0092004,
            55.7185204
          ],
          [
            14.0081245,
            55.7181536
          ],
          [
            14.0079546,
            55.7178586
          ],
          [
            14.0079263,
            55.7174439
          ],
          [
            14.0078182,
            55.7166829
          ],
          [
            14.007813,
            55.7166465
          ],
          [
            14.007629,
            55.7162238
          ],
          [
            14.0071052,
            55.7158171
          ],
          [
            14.0060434,
            55.7140069
          ],
          [
            14.0058978,
            55.7135578
          ]
        ]
      }
    },
    {
      "type": "Feature",
      "properties": {
        "osm_way_id": 1237245906,
        "highway": "track"
      },
      "geometry": {
        "type": "LineString",
        "coordinates": [
          [
            13.9988447,
            55.7147895
          ],
          [
            13.9993897,
            55.7153068
          ],
          [
            13.9997295,
            55.7165986
          ],
          [
            13.9998852,
            55.7167422
          ],
          [
            14.0005789,
            55.7170133
          ],
          [
            14.0014425,
            55.7170292
          ],
          [
            14.0058028,
            55.7165109
          ],
          [
            14.0067654,
            55.7166545
          ],
          [
            14.0078182,
            55.7166829
          ]
        ]
      }
    },
    {
      "type": "Feature",
      "properties": {
        "osm_way_id": 1237245907,
        "highway": "track"
      },
      "geometry": {
        "type": "LineString",
        "coordinates": [
          [
            13.9926231,
            55.7017989
          ],
          [
            13.9952135,
            55.6982294
          ],
          [
            13.9975635,
            55.6950221
          ],
          [
            14.0008762,
            55.6933146
          ],
          [
            14.0026458,
            55.6930034
          ],
          [
            14.0029431,
            55.693163
          ],
          [
            14.003297,
            55.6942482
          ],
          [
            14.0037089,
            55.6943825
          ],
          [
            14.0115045,
            55.6969243
          ]
        ]
      }
    },
    {
      "type": "Feature",
      "properties": {
        "osm_way_id": 1237245913,
        "highway": "path"
      },
      "geometry": {
        "type": "LineString",
        "coordinates": [
          [
            13.9855739,
            55.7213464
          ],
          [
            13.9852802,
            55.7207714
          ],
          [
            13.9791058,
            55.7195289
          ],
          [
            13.9775899,
            55.7189319
          ],
          [
            13.9770107,
            55.7188
          ],
          [
            13.9761566,
            55.7187671
          ]
        ]
      }
    },
    {
      "type": "Feature",
      "properties": {
        "osm_way_id": 1237245914,
        "highway": "track"
      },
      "geometry": {
        "type": "LineString",
        "coordinates": [
          [
            14.0036753,
            55.7198295
          ],
          [
            14.003132,
            55.720531
          ],
          [
            14.0016299,
            55.721945
          ],
          [
            14.001351,
            55.7221383
          ]
        ]
      }
    },
    {
      "type": "Feature",
      "properties": {
        "osm_way_id": 1237245915,
        "highway": "track"
      },
      "geometry": {
        "type": "LineString",
        "coordinates": [
          [
            14.013855,
            55.7259078
          ],
          [
            14.0136515,
            55.725835
          ],
          [
            14.0127571,
            55.7257023
          ],
          [
            14.0117652,
            55.7246811
          ],
          [
            14.0110659,
            55.7239714
          ],
          [
            14.0110212,
            55.7237058
          ],
          [
            14.0110626,
            55.7235752
          ],
          [
            14.0111025,
            55.7234493
          ],
          [
            14.0113567,
            55.7232548
          ],
          [
            14.0131967,
            55.7227709
          ],
          [
            14.0137758,
            55.7224342
          ],
          [
            14.0157091,
            55.7221186
          ],
          [
            14.0163256,
            55.7221607
          ],
          [
            14.0172409,
            55.7223553
          ],
          [
            14.0173249,
            55.7222869
          ],
          [
            14.0175927,
            55.7214709
          ]
        ]
      }
    },
    {
      "type": "Feature",
      "properties": {
        "osm_way_id": 1237245916,
        "highway": "track"
      },
      "geometry": {
        "type": "LineString",
        "coordinates": [
          [
            14.0157091,
            55.7221186
          ],
          [
            14.0142427,
            55.7213979
          ],
          [
            14.0141372,
            55.7213046
          ]
        ]
      }
    },
    {
      "type": "Feature",
      "properties": {
        "osm_way_id": 1237245917,
        "highway": "track"
      },
      "geometry": {
        "type": "LineString",
        "coordinates": [
          [
            14.0110626,
            55.7235752
          ],
          [
            14.0108006,
            55.7209032
          ]
        ]
      }
    },
    {
      "type": "Feature",
      "properties": {
        "osm_way_id": 1237245918,
        "highway": "track"
      },
      "geometry": {
        "type": "LineString",
        "coordinates": [
          [
            14.0266876,
            55.7328142
          ],
          [
            14.0269322,
            55.7315511
          ]
        ]
      }
    },
    {
      "type": "Feature",
      "properties": {
        "osm_way_id": 1237245919,
        "highway": "track"
      },
      "geometry": {
        "type": "LineString",
        "coordinates": [
          [
            14.0250421,
            55.7326924
          ],
          [
            14.0251297,
            55.7370481
          ]
        ]
      }
    },
    {
      "type": "Feature",
      "properties": {
        "osm_way_id": 1237245920,
        "highway": "path"
      },
      "geometry": {
        "type": "LineString",
        "coordinates": [
          [
            13.9616043,
            55.7184766
          ],
          [
            13.9623578,
            55.7183634
          ],
          [
            13.9626289,
            55.718294
          ],
          [
            13.9627768,
            55.7180927
          ],
          [
            13.9632452,
            55.7178775
          ],
          [
            13.9634177,
            55.7176345
          ],
          [
            13.9633437,
            55.7172319
          ],
          [
            13.9629987,
            55.7169056
          ],
          [
            13.9629664,
            55.7167826
          ]
        ]
      }
    },
    {
      "type": "Feature",
      "properties": {
        "osm_way_id": 1237245921,
        "highway": "track"
      },
      "geometry": {
        "type": "LineString",
        "coordinates": [
          [
            13.9614428,
            55.7184867
          ],
          [
            13.9620744,
            55.7189812
          ],
          [
            13.962518,
            55.7195365
          ],
          [
            13.9626166,
            55.7204389
          ]
        ]
      }
    },
    {
      "type": "Feature",
      "properties": {
        "osm_way_id": 1237245922,
        "highway": "path"
      },
      "geometry": {
        "type": "LineString",
        "coordinates": [
          [
            13.9626166,
            55.7204389
          ],
          [
            13.9625673,
            55.7207999
          ],
          [
            13.9616307,
            55.7211816
          ],
          [
            13.9613226,
            55.721258
          ],
          [
            13.9610638,
            55.7214801
          ],
          [
            13.9609591,
            55.721587
          ],
          [
            13.9607433,
            55.7216953
          ],
          [
            13.9604722,
            55.7217716
          ],
          [
            13.9601518,
            55.7221534
          ],
          [
            13.9591658,
            55.7224657
          ],
          [
            13.9588824,
            55.7225768
          ],
          [
            13.9586113,
            55.7225005
          ],
          [
            13.9579334,
            55.7221256
          ],
          [
            13.9575637,
            55.7214593
          ],
          [
            13.9573788,
            55.721258
          ],
          [
            13.9570954,
            55.7211192
          ],
          [
            13.9559862,
            55.7207443
          ],
          [
            13.9556534,
            55.720543
          ],
          [
            13.9556534,
            55.7202446
          ],
          [
            13.9558506,
            55.7199877
          ],
          [
            13.9558506,
            55.7194671
          ],
          [
            13.9557025,
            55.7191666
          ]
        ]
      }
    },
    {
      "type": "Feature",
      "properties": {
        "osm_way_id": 1237245923,
        "highway": "path"
      },
      "geometry": {
        "type": "LineString",
        "coordinates": [
          [
            13.9601518,
            55.7221534
          ],
          [
            13.9606612,
            55.7224792
          ],
          [
            13.9608584,
            55.7226805
          ],
          [
            13.9607721,
            55.7229859
          ],
          [
            13.9607228,
            55.7232982
          ],
          [
            13.9609076,
            55.7235203
          ],
          [
            13.9611048,
            55.7237286
          ],
          [
            13.9614253,
            55.7238951
          ],
          [
            13.9621154,
            55.7239645
          ],
          [
            13.9627686,
            55.7240062
          ],
          [
            13.9631383,
            55.7242075
          ],
          [
            13.9633602,
            55.7244504
          ],
          [
            13.9634341,
            55.72461
          ],
          [
            13.9632492,
            55.724617
          ],
          [
            13.9619799,
            55.7245753
          ],
          [
            13.9611541,
            55.7244712
          ],
          [
            13.9606612,
            55.7241381
          ],
          [
            13.9604886,
            55.7238951
          ],
          [
            13.9603531,
            55.7235481
          ],
          [
            13.9602298,
            55.7234023
          ],
          [
            13.9599464,
            55.7232705
          ],
          [
            13.9598108,
            55.7229859
          ],
          [
            13.9596629,
            55.7227985
          ],
          [
            13.9588824,
            55.7225768
          ]
        ]
      }
    },
    {
      "type": "Feature",
      "properties": {
        "osm_way_id": 1237245924,
        "highway": "path"
      },
      "geometry": {
        "type": "LineString",
        "coordinates": [
          [
            13.9607163,
            55.7185321
          ],
          [
            13.9606963,
            55.7182433
          ],
          [
            13.9605987,
            55.7181288
          ],
          [
            13.960306,
            55.7180097
          ],
          [
            13.960302,
            55.7178036
          ],
          [
            13.9603965,
            55.7177323
          ]
        ]
      }
    },
    {
      "type": "Feature",
      "properties": {
        "osm_way_id": 1237245925,
        "highway": "track"
      },
      "geometry": {
        "type": "LineString",
        "coordinates": [
          [
            13.9599079,
            55.7069753
          ],
          [
            13.9593442,
            55.7100115
          ],
          [
            13.9578401,
            55.7122746
          ]
        ]
      }
    },
    {
      "type": "Feature",
      "properties": {
        "osm_way_id": 1237245926,
        "highway": "track"
      },
      "geometry": {
        "type": "LineString",
        "coordinates": [
          [
            13.94941,
            55.7021752
          ],
          [
            13.9491455,
            55.7023183
          ],
          [
            13.9466564,
            55.7023063
          ],
          [
            13.9447252,
            55.7021612
          ],
          [
            13.9439742,
            55.7020523
          ],
          [
            13.9433948,
            55.7017621
          ],
          [
            13.942279,
            55.7013631
          ],
          [
            13.9417426,
            55.7014115
          ],
          [
            13.9410559,
            55.7019798
          ]
        ]
      }
    },
    {
      "type": "Feature",
      "properties": {
        "osm_way_id": 1237245928,
        "highway": "track"
      },
      "geometry": {
        "type": "LineString",
        "coordinates": [
          [
            13.9316704,
            55.7126648
          ],
          [
            13.9312819,
            55.7120812
          ],
          [
            13.932018,
            55.7118499
          ],
          [
            13.9319614,
            55.7115389
          ]
        ]
      }
    },
    {
      "type": "Feature",
      "properties": {
        "osm_way_id": 1237245929,
        "highway": "track"
      },
      "geometry": {
        "type": "LineString",
        "coordinates": [
          [
            13.9772137,
            55.7312531
          ],
          [
            13.9777642,
            55.7310438
          ],
          [
            13.9782195,
            55.7310346
          ],
          [
            13.9785935,
            55.7308606
          ],
          [
            13.9800246,
            55.731291
          ]
        ]
      }
    },
    {
      "type": "Feature",
      "properties": {
        "osm_way_id": 1237245930,
        "highway": "track"
      },
      "geometry": {
        "type": "LineString",
        "coordinates": [
          [
            13.9671079,
            55.7317904
          ],
          [
            13.968568,
            55.7318463
          ],
          [
            13.9690178,
            55.7318879
          ],
          [
            13.9693878,
            55.7319054
          ]
        ]
      }
    },
    {
      "type": "Feature",
      "properties": {
        "osm_way_id": 1337708090,
        "highway": "service",
        "service": "driveway"
      },
      "geometry": {
        "type": "LineString",
        "coordinates": [
          [
            13.9851462,
            55.7147334
          ],
          [
            13.9860822,
            55.7148422
          ]
        ]
      }
    },
    {
      "type": "Feature",
      "properties": {
        "osm_way_id": 1337708093,
        "highway": "track"
      },
      "geometry": {
        "type": "LineString",
        "coordinates": [
          [
            13.9761557,
            55.716878
          ],
          [
            13.9760064,
            55.7167828
          ],
          [
            13.9758364,
            55.7167138
          ],
          [
            13.9757182,
            55.7166985
          ]
        ]
      }
    },
    {
      "type": "Feature",
      "properties": {
        "osm_way_id": 1337708095,
        "highway": "service",
        "service": "driveway"
      },
      "geometry": {
        "type": "LineString",
        "coordinates": [
          [
            13.970256,
            55.7155083
          ],
          [
            13.9703869,
            55.7155202
          ],
          [
            13.9706309,
            55.7155562
          ],
          [
            13.9708111,
            55.7156781
          ],
          [
            13.9708374,
            55.7158057
          ],
          [
            13.9707986,
            55.7158734
          ],
          [
            13.970706,
            55.7158818
          ],
          [
            13.9702495,
            55.7158715
          ]
        ]
      }
    },
    {
      "type": "Feature",
      "properties": {
        "osm_way_id": 1337708099,
        "highway": "service",
        "service": "driveway"
      },
      "geometry": {
        "type": "LineString",
        "coordinates": [
          [
            13.9584301,
            55.7170249
          ],
          [
            13.9582506,
            55.7170883
          ],
          [
            13.9580441,
            55.7171572
          ],
          [
            13.9578056,
            55.7171685
          ],
          [
            13.9574447,
            55.717138
          ]
        ]
      }
    },
    {
      "type": "Feature",
      "properties": {
        "osm_way_id": 1337708440,
        "highway": "service",
        "service": "driveway"
      },
      "geometry": {
        "type": "LineString",
        "coordinates": [
          [
            13.9665829,
            55.7008821
          ],
          [
            13.9668277,
            55.7009445
          ]
        ]
      }
    },
    {
      "type": "Feature",
      "properties": {
        "osm_way_id": 1427791879,
        "highway": "tertiary",
        "maxspeed": "70",
        "ref": "M 1605",
        "surface": "asphalt"
      },
      "geometry": {
        "type": "LineString",
        "coordinates": [
          [
            13.9637156,
            55.7251298
          ],
          [
            13.9637872,
            55.7253128
          ],
          [
            13.9638553,
            55.7257399
          ],
          [
            13.9639428,
            55.7260959
          ],
          [
            13.964079,
            55.7263698
          ],
          [
            13.9643464,
            55.726786
          ],
          [
            13.9647403,
            55.7272652
          ],
          [
            13.9651974,
            55.7278402
          ],
          [
            13.9655523,
            55.728292
          ],
          [
            13.9658538,
            55.728763
          ],
          [
            13.9660045,
            55.7290587
          ],
          [
            13.9661164,
            55.7295433
          ],
          [
            13.9661601,
            55.7299622
          ],
          [
            13.9662136,
            55.7302278
          ],
          [
            13.9663011,
            55.7303976
          ],
          [
            13.9665394,
            55.7306714
          ],
          [
            13.9667436,
            55.7309644
          ],
          [
            13.9668181,
            55.7311261
          ]
        ]
      }
    },
    {
      "type": "Feature",
      "properties": {
        "osm_way_id": 1427791880,
        "bridge": "yes",
        "highway": "tertiary",
        "layer": "1",
        "maxspeed": "70",
        "ref": "M 1605",
        "surface": "asphalt"
      },
      "geometry": {
        "type": "LineString",
        "coordinates": [
          [
            13.9668181,
            55.7311261
          ],
          [
            13.9669479,
            55.7314079
          ]
        ]
      }
    },
    {
      "type": "Feature",
      "properties": {
        "osm_way_id": 1462376249,
        "highway": "path",
        "surface": "ground"
      },
      "geometry": {
        "type": "LineString",
        "coordinates": [
          [
            14.0068173,
            55.7101562
          ],
          [
            14.0065209,
            55.7101383
          ],
          [
            14.0062547,
            55.7100912
          ],
          [
            14.0060545,
            55.7100627
          ],
          [
            14.0058279,
            55.7100825
          ],
          [
            14.0054077,
            55.7100639
          ],
          [
            14.0047654,
            55.7100466
          ],
          [
            14.0046004,
            55.7100689
          ],
          [
            14.0044772,
            55.7100515
          ],
          [
            14.0039778,
            55.7099152
          ],
          [
            14.0035855,
            55.7096854
          ],
          [
            14.0032594,
            55.7094825
          ],
          [
            14.0030194,
            55.7093841
          ],
          [
            14.0029333,
            55.7092606
          ],
          [
            14.0026542,
            55.7091019
          ],
          [
            14.0024976,
            55.7090328
          ],
          [
            14.0022446,
            55.708899
          ],
          [
            14.0020046,
            55.7087917
          ],
          [
            14.0019263,
            55.7086962
          ],
          [
            14.0019863,
            55.7085683
          ],
          [
            14.0019106,
            55.7084037
          ],
          [
            14.0017515,
            55.7083023
          ],
          [
            14.001595,
            55.7082699
          ],
          [
            14.0014991,
            55.7082893
          ],
          [
            14.0011717,
            55.708252
          ],
          [
            14.0010016,
            55.7082399
          ],
          [
            14.0008957,
            55.7082152
          ],
          [
            14.0007823,
            55.708208
          ],
          [
            14.000594,
            55.7082447
          ],
          [
            14.0003772,
            55.708284
          ],
          [
            14.0001725,
            55.7083389
          ],
          [
            14.0000583,
            55.7083491
          ],
          [
            13.9998885,
            55.708313
          ],
          [
            13.9997604,
            55.7083208
          ],
          [
            13.9995864,
            55.7083702
          ],
          [
            13.9994513,
            55.7084032
          ],
          [
            13.9993622,
            55.7084063
          ],
          [
            13.9992074,
            55.7084157
          ]
        ]
      }
    },
    {
      "type": "Feature",
      "properties": {
        "osm_way_id": 1462383783,
        "attribution": "Region Skåne",
        "highway": "path"
      },
      "geometry": {
        "type": "LineString",
        "coordinates": [
          [
            14.0094147,
            55.7097767
          ],
          [
            14.0093077,
            55.709753
          ],
          [
            14.0081141,
            55.7101934
          ],
          [
            14.0078849,
            55.7102106
          ],
          [
            14.0074989,
            55.7102287
          ],
          [
            14.0071016,
            55.7101773
          ],
          [
            14.0068173,
            55.7101562
          ]
        ]
      }
    },
    {
      "type": "Feature",
      "properties": {
        "osm_way_id": 1462383784,
        "attribution": "Region Skåne",
        "highway": "path"
      },
      "geometry": {
        "type": "LineString",
        "coordinates": [
          [
            14.0068173,
            55.7101562
          ],
          [
            14.0066832,
            55.7100927
          ],
          [
            14.0067022,
            55.7100037
          ],
          [
            14.0069783,
            55.7098691
          ],
          [
            14.0069461,
            55.7098026
          ],
          [
            14.0066028,
            55.7097784
          ],
          [
            14.0060359,
            55.7097728
          ],
          [
            14.0051383,
            55.7097935
          ],
          [
            14.0046448,
            55.709823
          ],
          [
            14.0043551,
            55.7097383
          ],
          [
            14.0040868,
            55.7095457
          ],
          [
            14.0037274,
            55.7093734
          ],
          [
            14.0034795,
            55.7091805
          ],
          [
            14.0030193,
            55.7089261
          ],
          [
            14.002381,
            55.7085876
          ],
          [
            14.0021941,
            55.7083199
          ],
          [
            14.0020239,
            55.7082038
          ],
          [
            14.0018513,
            55.7081897
          ],
          [
            14.0015503,
            55.7080895
          ],
          [
            14.0013036,
            55.7079781
          ],
          [
            14.0007733,
            55.7078005
          ],
          [
            14.0004122,
            55.7077716
          ],
          [
            14.0000017,
            55.707831
          ],
          [
            13.99949,
            55.7079982
          ],
          [
            13.9992374,
            55.7081252
          ],
          [
            13.9991999,
            55.7082642
          ],
          [
            13.9992074,
            55.7084157
          ]
        ]
      }
    }
  ]
}
