<?xml version='1.0' encoding='utf-8'?>
<gpx xmlns="http://www.topografix.com/GPX/1/1" version="1.1" creator="ÖST Analys derived route materializer"><metadata><name>ultra60-2019</name><desc>Derived from dataTrace.geometry embedded in the public Trace de Trail map; not an organizer-direct or authenticated-export GPX.</desc><link href="https://tracedetrail.fr/fr/trace/69381"><text>Trace de Trail public map page</text></link></metadata><trk><trkseg><trkpt lat="55.5566675" lon="14.3546363"><ele>4.0</ele></trkpt><trkpt lat="55.5567605" lon="14.3543686"><ele>4.0</ele></trkpt><trkpt lat="55.5568088" lon="14.3542653" /><trkpt lat="55.5568667" lon="14.3541898" /><trkpt lat="55.5569017" lon="14.3541548"><ele>4.0</ele></trkpt><trkpt lat="55.5570445" lon="14.3540299"><ele>4.0</ele></trkpt><trkpt lat="55.5571680" lon="14.3538844" /><trkpt lat="55.5573880" lon="14.3535888"><ele>5.0</ele></trkpt><trkpt lat="55.5574479" lon="14.3534029" /><trkpt lat="55.5575348" lon="14.3532223"><ele>5.0</ele></trkpt><trkpt lat="55.5575688" lon="14.3532053" /><trkpt lat="55.5576710" lon="14.3531882" /><trkpt lat="55.5576989" lon="14.3532062"><ele>5.0</ele></trkpt><trkpt lat="55.5578666" lon="14.3533759"><ele>5.0</ele></trkpt><trkpt lat="55.5580495" lon="14.3534846"><ele>5.0</ele></trkpt><trkpt lat="55.5582390" lon="14.3535978"><ele>5.0</ele></trkpt><trkpt lat="55.5583970" lon="14.3537685"><ele>4.0</ele></trkpt><trkpt lat="55.5584046" lon="14.3538269" /><trkpt lat="55.5584005" lon="14.3540083" /><trkpt lat="55.5583889" lon="14.3540631"><ele>4.0</ele></trkpt><trkpt lat="55.5583477" lon="14.3541485" /><trkpt lat="55.5582959" lon="14.3542060" /><trkpt lat="55.5582817" lon="14.3542473" /><trkpt lat="55.5582878" lon="14.3543425"><ele>4.0</ele></trkpt><trkpt lat="55.5583340" lon="14.3543883" /><trkpt lat="55.5585397" lon="14.3544961"><ele>3.0</ele></trkpt><trkpt lat="55.5585657" lon="14.3545267" /><trkpt lat="55.5587486" lon="14.3547917"><ele>3.0</ele></trkpt><trkpt lat="55.5588166" lon="14.3548087" /><trkpt lat="55.5588497" lon="14.3547908" /><trkpt lat="55.5590097" lon="14.3545662"><ele>3.0</ele></trkpt><trkpt lat="55.5590829" lon="14.3542751"><ele>3.0</ele></trkpt><trkpt lat="55.5591088" lon="14.3537658"><ele>3.0</ele></trkpt><trkpt lat="55.5591306" lon="14.3535816" /><trkpt lat="55.5591677" lon="14.3533669"><ele>3.0</ele></trkpt><trkpt lat="55.5592337" lon="14.3530130"><ele>4.0</ele></trkpt><trkpt lat="55.5593155" lon="14.3525782"><ele>4.0</ele></trkpt><trkpt lat="55.5594359" lon="14.3520788"><ele>4.0</ele></trkpt><trkpt lat="55.5594827" lon="14.3519189" /><trkpt lat="55.5595909" lon="14.3516107"><ele>4.0</ele></trkpt><trkpt lat="55.5597098" lon="14.3512945"><ele>3.0</ele></trkpt><trkpt lat="55.5598637" lon="14.3508876"><ele>3.0</ele></trkpt><trkpt lat="55.5600867" lon="14.3503872"><ele>3.0</ele></trkpt><trkpt lat="55.5602539" lon="14.3501905"><ele>2.0</ele></trkpt><trkpt lat="55.5604439" lon="14.3500360"><ele>2.0</ele></trkpt><trkpt lat="55.5605018" lon="14.3499803" /><trkpt lat="55.5606349" lon="14.3497198"><ele>2.0</ele></trkpt><trkpt lat="55.5606989" lon="14.3494889" /><trkpt lat="55.5606187" lon="14.3493039"><ele>2.0</ele></trkpt><trkpt lat="55.5604439" lon="14.3490775"><ele>2.0</ele></trkpt><trkpt lat="55.5604327" lon="14.3490290" /><trkpt lat="55.5604535" lon="14.3489338" /><trkpt lat="55.5606080" lon="14.3487649"><ele>2.0</ele></trkpt><trkpt lat="55.5608158" lon="14.3485178"><ele>2.0</ele></trkpt><trkpt lat="55.5609839" lon="14.3483705"><ele>2.0</ele></trkpt><trkpt lat="55.5610510" lon="14.3483049" /><trkpt lat="55.5612237" lon="14.3481109"><ele>2.0</ele></trkpt><trkpt lat="55.5614858" lon="14.3477857"><ele>2.0</ele></trkpt><trkpt lat="55.5615986" lon="14.3476231" /><trkpt lat="55.5616855" lon="14.3475414"><ele>2.0</ele></trkpt><trkpt lat="55.5618206" lon="14.3473752"><ele>2.0</ele></trkpt><trkpt lat="55.5620579" lon="14.3470302"><ele>1.0</ele></trkpt><trkpt lat="55.5622265" lon="14.3468191"><ele>1.0</ele></trkpt><trkpt lat="55.5622799" lon="14.3467194" /><trkpt lat="55.5623718" lon="14.3464688"><ele>1.0</ele></trkpt><trkpt lat="55.5624368" lon="14.3462649" /><trkpt lat="55.5624597" lon="14.3462244"><ele>1.0</ele></trkpt><trkpt lat="55.5625669" lon="14.3459639"><ele>1.0</ele></trkpt><trkpt lat="55.5626461" lon="14.3455857"><ele>1.0</ele></trkpt><trkpt lat="55.5627655" lon="14.3450216"><ele>1.0</ele></trkpt><trkpt lat="55.5628326" lon="14.3447952" /><trkpt lat="55.5628890" lon="14.3446452"><ele>1.0</ele></trkpt><trkpt lat="55.5629179" lon="14.3445545" /><trkpt lat="55.5629799" lon="14.3443533"><ele>1.0</ele></trkpt><trkpt lat="55.5630068" lon="14.3442473" /><trkpt lat="55.5632019" lon="14.3436328"><ele>0.0</ele></trkpt><trkpt lat="55.5633009" lon="14.3434091"><ele>0.0</ele></trkpt><trkpt lat="55.5634539" lon="14.3431675"><ele>0.0</ele></trkpt><trkpt lat="55.5634798" lon="14.3431423" /><trkpt lat="55.5636235" lon="14.3429582"><ele>1.0</ele></trkpt><trkpt lat="55.5637769" lon="14.3427273"><ele>1.0</ele></trkpt><trkpt lat="55.5639029" lon="14.3425872" /><trkpt lat="55.5640116" lon="14.3424371"><ele>2.0</ele></trkpt><trkpt lat="55.5642626" lon="14.3421506"><ele>2.0</ele></trkpt><trkpt lat="55.5644185" lon="14.3419889"><ele>2.0</ele></trkpt><trkpt lat="55.5647568" lon="14.3417706"><ele>2.0</ele></trkpt><trkpt lat="55.5649026" lon="14.3416143"><ele>2.0</ele></trkpt><trkpt lat="55.5650616" lon="14.3415119"><ele>3.0</ele></trkpt><trkpt lat="55.5652485" lon="14.3413574"><ele>3.0</ele></trkpt><trkpt lat="55.5655000" lon="14.3411984"><ele>3.0</ele></trkpt><trkpt lat="55.5656818" lon="14.3411265"><ele>4.0</ele></trkpt><trkpt lat="55.5658596" lon="14.3409998"><ele>4.0</ele></trkpt><trkpt lat="55.5660400" lon="14.3408723"><ele>4.0</ele></trkpt><trkpt lat="55.5662218" lon="14.3407914"><ele>3.0</ele></trkpt><trkpt lat="55.5662487" lon="14.3408022" /><trkpt lat="55.5663046" lon="14.3408408" /><trkpt lat="55.5664580" lon="14.3408983"><ele>2.0</ele></trkpt><trkpt lat="55.5665738" lon="14.3408822" /><trkpt lat="55.5666205" lon="14.3408534"><ele>2.0</ele></trkpt><trkpt lat="55.5667628" lon="14.3408606" /><trkpt lat="55.5669360" lon="14.3408417"><ele>1.0</ele></trkpt><trkpt lat="55.5670269" lon="14.3406854" /><trkpt lat="55.5670609" lon="14.3406109"><ele>1.0</ele></trkpt><trkpt lat="55.5672509" lon="14.3403144"><ele>2.0</ele></trkpt><trkpt lat="55.5673200" lon="14.3402506" /><trkpt lat="55.5674246" lon="14.3402066"><ele>2.0</ele></trkpt><trkpt lat="55.5675679" lon="14.3401213" /><trkpt lat="55.5677497" lon="14.3401105"><ele>2.0</ele></trkpt><trkpt lat="55.5678645" lon="14.3400360" /><trkpt lat="55.5680108" lon="14.3399623"><ele>3.0</ele></trkpt><trkpt lat="55.5681728" lon="14.3399048"><ele>3.0</ele></trkpt><trkpt lat="55.5683750" lon="14.3398114"><ele>2.0</ele></trkpt><trkpt lat="55.5685085" lon="14.3398635" /><trkpt lat="55.5685629" lon="14.3399012"><ele>2.0</ele></trkpt><trkpt lat="55.5686696" lon="14.3399389" /><trkpt lat="55.5687838" lon="14.3400629"><ele>1.0</ele></trkpt><trkpt lat="55.5688915" lon="14.3401177" /><trkpt lat="55.5689200" lon="14.3401168" /><trkpt lat="55.5689758" lon="14.3400961"><ele>0.0</ele></trkpt><trkpt lat="55.5692349" lon="14.3398832"><ele>0.0</ele></trkpt><trkpt lat="55.5694076" lon="14.3397647"><ele>0.0</ele></trkpt><trkpt lat="55.5696407" lon="14.3395922"><ele>1.0</ele></trkpt><trkpt lat="55.5698169" lon="14.3394862"><ele>1.0</ele></trkpt><trkpt lat="55.5700196" lon="14.3393856"><ele>1.0</ele></trkpt><trkpt lat="55.5702487" lon="14.3392391"><ele>1.0</ele></trkpt><trkpt lat="55.5705148" lon="14.3391017"><ele>1.0</ele></trkpt><trkpt lat="55.5707708" lon="14.3390137"><ele>1.0</ele></trkpt><trkpt lat="55.5709597" lon="14.3389777"><ele>1.0</ele></trkpt><trkpt lat="55.5709856" lon="14.3389732" /><trkpt lat="55.5711888" lon="14.3389867"><ele>0.0</ele></trkpt><trkpt lat="55.5713437" lon="14.3389301"><ele>0.0</ele></trkpt><trkpt lat="55.5715849" lon="14.3387981"><ele>0.0</ele></trkpt><trkpt lat="55.5720618" lon="14.3385403"><ele>0.0</ele></trkpt><trkpt lat="55.5722604" lon="14.3384855"><ele>0.0</ele></trkpt><trkpt lat="55.5724839" lon="14.3384253"><ele>0.0</ele></trkpt><trkpt lat="55.5725088" lon="14.3384136" /><trkpt lat="55.5725905" lon="14.3382833" /><trkpt lat="55.5726169" lon="14.3382097"><ele>0.0</ele></trkpt><trkpt lat="55.5727216" lon="14.3377920"><ele>0.0</ele></trkpt><trkpt lat="55.5728089" lon="14.3375377"><ele>0.0</ele></trkpt><trkpt lat="55.5729278" lon="14.3372979"><ele>0.0</ele></trkpt><trkpt lat="55.5731289" lon="14.3370643"><ele>0.0</ele></trkpt><trkpt lat="55.5731797" lon="14.3370131" /><trkpt lat="55.5732650" lon="14.3369484" /><trkpt lat="55.5734377" lon="14.3368523"><ele>0.0</ele></trkpt><trkpt lat="55.5737937" lon="14.3367580"><ele>0.0</ele></trkpt><trkpt lat="55.5740567" lon="14.3365918"><ele>0.0</ele></trkpt><trkpt lat="55.5742467" lon="14.3365119"><ele>0.0</ele></trkpt><trkpt lat="55.5744696" lon="14.3364463"><ele>1.0</ele></trkpt><trkpt lat="55.5746631" lon="14.3364193"><ele>2.0</ele></trkpt><trkpt lat="55.5748647" lon="14.3363924"><ele>2.0</ele></trkpt><trkpt lat="55.5749577" lon="14.3363726" /><trkpt lat="55.5752385" lon="14.3362711"><ele>3.0</ele></trkpt><trkpt lat="55.5753878" lon="14.3362343" /><trkpt lat="55.5755706" lon="14.3362388"><ele>4.0</ele></trkpt><trkpt lat="55.5757438" lon="14.3362118"><ele>4.0</ele></trkpt><trkpt lat="55.5759256" lon="14.3362163"><ele>4.0</ele></trkpt><trkpt lat="55.5761226" lon="14.3362657"><ele>4.0</ele></trkpt><trkpt lat="55.5761475" lon="14.3362819" /><trkpt lat="55.5763080" lon="14.3362621"><ele>4.0</ele></trkpt><trkpt lat="55.5764715" lon="14.3361319"><ele>5.0</ele></trkpt><trkpt lat="55.5766300" lon="14.3361112"><ele>5.0</ele></trkpt><trkpt lat="55.5767579" lon="14.3360672" /><trkpt lat="55.5768590" lon="14.3360645"><ele>6.0</ele></trkpt><trkpt lat="55.5771139" lon="14.3362549"><ele>6.0</ele></trkpt><trkpt lat="55.5772876" lon="14.3363538"><ele>6.0</ele></trkpt><trkpt lat="55.5773165" lon="14.3363789" /><trkpt lat="55.5774638" lon="14.3364032"><ele>5.0</ele></trkpt><trkpt lat="55.5776608" lon="14.3365020"><ele>5.0</ele></trkpt><trkpt lat="55.5778477" lon="14.3366125"><ele>5.0</ele></trkpt><trkpt lat="55.5779569" lon="14.3365433" /><trkpt lat="55.5781458" lon="14.3362505"><ele>5.0</ele></trkpt><trkpt lat="55.5782275" lon="14.3360672" /><trkpt lat="55.5782966" lon="14.3358282"><ele>6.0</ele></trkpt><trkpt lat="55.5783636" lon="14.3356450" /><trkpt lat="55.5784047" lon="14.3355075"><ele>7.0</ele></trkpt><trkpt lat="55.5785195" lon="14.3352632"><ele>7.0</ele></trkpt><trkpt lat="55.5786018" lon="14.3351186" /><trkpt lat="55.5786079" lon="14.3350278"><ele>7.0</ele></trkpt><trkpt lat="55.5786546" lon="14.3348518" /><trkpt lat="55.5787429" lon="14.3345958"><ele>7.0</ele></trkpt><trkpt lat="55.5787516" lon="14.3345419" /><trkpt lat="55.5787709" lon="14.3344907" /><trkpt lat="55.5788547" lon="14.3343487"><ele>7.0</ele></trkpt><trkpt lat="55.5789720" lon="14.3341789" /><trkpt lat="55.5790847" lon="14.3340433"><ele>5.0</ele></trkpt><trkpt lat="55.5792858" lon="14.3339005"><ele>4.0</ele></trkpt><trkpt lat="55.5795097" lon="14.3337783"><ele>4.0</ele></trkpt><trkpt lat="55.5796118" lon="14.3337738" /><trkpt lat="55.5797656" lon="14.3336992"><ele>3.0</ele></trkpt><trkpt lat="55.5799428" lon="14.3335564"><ele>3.0</ele></trkpt><trkpt lat="55.5801129" lon="14.3333848"><ele>3.0</ele></trkpt><trkpt lat="55.5802246" lon="14.3332815" /><trkpt lat="55.5802805" lon="14.3332384"><ele>4.0</ele></trkpt><trkpt lat="55.5804689" lon="14.3331216"><ele>4.0</ele></trkpt><trkpt lat="55.5805689" lon="14.3331171" /><trkpt lat="55.5806639" lon="14.3331225"><ele>3.0</ele></trkpt><trkpt lat="55.5808787" lon="14.3331108"><ele>3.0</ele></trkpt><trkpt lat="55.5810655" lon="14.3331504"><ele>3.0</ele></trkpt><trkpt lat="55.5812498" lon="14.3332483"><ele>3.0</ele></trkpt><trkpt lat="55.5814448" lon="14.3334100"><ele>3.0</ele></trkpt><trkpt lat="55.5816479" lon="14.3335142"><ele>3.0</ele></trkpt><trkpt lat="55.5818287" lon="14.3335465"><ele>3.0</ele></trkpt><trkpt lat="55.5819688" lon="14.3334872" /><trkpt lat="55.5821526" lon="14.3335708"><ele>4.0</ele></trkpt><trkpt lat="55.5823095" lon="14.3336974"><ele>4.0</ele></trkpt><trkpt lat="55.5825096" lon="14.3337585"><ele>4.0</ele></trkpt><trkpt lat="55.5827345" lon="14.3337774"><ele>5.0</ele></trkpt><trkpt lat="55.5829147" lon="14.3337612"><ele>5.0</ele></trkpt><trkpt lat="55.5830396" lon="14.3337307" /><trkpt lat="55.5831996" lon="14.3337289"><ele>5.0</ele></trkpt><trkpt lat="55.5832666" lon="14.3336956" /><trkpt lat="55.5835479" lon="14.3334459"><ele>5.0</ele></trkpt><trkpt lat="55.5835799" lon="14.3334387" /><trkpt lat="55.5837535" lon="14.3333264"><ele>5.0</ele></trkpt><trkpt lat="55.5839008" lon="14.3331450"><ele>5.0</ele></trkpt><trkpt lat="55.5840257" lon="14.3329455"><ele>5.0</ele></trkpt><trkpt lat="55.5842008" lon="14.3329276"><ele>4.0</ele></trkpt><trkpt lat="55.5843867" lon="14.3328611"><ele>4.0</ele></trkpt><trkpt lat="55.5845237" lon="14.3327156"><ele>4.0</ele></trkpt><trkpt lat="55.5847395" lon="14.3325889"><ele>4.0</ele></trkpt><trkpt lat="55.5850086" lon="14.3325656"><ele>4.0</ele></trkpt><trkpt lat="55.5850909" lon="14.3325197" /><trkpt lat="55.5851188" lon="14.3325197" /><trkpt lat="55.5851650" lon="14.3325027"><ele>4.0</ele></trkpt><trkpt lat="55.5852757" lon="14.3323940" /><trkpt lat="55.5854488" lon="14.3322503"><ele>5.0</ele></trkpt><trkpt lat="55.5855696" lon="14.3321263" /><trkpt lat="55.5856976" lon="14.3320212"><ele>5.0</ele></trkpt><trkpt lat="55.5857758" lon="14.3319736" /><trkpt lat="55.5858737" lon="14.3318757"><ele>5.0</ele></trkpt><trkpt lat="55.5859316" lon="14.3318298" /><trkpt lat="55.5861799" lon="14.3315496"><ele>5.0</ele></trkpt><trkpt lat="55.5863286" lon="14.3314094"><ele>5.0</ele></trkpt><trkpt lat="55.5864886" lon="14.3312882"><ele>5.0</ele></trkpt><trkpt lat="55.5865886" lon="14.3310878" /><trkpt lat="55.5866048" lon="14.3310178"><ele>5.0</ele></trkpt><trkpt lat="55.5867419" lon="14.3307707"><ele>6.0</ele></trkpt><trkpt lat="55.5867927" lon="14.3306980" /><trkpt lat="55.5868485" lon="14.3306423" /><trkpt lat="55.5869577" lon="14.3305066"><ele>6.0</ele></trkpt><trkpt lat="55.5870958" lon="14.3302785"><ele>6.0</ele></trkpt><trkpt lat="55.5873516" lon="14.3298769"><ele>6.0</ele></trkpt><trkpt lat="55.5875060" lon="14.3296730"><ele>5.0</ele></trkpt><trkpt lat="55.5876847" lon="14.3295203"><ele>5.0</ele></trkpt><trkpt lat="55.5877928" lon="14.3293864" /><trkpt lat="55.5881456" lon="14.3290603"><ele>5.0</ele></trkpt><trkpt lat="55.5883467" lon="14.3289265"><ele>5.0</ele></trkpt><trkpt lat="55.5884045" lon="14.3288735" /><trkpt lat="55.5885777" lon="14.3287064"><ele>4.0</ele></trkpt><trkpt lat="55.5887188" lon="14.3285052"><ele>4.0</ele></trkpt><trkpt lat="55.5887980" lon="14.3282096"><ele>4.0</ele></trkpt><trkpt lat="55.5888620" lon="14.3281243" /><trkpt lat="55.5888878" lon="14.3281279" /><trkpt lat="55.5890087" lon="14.3280524"><ele>3.0</ele></trkpt><trkpt lat="55.5890335" lon="14.3280138" /><trkpt lat="55.5891016" lon="14.3278252"><ele>3.0</ele></trkpt><trkpt lat="55.5892107" lon="14.3275709"><ele>4.0</ele></trkpt><trkpt lat="55.5893559" lon="14.3273508"><ele>4.0</ele></trkpt><trkpt lat="55.5894427" lon="14.3271388" /><trkpt lat="55.5895239" lon="14.3269996"><ele>4.0</ele></trkpt><trkpt lat="55.5895976" lon="14.3268065" /><trkpt lat="55.5898077" lon="14.3261875"><ele>4.0</ele></trkpt><trkpt lat="55.5899265" lon="14.3259576"><ele>4.0</ele></trkpt><trkpt lat="55.5900839" lon="14.3257599"><ele>4.0</ele></trkpt><trkpt lat="55.5901357" lon="14.3254859"><ele>4.0</ele></trkpt><trkpt lat="55.5902098" lon="14.3251338"><ele>4.0</ele></trkpt><trkpt lat="55.5902407" lon="14.3249047" /><trkpt lat="55.5902357" lon="14.3247547"><ele>4.0</ele></trkpt><trkpt lat="55.5902996" lon="14.3244825"><ele>4.0</ele></trkpt><trkpt lat="55.5903539" lon="14.3243172" /><trkpt lat="55.5903748" lon="14.3242759" /><trkpt lat="55.5904996" lon="14.3239462"><ele>4.0</ele></trkpt><trkpt lat="55.5906337" lon="14.3236857"><ele>4.0</ele></trkpt><trkpt lat="55.5907499" lon="14.3232985"><ele>4.0</ele></trkpt><trkpt lat="55.5908585" lon="14.3230704"><ele>4.0</ele></trkpt><trkpt lat="55.5909768" lon="14.3229437" /><trkpt lat="55.5911047" lon="14.3227667"><ele>4.0</ele></trkpt><trkpt lat="55.5911398" lon="14.3225826" /><trkpt lat="55.5911885" lon="14.3224254"><ele>5.0</ele></trkpt><trkpt lat="55.5913037" lon="14.3221505"><ele>5.0</ele></trkpt><trkpt lat="55.5913636" lon="14.3219708" /><trkpt lat="55.5914530" lon="14.3217606"><ele>5.0</ele></trkpt><trkpt lat="55.5915829" lon="14.3214723"><ele>5.0</ele></trkpt><trkpt lat="55.5916058" lon="14.3214309" /><trkpt lat="55.5916916" lon="14.3211749"><ele>6.0</ele></trkpt><trkpt lat="55.5916966" lon="14.3207985"><ele>7.0</ele></trkpt><trkpt lat="55.5917428" lon="14.3204410"><ele>7.0</ele></trkpt><trkpt lat="55.5918286" lon="14.3201607"><ele>8.0</ele></trkpt><trkpt lat="55.5919616" lon="14.3198966"><ele>8.0</ele></trkpt><trkpt lat="55.5921088" lon="14.3196047"><ele>7.0</ele></trkpt><trkpt lat="55.5922865" lon="14.3193136"><ele>7.0</ele></trkpt><trkpt lat="55.5923916" lon="14.3191205" /><trkpt lat="55.5925530" lon="14.3187809"><ele>7.0</ele></trkpt><trkpt lat="55.5927840" lon="14.3184207"><ele>6.0</ele></trkpt><trkpt lat="55.5929225" lon="14.3181808"><ele>5.0</ele></trkpt><trkpt lat="55.5929535" lon="14.3181503" /><trkpt lat="55.5931048" lon="14.3178997"><ele>4.0</ele></trkpt><trkpt lat="55.5931895" lon="14.3176940" /><trkpt lat="55.5932439" lon="14.3174586"><ele>4.0</ele></trkpt><trkpt lat="55.5932327" lon="14.3171819"><ele>5.0</ele></trkpt><trkpt lat="55.5932718" lon="14.3168388"><ele>5.0</ele></trkpt><trkpt lat="55.5932768" lon="14.3167624" /><trkpt lat="55.5933398" lon="14.3164678"><ele>5.0</ele></trkpt><trkpt lat="55.5934088" lon="14.3161902"><ele>5.0</ele></trkpt><trkpt lat="55.5934286" lon="14.3158704"><ele>6.0</ele></trkpt><trkpt lat="55.5934180" lon="14.3158003" /><trkpt lat="55.5933987" lon="14.3155335"><ele>6.0</ele></trkpt><trkpt lat="55.5934129" lon="14.3154167" /><trkpt lat="55.5934708" lon="14.3151427"><ele>6.0</ele></trkpt><trkpt lat="55.5935977" lon="14.3146846"><ele>7.0</ele></trkpt><trkpt lat="55.5936870" lon="14.3143926"><ele>7.0</ele></trkpt><trkpt lat="55.5937540" lon="14.3142354" /><trkpt lat="55.5939296" lon="14.3139291"><ele>7.0</ele></trkpt><trkpt lat="55.5940667" lon="14.3137270"><ele>7.0</ele></trkpt><trkpt lat="55.5941266" lon="14.3136497" /><trkpt lat="55.5942728" lon="14.3134413"><ele>8.0</ele></trkpt><trkpt lat="55.5944438" lon="14.3132275"><ele>8.0</ele></trkpt><trkpt lat="55.5944936" lon="14.3131772" /><trkpt lat="55.5946377" lon="14.3128422"><ele>10.0</ele></trkpt><trkpt lat="55.5946687" lon="14.3127433" /><trkpt lat="55.5947956" lon="14.3125035"><ele>12.0</ele></trkpt><trkpt lat="55.5950377" lon="14.3123157"><ele>12.0</ele></trkpt><trkpt lat="55.5952636" lon="14.3121810"><ele>12.0</ele></trkpt><trkpt lat="55.5955138" lon="14.3120444"><ele>10.0</ele></trkpt><trkpt lat="55.5956940" lon="14.3120238"><ele>9.0</ele></trkpt><trkpt lat="55.5958219" lon="14.3119304" /><trkpt lat="55.5960077" lon="14.3117148"><ele>9.0</ele></trkpt><trkpt lat="55.5960686" lon="14.3116168" /><trkpt lat="55.5961696" lon="14.3114767"><ele>9.0</ele></trkpt><trkpt lat="55.5963178" lon="14.3112198"><ele>10.0</ele></trkpt><trkpt lat="55.5964777" lon="14.3110419"><ele>10.0</ele></trkpt><trkpt lat="55.5965137" lon="14.3110087" /><trkpt lat="55.5967056" lon="14.3108838"><ele>9.0</ele></trkpt><trkpt lat="55.5968416" lon="14.3108173" /><trkpt lat="55.5969446" lon="14.3108003"><ele>8.0</ele></trkpt><trkpt lat="55.5971898" lon="14.3107886"><ele>7.0</ele></trkpt><trkpt lat="55.5973578" lon="14.3107096"><ele>6.0</ele></trkpt><trkpt lat="55.5973857" lon="14.3106889" /><trkpt lat="55.5974309" lon="14.3106323" /><trkpt lat="55.5976349" lon="14.3104113"><ele>6.0</ele></trkpt><trkpt lat="55.5977308" lon="14.3102604" /><trkpt lat="55.5979978" lon="14.3098121"><ele>7.0</ele></trkpt><trkpt lat="55.5981125" lon="14.3096675" /><trkpt lat="55.5982577" lon="14.3095004"><ele>8.0</ele></trkpt><trkpt lat="55.5983810" lon="14.3093396"><ele>8.0</ele></trkpt><trkpt lat="55.5984987" lon="14.3092489" /><trkpt lat="55.5987307" lon="14.3089866"><ele>8.0</ele></trkpt><trkpt lat="55.5988180" lon="14.3089192" /><trkpt lat="55.5989905" lon="14.3088186"><ele>8.0</ele></trkpt><trkpt lat="55.5991915" lon="14.3086892"><ele>8.0</ele></trkpt><trkpt lat="55.5993935" lon="14.3085248"><ele>7.0</ele></trkpt><trkpt lat="55.5994219" lon="14.3085105" /><trkpt lat="55.5995336" lon="14.3083012"><ele>7.0</ele></trkpt><trkpt lat="55.5996579" lon="14.3081601" /><trkpt lat="55.5997777" lon="14.3080712"><ele>9.0</ele></trkpt><trkpt lat="55.5998498" lon="14.3079796" /><trkpt lat="55.5999757" lon="14.3078026"><ele>10.0</ele></trkpt><trkpt lat="55.6000970" lon="14.3075089"><ele>12.0</ele></trkpt><trkpt lat="55.6002568" lon="14.3073876"><ele>12.0</ele></trkpt><trkpt lat="55.6003700" lon="14.3073310" /><trkpt lat="55.6004030" lon="14.3073525"><ele>10.0</ele></trkpt><trkpt lat="55.6005745" lon="14.3074334"><ele>9.0</ele></trkpt><trkpt lat="55.6007785" lon="14.3074046"><ele>7.0</ele></trkpt><trkpt lat="55.6009156" lon="14.3072942" /><trkpt lat="55.6010546" lon="14.3071154"><ele>6.0</ele></trkpt><trkpt lat="55.6011089" lon="14.3069788" /><trkpt lat="55.6011977" lon="14.3068127"><ele>6.0</ele></trkpt><trkpt lat="55.6012460" lon="14.3065764" /><trkpt lat="55.6013688" lon="14.3062800"><ele>7.0</ele></trkpt><trkpt lat="55.6014977" lon="14.3061030"><ele>7.0</ele></trkpt><trkpt lat="55.6016159" lon="14.3059287"><ele>5.0</ele></trkpt><trkpt lat="55.6016997" lon="14.3058254" /><trkpt lat="55.6018377" lon="14.3055954"><ele>5.0</ele></trkpt><trkpt lat="55.6018529" lon="14.3055541" /><trkpt lat="55.6019285" lon="14.3052253"><ele>5.0</ele></trkpt><trkpt lat="55.6019996" lon="14.3050286" /><trkpt lat="55.6021696" lon="14.3048975"><ele>5.0</ele></trkpt><trkpt lat="55.6023640" lon="14.3047780"><ele>3.0</ele></trkpt><trkpt lat="55.6025355" lon="14.3046064"><ele>2.0</ele></trkpt><trkpt lat="55.6025609" lon="14.3045696" /><trkpt lat="55.6028496" lon="14.3040153"><ele>1.0</ele></trkpt><trkpt lat="55.6029227" lon="14.3038895" /><trkpt lat="55.6030526" lon="14.3036326"><ele>1.0</ele></trkpt><trkpt lat="55.6032277" lon="14.3033092"><ele>1.0</ele></trkpt><trkpt lat="55.6033449" lon="14.3030308"><ele>2.0</ele></trkpt><trkpt lat="55.6033830" lon="14.3029283" /><trkpt lat="55.6034596" lon="14.3027783"><ele>2.0</ele></trkpt><trkpt lat="55.6035368" lon="14.3025789" /><trkpt lat="55.6036007" lon="14.3021585"><ele>3.0</ele></trkpt><trkpt lat="55.6037235" lon="14.3020085" /><trkpt lat="55.6037438" lon="14.3019725"><ele>3.0</ele></trkpt><trkpt lat="55.6038478" lon="14.3018378" /><trkpt lat="55.6039848" lon="14.3015908"><ele>3.0</ele></trkpt><trkpt lat="55.6041335" lon="14.3013590"><ele>3.0</ele></trkpt><trkpt lat="55.6042675" lon="14.3010149"><ele>4.0</ele></trkpt><trkpt lat="55.6044370" lon="14.3006969"><ele>4.0</ele></trkpt><trkpt lat="55.6045436" lon="14.3005388" /><trkpt lat="55.6046298" lon="14.3004472"><ele>3.0</ele></trkpt><trkpt lat="55.6047516" lon="14.3002029"><ele>3.0</ele></trkpt><trkpt lat="55.6047740" lon="14.3001687" /><trkpt lat="55.6049338" lon="14.2999935"><ele>3.0</ele></trkpt><trkpt lat="55.6050155" lon="14.2998633" /><trkpt lat="55.6051287" lon="14.2996657"><ele>5.0</ele></trkpt><trkpt lat="55.6052890" lon="14.2994617"><ele>6.0</ele></trkpt><trkpt lat="55.6054626" lon="14.2992435"><ele>6.0</ele></trkpt><trkpt lat="55.6056315" lon="14.2990350"><ele>7.0</ele></trkpt><trkpt lat="55.6058320" lon="14.2987898"><ele>8.0</ele></trkpt><trkpt lat="55.6060187" lon="14.2986524"><ele>8.0</ele></trkpt><trkpt lat="55.6062308" lon="14.2984673"><ele>9.0</ele></trkpt><trkpt lat="55.6065439" lon="14.2982337"><ele>10.0</ele></trkpt><trkpt lat="55.6067246" lon="14.2981816"><ele>10.0</ele></trkpt><trkpt lat="55.6070838" lon="14.2981125"><ele>9.0</ele></trkpt><trkpt lat="55.6071478" lon="14.2981322" /><trkpt lat="55.6072848" lon="14.2981313"><ele>9.0</ele></trkpt><trkpt lat="55.6074710" lon="14.2980972"><ele>9.0</ele></trkpt><trkpt lat="55.6075958" lon="14.2980649" /><trkpt lat="55.6076937" lon="14.2980765"><ele>9.0</ele></trkpt><trkpt lat="55.6077607" lon="14.2981026" /><trkpt lat="55.6079728" lon="14.2980801"><ele>9.0</ele></trkpt><trkpt lat="55.6081078" lon="14.2980909" /><trkpt lat="55.6081677" lon="14.2981107"><ele>8.0</ele></trkpt><trkpt lat="55.6082808" lon="14.2980783" /><trkpt lat="55.6084686" lon="14.2979939"><ele>8.0</ele></trkpt><trkpt lat="55.6086238" lon="14.2979463"><ele>8.0</ele></trkpt><trkpt lat="55.6088349" lon="14.2978502"><ele>8.0</ele></trkpt><trkpt lat="55.6090287" lon="14.2977747"><ele>9.0</ele></trkpt><trkpt lat="55.6091515" lon="14.2976957" /><trkpt lat="55.6093235" lon="14.2975699"><ele>10.0</ele></trkpt><trkpt lat="55.6093667" lon="14.2975034" /><trkpt lat="55.6095118" lon="14.2974019"><ele>11.0</ele></trkpt><trkpt lat="55.6096975" lon="14.2973318"><ele>12.0</ele></trkpt><trkpt lat="55.6096975" lon="14.2972815" /><trkpt lat="55.6098705" lon="14.2972169"><ele>12.0</ele></trkpt><trkpt lat="55.6101080" lon="14.2972079"><ele>12.0</ele></trkpt><trkpt lat="55.6103130" lon="14.2972618"><ele>12.0</ele></trkpt><trkpt lat="55.6104966" lon="14.2973669"><ele>12.0</ele></trkpt><trkpt lat="55.6106788" lon="14.2973983"><ele>12.0</ele></trkpt><trkpt lat="55.6108056" lon="14.2973354" /><trkpt lat="55.6109355" lon="14.2972923"><ele>12.0</ele></trkpt><trkpt lat="55.6110786" lon="14.2973013" /><trkpt lat="55.6113186" lon="14.2974145"><ele>10.0</ele></trkpt><trkpt lat="55.6114647" lon="14.2974387" /><trkpt lat="55.6116428" lon="14.2973723"><ele>10.0</ele></trkpt><trkpt lat="55.6117849" lon="14.2972824" /><trkpt lat="55.6118686" lon="14.2971414"><ele>10.0</ele></trkpt><trkpt lat="55.6120289" lon="14.2969842"><ele>10.0</ele></trkpt><trkpt lat="55.6122105" lon="14.2968288"><ele>10.0</ele></trkpt><trkpt lat="55.6122349" lon="14.2967964" /><trkpt lat="55.6124048" lon="14.2966204"><ele>9.0</ele></trkpt><trkpt lat="55.6125307" lon="14.2963653"><ele>9.0</ele></trkpt><trkpt lat="55.6127118" lon="14.2960329"><ele>8.0</ele></trkpt><trkpt lat="55.6128417" lon="14.2957733"><ele>8.0</ele></trkpt><trkpt lat="55.6130056" lon="14.2954067"><ele>8.0</ele></trkpt><trkpt lat="55.6131390" lon="14.2950923"><ele>8.0</ele></trkpt><trkpt lat="55.6132729" lon="14.2948462"><ele>8.0</ele></trkpt><trkpt lat="55.6134287" lon="14.2946692"><ele>8.0</ele></trkpt><trkpt lat="55.6135768" lon="14.2944554"><ele>7.0</ele></trkpt><trkpt lat="55.6136387" lon="14.2943342" /><trkpt lat="55.6137148" lon="14.2941491"><ele>7.0</ele></trkpt><trkpt lat="55.6138239" lon="14.2938446"><ele>7.0</ele></trkpt><trkpt lat="55.6139898" lon="14.2934556"><ele>7.0</ele></trkpt><trkpt lat="55.6140725" lon="14.2931888"><ele>7.0</ele></trkpt><trkpt lat="55.6141435" lon="14.2929337"><ele>7.0</ele></trkpt><trkpt lat="55.6142546" lon="14.2927001"><ele>6.0</ele></trkpt><trkpt lat="55.6143297" lon="14.2923722"><ele>6.0</ele></trkpt><trkpt lat="55.6144139" lon="14.2921333"><ele>6.0</ele></trkpt><trkpt lat="55.6144626" lon="14.2918575"><ele>6.0</ele></trkpt><trkpt lat="55.6146265" lon="14.2916662"><ele>6.0</ele></trkpt><trkpt lat="55.6146920" lon="14.2915458" /><trkpt lat="55.6147467" lon="14.2913787"><ele>6.0</ele></trkpt><trkpt lat="55.6147807" lon="14.2913095" /><trkpt lat="55.6149360" lon="14.2911290"><ele>5.0</ele></trkpt><trkpt lat="55.6150547" lon="14.2907939"><ele>5.0</ele></trkpt><trkpt lat="55.6151846" lon="14.2904696"><ele>5.0</ele></trkpt><trkpt lat="55.6152155" lon="14.2904328" /><trkpt lat="55.6152987" lon="14.2902648"><ele>5.0</ele></trkpt><trkpt lat="55.6153276" lon="14.2902342" /><trkpt lat="55.6153738" lon="14.2901336" /><trkpt lat="55.6153987" lon="14.2899791"><ele>5.0</ele></trkpt><trkpt lat="55.6154717" lon="14.2896108"><ele>4.0</ele></trkpt><trkpt lat="55.6155250" lon="14.2894159" /><trkpt lat="55.6155519" lon="14.2892722"><ele>4.0</ele></trkpt><trkpt lat="55.6156107" lon="14.2890718" /><trkpt lat="55.6155737" lon="14.2887350"><ele>4.0</ele></trkpt><trkpt lat="55.6155625" lon="14.2884053"><ele>4.0</ele></trkpt><trkpt lat="55.6155965" lon="14.2879939"><ele>5.0</ele></trkpt><trkpt lat="55.6156087" lon="14.2879426" /><trkpt lat="55.6156579" lon="14.2876282"><ele>5.0</ele></trkpt><trkpt lat="55.6156777" lon="14.2875258" /><trkpt lat="55.6157649" lon="14.2872482"><ele>5.0</ele></trkpt><trkpt lat="55.6157827" lon="14.2872078" /><trkpt lat="55.6158106" lon="14.2869168"><ele>5.0</ele></trkpt><trkpt lat="55.6158867" lon="14.2866527"><ele>5.0</ele></trkpt><trkpt lat="55.6160110" lon="14.2863607"><ele>5.0</ele></trkpt><trkpt lat="55.6160546" lon="14.2862826" /><trkpt lat="55.6161647" lon="14.2860535"><ele>6.0</ele></trkpt><trkpt lat="55.6162636" lon="14.2857238"><ele>7.0</ele></trkpt><trkpt lat="55.6163970" lon="14.2854786"><ele>7.0</ele></trkpt><trkpt lat="55.6165345" lon="14.2852279"><ele>7.0</ele></trkpt><trkpt lat="55.6166918" lon="14.2848776"><ele>9.0</ele></trkpt><trkpt lat="55.6167156" lon="14.2848408" /><trkpt lat="55.6167628" lon="14.2847788" /><trkpt lat="55.6168399" lon="14.2846943"><ele>9.0</ele></trkpt><trkpt lat="55.6170160" lon="14.2845264"><ele>9.0</ele></trkpt><trkpt lat="55.6172590" lon="14.2842236"><ele>10.0</ele></trkpt><trkpt lat="55.6172787" lon="14.2841329" /><trkpt lat="55.6172828" lon="14.2840655" /><trkpt lat="55.6173239" lon="14.2839928" /><trkpt lat="55.6176856" lon="14.2836685"><ele>13.0</ele></trkpt><trkpt lat="55.6178718" lon="14.2836307"><ele>13.0</ele></trkpt><trkpt lat="55.6180037" lon="14.2835517" /><trkpt lat="55.6180625" lon="14.2834960"><ele>15.0</ele></trkpt><trkpt lat="55.6181188" lon="14.2834241" /><trkpt lat="55.6182086" lon="14.2833846"><ele>16.0</ele></trkpt><trkpt lat="55.6182649" lon="14.2833828" /><trkpt lat="55.6183177" lon="14.2833424" /><trkpt lat="55.6184069" lon="14.2832400"><ele>16.0</ele></trkpt><trkpt lat="55.6184475" lon="14.2832085" /><trkpt lat="55.6185997" lon="14.2831205"><ele>16.0</ele></trkpt><trkpt lat="55.6186555" lon="14.2831043" /><trkpt lat="55.6187088" lon="14.2831268" /><trkpt lat="55.6188036" lon="14.2831456"><ele>13.0</ele></trkpt><trkpt lat="55.6188280" lon="14.2831609" /><trkpt lat="55.6190177" lon="14.2831888"><ele>12.0</ele></trkpt><trkpt lat="55.6190405" lon="14.2831825" /><trkpt lat="55.6190745" lon="14.2831438" /><trkpt lat="55.6191668" lon="14.2831376"><ele>11.0</ele></trkpt><trkpt lat="55.6193307" lon="14.2831034"><ele>10.0</ele></trkpt><trkpt lat="55.6193860" lon="14.2831187" /><trkpt lat="55.6194529" lon="14.2831169" /><trkpt lat="55.6196279" lon="14.2830792"><ele>8.0</ele></trkpt><trkpt lat="55.6197680" lon="14.2830127" /><trkpt lat="55.6198958" lon="14.2829148"><ele>8.0</ele></trkpt><trkpt lat="55.6199967" lon="14.2828088" /><trkpt lat="55.6201058" lon="14.2827872"><ele>10.0</ele></trkpt><trkpt lat="55.6202037" lon="14.2827162" /><trkpt lat="55.6203036" lon="14.2826857"><ele>11.0</ele></trkpt><trkpt lat="55.6205329" lon="14.2825914"><ele>11.0</ele></trkpt><trkpt lat="55.6205466" lon="14.2825689" /><trkpt lat="55.6205720" lon="14.2825537" /><trkpt lat="55.6206338" lon="14.2825384" /><trkpt lat="55.6206927" lon="14.2824854"><ele>11.0</ele></trkpt><trkpt lat="55.6208215" lon="14.2824701" /><trkpt lat="55.6210858" lon="14.2824063"><ele>11.0</ele></trkpt><trkpt lat="55.6213699" lon="14.2823048"><ele>12.0</ele></trkpt><trkpt lat="55.6215109" lon="14.2822680" /><trkpt lat="55.6215890" lon="14.2822806"><ele>13.0</ele></trkpt><trkpt lat="55.6216169" lon="14.2822662" /><trkpt lat="55.6217706" lon="14.2822401"><ele>13.0</ele></trkpt><trkpt lat="55.6219197" lon="14.2821979" /><trkpt lat="55.6220835" lon="14.2821925"><ele>13.0</ele></trkpt><trkpt lat="55.6222530" lon="14.2822383"><ele>13.0</ele></trkpt><trkpt lat="55.6223118" lon="14.2822716" /><trkpt lat="55.6224137" lon="14.2822904"><ele>13.0</ele></trkpt><trkpt lat="55.6226105" lon="14.2822276"><ele>13.0</ele></trkpt><trkpt lat="55.6228089" lon="14.2821234"><ele>14.0</ele></trkpt><trkpt lat="55.6229489" lon="14.2819455"><ele>16.0</ele></trkpt><trkpt lat="55.6231589" lon="14.2818323"><ele>16.0</ele></trkpt><trkpt lat="55.6232755" lon="14.2817811" /><trkpt lat="55.6234368" lon="14.2817416"><ele>16.0</ele></trkpt><trkpt lat="55.6236960" lon="14.2817038"><ele>16.0</ele></trkpt><trkpt lat="55.6237467" lon="14.2817092" /><trkpt lat="55.6239729" lon="14.2816437"><ele>15.0</ele></trkpt><trkpt lat="55.6240348" lon="14.2816212" /><trkpt lat="55.6241068" lon="14.2815511" /><trkpt lat="55.6242276" lon="14.2814586"><ele>15.0</ele></trkpt><trkpt lat="55.6243569" lon="14.2814056" /><trkpt lat="55.6244888" lon="14.2814056"><ele>14.0</ele></trkpt><trkpt lat="55.6246145" lon="14.2813266" /><trkpt lat="55.6247058" lon="14.2812906"><ele>14.0</ele></trkpt><trkpt lat="55.6247490" lon="14.2812619" /><trkpt lat="55.6250015" lon="14.2811783"><ele>13.0</ele></trkpt><trkpt lat="55.6253130" lon="14.2811496"><ele>11.0</ele></trkpt><trkpt lat="55.6254955" lon="14.2810867"><ele>11.0</ele></trkpt><trkpt lat="55.6256766" lon="14.2810714"><ele>11.0</ele></trkpt><trkpt lat="55.6257765" lon="14.2810095" /><trkpt lat="55.6258440" lon="14.2808900"><ele>12.0</ele></trkpt><trkpt lat="55.6259008" lon="14.2808091" /><trkpt lat="55.6259089" lon="14.2807903" /><trkpt lat="55.6259287" lon="14.2807768" /><trkpt lat="55.6260088" lon="14.2807525"><ele>11.0</ele></trkpt><trkpt lat="55.6260707" lon="14.2807489" /><trkpt lat="55.6262026" lon="14.2808109"><ele>11.0</ele></trkpt><trkpt lat="55.6262568" lon="14.2807624" /><trkpt lat="55.6263370" lon="14.2807400" /><trkpt lat="55.6264856" lon="14.2807453"><ele>11.0</ele></trkpt><trkpt lat="55.6266190" lon="14.2807400" /><trkpt lat="55.6266347" lon="14.2807103"><ele>10.0</ele></trkpt><trkpt lat="55.6266930" lon="14.2806807" /><trkpt lat="55.6267315" lon="14.2806843" /><trkpt lat="55.6267620" lon="14.2806977" /><trkpt lat="55.6267757" lon="14.2806932" /><trkpt lat="55.6268568" lon="14.2807112"><ele>10.0</ele></trkpt><trkpt lat="55.6268796" lon="14.2807103" /><trkpt lat="55.6270227" lon="14.2806483"><ele>11.0</ele></trkpt><trkpt lat="55.6270719" lon="14.2806115" /><trkpt lat="55.6271109" lon="14.2805208" /><trkpt lat="55.6271226" lon="14.2805244" /><trkpt lat="55.6271586" lon="14.2805863"><ele>11.0</ele></trkpt><trkpt lat="55.6272448" lon="14.2806295" /><trkpt lat="55.6272636" lon="14.2806366" /><trkpt lat="55.6273325" lon="14.2806313"><ele>11.0</ele></trkpt><trkpt lat="55.6274776" lon="14.2805944" /><trkpt lat="55.6275689" lon="14.2805639"><ele>11.0</ele></trkpt><trkpt lat="55.6275836" lon="14.2805495" /><trkpt lat="55.6276835" lon="14.2804983" /><trkpt lat="55.6278037" lon="14.2804642"><ele>11.0</ele></trkpt><trkpt lat="55.6278316" lon="14.2804336" /><trkpt lat="55.6279437" lon="14.2804525" /><trkpt lat="55.6279660" lon="14.2804408"><ele>11.0</ele></trkpt><trkpt lat="55.6280020" lon="14.2804067" /><trkpt lat="55.6280137" lon="14.2803663" /><trkpt lat="55.6280395" lon="14.2803672" /><trkpt lat="55.6280897" lon="14.2803447" /><trkpt lat="55.6281039" lon="14.2803492"><ele>12.0</ele></trkpt><trkpt lat="55.6281369" lon="14.2803267" /><trkpt lat="55.6282089" lon="14.2803070" /><trkpt lat="55.6282596" lon="14.2802594"><ele>12.0</ele></trkpt><trkpt lat="55.6283737" lon="14.2802423" /><trkpt lat="55.6284706" lon="14.2802046"><ele>12.0</ele></trkpt><trkpt lat="55.6286288" lon="14.2801767"><ele>12.0</ele></trkpt><trkpt lat="55.6287658" lon="14.2801201" /><trkpt lat="55.6289265" lon="14.2800797"><ele>12.0</ele></trkpt><trkpt lat="55.6289509" lon="14.2800950" /><trkpt lat="55.6290619" lon="14.2801363" /><trkpt lat="55.6291157" lon="14.2801327"><ele>12.0</ele></trkpt><trkpt lat="55.6293109" lon="14.2799863"><ele>12.0</ele></trkpt><trkpt lat="55.6294438" lon="14.2800258" /><trkpt lat="55.6295447" lon="14.2800114"><ele>10.0</ele></trkpt><trkpt lat="55.6296086" lon="14.2800195" /><trkpt lat="55.6296705" lon="14.2800015" /><trkpt lat="55.6297258" lon="14.2799728"><ele>9.0</ele></trkpt><trkpt lat="55.6298145" lon="14.2799629" /><trkpt lat="55.6298698" lon="14.2799746" /><trkpt lat="55.6299296" lon="14.2799414"><ele>9.0</ele></trkpt><trkpt lat="55.6300377" lon="14.2798677" /><trkpt lat="55.6302517" lon="14.2797877"><ele>10.0</ele></trkpt><trkpt lat="55.6304226" lon="14.2798057"><ele>10.0</ele></trkpt><trkpt lat="55.6306127" lon="14.2797931"><ele>10.0</ele></trkpt><trkpt lat="55.6308049" lon="14.2797806"><ele>10.0</ele></trkpt><trkpt lat="55.6309307" lon="14.2797563" /><trkpt lat="55.6312238" lon="14.2797204"><ele>8.0</ele></trkpt><trkpt lat="55.6313896" lon="14.2796764"><ele>8.0</ele></trkpt><trkpt lat="55.6315256" lon="14.2796036" /><trkpt lat="55.6316478" lon="14.2795515"><ele>7.0</ele></trkpt><trkpt lat="55.6317619" lon="14.2794877" /><trkpt lat="55.6318836" lon="14.2794437"><ele>6.0</ele></trkpt><trkpt lat="55.6320048" lon="14.2793152" /><trkpt lat="55.6320666" lon="14.2793089"><ele>6.0</ele></trkpt><trkpt lat="55.6322127" lon="14.2793844" /><trkpt lat="55.6323435" lon="14.2793880"><ele>6.0</ele></trkpt><trkpt lat="55.6324317" lon="14.2793440" /><trkpt lat="55.6325180" lon="14.2793152"><ele>6.0</ele></trkpt><trkpt lat="55.6325565" lon="14.2793143" /><trkpt lat="55.6327969" lon="14.2792658"><ele>6.0</ele></trkpt><trkpt lat="55.6329409" lon="14.2792146" /><trkpt lat="55.6330616" lon="14.2791850"><ele>6.0</ele></trkpt><trkpt lat="55.6331990" lon="14.2791383" /><trkpt lat="55.6333825" lon="14.2790673"><ele>7.0</ele></trkpt><trkpt lat="55.6336036" lon="14.2790152"><ele>8.0</ele></trkpt><trkpt lat="55.6339175" lon="14.2789415"><ele>10.0</ele></trkpt><trkpt lat="55.6341067" lon="14.2789038"><ele>10.0</ele></trkpt><trkpt lat="55.6343277" lon="14.2788328"><ele>12.0</ele></trkpt><trkpt lat="55.6343856" lon="14.2788077" /><trkpt lat="55.6345848" lon="14.2787735"><ele>13.0</ele></trkpt><trkpt lat="55.6347659" lon="14.2787178"><ele>14.0</ele></trkpt><trkpt lat="55.6351157" lon="14.2786271"><ele>15.0</ele></trkpt><trkpt lat="55.6353079" lon="14.2786020"><ele>15.0</ele></trkpt><trkpt lat="55.6353297" lon="14.2785876" /><trkpt lat="55.6354747" lon="14.2785849"><ele>16.0</ele></trkpt><trkpt lat="55.6356618" lon="14.2785463"><ele>16.0</ele></trkpt><trkpt lat="55.6358596" lon="14.2785202"><ele>15.0</ele></trkpt><trkpt lat="55.6359869" lon="14.2784735" /><trkpt lat="55.6362556" lon="14.2784933"><ele>15.0</ele></trkpt><trkpt lat="55.6364807" lon="14.2784582"><ele>14.0</ele></trkpt><trkpt lat="55.6367408" lon="14.2784789"><ele>12.0</ele></trkpt><trkpt lat="55.6369198" lon="14.2783783"><ele>12.0</ele></trkpt><trkpt lat="55.6370689" lon="14.2783073"><ele>11.0</ele></trkpt><trkpt lat="55.6372585" lon="14.2783253"><ele>11.0</ele></trkpt><trkpt lat="55.6374436" lon="14.2783163"><ele>10.0</ele></trkpt><trkpt lat="55.6377159" lon="14.2782166"><ele>9.0</ele></trkpt><trkpt lat="55.6377686" lon="14.2781905" /><trkpt lat="55.6380358" lon="14.2781627"><ele>9.0</ele></trkpt><trkpt lat="55.6382406" lon="14.2781537"><ele>9.0</ele></trkpt><trkpt lat="55.6384820" lon="14.2781447"><ele>9.0</ele></trkpt><trkpt lat="55.6385398" lon="14.2781321" /><trkpt lat="55.6387375" lon="14.2781169"><ele>9.0</ele></trkpt><trkpt lat="55.6387958" lon="14.2781016" /><trkpt lat="55.6391817" lon="14.2780639"><ele>10.0</ele></trkpt><trkpt lat="55.6393764" lon="14.2780154"><ele>10.0</ele></trkpt><trkpt lat="55.6395858" lon="14.2779642"><ele>11.0</ele></trkpt><trkpt lat="55.6397799" lon="14.2778896"><ele>11.0</ele></trkpt><trkpt lat="55.6399746" lon="14.2778402"><ele>11.0</ele></trkpt><trkpt lat="55.6400157" lon="14.2778195" /><trkpt lat="55.6402078" lon="14.2778141"><ele>9.0</ele></trkpt><trkpt lat="55.6405536" lon="14.2778546"><ele>8.0</ele></trkpt><trkpt lat="55.6406408" lon="14.2778375" /><trkpt lat="55.6408238" lon="14.2778177"><ele>6.0</ele></trkpt><trkpt lat="55.6410738" lon="14.2778088"><ele>6.0</ele></trkpt><trkpt lat="55.6412705" lon="14.2777818"><ele>7.0</ele></trkpt><trkpt lat="55.6414545" lon="14.2777333"><ele>8.0</ele></trkpt><trkpt lat="55.6416335" lon="14.2777360"><ele>8.0</ele></trkpt><trkpt lat="55.6418236" lon="14.2777081"><ele>8.0</ele></trkpt><trkpt lat="55.6419149" lon="14.2776641" /><trkpt lat="55.6421009" lon="14.2776174"><ele>9.0</ele></trkpt><trkpt lat="55.6422500" lon="14.2776165" /><trkpt lat="55.6424568" lon="14.2775950"><ele>9.0</ele></trkpt><trkpt lat="55.6427149" lon="14.2775429"><ele>9.0</ele></trkpt><trkpt lat="55.6428127" lon="14.2775429" /><trkpt lat="55.6429567" lon="14.2775267"><ele>9.0</ele></trkpt><trkpt lat="55.6431057" lon="14.2775375" /><trkpt lat="55.6433780" lon="14.2775285"><ele>8.0</ele></trkpt><trkpt lat="55.6435752" lon="14.2775168"><ele>8.0</ele></trkpt><trkpt lat="55.6437886" lon="14.2775051"><ele>8.0</ele></trkpt><trkpt lat="55.6439995" lon="14.2774827"><ele>8.0</ele></trkpt><trkpt lat="55.6441937" lon="14.2774252"><ele>8.0</ele></trkpt><trkpt lat="55.6443569" lon="14.2774072"><ele>8.0</ele></trkpt><trkpt lat="55.6445820" lon="14.2773434"><ele>8.0</ele></trkpt><trkpt lat="55.6446935" lon="14.2773237" /><trkpt lat="55.6455619" lon="14.2772006"><ele>8.0</ele></trkpt><trkpt lat="55.6457216" lon="14.2772248"><ele>8.0</ele></trkpt><trkpt lat="55.6460430" lon="14.2771718"><ele>8.0</ele></trkpt><trkpt lat="55.6462270" lon="14.2771153"><ele>7.0</ele></trkpt><trkpt lat="55.6463319" lon="14.2770649" /><trkpt lat="55.6464470" lon="14.2770344"><ele>7.0</ele></trkpt><trkpt lat="55.6466026" lon="14.2770353"><ele>7.0</ele></trkpt><trkpt lat="55.6468226" lon="14.2770506"><ele>6.0</ele></trkpt><trkpt lat="55.6469909" lon="14.2771278"><ele>6.0</ele></trkpt><trkpt lat="55.6473067" lon="14.2770793"><ele>5.0</ele></trkpt><trkpt lat="55.6474167" lon="14.2770416" /><trkpt lat="55.6476058" lon="14.2770425"><ele>5.0</ele></trkpt><trkpt lat="55.6477208" lon="14.2770308" /><trkpt lat="55.6479768" lon="14.2770263"><ele>5.0</ele></trkpt><trkpt lat="55.6481796" lon="14.2770425"><ele>6.0</ele></trkpt><trkpt lat="55.6483687" lon="14.2770137"><ele>6.0</ele></trkpt><trkpt lat="55.6485760" lon="14.2769437"><ele>7.0</ele></trkpt><trkpt lat="55.6487088" lon="14.2768736" /><trkpt lat="55.6488467" lon="14.2768547"><ele>7.0</ele></trkpt><trkpt lat="55.6490119" lon="14.2767964"><ele>7.0</ele></trkpt><trkpt lat="55.6491107" lon="14.2767981" /><trkpt lat="55.6492486" lon="14.2767523"><ele>7.0</ele></trkpt><trkpt lat="55.6493875" lon="14.2767326" /><trkpt lat="55.6495127" lon="14.2766832"><ele>6.0</ele></trkpt><trkpt lat="55.6495918" lon="14.2766670" /><trkpt lat="55.6496156" lon="14.2766733" /><trkpt lat="55.6496495" lon="14.2767038" /><trkpt lat="55.6496607" lon="14.2766984"><ele>5.0</ele></trkpt><trkpt lat="55.6497677" lon="14.2767505" /><trkpt lat="55.6498650" lon="14.2767658"><ele>4.0</ele></trkpt><trkpt lat="55.6500039" lon="14.2767658" /><trkpt lat="55.6501868" lon="14.2768107"><ele>4.0</ele></trkpt><trkpt lat="55.6504499" lon="14.2768161"><ele>4.0</ele></trkpt><trkpt lat="55.6507789" lon="14.2767955"><ele>5.0</ele></trkpt><trkpt lat="55.6509436" lon="14.2767703"><ele>5.0</ele></trkpt><trkpt lat="55.6511296" lon="14.2767299"><ele>5.0</ele></trkpt><trkpt lat="55.6513856" lon="14.2767074"><ele>6.0</ele></trkpt><trkpt lat="55.6515716" lon="14.2766805"><ele>6.0</ele></trkpt><trkpt lat="55.6517317" lon="14.2766697"><ele>5.0</ele></trkpt><trkpt lat="55.6517875" lon="14.2766733" /><trkpt lat="55.6521920" lon="14.2765969"><ele>5.0</ele></trkpt><trkpt lat="55.6524195" lon="14.2765781"><ele>5.0</ele></trkpt><trkpt lat="55.6527627" lon="14.2765502"><ele>4.0</ele></trkpt><trkpt lat="55.6530227" lon="14.2765826"><ele>4.0</ele></trkpt><trkpt lat="55.6532715" lon="14.2766014"><ele>3.0</ele></trkpt><trkpt lat="55.6534707" lon="14.2765843"><ele>3.0</ele></trkpt><trkpt lat="55.6536643" lon="14.2765583"><ele>3.0</ele></trkpt><trkpt lat="55.6538665" lon="14.2765313"><ele>2.0</ele></trkpt><trkpt lat="55.6541559" lon="14.2765053"><ele>2.0</ele></trkpt><trkpt lat="55.6543799" lon="14.2764963"><ele>2.0</ele></trkpt><trkpt lat="55.6545806" lon="14.2765152"><ele>3.0</ele></trkpt><trkpt lat="55.6546409" lon="14.2765026" /><trkpt lat="55.6547798" lon="14.2765143"><ele>4.0</ele></trkpt><trkpt lat="55.6549167" lon="14.2764846" /><trkpt lat="55.6550717" lon="14.2763553"><ele>5.0</ele></trkpt><trkpt lat="55.6551168" lon="14.2763023" /><trkpt lat="55.6551315" lon="14.2762924" /><trkpt lat="55.6554159" lon="14.2762726"><ele>5.0</ele></trkpt><trkpt lat="55.6554797" lon="14.2762915" /><trkpt lat="55.6555998" lon="14.2762628"><ele>5.0</ele></trkpt><trkpt lat="55.6558167" lon="14.2761846"><ele>5.0</ele></trkpt><trkpt lat="55.6558259" lon="14.2761612" /><trkpt lat="55.6558259" lon="14.2761029" /><trkpt lat="55.6558188" lon="14.2760813" /><trkpt lat="55.6558198" lon="14.2760912" /><trkpt lat="55.6558198" lon="14.2760804" /><trkpt lat="55.6558395" lon="14.2761046" /><trkpt lat="55.6558329" lon="14.2760795" /><trkpt lat="55.6558340" lon="14.2761217" /><trkpt lat="55.6558446" lon="14.2761388"><ele>5.0</ele></trkpt><trkpt lat="55.6558689" lon="14.2760858" /><trkpt lat="55.6558907" lon="14.2759447" /><trkpt lat="55.6558436" lon="14.2758792"><ele>7.0</ele></trkpt><trkpt lat="55.6557275" lon="14.2757813" /><trkpt lat="55.6557088" lon="14.2757453"><ele>7.0</ele></trkpt><trkpt lat="55.6557220" lon="14.2756690" /><trkpt lat="55.6557529" lon="14.2755962" /><trkpt lat="55.6557488" lon="14.2755109" /><trkpt lat="55.6557316" lon="14.2754695"><ele>9.0</ele></trkpt><trkpt lat="55.6556769" lon="14.2753932" /><trkpt lat="55.6555826" lon="14.2752890"><ele>10.0</ele></trkpt><trkpt lat="55.6554610" lon="14.2751003"><ele>11.0</ele></trkpt><trkpt lat="55.6554589" lon="14.2748775" /><trkpt lat="55.6555385" lon="14.2745919"><ele>13.0</ele></trkpt><trkpt lat="55.6555588" lon="14.2744859" /><trkpt lat="55.6555897" lon="14.2742613"><ele>14.0</ele></trkpt><trkpt lat="55.6556018" lon="14.2742074" /><trkpt lat="55.6556267" lon="14.2738669"><ele>15.0</ele></trkpt><trkpt lat="55.6556267" lon="14.2738104" /><trkpt lat="55.6555547" lon="14.2735175"><ele>15.0</ele></trkpt><trkpt lat="55.6554037" lon="14.2732857"><ele>16.0</ele></trkpt><trkpt lat="55.6553388" lon="14.2732255" /><trkpt lat="55.6552679" lon="14.2731824" /><trkpt lat="55.6550626" lon="14.2731474"><ele>17.0</ele></trkpt><trkpt lat="55.6549040" lon="14.2730719"><ele>18.0</ele></trkpt><trkpt lat="55.6547920" lon="14.2729695" /><trkpt lat="55.6547347" lon="14.2728492"><ele>19.0</ele></trkpt><trkpt lat="55.6547256" lon="14.2728033" /><trkpt lat="55.6547246" lon="14.2726704" /><trkpt lat="55.6547195" lon="14.2726183" /><trkpt lat="55.6547367" lon="14.2725913"><ele>20.0</ele></trkpt><trkpt lat="55.6546719" lon="14.2725437" /><trkpt lat="55.6546627" lon="14.2725150" /><trkpt lat="55.6546688" lon="14.2724728" /><trkpt lat="55.6547109" lon="14.2723236"><ele>20.0</ele></trkpt><trkpt lat="55.6547636" lon="14.2721736" /><trkpt lat="55.6547945" lon="14.2721512" /><trkpt lat="55.6548305" lon="14.2720443"><ele>21.0</ele></trkpt><trkpt lat="55.6548715" lon="14.2717766"><ele>21.0</ele></trkpt><trkpt lat="55.6548928" lon="14.2717263" /><trkpt lat="55.6549597" lon="14.2714388"><ele>22.0</ele></trkpt><trkpt lat="55.6549795" lon="14.2713301" /><trkpt lat="55.6550236" lon="14.2711684"><ele>22.0</ele></trkpt><trkpt lat="55.6550347" lon="14.2710373" /><trkpt lat="55.6550307" lon="14.2709402" /><trkpt lat="55.6550038" lon="14.2706950"><ele>23.0</ele></trkpt><trkpt lat="55.6550388" lon="14.2704039"><ele>23.0</ele></trkpt><trkpt lat="55.6550307" lon="14.2703114" /><trkpt lat="55.6550788" lon="14.2699781"><ele>25.0</ele></trkpt><trkpt lat="55.6550758" lon="14.2699180" /><trkpt lat="55.6550935" lon="14.2696772"><ele>27.0</ele></trkpt><trkpt lat="55.6551508" lon="14.2693403"><ele>29.0</ele></trkpt><trkpt lat="55.6552309" lon="14.2690915"><ele>31.0</ele></trkpt><trkpt lat="55.6552486" lon="14.2689307" /><trkpt lat="55.6552446" lon="14.2688022"><ele>32.0</ele></trkpt><trkpt lat="55.6552496" lon="14.2687052" /><trkpt lat="55.6552598" lon="14.2686612" /><trkpt lat="55.6552709" lon="14.2685345"><ele>33.0</ele></trkpt><trkpt lat="55.6553155" lon="14.2684223" /><trkpt lat="55.6553358" lon="14.2683935" /><trkpt lat="55.6555137" lon="14.2682040"><ele>35.0</ele></trkpt><trkpt lat="55.6555329" lon="14.2681725" /><trkpt lat="55.6556388" lon="14.2679479"><ele>37.0</ele></trkpt><trkpt lat="55.6556698" lon="14.2679084" /><trkpt lat="55.6558147" lon="14.2676569"><ele>38.0</ele></trkpt><trkpt lat="55.6558826" lon="14.2675904" /><trkpt lat="55.6559480" lon="14.2675464" /><trkpt lat="55.6560367" lon="14.2675329"><ele>38.0</ele></trkpt><trkpt lat="55.6560727" lon="14.2675168" /><trkpt lat="55.6561330" lon="14.2675105" /><trkpt lat="55.6562308" lon="14.2675194"><ele>39.0</ele></trkpt><trkpt lat="55.6563539" lon="14.2674907" /><trkpt lat="55.6566139" lon="14.2673362"><ele>41.0</ele></trkpt><trkpt lat="55.6568050" lon="14.2672338"><ele>42.0</ele></trkpt><trkpt lat="55.6569008" lon="14.2671718" /><trkpt lat="55.6569418" lon="14.2671368" /><trkpt lat="55.6569479" lon="14.2670775"><ele>43.0</ele></trkpt><trkpt lat="55.6569849" lon="14.2669742" /><trkpt lat="55.6570796" lon="14.2666265"><ele>45.0</ele></trkpt><trkpt lat="55.6571187" lon="14.2665205" /><trkpt lat="55.6571506" lon="14.2661935"><ele>47.0</ele></trkpt><trkpt lat="55.6571780" lon="14.2661145" /><trkpt lat="55.6571987" lon="14.2660247" /><trkpt lat="55.6572109" lon="14.2658288"><ele>49.0</ele></trkpt><trkpt lat="55.6572246" lon="14.2657291" /><trkpt lat="55.6571856" lon="14.2656339" /><trkpt lat="55.6571987" lon="14.2655917" /><trkpt lat="55.6571678" lon="14.2655396"><ele>49.0</ele></trkpt><trkpt lat="55.6571668" lon="14.2654443" /><trkpt lat="55.6573280" lon="14.2651766"><ele>52.0</ele></trkpt><trkpt lat="55.6572768" lon="14.2650949" /><trkpt lat="55.6572398" lon="14.2649116"><ele>52.0</ele></trkpt><trkpt lat="55.6572955" lon="14.2648119" /><trkpt lat="55.6573457" lon="14.2647383" /><trkpt lat="55.6573457" lon="14.2646933"><ele>53.0</ele></trkpt><trkpt lat="55.6573325" lon="14.2646377" /><trkpt lat="55.6573335" lon="14.2645873" /><trkpt lat="55.6573178" lon="14.2645173" /><trkpt lat="55.6573036" lon="14.2643385"><ele>54.0</ele></trkpt><trkpt lat="55.6573026" lon="14.2641364" /><trkpt lat="55.6572889" lon="14.2638606"><ele>56.0</ele></trkpt><trkpt lat="55.6573057" lon="14.2637735" /><trkpt lat="55.6573366" lon="14.2637016" /><trkpt lat="55.6574055" lon="14.2636073"><ele>57.0</ele></trkpt><trkpt lat="55.6574217" lon="14.2635705" /><trkpt lat="55.6576847" lon="14.2632534"><ele>61.0</ele></trkpt><trkpt lat="55.6577096" lon="14.2631779" /><trkpt lat="55.6577486" lon="14.2631087" /><trkpt lat="55.6577699" lon="14.2629874"><ele>63.0</ele></trkpt><trkpt lat="55.6577825" lon="14.2629506" /><trkpt lat="55.6578358" lon="14.2628419" /><trkpt lat="55.6578439" lon="14.2628006" /><trkpt lat="55.6578530" lon="14.2627036"><ele>65.0</ele></trkpt><trkpt lat="55.6578717" lon="14.2625985" /><trkpt lat="55.6579847" lon="14.2624530"><ele>68.0</ele></trkpt><trkpt lat="55.6580268" lon="14.2623595" /><trkpt lat="55.6580258" lon="14.2623227" /><trkpt lat="55.6580628" lon="14.2622499" /><trkpt lat="55.6580648" lon="14.2621933"><ele>70.0</ele></trkpt><trkpt lat="55.6580805" lon="14.2621125" /><trkpt lat="55.6581545" lon="14.2620271" /><trkpt lat="55.6581636" lon="14.2619095"><ele>72.0</ele></trkpt><trkpt lat="55.6582037" lon="14.2617675" /><trkpt lat="55.6582346" lon="14.2617334" /><trkpt lat="55.6583476" lon="14.2616535"><ele>75.0</ele></trkpt><trkpt lat="55.6584089" lon="14.2615286" /><trkpt lat="55.6584586" lon="14.2614603"><ele>76.0</ele></trkpt><trkpt lat="55.6584890" lon="14.2613363" /><trkpt lat="55.6585118" lon="14.2613112" /><trkpt lat="55.6586349" lon="14.2611055"><ele>79.0</ele></trkpt><trkpt lat="55.6587778" lon="14.2609519"><ele>81.0</ele></trkpt><trkpt lat="55.6589116" lon="14.2608809" /><trkpt lat="55.6589886" lon="14.2607992"><ele>83.0</ele></trkpt><trkpt lat="55.6590748" lon="14.2606393" /><trkpt lat="55.6591397" lon="14.2604425"><ele>85.0</ele></trkpt><trkpt lat="55.6592136" lon="14.2601488"><ele>87.0</ele></trkpt><trkpt lat="55.6592587" lon="14.2599889" /><trkpt lat="55.6592770" lon="14.2598784"><ele>88.0</ele></trkpt><trkpt lat="55.6592795" lon="14.2596610" /><trkpt lat="55.6592947" lon="14.2593960"><ele>89.0</ele></trkpt><trkpt lat="55.6593018" lon="14.2593699" /><trkpt lat="55.6593576" lon="14.2593547" /><trkpt lat="55.6595207" lon="14.2594831"><ele>91.0</ele></trkpt><trkpt lat="55.6596945" lon="14.2596565"><ele>91.0</ele></trkpt><trkpt lat="55.6597650" lon="14.2597634" /><trkpt lat="55.6599008" lon="14.2599116"><ele>92.0</ele></trkpt><trkpt lat="55.6600178" lon="14.2600518" /><trkpt lat="55.6601866" lon="14.2601946"><ele>92.0</ele></trkpt><trkpt lat="55.6603776" lon="14.2603105"><ele>92.0</ele></trkpt><trkpt lat="55.6605945" lon="14.2604425"><ele>94.0</ele></trkpt><trkpt lat="55.6607486" lon="14.2605925"><ele>94.0</ele></trkpt><trkpt lat="55.6609229" lon="14.2607147"><ele>94.0</ele></trkpt><trkpt lat="55.6611028" lon="14.2607848"><ele>94.0</ele></trkpt><trkpt lat="55.6611519" lon="14.2608153" /><trkpt lat="55.6612239" lon="14.2608755" /><trkpt lat="55.6613729" lon="14.2608953"><ele>94.0</ele></trkpt><trkpt lat="55.6615178" lon="14.2609285" /><trkpt lat="55.6616926" lon="14.2609285"><ele>94.0</ele></trkpt><trkpt lat="55.6619069" lon="14.2608989"><ele>93.0</ele></trkpt><trkpt lat="55.6621147" lon="14.2608575"><ele>93.0</ele></trkpt><trkpt lat="55.6621638" lon="14.2608396" /><trkpt lat="55.6623589" lon="14.2607219"><ele>93.0</ele></trkpt><trkpt lat="55.6623898" lon="14.2606932" /><trkpt lat="55.6625626" lon="14.2604928"><ele>93.0</ele></trkpt><trkpt lat="55.6627846" lon="14.2602629"><ele>94.0</ele></trkpt><trkpt lat="55.6629695" lon="14.2601524"><ele>94.0</ele></trkpt><trkpt lat="55.6631955" lon="14.2600787"><ele>94.0</ele></trkpt><trkpt lat="55.6634858" lon="14.2600014"><ele>92.0</ele></trkpt><trkpt lat="55.6636748" lon="14.2599143"><ele>92.0</ele></trkpt><trkpt lat="55.6637326" lon="14.2598622" /><trkpt lat="55.6638127" lon="14.2597320"><ele>93.0</ele></trkpt><trkpt lat="55.6638816" lon="14.2595747" /><trkpt lat="55.6639905" lon="14.2593484"><ele>95.0</ele></trkpt><trkpt lat="55.6640949" lon="14.2590250"><ele>97.0</ele></trkpt><trkpt lat="55.6641506" lon="14.2589387" /><trkpt lat="55.6641795" lon="14.2588714" /><trkpt lat="55.6642398" lon="14.2586953"><ele>98.0</ele></trkpt><trkpt lat="55.6642768" lon="14.2586019" /><trkpt lat="55.6644257" lon="14.2582767"><ele>98.0</ele></trkpt><trkpt lat="55.6645418" lon="14.2580584"><ele>98.0</ele></trkpt><trkpt lat="55.6646178" lon="14.2579659" /><trkpt lat="55.6646897" lon="14.2579030"><ele>98.0</ele></trkpt><trkpt lat="55.6648316" lon="14.2578176" /><trkpt lat="55.6648787" lon="14.2577655"><ele>98.0</ele></trkpt><trkpt lat="55.6650327" lon="14.2576317"><ele>98.0</ele></trkpt><trkpt lat="55.6651386" lon="14.2574134"><ele>99.0</ele></trkpt><trkpt lat="55.6652537" lon="14.2569705"><ele>102.0</ele></trkpt><trkpt lat="55.6652359" lon="14.2568232" /><trkpt lat="55.6652496" lon="14.2567603" /><trkpt lat="55.6652187" lon="14.2564046"><ele>105.0</ele></trkpt><trkpt lat="55.6652567" lon="14.2561342"><ele>106.0</ele></trkpt><trkpt lat="55.6652795" lon="14.2558611"><ele>107.0</ele></trkpt><trkpt lat="55.6652988" lon="14.2556895" /><trkpt lat="55.6653129" lon="14.2552628"><ele>109.0</ele></trkpt><trkpt lat="55.6653150" lon="14.2548802"><ele>110.0</ele></trkpt><trkpt lat="55.6653119" lon="14.2548164" /><trkpt lat="55.6653170" lon="14.2547607" /><trkpt lat="55.6653266" lon="14.2544651"><ele>110.0</ele></trkpt><trkpt lat="55.6653256" lon="14.2542298" /><trkpt lat="55.6653368" lon="14.2538713"><ele>110.0</ele></trkpt><trkpt lat="55.6653540" lon="14.2537555" /><trkpt lat="55.6654269" lon="14.2536054"><ele>109.0</ele></trkpt><trkpt lat="55.6655845" lon="14.2534285"><ele>109.0</ele></trkpt><trkpt lat="55.6656007" lon="14.2533117" /><trkpt lat="55.6656007" lon="14.2531994" /><trkpt lat="55.6655617" lon="14.2528500"><ele>109.0</ele></trkpt><trkpt lat="55.6655430" lon="14.2527395" /><trkpt lat="55.6655070" lon="14.2524233"><ele>110.0</ele></trkpt><trkpt lat="55.6654928" lon="14.2520514"><ele>110.0</ele></trkpt><trkpt lat="55.6654437" lon="14.2515878"><ele>110.0</ele></trkpt><trkpt lat="55.6653900" lon="14.2511396"><ele>111.0</ele></trkpt><trkpt lat="55.6653717" lon="14.2508270"><ele>111.0</ele></trkpt><trkpt lat="55.6653216" lon="14.2502404"><ele>112.0</ele></trkpt><trkpt lat="55.6652618" lon="14.2499188"><ele>112.0</ele></trkpt><trkpt lat="55.6652339" lon="14.2497409" /><trkpt lat="55.6651589" lon="14.2494121"><ele>113.0</ele></trkpt><trkpt lat="55.6651275" lon="14.2492351" /><trkpt lat="55.6650606" lon="14.2486890"><ele>113.0</ele></trkpt><trkpt lat="55.6650307" lon="14.2485273" /><trkpt lat="55.6649649" lon="14.2480628"><ele>113.0</ele></trkpt><trkpt lat="55.6649547" lon="14.2476748"><ele>113.0</ele></trkpt><trkpt lat="55.6649051" lon="14.2473235"><ele>113.0</ele></trkpt><trkpt lat="55.6648478" lon="14.2469193"><ele>113.0</ele></trkpt><trkpt lat="55.6647738" lon="14.2463246"><ele>112.0</ele></trkpt><trkpt lat="55.6647414" lon="14.2459653"><ele>111.0</ele></trkpt><trkpt lat="55.6647039" lon="14.2455440"><ele>110.0</ele></trkpt><trkpt lat="55.6646872" lon="14.2451164"><ele>109.0</ele></trkpt><trkpt lat="55.6646588" lon="14.2443708"><ele>107.0</ele></trkpt><trkpt lat="55.6646517" lon="14.2442477" /><trkpt lat="55.6646340" lon="14.2440573"><ele>106.0</ele></trkpt><trkpt lat="55.6646289" lon="14.2439378" /><trkpt lat="55.6646188" lon="14.2433997"><ele>106.0</ele></trkpt><trkpt lat="55.6645965" lon="14.2429739"><ele>105.0</ele></trkpt><trkpt lat="55.6646026" lon="14.2425795"><ele>105.0</ele></trkpt><trkpt lat="55.6646168" lon="14.2424717" /><trkpt lat="55.6646456" lon="14.2421519"><ele>105.0</ele></trkpt><trkpt lat="55.6646467" lon="14.2420369" /><trkpt lat="55.6646477" lon="14.2417010"><ele>104.0</ele></trkpt><trkpt lat="55.6646320" lon="14.2412842"><ele>104.0</ele></trkpt><trkpt lat="55.6646269" lon="14.2409293"><ele>103.0</ele></trkpt><trkpt lat="55.6646147" lon="14.2404945"><ele>103.0</ele></trkpt><trkpt lat="55.6645950" lon="14.2400912"><ele>102.0</ele></trkpt><trkpt lat="55.6645438" lon="14.2396304"><ele>101.0</ele></trkpt><trkpt lat="55.6645190" lon="14.2393025"><ele>101.0</ele></trkpt><trkpt lat="55.6645159" lon="14.2391677" /><trkpt lat="55.6645245" lon="14.2388416"><ele>100.0</ele></trkpt><trkpt lat="55.6645205" lon="14.2387743" /><trkpt lat="55.6645306" lon="14.2382227"><ele>99.0</ele></trkpt><trkpt lat="55.6645666" lon="14.2379038"><ele>98.0</ele></trkpt><trkpt lat="55.6645580" lon="14.2375579"><ele>97.0</ele></trkpt><trkpt lat="55.6645625" lon="14.2371923"><ele>97.0</ele></trkpt><trkpt lat="55.6645489" lon="14.2367836"><ele>97.0</ele></trkpt><trkpt lat="55.6645479" lon="14.2365707" /><trkpt lat="55.6645256" lon="14.2360892"><ele>96.0</ele></trkpt><trkpt lat="55.6645099" lon="14.2355825"><ele>94.0</ele></trkpt><trkpt lat="55.6645109" lon="14.2352169"><ele>94.0</ele></trkpt><trkpt lat="55.6644926" lon="14.2348549"><ele>93.0</ele></trkpt><trkpt lat="55.6645109" lon="14.2344893"><ele>93.0</ele></trkpt><trkpt lat="55.6645169" lon="14.2344327" /><trkpt lat="55.6644759" lon="14.2336530"><ele>93.0</ele></trkpt><trkpt lat="55.6644936" lon="14.2333197"><ele>93.0</ele></trkpt><trkpt lat="55.6644957" lon="14.2332065" /><trkpt lat="55.6644708" lon="14.2327439"><ele>92.0</ele></trkpt><trkpt lat="55.6644947" lon="14.2323971"><ele>92.0</ele></trkpt><trkpt lat="55.6645190" lon="14.2323558" /><trkpt lat="55.6645838" lon="14.2323064" /><trkpt lat="55.6650637" lon="14.2320773"><ele>91.0</ele></trkpt><trkpt lat="55.6651285" lon="14.2320576" /><trkpt lat="55.6653879" lon="14.2320126"><ele>91.0</ele></trkpt><trkpt lat="55.6656995" lon="14.2319480"><ele>91.0</ele></trkpt><trkpt lat="55.6658368" lon="14.2319084" /><trkpt lat="55.6660319" lon="14.2318357"><ele>91.0</ele></trkpt><trkpt lat="55.6663810" lon="14.2317333"><ele>91.0</ele></trkpt><trkpt lat="55.6665168" lon="14.2317018" /><trkpt lat="55.6668618" lon="14.2315527"><ele>90.0</ele></trkpt><trkpt lat="55.6670098" lon="14.2315204" /><trkpt lat="55.6671800" lon="14.2315374"><ele>89.0</ele></trkpt><trkpt lat="55.6673867" lon="14.2315464"><ele>89.0</ele></trkpt><trkpt lat="55.6676218" lon="14.2315159"><ele>89.0</ele></trkpt><trkpt lat="55.6679810" lon="14.2315177"><ele>88.0</ele></trkpt><trkpt lat="55.6682607" lon="14.2315446"><ele>88.0</ele></trkpt><trkpt lat="55.6685317" lon="14.2316048"><ele>87.0</ele></trkpt><trkpt lat="55.6687207" lon="14.2316255"><ele>87.0</ele></trkpt><trkpt lat="55.6688980" lon="14.2316282"><ele>87.0</ele></trkpt><trkpt lat="55.6691229" lon="14.2316533"><ele>87.0</ele></trkpt><trkpt lat="55.6694517" lon="14.2316919"><ele>86.0</ele></trkpt><trkpt lat="55.6696589" lon="14.2316758"><ele>86.0</ele></trkpt><trkpt lat="55.6699578" lon="14.2316273"><ele>86.0</ele></trkpt><trkpt lat="55.6701635" lon="14.2315617"><ele>85.0</ele></trkpt><trkpt lat="55.6704346" lon="14.2314458"><ele>84.0</ele></trkpt><trkpt lat="55.6705440" lon="14.2313874" /><trkpt lat="55.6707608" lon="14.2313120"><ele>82.0</ele></trkpt><trkpt lat="55.6710207" lon="14.2312473"><ele>81.0</ele></trkpt><trkpt lat="55.6713307" lon="14.2312104"><ele>79.0</ele></trkpt><trkpt lat="55.6714417" lon="14.2312275" /><trkpt lat="55.6716828" lon="14.2313299"><ele>78.0</ele></trkpt><trkpt lat="55.6718470" lon="14.2314054"><ele>78.0</ele></trkpt><trkpt lat="55.6720916" lon="14.2315302"><ele>77.0</ele></trkpt><trkpt lat="55.6723363" lon="14.2316551"><ele>77.0</ele></trkpt><trkpt lat="55.6725906" lon="14.2317854"><ele>76.0</ele></trkpt><trkpt lat="55.6727218" lon="14.2318384" /><trkpt lat="55.6728849" lon="14.2319300"><ele>75.0</ele></trkpt><trkpt lat="55.6730516" lon="14.2320064"><ele>74.0</ele></trkpt><trkpt lat="55.6731636" lon="14.2320342" /><trkpt lat="55.6733799" lon="14.2321070"><ele>72.0</ele></trkpt><trkpt lat="55.6736899" lon="14.2321465"><ele>70.0</ele></trkpt><trkpt lat="55.6738809" lon="14.2321573"><ele>68.0</ele></trkpt><trkpt lat="55.6740267" lon="14.2321609" /><trkpt lat="55.6742106" lon="14.2321510"><ele>64.0</ele></trkpt><trkpt lat="55.6743185" lon="14.2321528" /><trkpt lat="55.6746027" lon="14.2321923"><ele>60.0</ele></trkpt><trkpt lat="55.6748266" lon="14.2321878"><ele>59.0</ele></trkpt><trkpt lat="55.6750176" lon="14.2322291"><ele>57.0</ele></trkpt><trkpt lat="55.6753210" lon="14.2324106"><ele>55.0</ele></trkpt><trkpt lat="55.6754446" lon="14.2325085" /><trkpt lat="55.6755646" lon="14.2325903"><ele>53.0</ele></trkpt><trkpt lat="55.6756700" lon="14.2326999" /><trkpt lat="55.6757146" lon="14.2327340"><ele>51.0</ele></trkpt><trkpt lat="55.6758539" lon="14.2328059" /><trkpt lat="55.6758929" lon="14.2328050"><ele>50.0</ele></trkpt><trkpt lat="55.6759638" lon="14.2328005" /><trkpt lat="55.6761497" lon="14.2327645"><ele>47.0</ele></trkpt><trkpt lat="55.6762480" lon="14.2327529" /><trkpt lat="55.6765108" lon="14.2326837"><ele>44.0</ele></trkpt><trkpt lat="55.6766998" lon="14.2326711"><ele>43.0</ele></trkpt><trkpt lat="55.6769115" lon="14.2326460"><ele>41.0</ele></trkpt><trkpt lat="55.6771698" lon="14.2325956"><ele>39.0</ele></trkpt><trkpt lat="55.6772428" lon="14.2325732" /><trkpt lat="55.6775938" lon="14.2324115"><ele>36.0</ele></trkpt><trkpt lat="55.6777027" lon="14.2323513" /><trkpt lat="55.6778577" lon="14.2322426"><ele>35.0</ele></trkpt><trkpt lat="55.6779190" lon="14.2321914" /><trkpt lat="55.6781140" lon="14.2319965"><ele>34.0</ele></trkpt><trkpt lat="55.6782715" lon="14.2318815"><ele>34.0</ele></trkpt><trkpt lat="55.6784356" lon="14.2317782"><ele>34.0</ele></trkpt><trkpt lat="55.6784665" lon="14.2317872" /><trkpt lat="55.6784928" lon="14.2318222" /><trkpt lat="55.6785496" lon="14.2320791"><ele>34.0</ele></trkpt><trkpt lat="55.6785607" lon="14.2323926"><ele>34.0</ele></trkpt><trkpt lat="55.6785957" lon="14.2327457"><ele>34.0</ele></trkpt><trkpt lat="55.6786539" lon="14.2329119" /><trkpt lat="55.6788028" lon="14.2329855"><ele>33.0</ele></trkpt><trkpt lat="55.6789598" lon="14.2330152"><ele>33.0</ele></trkpt><trkpt lat="55.6791179" lon="14.2331068"><ele>32.0</ele></trkpt><trkpt lat="55.6792607" lon="14.2332613"><ele>32.0</ele></trkpt><trkpt lat="55.6794000" lon="14.2334338"><ele>32.0</ele></trkpt><trkpt lat="55.6794537" lon="14.2334913" /><trkpt lat="55.6795099" lon="14.2335299" /><trkpt lat="55.6795337" lon="14.2335353" /><trkpt lat="55.6796375" lon="14.2335254"><ele>30.0</ele></trkpt><trkpt lat="55.6797398" lon="14.2334940" /><trkpt lat="55.6798639" lon="14.2334715"><ele>29.0</ele></trkpt><trkpt lat="55.6799080" lon="14.2334823" /><trkpt lat="55.6800067" lon="14.2335254" /><trkpt lat="55.6801217" lon="14.2335631"><ele>27.0</ele></trkpt><trkpt lat="55.6803299" lon="14.2337149"><ele>25.0</ele></trkpt><trkpt lat="55.6803608" lon="14.2337509" /><trkpt lat="55.6804930" lon="14.2338416"><ele>24.0</ele></trkpt><trkpt lat="55.6805988" lon="14.2339341" /><trkpt lat="55.6807219" lon="14.2340572"><ele>20.0</ele></trkpt><trkpt lat="55.6808298" lon="14.2341327" /><trkpt lat="55.6809777" lon="14.2342863"><ele>18.0</ele></trkpt><trkpt lat="55.6810997" lon="14.2343824" /><trkpt lat="55.6812127" lon="14.2344552"><ele>16.0</ele></trkpt><trkpt lat="55.6812795" lon="14.2344857" /><trkpt lat="55.6814588" lon="14.2346519"><ele>14.0</ele></trkpt><trkpt lat="55.6814836" lon="14.2346896" /><trkpt lat="55.6817829" lon="14.2350328"><ele>13.0</ele></trkpt><trkpt lat="55.6818037" lon="14.2350624" /><trkpt lat="55.6819329" lon="14.2351612"><ele>13.0</ele></trkpt><trkpt lat="55.6820397" lon="14.2352654" /><trkpt lat="55.6824206" lon="14.2357694"><ele>13.0</ele></trkpt><trkpt lat="55.6824626" lon="14.2357380" /><trkpt lat="55.6825026" lon="14.2356616" /><trkpt lat="55.6826267" lon="14.2354730"><ele>14.0</ele></trkpt><trkpt lat="55.6826905" lon="14.2354846" /><trkpt lat="55.6827685" lon="14.2355673"><ele>14.0</ele></trkpt><trkpt lat="55.6828419" lon="14.2355772" /><trkpt lat="55.6829918" lon="14.2355134"><ele>15.0</ele></trkpt><trkpt lat="55.6831929" lon="14.2354406"><ele>15.0</ele></trkpt><trkpt lat="55.6834127" lon="14.2353256"><ele>15.0</ele></trkpt><trkpt lat="55.6835130" lon="14.2353256" /><trkpt lat="55.6836917" lon="14.2353669"><ele>14.0</ele></trkpt><trkpt lat="55.6838396" lon="14.2354379"><ele>13.0</ele></trkpt><trkpt lat="55.6839986" lon="14.2355709"><ele>12.0</ele></trkpt><trkpt lat="55.6840447" lon="14.2356293" /><trkpt lat="55.6841810" lon="14.2357182"><ele>10.0</ele></trkpt><trkpt lat="55.6843628" lon="14.2356778"><ele>10.0</ele></trkpt><trkpt lat="55.6844326" lon="14.2356194" /><trkpt lat="55.6849507" lon="14.2350723"><ele>10.0</ele></trkpt><trkpt lat="55.6851188" lon="14.2348603"><ele>9.0</ele></trkpt><trkpt lat="55.6853199" lon="14.2346097"><ele>7.0</ele></trkpt><trkpt lat="55.6854257" lon="14.2343815"><ele>7.0</ele></trkpt><trkpt lat="55.6855939" lon="14.2340536"><ele>6.0</ele></trkpt><trkpt lat="55.6856769" lon="14.2337392"><ele>6.0</ele></trkpt><trkpt lat="55.6856688" lon="14.2334131"><ele>6.0</ele></trkpt><trkpt lat="55.6856708" lon="14.2330843"><ele>6.0</ele></trkpt><trkpt lat="55.6856329" lon="14.2326289"><ele>6.0</ele></trkpt><trkpt lat="55.6856237" lon="14.2323863" /><trkpt lat="55.6856329" lon="14.2320216"><ele>6.0</ele></trkpt><trkpt lat="55.6856410" lon="14.2319012" /><trkpt lat="55.6856597" lon="14.2317899" /><trkpt lat="55.6857478" lon="14.2314889"><ele>5.0</ele></trkpt><trkpt lat="55.6858759" lon="14.2311359"><ele>5.0</ele></trkpt><trkpt lat="55.6859058" lon="14.2310353" /><trkpt lat="55.6859656" lon="14.2307595"><ele>4.0</ele></trkpt><trkpt lat="55.6860015" lon="14.2306553" /><trkpt lat="55.6861398" lon="14.2303148"><ele>3.0</ele></trkpt><trkpt lat="55.6862086" lon="14.2301855" /><trkpt lat="55.6863530" lon="14.2299438"><ele>3.0</ele></trkpt><trkpt lat="55.6865358" lon="14.2296761"><ele>3.0</ele></trkpt><trkpt lat="55.6866796" lon="14.2294408"><ele>3.0</ele></trkpt><trkpt lat="55.6867257" lon="14.2293797" /><trkpt lat="55.6868715" lon="14.2292135"><ele>2.0</ele></trkpt><trkpt lat="55.6870270" lon="14.2290069"><ele>1.0</ele></trkpt><trkpt lat="55.6871075" lon="14.2289099" /><trkpt lat="55.6872559" lon="14.2287068"><ele>1.0</ele></trkpt><trkpt lat="55.6874169" lon="14.2284041"><ele>1.0</ele></trkpt><trkpt lat="55.6874589" lon="14.2282586" /><trkpt lat="55.6874275" lon="14.2280053"><ele>1.0</ele></trkpt><trkpt lat="55.6872559" lon="14.2276783"><ele>2.0</ele></trkpt><trkpt lat="55.6872559" lon="14.2276666" /><trkpt lat="55.6872488" lon="14.2276666" /><trkpt lat="55.6872159" lon="14.2276055" /><trkpt lat="55.6871667" lon="14.2273423"><ele>3.0</ele></trkpt><trkpt lat="55.6871688" lon="14.2270746" /><trkpt lat="55.6870660" lon="14.2268258"><ele>4.0</ele></trkpt><trkpt lat="55.6869996" lon="14.2266874" /><trkpt lat="55.6868816" lon="14.2264718"><ele>5.0</ele></trkpt><trkpt lat="55.6867606" lon="14.2262733"><ele>6.0</ele></trkpt><trkpt lat="55.6867267" lon="14.2261386" /><trkpt lat="55.6867358" lon="14.2260847" /><trkpt lat="55.6867748" lon="14.2259364"><ele>6.0</ele></trkpt><trkpt lat="55.6868568" lon="14.2257604" /><trkpt lat="55.6869536" lon="14.2254999"><ele>6.0</ele></trkpt><trkpt lat="55.6870827" lon="14.2252429"><ele>6.0</ele></trkpt><trkpt lat="55.6871085" lon="14.2251998" /><trkpt lat="55.6872230" lon="14.2249052"><ele>6.0</ele></trkpt><trkpt lat="55.6872488" lon="14.2247677" /><trkpt lat="55.6872407" lon="14.2247237" /><trkpt lat="55.6872346" lon="14.2245144"><ele>7.0</ele></trkpt><trkpt lat="55.6873420" lon="14.2242710"><ele>7.0</ele></trkpt><trkpt lat="55.6873409" lon="14.2240563" /><trkpt lat="55.6872619" lon="14.2238029"><ele>8.0</ele></trkpt><trkpt lat="55.6872179" lon="14.2235334"><ele>9.0</ele></trkpt><trkpt lat="55.6872295" lon="14.2234858" /><trkpt lat="55.6872508" lon="14.2233556" /><trkpt lat="55.6872209" lon="14.2232343"><ele>10.0</ele></trkpt><trkpt lat="55.6872179" lon="14.2231849" /><trkpt lat="55.6872498" lon="14.2229522"><ele>9.0</ele></trkpt><trkpt lat="55.6873409" lon="14.2229549" /><trkpt lat="55.6874458" lon="14.2230124"><ele>9.0</ele></trkpt><trkpt lat="55.6875516" lon="14.2230466" /><trkpt lat="55.6876726" lon="14.2231723"><ele>7.0</ele></trkpt><trkpt lat="55.6878438" lon="14.2236412"><ele>6.0</ele></trkpt><trkpt lat="55.6879729" lon="14.2235532" /><trkpt lat="55.6881577" lon="14.2233753"><ele>6.0</ele></trkpt><trkpt lat="55.6882079" lon="14.2232873" /><trkpt lat="55.6883719" lon="14.2231067"><ele>6.0</ele></trkpt><trkpt lat="55.6883967" lon="14.2230717" /><trkpt lat="55.6884216" lon="14.2230142" /><trkpt lat="55.6884317" lon="14.2228543"><ele>6.0</ele></trkpt><trkpt lat="55.6883790" lon="14.2225273"><ele>7.0</ele></trkpt><trkpt lat="55.6883259" lon="14.2221967"><ele>7.0</ele></trkpt><trkpt lat="55.6882717" lon="14.2219524" /><trkpt lat="55.6882170" lon="14.2216182"><ele>8.0</ele></trkpt><trkpt lat="55.6881648" lon="14.2214179" /><trkpt lat="55.6881608" lon="14.2213739" /><trkpt lat="55.6881258" lon="14.2212454"><ele>11.0</ele></trkpt><trkpt lat="55.6880686" lon="14.2210855" /><trkpt lat="55.6880317" lon="14.2209337"><ele>13.0</ele></trkpt><trkpt lat="55.6879678" lon="14.2207208" /><trkpt lat="55.6879699" lon="14.2206687"><ele>15.0</ele></trkpt><trkpt lat="55.6879527" lon="14.2204720" /><trkpt lat="55.6879506" lon="14.2204019" /><trkpt lat="55.6879086" lon="14.2202546"><ele>17.0</ele></trkpt><trkpt lat="55.6878899" lon="14.2201145" /><trkpt lat="55.6878737" lon="14.2200507" /><trkpt lat="55.6878615" lon="14.2199761"><ele>20.0</ele></trkpt><trkpt lat="55.6878696" lon="14.2199492" /><trkpt lat="55.6878787" lon="14.2199447" /><trkpt lat="55.6878868" lon="14.2199231" /><trkpt lat="55.6879000" lon="14.2196967"><ele>21.0</ele></trkpt><trkpt lat="55.6878919" lon="14.2195638" /><trkpt lat="55.6879005" lon="14.2195252" /><trkpt lat="55.6879045" lon="14.2193931"><ele>22.0</ele></trkpt><trkpt lat="55.6879319" lon="14.2192709" /><trkpt lat="55.6879749" lon="14.2192045" /><trkpt lat="55.6880767" lon="14.2190895"><ele>24.0</ele></trkpt><trkpt lat="55.6882286" lon="14.2188829"><ele>24.0</ele></trkpt><trkpt lat="55.6884297" lon="14.2185846"><ele>24.0</ele></trkpt><trkpt lat="55.6885806" lon="14.2185415"><ele>23.0</ele></trkpt><trkpt lat="55.6886687" lon="14.2187562" /><trkpt lat="55.6887066" lon="14.2188092"><ele>23.0</ele></trkpt><trkpt lat="55.6887548" lon="14.2188415" /><trkpt lat="55.6888429" lon="14.2189754"><ele>22.0</ele></trkpt><trkpt lat="55.6888859" lon="14.2189862" /><trkpt lat="55.6889467" lon="14.2189538" /><trkpt lat="55.6889649" lon="14.2189583" /><trkpt lat="55.6889958" lon="14.2190014"><ele>20.0</ele></trkpt><trkpt lat="55.6890317" lon="14.2190796" /><trkpt lat="55.6891117" lon="14.2192808"><ele>18.0</ele></trkpt><trkpt lat="55.6892419" lon="14.2194317"><ele>16.0</ele></trkpt><trkpt lat="55.6893280" lon="14.2196096" /><trkpt lat="55.6893705" lon="14.2196428"><ele>14.0</ele></trkpt><trkpt lat="55.6893907" lon="14.2196707" /><trkpt lat="55.6894100" lon="14.2197372" /><trkpt lat="55.6894186" lon="14.2198557" /><trkpt lat="55.6894667" lon="14.2200219"><ele>11.0</ele></trkpt><trkpt lat="55.6895847" lon="14.2203256"><ele>10.0</ele></trkpt><trkpt lat="55.6897290" lon="14.2207424"><ele>8.0</ele></trkpt><trkpt lat="55.6898576" lon="14.2211646"><ele>6.0</ele></trkpt><trkpt lat="55.6899467" lon="14.2214116"><ele>5.0</ele></trkpt><trkpt lat="55.6900085" lon="14.2216164" /><trkpt lat="55.6900369" lon="14.2217233"><ele>4.0</ele></trkpt><trkpt lat="55.6900769" lon="14.2217916" /><trkpt lat="55.6901027" lon="14.2217943" /><trkpt lat="55.6902019" lon="14.2216649"><ele>4.0</ele></trkpt><trkpt lat="55.6904597" lon="14.2212463"><ele>4.0</ele></trkpt><trkpt lat="55.6906217" lon="14.2209580"><ele>4.0</ele></trkpt><trkpt lat="55.6907447" lon="14.2207127"><ele>4.0</ele></trkpt><trkpt lat="55.6908779" lon="14.2203795"><ele>4.0</ele></trkpt><trkpt lat="55.6909949" lon="14.2201073"><ele>4.0</ele></trkpt><trkpt lat="55.6911620" lon="14.2196617"><ele>5.0</ele></trkpt><trkpt lat="55.6912830" lon="14.2194210"><ele>5.0</ele></trkpt><trkpt lat="55.6915417" lon="14.2190248"><ele>5.0</ele></trkpt><trkpt lat="55.6917048" lon="14.2188011"><ele>4.0</ele></trkpt><trkpt lat="55.6919078" lon="14.2185424"><ele>4.0</ele></trkpt><trkpt lat="55.6921589" lon="14.2182460"><ele>4.0</ele></trkpt><trkpt lat="55.6922045" lon="14.2181777" /><trkpt lat="55.6922399" lon="14.2180870" /><trkpt lat="55.6922440" lon="14.2179872"><ele>5.0</ele></trkpt><trkpt lat="55.6922349" lon="14.2177393" /><trkpt lat="55.6922030" lon="14.2174366"><ele>7.0</ele></trkpt><trkpt lat="55.6921787" lon="14.2170422"><ele>10.0</ele></trkpt><trkpt lat="55.6921498" lon="14.2168266" /><trkpt lat="55.6921078" lon="14.2166317"><ele>12.0</ele></trkpt><trkpt lat="55.6921068" lon="14.2165958" /><trkpt lat="55.6921220" lon="14.2165329" /><trkpt lat="55.6921589" lon="14.2162149"><ele>15.0</ele></trkpt><trkpt lat="55.6921685" lon="14.2160622" /><trkpt lat="55.6921848" lon="14.2160083" /><trkpt lat="55.6922217" lon="14.2159211"><ele>16.0</ele></trkpt><trkpt lat="55.6922789" lon="14.2157127" /><trkpt lat="55.6922926" lon="14.2154953"><ele>18.0</ele></trkpt><trkpt lat="55.6922855" lon="14.2154594" /><trkpt lat="55.6922840" lon="14.2154163" /><trkpt lat="55.6922875" lon="14.2153282" /><trkpt lat="55.6923199" lon="14.2151584"><ele>19.0</ele></trkpt><trkpt lat="55.6923427" lon="14.2149581" /><trkpt lat="55.6923539" lon="14.2149015" /><trkpt lat="55.6923979" lon="14.2145647"><ele>23.0</ele></trkpt><trkpt lat="55.6924349" lon="14.2143607" /><trkpt lat="55.6924668" lon="14.2140948"><ele>25.0</ele></trkpt><trkpt lat="55.6925047" lon="14.2138927" /><trkpt lat="55.6925898" lon="14.2134966"><ele>25.0</ele></trkpt><trkpt lat="55.6926207" lon="14.2131327"><ele>25.0</ele></trkpt><trkpt lat="55.6926587" lon="14.2128138"><ele>25.0</ele></trkpt><trkpt lat="55.6926728" lon="14.2127617" /><trkpt lat="55.6928116" lon="14.2125219"><ele>24.0</ele></trkpt><trkpt lat="55.6930156" lon="14.2121868"><ele>23.0</ele></trkpt><trkpt lat="55.6931007" lon="14.2120638" /><trkpt lat="55.6932359" lon="14.2119802"><ele>23.0</ele></trkpt><trkpt lat="55.6933078" lon="14.2119083" /><trkpt lat="55.6934850" lon="14.2117511"><ele>23.0</ele></trkpt><trkpt lat="55.6935938" lon="14.2116865" /><trkpt lat="55.6939346" lon="14.2115122"><ele>23.0</ele></trkpt><trkpt lat="55.6941411" lon="14.2113729"><ele>23.0</ele></trkpt><trkpt lat="55.6944287" lon="14.2111807"><ele>22.0</ele></trkpt><trkpt lat="55.6946667" lon="14.2109975"><ele>22.0</ele></trkpt><trkpt lat="55.6947219" lon="14.2109615" /><trkpt lat="55.6949087" lon="14.2108088"><ele>22.0</ele></trkpt><trkpt lat="55.6949907" lon="14.2107549" /><trkpt lat="55.6953087" lon="14.2105564"><ele>22.0</ele></trkpt><trkpt lat="55.6954975" lon="14.2104746"><ele>22.0</ele></trkpt><trkpt lat="55.6956858" lon="14.2103489"><ele>22.0</ele></trkpt><trkpt lat="55.6958590" lon="14.2102492"><ele>23.0</ele></trkpt><trkpt lat="55.6959688" lon="14.2102698" /><trkpt lat="55.6961126" lon="14.2101611"><ele>24.0</ele></trkpt><trkpt lat="55.6961688" lon="14.2101333" /><trkpt lat="55.6962255" lon="14.2101243" /><trkpt lat="55.6963496" lon="14.2101539"><ele>24.0</ele></trkpt><trkpt lat="55.6964528" lon="14.2102033" /><trkpt lat="55.6965166" lon="14.2103147"><ele>22.0</ele></trkpt><trkpt lat="55.6965349" lon="14.2103192" /><trkpt lat="55.6966260" lon="14.2103057" /><trkpt lat="55.6967369" lon="14.2102141"><ele>22.0</ele></trkpt><trkpt lat="55.6968558" lon="14.2100354"><ele>22.0</ele></trkpt><trkpt lat="55.6970097" lon="14.2095880"><ele>22.0</ele></trkpt><trkpt lat="55.6970629" lon="14.2093634" /><trkpt lat="55.6970917" lon="14.2092709"><ele>24.0</ele></trkpt><trkpt lat="55.6971996" lon="14.2090014"><ele>24.0</ele></trkpt><trkpt lat="55.6972208" lon="14.2089008" /><trkpt lat="55.6972917" lon="14.2086466"><ele>25.0</ele></trkpt><trkpt lat="55.6973656" lon="14.2081857"><ele>24.0</ele></trkpt><trkpt lat="55.6974016" lon="14.2081192" /><trkpt lat="55.6974618" lon="14.2080321" /><trkpt lat="55.6975205" lon="14.2079513"><ele>24.0</ele></trkpt><trkpt lat="55.6976299" lon="14.2078192" /><trkpt lat="55.6976598" lon="14.2077725"><ele>22.0</ele></trkpt><trkpt lat="55.6977828" lon="14.2076216" /><trkpt lat="55.6977990" lon="14.2075839"><ele>21.0</ele></trkpt><trkpt lat="55.6978147" lon="14.2075677" /><trkpt lat="55.6978329" lon="14.2076045" /><trkpt lat="55.6978370" lon="14.2076638" /><trkpt lat="55.6978496" lon="14.2077384" /><trkpt lat="55.6978678" lon="14.2077653" /><trkpt lat="55.6978729" lon="14.2078021"><ele>19.0</ele></trkpt><trkpt lat="55.6978587" lon="14.2079899" /><trkpt lat="55.6978876" lon="14.2082028"><ele>18.0</ele></trkpt><trkpt lat="55.6978947" lon="14.2083519" /><trkpt lat="55.6978658" lon="14.2086025"><ele>16.0</ele></trkpt><trkpt lat="55.6978628" lon="14.2086546" /><trkpt lat="55.6978699" lon="14.2087023" /><trkpt lat="55.6978896" lon="14.2087373" /><trkpt lat="55.6980678" lon="14.2089205"><ele>12.0</ele></trkpt><trkpt lat="55.6981397" lon="14.2090122" /><trkpt lat="55.6984146" lon="14.2093005"><ele>6.0</ele></trkpt><trkpt lat="55.6985098" lon="14.2094299" /><trkpt lat="55.6986869" lon="14.2095440"><ele>4.0</ele></trkpt><trkpt lat="55.6988100" lon="14.2095835" /><trkpt lat="55.6988520" lon="14.2095557"><ele>3.0</ele></trkpt><trkpt lat="55.6988818" lon="14.2095152" /><trkpt lat="55.6989507" lon="14.2093410"><ele>2.0</ele></trkpt><trkpt lat="55.6990357" lon="14.2090364"><ele>2.0</ele></trkpt><trkpt lat="55.6990757" lon="14.2088523" /><trkpt lat="55.6991375" lon="14.2084974"><ele>3.0</ele></trkpt><trkpt lat="55.6992418" lon="14.2080788"><ele>3.0</ele></trkpt><trkpt lat="55.6992636" lon="14.2079728" /><trkpt lat="55.6993258" lon="14.2076315"><ele>4.0</ele></trkpt><trkpt lat="55.6993688" lon="14.2072479"><ele>5.0</ele></trkpt><trkpt lat="55.6994180" lon="14.2069326"><ele>5.0</ele></trkpt><trkpt lat="55.6994827" lon="14.2065939"><ele>6.0</ele></trkpt><trkpt lat="55.6995845" lon="14.2063487"><ele>6.0</ele></trkpt><trkpt lat="55.6996630" lon="14.2062526" /><trkpt lat="55.6997369" lon="14.2061430"><ele>6.0</ele></trkpt><trkpt lat="55.6999039" lon="14.2059489"><ele>6.0</ele></trkpt><trkpt lat="55.7000857" lon="14.2057207"><ele>6.0</ele></trkpt><trkpt lat="55.7001429" lon="14.2056606" /><trkpt lat="55.7003099" lon="14.2055195"><ele>4.0</ele></trkpt><trkpt lat="55.7004987" lon="14.2053372"><ele>4.0</ele></trkpt><trkpt lat="55.7006400" lon="14.2050883"><ele>4.0</ele></trkpt><trkpt lat="55.7008339" lon="14.2045350"><ele>4.0</ele></trkpt><trkpt lat="55.7008566" lon="14.2045035" /><trkpt lat="55.7011948" lon="14.2042008"><ele>4.0</ele></trkpt><trkpt lat="55.7013988" lon="14.2040813"><ele>4.0</ele></trkpt><trkpt lat="55.7015866" lon="14.2040229"><ele>3.0</ele></trkpt><trkpt lat="55.7017769" lon="14.2039654"><ele>3.0</ele></trkpt><trkpt lat="55.7021206" lon="14.2037247"><ele>1.0</ele></trkpt><trkpt lat="55.7023039" lon="14.2037364"><ele>1.0</ele></trkpt><trkpt lat="55.7025398" lon="14.2036726"><ele>1.0</ele></trkpt><trkpt lat="55.7025716" lon="14.2036717" /><trkpt lat="55.7027645" lon="14.2037166"><ele>1.0</ele></trkpt><trkpt lat="55.7029467" lon="14.2037364"><ele>1.0</ele></trkpt><trkpt lat="55.7031355" lon="14.2037400"><ele>1.0</ele></trkpt><trkpt lat="55.7033006" lon="14.2036717"><ele>2.0</ele></trkpt><trkpt lat="55.7033846" lon="14.2036456" /><trkpt lat="55.7036655" lon="14.2036133"><ele>2.0</ele></trkpt><trkpt lat="55.7038680" lon="14.2036007"><ele>3.0</ele></trkpt><trkpt lat="55.7040289" lon="14.2035657"><ele>3.0</ele></trkpt><trkpt lat="55.7042790" lon="14.2034453"><ele>3.0</ele></trkpt><trkpt lat="55.7044648" lon="14.2033959"><ele>3.0</ele></trkpt><trkpt lat="55.7047917" lon="14.2032243"><ele>2.0</ele></trkpt><trkpt lat="55.7049750" lon="14.2031354"><ele>2.0</ele></trkpt><trkpt lat="55.7051587" lon="14.2030465"><ele>2.0</ele></trkpt><trkpt lat="55.7053379" lon="14.2029719"><ele>3.0</ele></trkpt><trkpt lat="55.7055449" lon="14.2029423"><ele>3.0</ele></trkpt><trkpt lat="55.7057580" lon="14.2029611"><ele>3.0</ele></trkpt><trkpt lat="55.7059610" lon="14.2029396"><ele>3.0</ele></trkpt><trkpt lat="55.7060779" lon="14.2028848" /><trkpt lat="55.7061325" lon="14.2028479"><ele>3.0</ele></trkpt><trkpt lat="55.7064858" lon="14.2027716"><ele>3.0</ele></trkpt><trkpt lat="55.7066797" lon="14.2025452"><ele>3.0</ele></trkpt><trkpt lat="55.7067839" lon="14.2024599" /><trkpt lat="55.7068356" lon="14.2024060"><ele>3.0</ele></trkpt><trkpt lat="55.7070405" lon="14.2023071"><ele>3.0</ele></trkpt><trkpt lat="55.7073027" lon="14.2021814"><ele>3.0</ele></trkpt><trkpt lat="55.7075047" lon="14.2020242"><ele>3.0</ele></trkpt><trkpt lat="55.7076778" lon="14.2019128"><ele>4.0</ele></trkpt><trkpt lat="55.7079237" lon="14.2018086"><ele>5.0</ele></trkpt><trkpt lat="55.7081323" lon="14.2017718"><ele>6.0</ele></trkpt><trkpt lat="55.7083899" lon="14.2017268"><ele>6.0</ele></trkpt><trkpt lat="55.7084810" lon="14.2017026" /><trkpt lat="55.7086576" lon="14.2015993"><ele>7.0</ele></trkpt><trkpt lat="55.7088099" lon="14.2015508"><ele>7.0</ele></trkpt><trkpt lat="55.7091789" lon="14.2014582"><ele>7.0</ele></trkpt><trkpt lat="55.7093636" lon="14.2014708"><ele>7.0</ele></trkpt><trkpt lat="55.7095570" lon="14.2013999"><ele>8.0</ele></trkpt><trkpt lat="55.7097219" lon="14.2013073"><ele>8.0</ele></trkpt><trkpt lat="55.7099699" lon="14.2011384"><ele>9.0</ele></trkpt><trkpt lat="55.7101668" lon="14.2010190"><ele>10.0</ele></trkpt><trkpt lat="55.7103207" lon="14.2008618"><ele>10.0</ele></trkpt><trkpt lat="55.7104689" lon="14.2006938"><ele>11.0</ele></trkpt><trkpt lat="55.7106228" lon="14.2004863"><ele>12.0</ele></trkpt><trkpt lat="55.7107807" lon="14.2003803"><ele>12.0</ele></trkpt><trkpt lat="55.7108839" lon="14.2003524" /><trkpt lat="55.7109356" lon="14.2003021"><ele>12.0</ele></trkpt><trkpt lat="55.7109609" lon="14.2003407" /><trkpt lat="55.7110069" lon="14.2003946" /><trkpt lat="55.7110499" lon="14.2004045" /><trkpt lat="55.7112296" lon="14.2005087"><ele>11.0</ele></trkpt><trkpt lat="55.7113207" lon="14.2005914" /><trkpt lat="55.7115145" lon="14.2007099"><ele>10.0</ele></trkpt><trkpt lat="55.7116527" lon="14.2007252" /><trkpt lat="55.7118379" lon="14.2006929"><ele>10.0</ele></trkpt><trkpt lat="55.7119138" lon="14.2006516" /><trkpt lat="55.7120828" lon="14.2005366"><ele>10.0</ele></trkpt><trkpt lat="55.7123146" lon="14.2004719"><ele>10.0</ele></trkpt><trkpt lat="55.7124710" lon="14.2004413"><ele>10.0</ele></trkpt><trkpt lat="55.7126238" lon="14.2004692"><ele>10.0</ele></trkpt><trkpt lat="55.7127468" lon="14.2005087" /><trkpt lat="55.7131076" lon="14.2005402"><ele>9.0</ele></trkpt><trkpt lat="55.7131577" lon="14.2005617" /><trkpt lat="55.7133637" lon="14.2005860"><ele>9.0</ele></trkpt><trkpt lat="55.7135458" lon="14.2006282"><ele>9.0</ele></trkpt><trkpt lat="55.7137305" lon="14.2005662"><ele>9.0</ele></trkpt><trkpt lat="55.7138399" lon="14.2005698" /><trkpt lat="55.7140215" lon="14.2005482"><ele>8.0</ele></trkpt><trkpt lat="55.7141668" lon="14.2005114" /><trkpt lat="55.7145245" lon="14.2003919"><ele>8.0</ele></trkpt><trkpt lat="55.7146359" lon="14.2003839" /><trkpt lat="55.7148246" lon="14.2003371"><ele>7.0</ele></trkpt><trkpt lat="55.7151039" lon="14.2002868"><ele>6.0</ele></trkpt><trkpt lat="55.7153387" lon="14.2002823"><ele>6.0</ele></trkpt><trkpt lat="55.7154607" lon="14.2002599" /><trkpt lat="55.7158038" lon="14.2001036"><ele>6.0</ele></trkpt><trkpt lat="55.7159697" lon="14.1999976"><ele>7.0</ele></trkpt><trkpt lat="55.7161878" lon="14.1999338"><ele>7.0</ele></trkpt><trkpt lat="55.7163796" lon="14.1999302"><ele>6.0</ele></trkpt><trkpt lat="55.7165770" lon="14.1999275"><ele>6.0</ele></trkpt><trkpt lat="55.7167738" lon="14.1998503"><ele>6.0</ele></trkpt><trkpt lat="55.7169969" lon="14.1997227"><ele>7.0</ele></trkpt><trkpt lat="55.7171756" lon="14.1995862"><ele>8.0</ele></trkpt><trkpt lat="55.7172039" lon="14.1995511" /><trkpt lat="55.7173825" lon="14.1993876"><ele>9.0</ele></trkpt><trkpt lat="55.7175176" lon="14.1993104" /><trkpt lat="55.7177357" lon="14.1992098"><ele>9.0</ele></trkpt><trkpt lat="55.7178647" lon="14.1991612" /><trkpt lat="55.7179518" lon="14.1990795"><ele>9.0</ele></trkpt><trkpt lat="55.7181339" lon="14.1989636"><ele>9.0</ele></trkpt><trkpt lat="55.7183237" lon="14.1988432"><ele>9.0</ele></trkpt><trkpt lat="55.7183535" lon="14.1988325" /><trkpt lat="55.7186257" lon="14.1985863"><ele>9.0</ele></trkpt><trkpt lat="55.7187259" lon="14.1985684" /><trkpt lat="55.7188969" lon="14.1984839"><ele>8.0</ele></trkpt><trkpt lat="55.7192456" lon="14.1983653"><ele>7.0</ele></trkpt><trkpt lat="55.7195279" lon="14.1981444"><ele>7.0</ele></trkpt><trkpt lat="55.7196928" lon="14.1980339"><ele>7.0</ele></trkpt><trkpt lat="55.7198846" lon="14.1979153"><ele>7.0</ele></trkpt><trkpt lat="55.7199949" lon="14.1978785" /><trkpt lat="55.7200167" lon="14.1978389" /><trkpt lat="55.7201118" lon="14.1977275"><ele>7.0</ele></trkpt><trkpt lat="55.7201386" lon="14.1977078" /><trkpt lat="55.7203390" lon="14.1976332"><ele>6.0</ele></trkpt><trkpt lat="55.7206309" lon="14.1973988"><ele>6.0</ele></trkpt><trkpt lat="55.7208151" lon="14.1972415"><ele>6.0</ele></trkpt><trkpt lat="55.7210306" lon="14.1970592"><ele>6.0</ele></trkpt><trkpt lat="55.7212907" lon="14.1968786"><ele>6.0</ele></trkpt><trkpt lat="55.7215239" lon="14.1967466"><ele>5.0</ele></trkpt><trkpt lat="55.7216018" lon="14.1966954" /><trkpt lat="55.7218108" lon="14.1965912"><ele>5.0</ele></trkpt><trkpt lat="55.7220126" lon="14.1965076"><ele>4.0</ele></trkpt><trkpt lat="55.7221867" lon="14.1964142"><ele>4.0</ele></trkpt><trkpt lat="55.7223789" lon="14.1963486"><ele>4.0</ele></trkpt><trkpt lat="55.7225798" lon="14.1962265"><ele>4.0</ele></trkpt><trkpt lat="55.7227806" lon="14.1961411"><ele>4.0</ele></trkpt><trkpt lat="55.7230048" lon="14.1960019"><ele>4.0</ele></trkpt><trkpt lat="55.7231909" lon="14.1958986"><ele>4.0</ele></trkpt><trkpt lat="55.7233786" lon="14.1957584"><ele>4.0</ele></trkpt><trkpt lat="55.7235638" lon="14.1956758"><ele>4.0</ele></trkpt><trkpt lat="55.7237525" lon="14.1955922"><ele>4.0</ele></trkpt><trkpt lat="55.7239696" lon="14.1955572"><ele>4.0</ele></trkpt><trkpt lat="55.7241107" lon="14.1954755" /><trkpt lat="55.7242286" lon="14.1954323"><ele>5.0</ele></trkpt><trkpt lat="55.7243399" lon="14.1954404" /><trkpt lat="55.7243697" lon="14.1954225" /><trkpt lat="55.7244967" lon="14.1952365"><ele>6.0</ele></trkpt><trkpt lat="55.7245878" lon="14.1948996"><ele>8.0</ele></trkpt><trkpt lat="55.7246146" lon="14.1948269" /><trkpt lat="55.7246687" lon="14.1947245" /><trkpt lat="55.7247026" lon="14.1946050"><ele>10.0</ele></trkpt><trkpt lat="55.7247340" lon="14.1944334" /><trkpt lat="55.7247659" lon="14.1942942"><ele>11.0</ele></trkpt><trkpt lat="55.7247780" lon="14.1940885" /><trkpt lat="55.7247750" lon="14.1940121"><ele>12.0</ele></trkpt><trkpt lat="55.7247395" lon="14.1937839" /><trkpt lat="55.7246348" lon="14.1935108"><ele>13.0</ele></trkpt><trkpt lat="55.7246030" lon="14.1934048" /><trkpt lat="55.7245266" lon="14.1929593"><ele>13.0</ele></trkpt><trkpt lat="55.7244608" lon="14.1926817"><ele>13.0</ele></trkpt><trkpt lat="55.7244077" lon="14.1923862"><ele>13.0</ele></trkpt><trkpt lat="55.7243449" lon="14.1921122"><ele>13.0</ele></trkpt><trkpt lat="55.7243308" lon="14.1920646" /><trkpt lat="55.7242245" lon="14.1918256"><ele>13.0</ele></trkpt><trkpt lat="55.7240657" lon="14.1916262"><ele>12.0</ele></trkpt><trkpt lat="55.7238947" lon="14.1915319"><ele>11.0</ele></trkpt><trkpt lat="55.7238036" lon="14.1914645" /><trkpt lat="55.7235886" lon="14.1912767"><ele>9.0</ele></trkpt><trkpt lat="55.7235375" lon="14.1912776" /><trkpt lat="55.7234798" lon="14.1912687" /><trkpt lat="55.7234515" lon="14.1912462" /><trkpt lat="55.7234277" lon="14.1912094"><ele>8.0</ele></trkpt><trkpt lat="55.7233255" lon="14.1911213" /><trkpt lat="55.7232598" lon="14.1910791"><ele>7.0</ele></trkpt><trkpt lat="55.7231125" lon="14.1909542"><ele>7.0</ele></trkpt><trkpt lat="55.7229769" lon="14.1908554" /><trkpt lat="55.7229228" lon="14.1907872"><ele>6.0</ele></trkpt><trkpt lat="55.7227796" lon="14.1906425"><ele>5.0</ele></trkpt><trkpt lat="55.7227397" lon="14.1905868" /><trkpt lat="55.7225859" lon="14.1904099"><ele>5.0</ele></trkpt><trkpt lat="55.7223698" lon="14.1902446"><ele>5.0</ele></trkpt><trkpt lat="55.7221867" lon="14.1901152"><ele>5.0</ele></trkpt><trkpt lat="55.7220228" lon="14.1900972"><ele>5.0</ele></trkpt><trkpt lat="55.7217986" lon="14.1900209"><ele>5.0</ele></trkpt><trkpt lat="55.7216580" lon="14.1899796" /><trkpt lat="55.7216408" lon="14.1899886"><ele>5.0</ele></trkpt><trkpt lat="55.7215988" lon="14.1900442" /><trkpt lat="55.7215487" lon="14.1901916" /><trkpt lat="55.7215259" lon="14.1902302"><ele>5.0</ele></trkpt><trkpt lat="55.7213898" lon="14.1903685"><ele>6.0</ele></trkpt><trkpt lat="55.7211318" lon="14.1905599"><ele>8.0</ele></trkpt><trkpt lat="55.7210417" lon="14.1906156" /><trkpt lat="55.7209486" lon="14.1906389"><ele>9.0</ele></trkpt><trkpt lat="55.7207705" lon="14.1905437"><ele>10.0</ele></trkpt><trkpt lat="55.7204776" lon="14.1901754"><ele>10.0</ele></trkpt><trkpt lat="55.7203298" lon="14.1900254"><ele>11.0</ele></trkpt><trkpt lat="55.7201538" lon="14.1899005"><ele>13.0</ele></trkpt><trkpt lat="55.7200010" lon="14.1898269"><ele>13.0</ele></trkpt><trkpt lat="55.7199559" lon="14.1897622" /><trkpt lat="55.7198836" lon="14.1895331"><ele>14.0</ele></trkpt><trkpt lat="55.7198320" lon="14.1892367"><ele>15.0</ele></trkpt><trkpt lat="55.7198138" lon="14.1890804" /><trkpt lat="55.7197819" lon="14.1886644"><ele>15.0</ele></trkpt><trkpt lat="55.7197748" lon="14.1882997"><ele>14.0</ele></trkpt><trkpt lat="55.7197738" lon="14.1879557"><ele>14.0</ele></trkpt><trkpt lat="55.7197515" lon="14.1873942"><ele>14.0</ele></trkpt><trkpt lat="55.7197186" lon="14.1869855"><ele>14.0</ele></trkpt><trkpt lat="55.7197075" lon="14.1867923" /><trkpt lat="55.7196746" lon="14.1866046"><ele>14.0</ele></trkpt><trkpt lat="55.7196407" lon="14.1862848"><ele>14.0</ele></trkpt><trkpt lat="55.7195598" lon="14.1858608"><ele>15.0</ele></trkpt><trkpt lat="55.7194996" lon="14.1855823"><ele>15.0</ele></trkpt><trkpt lat="55.7194226" lon="14.1852823"><ele>15.0</ele></trkpt><trkpt lat="55.7193589" lon="14.1849436"><ele>15.0</ele></trkpt><trkpt lat="55.7192709" lon="14.1846517"><ele>15.0</ele></trkpt><trkpt lat="55.7192278" lon="14.1845385" /><trkpt lat="55.7190907" lon="14.1841971"><ele>15.0</ele></trkpt><trkpt lat="55.7189658" lon="14.1839420"><ele>15.0</ele></trkpt><trkpt lat="55.7188888" lon="14.1837623" /><trkpt lat="55.7187968" lon="14.1834812"><ele>14.0</ele></trkpt><trkpt lat="55.7187568" lon="14.1833177" /><trkpt lat="55.7187310" lon="14.1831533"><ele>14.0</ele></trkpt><trkpt lat="55.7187117" lon="14.1829844" /><trkpt lat="55.7186718" lon="14.1824697"><ele>13.0</ele></trkpt><trkpt lat="55.7186586" lon="14.1823592" /><trkpt lat="55.7186480" lon="14.1820834"><ele>12.0</ele></trkpt><trkpt lat="55.7186450" lon="14.1817959"><ele>12.0</ele></trkpt><trkpt lat="55.7186278" lon="14.1811931"><ele>11.0</ele></trkpt><trkpt lat="55.7185716" lon="14.1805724"><ele>10.0</ele></trkpt><trkpt lat="55.7185549" lon="14.1802328"><ele>10.0</ele></trkpt><trkpt lat="55.7185508" lon="14.1798798"><ele>10.0</ele></trkpt><trkpt lat="55.7185316" lon="14.1794702"><ele>10.0</ele></trkpt><trkpt lat="55.7185316" lon="14.1790677"><ele>9.0</ele></trkpt><trkpt lat="55.7185316" lon="14.1784757"><ele>9.0</ele></trkpt><trkpt lat="55.7185367" lon="14.1780877"><ele>9.0</ele></trkpt><trkpt lat="55.7185306" lon="14.1779682" /><trkpt lat="55.7184957" lon="14.1776448"><ele>9.0</ele></trkpt><trkpt lat="55.7184436" lon="14.1773115"><ele>10.0</ele></trkpt><trkpt lat="55.7183257" lon="14.1766872"><ele>10.0</ele></trkpt><trkpt lat="55.7182199" lon="14.1760808"><ele>12.0</ele></trkpt><trkpt lat="55.7182068" lon="14.1760323" /><trkpt lat="55.7181547" lon="14.1756892"><ele>13.0</ele></trkpt><trkpt lat="55.7180777" lon="14.1753164"><ele>14.0</ele></trkpt><trkpt lat="55.7179917" lon="14.1749310"><ele>15.0</ele></trkpt><trkpt lat="55.7179300" lon="14.1745789"><ele>16.0</ele></trkpt><trkpt lat="55.7179168" lon="14.1744612" /><trkpt lat="55.7178485" lon="14.1741629"><ele>18.0</ele></trkpt><trkpt lat="55.7177509" lon="14.1738467"><ele>20.0</ele></trkpt><trkpt lat="55.7177929" lon="14.1737012" /><trkpt lat="55.7178167" lon="14.1735458"><ele>20.0</ele></trkpt><trkpt lat="55.7178420" lon="14.1732763"><ele>21.0</ele></trkpt><trkpt lat="55.7178678" lon="14.1730616" /><trkpt lat="55.7179027" lon="14.1728307"><ele>21.0</ele></trkpt><trkpt lat="55.7178840" lon="14.1725558"><ele>22.0</ele></trkpt><trkpt lat="55.7178870" lon="14.1722414"><ele>22.0</ele></trkpt><trkpt lat="55.7179189" lon="14.1721678" /><trkpt lat="55.7179619" lon="14.1721103" /><trkpt lat="55.7180110" lon="14.1719836"><ele>21.0</ele></trkpt><trkpt lat="55.7180079" lon="14.1716162"><ele>21.0</ele></trkpt><trkpt lat="55.7180277" lon="14.1714374" /><trkpt lat="55.7180530" lon="14.1713234"><ele>22.0</ele></trkpt><trkpt lat="55.7180676" lon="14.1711769" /><trkpt lat="55.7180595" lon="14.1710817" /><trkpt lat="55.7180388" lon="14.1709191"><ele>22.0</ele></trkpt><trkpt lat="55.7179836" lon="14.1705796"><ele>24.0</ele></trkpt><trkpt lat="55.7179735" lon="14.1704223" /><trkpt lat="55.7179386" lon="14.1702050"><ele>24.0</ele></trkpt><trkpt lat="55.7178708" lon="14.1699256"><ele>26.0</ele></trkpt><trkpt lat="55.7178339" lon="14.1697414" /><trkpt lat="55.7177656" lon="14.1693444"><ele>27.0</ele></trkpt><trkpt lat="55.7176977" lon="14.1690398"><ele>29.0</ele></trkpt><trkpt lat="55.7176826" lon="14.1689159" /><trkpt lat="55.7176598" lon="14.1683185"><ele>30.0</ele></trkpt><trkpt lat="55.7176659" lon="14.1679843"><ele>31.0</ele></trkpt><trkpt lat="55.7176649" lon="14.1678343" /><trkpt lat="55.7176805" lon="14.1673070"><ele>31.0</ele></trkpt><trkpt lat="55.7177529" lon="14.1667276"><ele>30.0</ele></trkpt><trkpt lat="55.7178030" lon="14.1664329"><ele>29.0</ele></trkpt><trkpt lat="55.7178789" lon="14.1659353"><ele>29.0</ele></trkpt><trkpt lat="55.7178860" lon="14.1658409" /><trkpt lat="55.7179659" lon="14.1652651"><ele>29.0</ele></trkpt><trkpt lat="55.7179978" lon="14.1647926"><ele>30.0</ele></trkpt><trkpt lat="55.7180408" lon="14.1644477"><ele>30.0</ele></trkpt><trkpt lat="55.7180828" lon="14.1642177" /><trkpt lat="55.7181299" lon="14.1639248"><ele>30.0</ele></trkpt><trkpt lat="55.7182058" lon="14.1633418"><ele>30.0</ele></trkpt><trkpt lat="55.7182806" lon="14.1630023"><ele>30.0</ele></trkpt><trkpt lat="55.7183398" lon="14.1627651" /><trkpt lat="55.7183510" lon="14.1625513"><ele>31.0</ele></trkpt><trkpt lat="55.7183206" lon="14.1622549"><ele>31.0</ele></trkpt><trkpt lat="55.7183166" lon="14.1619692"><ele>32.0</ele></trkpt><trkpt lat="55.7183328" lon="14.1616620"><ele>32.0</ele></trkpt><trkpt lat="55.7183879" lon="14.1613682"><ele>32.0</ele></trkpt><trkpt lat="55.7184375" lon="14.1610511"><ele>31.0</ele></trkpt><trkpt lat="55.7185008" lon="14.1607735"><ele>30.0</ele></trkpt><trkpt lat="55.7185488" lon="14.1604555"><ele>29.0</ele></trkpt><trkpt lat="55.7185928" lon="14.1602022" /><trkpt lat="55.7186288" lon="14.1600351"><ele>28.0</ele></trkpt><trkpt lat="55.7186596" lon="14.1598321" /><trkpt lat="55.7186809" lon="14.1597315"><ele>28.0</ele></trkpt><trkpt lat="55.7187937" lon="14.1592823"><ele>26.0</ele></trkpt><trkpt lat="55.7188008" lon="14.1592356" /><trkpt lat="55.7188205" lon="14.1591539" /><trkpt lat="55.7188236" lon="14.1590533" /><trkpt lat="55.7188337" lon="14.1589509"><ele>24.0</ele></trkpt><trkpt lat="55.7188438" lon="14.1589167" /><trkpt lat="55.7188676" lon="14.1589122" /><trkpt lat="55.7189349" lon="14.1588709" /><trkpt lat="55.7190659" lon="14.1587326"><ele>22.0</ele></trkpt><trkpt lat="55.7191439" lon="14.1586302" /><trkpt lat="55.7191869" lon="14.1584577"><ele>20.0</ele></trkpt><trkpt lat="55.7192147" lon="14.1583265" /><trkpt lat="55.7192405" lon="14.1581253"><ele>18.0</ele></trkpt><trkpt lat="55.7192289" lon="14.1580741" /><trkpt lat="55.7192147" lon="14.1579744" /><trkpt lat="55.7193048" lon="14.1573195"><ele>15.0</ele></trkpt><trkpt lat="55.7193776" lon="14.1570716"><ele>15.0</ele></trkpt><trkpt lat="55.7194677" lon="14.1567895"><ele>15.0</ele></trkpt><trkpt lat="55.7194859" lon="14.1567473" /><trkpt lat="55.7195228" lon="14.1566161" /><trkpt lat="55.7195790" lon="14.1563350"><ele>15.0</ele></trkpt><trkpt lat="55.7195997" lon="14.1561194" /><trkpt lat="55.7196169" lon="14.1558642"><ele>16.0</ele></trkpt><trkpt lat="55.7196139" lon="14.1557232" /><trkpt lat="55.7196028" lon="14.1555346"><ele>17.0</ele></trkpt><trkpt lat="55.7195906" lon="14.1554465" /><trkpt lat="55.7195805" lon="14.1552579"><ele>19.0</ele></trkpt><trkpt lat="55.7195415" lon="14.1549390"><ele>20.0</ele></trkpt><trkpt lat="55.7195238" lon="14.1548653" /><trkpt lat="55.7195016" lon="14.1547360" /><trkpt lat="55.7194869" lon="14.1546003"><ele>22.0</ele></trkpt><trkpt lat="55.7194500" lon="14.1543811" /><trkpt lat="55.7194226" lon="14.1543335"><ele>24.0</ele></trkpt><trkpt lat="55.7194039" lon="14.1542527" /><trkpt lat="55.7193908" lon="14.1542221" /><trkpt lat="55.7193609" lon="14.1541835" /><trkpt lat="55.7193139" lon="14.1540568"><ele>26.0</ele></trkpt><trkpt lat="55.7192967" lon="14.1539868" /><trkpt lat="55.7192688" lon="14.1539248" /><trkpt lat="55.7192506" lon="14.1538511" /><trkpt lat="55.7192380" lon="14.1538206"><ele>29.0</ele></trkpt><trkpt lat="55.7192025" lon="14.1536670" /><trkpt lat="55.7191909" lon="14.1536095" /><trkpt lat="55.7191697" lon="14.1534505"><ele>31.0</ele></trkpt><trkpt lat="55.7191459" lon="14.1531118"><ele>32.0</ele></trkpt><trkpt lat="55.7192415" lon="14.1528342"><ele>32.0</ele></trkpt><trkpt lat="55.7194849" lon="14.1523626"><ele>30.0</ele></trkpt><trkpt lat="55.7196013" lon="14.1520796"><ele>28.0</ele></trkpt><trkpt lat="55.7197277" lon="14.1517733"><ele>28.0</ele></trkpt><trkpt lat="55.7198497" lon="14.1514966"><ele>28.0</ele></trkpt><trkpt lat="55.7199170" lon="14.1512775" /><trkpt lat="55.7199306" lon="14.1511822"><ele>28.0</ele></trkpt><trkpt lat="55.7199185" lon="14.1510879" /><trkpt lat="55.7199099" lon="14.1509154"><ele>29.0</ele></trkpt><trkpt lat="55.7199246" lon="14.1508651" /><trkpt lat="55.7200156" lon="14.1506217"><ele>29.0</ele></trkpt><trkpt lat="55.7200976" lon="14.1504357" /><trkpt lat="55.7201487" lon="14.1502165"><ele>30.0</ele></trkpt><trkpt lat="55.7202216" lon="14.1499803" /><trkpt lat="55.7202959" lon="14.1498276"><ele>30.0</ele></trkpt><trkpt lat="55.7203688" lon="14.1497180" /><trkpt lat="55.7204826" lon="14.1496371"><ele>30.0</ele></trkpt><trkpt lat="55.7207159" lon="14.1493910"><ele>29.0</ele></trkpt><trkpt lat="55.7207538" lon="14.1493407" /><trkpt lat="55.7208049" lon="14.1492589" /><trkpt lat="55.7209598" lon="14.1489679"><ele>28.0</ele></trkpt><trkpt lat="55.7211318" lon="14.1486795"><ele>27.0</ele></trkpt><trkpt lat="55.7212320" lon="14.1484747"><ele>26.0</ele></trkpt><trkpt lat="55.7214419" lon="14.1481872"><ele>25.0</ele></trkpt><trkpt lat="55.7214890" lon="14.1481558" /><trkpt lat="55.7215037" lon="14.1481351" /><trkpt lat="55.7215249" lon="14.1480812" /><trkpt lat="55.7215907" lon="14.1480426"><ele>24.0</ele></trkpt><trkpt lat="55.7216468" lon="14.1479923" /><trkpt lat="55.7217045" lon="14.1479195" /><trkpt lat="55.7218037" lon="14.1477596"><ele>21.0</ele></trkpt><trkpt lat="55.7219580" lon="14.1475755"><ele>21.0</ele></trkpt><trkpt lat="55.7221568" lon="14.1473752"><ele>20.0</ele></trkpt><trkpt lat="55.7222879" lon="14.1472117"><ele>19.0</ele></trkpt><trkpt lat="55.7223157" lon="14.1471596" /><trkpt lat="55.7223567" lon="14.1471326" /><trkpt lat="55.7223729" lon="14.1471066" /><trkpt lat="55.7223840" lon="14.1469745"><ele>19.0</ele></trkpt><trkpt lat="55.7223638" lon="14.1468856" /><trkpt lat="55.7223638" lon="14.1468497" /><trkpt lat="55.7224027" lon="14.1467787" /><trkpt lat="55.7224887" lon="14.1466628"><ele>19.0</ele></trkpt><trkpt lat="55.7225125" lon="14.1466359" /><trkpt lat="55.7225666" lon="14.1466035" /><trkpt lat="55.7226147" lon="14.1465137"><ele>18.0</ele></trkpt><trkpt lat="55.7226425" lon="14.1464948" /><trkpt lat="55.7226638" lon="14.1464634" /><trkpt lat="55.7226956" lon="14.1463655" /><trkpt lat="55.7227139" lon="14.1462819"><ele>18.0</ele></trkpt><trkpt lat="55.7227376" lon="14.1461993" /><trkpt lat="55.7227705" lon="14.1458750"><ele>19.0</ele></trkpt><trkpt lat="55.7227715" lon="14.1458238" /><trkpt lat="55.7228049" lon="14.1455345"><ele>19.0</ele></trkpt><trkpt lat="55.7228788" lon="14.1450548"><ele>20.0</ele></trkpt><trkpt lat="55.7228798" lon="14.1450018" /><trkpt lat="55.7229238" lon="14.1447180"><ele>21.0</ele></trkpt><trkpt lat="55.7229577" lon="14.1444512"><ele>21.0</ele></trkpt><trkpt lat="55.7229597" lon="14.1443883" /><trkpt lat="55.7230387" lon="14.1443559" /><trkpt lat="55.7230478" lon="14.1442859"><ele>21.0</ele></trkpt><trkpt lat="55.7230417" lon="14.1442445" /><trkpt lat="55.7230746" lon="14.1441906" /><trkpt lat="55.7231439" lon="14.1441035"><ele>21.0</ele></trkpt><trkpt lat="55.7231636" lon="14.1440604" /><trkpt lat="55.7231626" lon="14.1440119" /><trkpt lat="55.7231717" lon="14.1439059" /><trkpt lat="55.7231717" lon="14.1437837"><ele>21.0</ele></trkpt><trkpt lat="55.7231586" lon="14.1435573" /><trkpt lat="55.7229946" lon="14.1429519"><ele>21.0</ele></trkpt><trkpt lat="55.7229269" lon="14.1426815"><ele>22.0</ele></trkpt><trkpt lat="55.7228459" lon="14.1424785" /><trkpt lat="55.7228287" lon="14.1424120"><ele>23.0</ele></trkpt><trkpt lat="55.7227599" lon="14.1420239"><ele>24.0</ele></trkpt><trkpt lat="55.7227078" lon="14.1417796" /><trkpt lat="55.7226946" lon="14.1416682"><ele>25.0</ele></trkpt><trkpt lat="55.7226466" lon="14.1414589" /><trkpt lat="55.7226198" lon="14.1413762"><ele>25.0</ele></trkpt><trkpt lat="55.7225889" lon="14.1412496" /><trkpt lat="55.7225646" lon="14.1411705" /><trkpt lat="55.7225110" lon="14.1410187"><ele>26.0</ele></trkpt><trkpt lat="55.7224746" lon="14.1408983" /><trkpt lat="55.7223916" lon="14.1407411"><ele>27.0</ele></trkpt><trkpt lat="55.7223946" lon="14.1407007" /><trkpt lat="55.7223830" lon="14.1404914" /><trkpt lat="55.7223445" lon="14.1402596"><ele>28.0</ele></trkpt><trkpt lat="55.7223567" lon="14.1402282" /><trkpt lat="55.7223577" lon="14.1402021" /><trkpt lat="55.7223506" lon="14.1401392" /><trkpt lat="55.7223278" lon="14.1400710" /><trkpt lat="55.7222757" lon="14.1399623"><ele>29.0</ele></trkpt><trkpt lat="55.7222479" lon="14.1398913" /><trkpt lat="55.7222039" lon="14.1397548" /><trkpt lat="55.7221745" lon="14.1396820"><ele>31.0</ele></trkpt><trkpt lat="55.7221867" lon="14.1395877" /><trkpt lat="55.7222079" lon="14.1393487"><ele>31.0</ele></trkpt><trkpt lat="55.7223197" lon="14.1388313"><ele>33.0</ele></trkpt><trkpt lat="55.7223359" lon="14.1385142"><ele>34.0</ele></trkpt><trkpt lat="55.7223420" lon="14.1384756" /><trkpt lat="55.7224376" lon="14.1382438"><ele>35.0</ele></trkpt><trkpt lat="55.7226628" lon="14.1378288"><ele>36.0</ele></trkpt><trkpt lat="55.7228297" lon="14.1375386"><ele>36.0</ele></trkpt><trkpt lat="55.7230670" lon="14.1370625"><ele>37.0</ele></trkpt><trkpt lat="55.7232405" lon="14.1367337"><ele>37.0</ele></trkpt><trkpt lat="55.7233508" lon="14.1364966"><ele>37.0</ele></trkpt><trkpt lat="55.7234748" lon="14.1361849"><ele>36.0</ele></trkpt><trkpt lat="55.7236265" lon="14.1357249"><ele>35.0</ele></trkpt><trkpt lat="55.7236367" lon="14.1356575" /><trkpt lat="55.7237287" lon="14.1355614" /><trkpt lat="55.7238087" lon="14.1354905"><ele>34.0</ele></trkpt><trkpt lat="55.7238977" lon="14.1353782" /><trkpt lat="55.7240095" lon="14.1351509"><ele>34.0</ele></trkpt><trkpt lat="55.7241320" lon="14.1348482"><ele>34.0</ele></trkpt><trkpt lat="55.7242696" lon="14.1344700"><ele>34.0</ele></trkpt><trkpt lat="55.7243105" lon="14.1343864" /><trkpt lat="55.7244927" lon="14.1341699"><ele>33.0</ele></trkpt><trkpt lat="55.7246379" lon="14.1339463"><ele>32.0</ele></trkpt><trkpt lat="55.7247375" lon="14.1337037"><ele>32.0</ele></trkpt><trkpt lat="55.7248670" lon="14.1334171"><ele>32.0</ele></trkpt><trkpt lat="55.7250218" lon="14.1330767"><ele>31.0</ele></trkpt><trkpt lat="55.7250937" lon="14.1329842" /><trkpt lat="55.7252819" lon="14.1328898"><ele>30.0</ele></trkpt><trkpt lat="55.7253770" lon="14.1328539" /><trkpt lat="55.7254397" lon="14.1328386"><ele>29.0</ele></trkpt><trkpt lat="55.7255869" lon="14.1327524"><ele>28.0</ele></trkpt><trkpt lat="55.7257210" lon="14.1325125"><ele>27.0</ele></trkpt><trkpt lat="55.7258318" lon="14.1322179"><ele>27.0</ele></trkpt><trkpt lat="55.7259299" lon="14.1319295"><ele>27.0</ele></trkpt><trkpt lat="55.7260286" lon="14.1316412"><ele>26.0</ele></trkpt><trkpt lat="55.7261965" lon="14.1311067"><ele>26.0</ele></trkpt><trkpt lat="55.7262770" lon="14.1308956" /><trkpt lat="55.7263296" lon="14.1307168"><ele>25.0</ele></trkpt><trkpt lat="55.7263888" lon="14.1303377"><ele>25.0</ele></trkpt><trkpt lat="55.7263867" lon="14.1302102" /><trkpt lat="55.7263159" lon="14.1300116"><ele>25.0</ele></trkpt><trkpt lat="55.7262016" lon="14.1298149"><ele>26.0</ele></trkpt><trkpt lat="55.7262056" lon="14.1298167" /><trkpt lat="55.7261889" lon="14.1297673" /><trkpt lat="55.7261328" lon="14.1296496" /><trkpt lat="55.7260878" lon="14.1295831"><ele>26.0</ele></trkpt><trkpt lat="55.7260630" lon="14.1295616" /><trkpt lat="55.7259527" lon="14.1294951" /><trkpt lat="55.7259168" lon="14.1294915"><ele>26.0</ele></trkpt><trkpt lat="55.7258986" lon="14.1294825" /><trkpt lat="55.7258900" lon="14.1294529" /><trkpt lat="55.7258920" lon="14.1294080" /><trkpt lat="55.7259350" lon="14.1292669"><ele>26.0</ele></trkpt><trkpt lat="55.7259658" lon="14.1291870" /><trkpt lat="55.7259760" lon="14.1291448" /><trkpt lat="55.7259618" lon="14.1290828" /><trkpt lat="55.7259436" lon="14.1290441" /><trkpt lat="55.7258935" lon="14.1289049"><ele>27.0</ele></trkpt><trkpt lat="55.7258809" lon="14.1287944" /><trkpt lat="55.7258930" lon="14.1284602"><ele>27.0</ele></trkpt><trkpt lat="55.7259006" lon="14.1284019" /><trkpt lat="55.7259557" lon="14.1281485"><ele>27.0</ele></trkpt><trkpt lat="55.7259967" lon="14.1278620"><ele>27.0</ele></trkpt><trkpt lat="55.7259947" lon="14.1278179" /><trkpt lat="55.7259658" lon="14.1277542" /><trkpt lat="55.7259436" lon="14.1277317" /><trkpt lat="55.7258849" lon="14.1276365"><ele>28.0</ele></trkpt><trkpt lat="55.7258819" lon="14.1275916" /><trkpt lat="55.7259289" lon="14.1273239"><ele>28.0</ele></trkpt><trkpt lat="55.7259517" lon="14.1271029" /><trkpt lat="55.7259446" lon="14.1270517"><ele>28.0</ele></trkpt><trkpt lat="55.7259719" lon="14.1269035" /><trkpt lat="55.7259739" lon="14.1265774"><ele>29.0</ele></trkpt><trkpt lat="55.7259658" lon="14.1262630"><ele>29.0</ele></trkpt><trkpt lat="55.7258965" lon="14.1256054"><ele>30.0</ele></trkpt><trkpt lat="55.7258798" lon="14.1252766"><ele>30.0</ele></trkpt><trkpt lat="55.7258525" lon="14.1249712"><ele>29.0</ele></trkpt><trkpt lat="55.7258439" lon="14.1249182" /><trkpt lat="55.7258596" lon="14.1246505"><ele>29.0</ele></trkpt><trkpt lat="55.7259072" lon="14.1243208"><ele>27.0</ele></trkpt><trkpt lat="55.7259557" lon="14.1239875"><ele>27.0</ele></trkpt><trkpt lat="55.7259739" lon="14.1236659"><ele>26.0</ele></trkpt><trkpt lat="55.7260028" lon="14.1233461"><ele>26.0</ele></trkpt><trkpt lat="55.7260028" lon="14.1232626" /><trkpt lat="55.7259749" lon="14.1231332" /><trkpt lat="55.7259178" lon="14.1227973"><ele>28.0</ele></trkpt><trkpt lat="55.7259026" lon="14.1226535" /><trkpt lat="55.7258819" lon="14.1225188"><ele>29.0</ele></trkpt><trkpt lat="55.7257959" lon="14.1222376"><ele>31.0</ele></trkpt><trkpt lat="55.7256795" lon="14.1220076"><ele>33.0</ele></trkpt><trkpt lat="55.7256218" lon="14.1218738" /><trkpt lat="55.7255910" lon="14.1218352" /><trkpt lat="55.7255859" lon="14.1217489"><ele>36.0</ele></trkpt><trkpt lat="55.7255515" lon="14.1215468" /><trkpt lat="55.7255389" lon="14.1213492"><ele>37.0</ele></trkpt><trkpt lat="55.7255829" lon="14.1210842"><ele>37.0</ele></trkpt><trkpt lat="55.7256557" lon="14.1208883" /><trkpt lat="55.7258136" lon="14.1202946"><ele>36.0</ele></trkpt><trkpt lat="55.7259067" lon="14.1202568" /><trkpt lat="55.7259937" lon="14.1203395"><ele>34.0</ele></trkpt><trkpt lat="55.7260235" lon="14.1203538" /><trkpt lat="55.7261859" lon="14.1203386"><ele>33.0</ele></trkpt><trkpt lat="55.7263498" lon="14.1201769"><ele>32.0</ele></trkpt><trkpt lat="55.7264348" lon="14.1200439" /><trkpt lat="55.7264687" lon="14.1200044"><ele>32.0</ele></trkpt><trkpt lat="55.7266715" lon="14.1196514"><ele>34.0</ele></trkpt><trkpt lat="55.7268107" lon="14.1194762"><ele>34.0</ele></trkpt><trkpt lat="55.7268967" lon="14.1193477" /><trkpt lat="55.7271390" lon="14.1190342"><ele>32.0</ele></trkpt><trkpt lat="55.7272938" lon="14.1187764"><ele>32.0</ele></trkpt><trkpt lat="55.7273646" lon="14.1186902" /><trkpt lat="55.7273919" lon="14.1186902" /><trkpt lat="55.7274116" lon="14.1187189" /><trkpt lat="55.7274207" lon="14.1189255"><ele>27.0</ele></trkpt><trkpt lat="55.7274177" lon="14.1190279" /><trkpt lat="55.7273909" lon="14.1193935"><ele>27.0</ele></trkpt><trkpt lat="55.7274369" lon="14.1198355"><ele>24.0</ele></trkpt><trkpt lat="55.7274577" lon="14.1199029" /><trkpt lat="55.7275250" lon="14.1199343" /><trkpt lat="55.7277278" lon="14.1198777"><ele>24.0</ele></trkpt><trkpt lat="55.7278497" lon="14.1197978" /><trkpt lat="55.7279140" lon="14.1197843"><ele>25.0</ele></trkpt><trkpt lat="55.7279539" lon="14.1196693" /><trkpt lat="55.7279777" lon="14.1196837" /><trkpt lat="55.7279919" lon="14.1196999" /><trkpt lat="55.7279969" lon="14.1197394" /><trkpt lat="55.7280146" lon="14.1197403"><ele>25.0</ele></trkpt><trkpt lat="55.7281148" lon="14.1197960" /><trkpt lat="55.7281588" lon="14.1198301"><ele>25.0</ele></trkpt><trkpt lat="55.7281937" lon="14.1198301" /><trkpt lat="55.7282387" lon="14.1198077" /><trkpt lat="55.7282468" lon="14.1197987" /><trkpt lat="55.7282306" lon="14.1197924" /><trkpt lat="55.7282418" lon="14.1197619" /><trkpt lat="55.7282519" lon="14.1197619" /><trkpt lat="55.7282569" lon="14.1197681" /><trkpt lat="55.7282559" lon="14.1197807" /><trkpt lat="55.7282559" lon="14.1197637"><ele>26.0</ele></trkpt><trkpt lat="55.7282686" lon="14.1197493" /><trkpt lat="55.7282939" lon="14.1197520" /><trkpt lat="55.7283505" lon="14.1198023" /><trkpt lat="55.7283207" lon="14.1198193" /><trkpt lat="55.7282868" lon="14.1198858"><ele>26.0</ele></trkpt><trkpt lat="55.7282665" lon="14.1198822" /><trkpt lat="55.7282726" lon="14.1198535" /><trkpt lat="55.7282256" lon="14.1197924" /><trkpt lat="55.7282266" lon="14.1197708" /><trkpt lat="55.7282665" lon="14.1197493" /><trkpt lat="55.7282807" lon="14.1197547"><ele>26.0</ele></trkpt><trkpt lat="55.7282625" lon="14.1197672" /><trkpt lat="55.7282807" lon="14.1197223" /><trkpt lat="55.7283055" lon="14.1197196" /><trkpt lat="55.7283106" lon="14.1197915" /><trkpt lat="55.7283040" lon="14.1198059" /><trkpt lat="55.7282908" lon="14.1198301" /><trkpt lat="55.7282665" lon="14.1198589"><ele>26.0</ele></trkpt><trkpt lat="55.7282878" lon="14.1198301" /><trkpt lat="55.7282848" lon="14.1198364" /><trkpt lat="55.7282458" lon="14.1198355" /><trkpt lat="55.7282428" lon="14.1198732" /><trkpt lat="55.7282468" lon="14.1199083" /><trkpt lat="55.7282569" lon="14.1199083" /><trkpt lat="55.7282676" lon="14.1199182" /><trkpt lat="55.7282610" lon="14.1199146" /><trkpt lat="55.7282706" lon="14.1198544"><ele>26.0</ele></trkpt><trkpt lat="55.7282620" lon="14.1198867" /><trkpt lat="55.7282696" lon="14.1199289" /><trkpt lat="55.7282397" lon="14.1199092" /><trkpt lat="55.7282499" lon="14.1198894" /><trkpt lat="55.7282539" lon="14.1198544" /><trkpt lat="55.7283085" lon="14.1197098"><ele>26.0</ele></trkpt><trkpt lat="55.7282837" lon="14.1194834" /><trkpt lat="55.7283146" lon="14.1194214"><ele>26.0</ele></trkpt><trkpt lat="55.7284487" lon="14.1194717" /><trkpt lat="55.7284760" lon="14.1194753"><ele>27.0</ele></trkpt><trkpt lat="55.7285296" lon="14.1194627" /><trkpt lat="55.7286126" lon="14.1193522"><ele>28.0</ele></trkpt><trkpt lat="55.7286819" lon="14.1192184" /><trkpt lat="55.7287269" lon="14.1191654"><ele>28.0</ele></trkpt><trkpt lat="55.7287719" lon="14.1191285" /><trkpt lat="55.7288979" lon="14.1190486"><ele>28.0</ele></trkpt><trkpt lat="55.7289555" lon="14.1190396" /><trkpt lat="55.7290157" lon="14.1191178" /><trkpt lat="55.7291047" lon="14.1192840"><ele>32.0</ele></trkpt><trkpt lat="55.7291477" lon="14.1194762" /><trkpt lat="55.7292388" lon="14.1196954"><ele>35.0</ele></trkpt><trkpt lat="55.7292960" lon="14.1198167" /><trkpt lat="55.7293167" lon="14.1198813" /><trkpt lat="55.7293860" lon="14.1200457"><ele>38.0</ele></trkpt><trkpt lat="55.7293956" lon="14.1200790" /><trkpt lat="55.7294867" lon="14.1202523"><ele>39.0</ele></trkpt><trkpt lat="55.7295807" lon="14.1204922"><ele>41.0</ele></trkpt><trkpt lat="55.7297679" lon="14.1208066"><ele>42.0</ele></trkpt><trkpt lat="55.7297886" lon="14.1208668" /><trkpt lat="55.7298367" lon="14.1209710" /><trkpt lat="55.7298665" lon="14.1210842"><ele>43.0</ele></trkpt><trkpt lat="55.7299040" lon="14.1211641" /><trkpt lat="55.7300016" lon="14.1213564"><ele>44.0</ele></trkpt><trkpt lat="55.7300835" lon="14.1214965" /><trkpt lat="55.7301528" lon="14.1216375"><ele>45.0</ele></trkpt><trkpt lat="55.7302146" lon="14.1217319" /><trkpt lat="55.7302490" lon="14.1217642" /><trkpt lat="55.7303198" lon="14.1218756"><ele>45.0</ele></trkpt><trkpt lat="55.7303855" lon="14.1220355" /><trkpt lat="55.7305246" lon="14.1222996"><ele>45.0</ele></trkpt><trkpt lat="55.7305995" lon="14.1223769" /><trkpt lat="55.7307548" lon="14.1226868"><ele>45.0</ele></trkpt><trkpt lat="55.7308929" lon="14.1229221"><ele>45.0</ele></trkpt><trkpt lat="55.7309966" lon="14.1230470" /><trkpt lat="55.7311599" lon="14.1232788"><ele>45.0</ele></trkpt><trkpt lat="55.7312409" lon="14.1234387" /><trkpt lat="55.7312849" lon="14.1234979"><ele>45.0</ele></trkpt><trkpt lat="55.7313729" lon="14.1235743" /><trkpt lat="55.7317148" lon="14.1239085"><ele>45.0</ele></trkpt><trkpt lat="55.7317867" lon="14.1240217" /><trkpt lat="55.7318560" lon="14.1241043"><ele>45.0</ele></trkpt><trkpt lat="55.7319237" lon="14.1241663" /><trkpt lat="55.7320057" lon="14.1242292"><ele>45.0</ele></trkpt><trkpt lat="55.7321756" lon="14.1243181"><ele>45.0</ele></trkpt><trkpt lat="55.7322808" lon="14.1243864" /><trkpt lat="55.7324877" lon="14.1244870"><ele>45.0</ele></trkpt><trkpt lat="55.7326465" lon="14.1245849"><ele>45.0</ele></trkpt><trkpt lat="55.7326996" lon="14.1248544"><ele>45.0</ele></trkpt><trkpt lat="55.7327376" lon="14.1254841"><ele>47.0</ele></trkpt><trkpt lat="55.7327138" lon="14.1256063" /><trkpt lat="55.7327249" lon="14.1257698"><ele>48.0</ele></trkpt><trkpt lat="55.7327325" lon="14.1258066" /><trkpt lat="55.7327548" lon="14.1260761"><ele>49.0</ele></trkpt><trkpt lat="55.7328347" lon="14.1262432" /><trkpt lat="55.7329738" lon="14.1263995"><ele>51.0</ele></trkpt><trkpt lat="55.7332059" lon="14.1264723"><ele>51.0</ele></trkpt><trkpt lat="55.7334017" lon="14.1264795"><ele>51.0</ele></trkpt><trkpt lat="55.7335590" lon="14.1265028"><ele>51.0</ele></trkpt><trkpt lat="55.7337036" lon="14.1265378" /><trkpt lat="55.7337937" lon="14.1265675"><ele>50.0</ele></trkpt><trkpt lat="55.7339125" lon="14.1266367" /><trkpt lat="55.7339419" lon="14.1266609"><ele>49.0</ele></trkpt><trkpt lat="55.7342140" lon="14.1269053"><ele>49.0</ele></trkpt><trkpt lat="55.7343055" lon="14.1270005" /><trkpt lat="55.7344436" lon="14.1271155"><ele>49.0</ele></trkpt><trkpt lat="55.7345999" lon="14.1272233"><ele>49.0</ele></trkpt><trkpt lat="55.7347941" lon="14.1273311"><ele>50.0</ele></trkpt><trkpt lat="55.7350197" lon="14.1274577"><ele>50.0</ele></trkpt><trkpt lat="55.7353090" lon="14.1276859"><ele>51.0</ele></trkpt><trkpt lat="55.7354445" lon="14.1277766" /><trkpt lat="55.7356185" lon="14.1278485"><ele>52.0</ele></trkpt><trkpt lat="55.7357889" lon="14.1279401"><ele>52.0</ele></trkpt><trkpt lat="55.7359816" lon="14.1280596"><ele>52.0</ele></trkpt><trkpt lat="55.7361516" lon="14.1281431"><ele>52.0</ele></trkpt><trkpt lat="55.7362279" lon="14.1282069" /><trkpt lat="55.7362927" lon="14.1282276" /><trkpt lat="55.7364206" lon="14.1283129"><ele>52.0</ele></trkpt><trkpt lat="55.7365885" lon="14.1283677"><ele>52.0</ele></trkpt><trkpt lat="55.7367256" lon="14.1284216" /><trkpt lat="55.7368237" lon="14.1284243"><ele>51.0</ele></trkpt><trkpt lat="55.7368439" lon="14.1284135" /><trkpt lat="55.7369668" lon="14.1284701" /><trkpt lat="55.7371585" lon="14.1284890"><ele>49.0</ele></trkpt><trkpt lat="55.7373310" lon="14.1284602"><ele>48.0</ele></trkpt><trkpt lat="55.7375039" lon="14.1283965"><ele>47.0</ele></trkpt><trkpt lat="55.7377457" lon="14.1282429"><ele>46.0</ele></trkpt><trkpt lat="55.7378357" lon="14.1281961" /><trkpt lat="55.7380597" lon="14.1280389"><ele>44.0</ele></trkpt><trkpt lat="55.7381867" lon="14.1279347" /><trkpt lat="55.7382469" lon="14.1279042"><ele>42.0</ele></trkpt><trkpt lat="55.7383156" lon="14.1278826" /><trkpt lat="55.7383955" lon="14.1278979" /><trkpt lat="55.7384406" lon="14.1279491"><ele>41.0</ele></trkpt><trkpt lat="55.7384770" lon="14.1280335" /><trkpt lat="55.7386155" lon="14.1282114"><ele>40.0</ele></trkpt><trkpt lat="55.7386378" lon="14.1282473" /><trkpt lat="55.7387379" lon="14.1285016"><ele>40.0</ele></trkpt><trkpt lat="55.7388107" lon="14.1287252" /><trkpt lat="55.7388709" lon="14.1288214"><ele>40.0</ele></trkpt><trkpt lat="55.7389210" lon="14.1289346" /><trkpt lat="55.7389620" lon="14.1290810"><ele>39.0</ele></trkpt><trkpt lat="55.7390019" lon="14.1291888" /><trkpt lat="55.7390869" lon="14.1293873"><ele>39.0</ele></trkpt><trkpt lat="55.7392310" lon="14.1297906"><ele>39.0</ele></trkpt><trkpt lat="55.7392699" lon="14.1299155" /><trkpt lat="55.7393478" lon="14.1301015"><ele>39.0</ele></trkpt><trkpt lat="55.7394758" lon="14.1303817"><ele>39.0</ele></trkpt><trkpt lat="55.7396335" lon="14.1307006"><ele>39.0</ele></trkpt><trkpt lat="55.7397099" lon="14.1308093" /><trkpt lat="55.7398065" lon="14.1309073"><ele>39.0</ele></trkpt><trkpt lat="55.7398647" lon="14.1309576" /><trkpt lat="55.7401448" lon="14.1312513"><ele>38.0</ele></trkpt><trkpt lat="55.7403238" lon="14.1313923"><ele>37.0</ele></trkpt><trkpt lat="55.7403779" lon="14.1314166" /><trkpt lat="55.7406217" lon="14.1315810"><ele>36.0</ele></trkpt><trkpt lat="55.7406839" lon="14.1316448" /><trkpt lat="55.7407769" lon="14.1317804"><ele>36.0</ele></trkpt><trkpt lat="55.7408897" lon="14.1318711" /><trkpt lat="55.7410439" lon="14.1320293"><ele>36.0</ele></trkpt><trkpt lat="55.7413089" lon="14.1322386"><ele>36.0</ele></trkpt><trkpt lat="55.7414728" lon="14.1323571"><ele>36.0</ele></trkpt><trkpt lat="55.7416558" lon="14.1325098"><ele>36.0</ele></trkpt><trkpt lat="55.7418505" lon="14.1327057"><ele>37.0</ele></trkpt><trkpt lat="55.7421317" lon="14.1329895"><ele>38.0</ele></trkpt><trkpt lat="55.7423087" lon="14.1331126"><ele>39.0</ele></trkpt><trkpt lat="55.7424189" lon="14.1332016" /><trkpt lat="55.7425347" lon="14.1332510"><ele>39.0</ele></trkpt><trkpt lat="55.7426657" lon="14.1333462" /><trkpt lat="55.7429716" lon="14.1336354"><ele>40.0</ele></trkpt><trkpt lat="55.7431597" lon="14.1337765"><ele>41.0</ele></trkpt><trkpt lat="55.7433797" lon="14.1338690"><ele>42.0</ele></trkpt><trkpt lat="55.7435036" lon="14.1339094" /><trkpt lat="55.7437159" lon="14.1340064"><ele>42.0</ele></trkpt><trkpt lat="55.7438646" lon="14.1340666"><ele>42.0</ele></trkpt><trkpt lat="55.7440456" lon="14.1341196"><ele>43.0</ele></trkpt><trkpt lat="55.7441220" lon="14.1341151" /><trkpt lat="55.7442550" lon="14.1341502"><ele>43.0</ele></trkpt><trkpt lat="55.7443738" lon="14.1341556" /><trkpt lat="55.7445427" lon="14.1341897"><ele>43.0</ele></trkpt><trkpt lat="55.7447955" lon="14.1343307"><ele>43.0</ele></trkpt><trkpt lat="55.7449710" lon="14.1344098"><ele>43.0</ele></trkpt><trkpt lat="55.7450837" lon="14.1344763" /><trkpt lat="55.7452435" lon="14.1346200"><ele>44.0</ele></trkpt><trkpt lat="55.7454235" lon="14.1348095"><ele>44.0</ele></trkpt><trkpt lat="55.7455585" lon="14.1349092" /><trkpt lat="55.7456546" lon="14.1350934"><ele>44.0</ele></trkpt><trkpt lat="55.7456758" lon="14.1351221" /><trkpt lat="55.7457385" lon="14.1351967" /><trkpt lat="55.7458068" lon="14.1352560"><ele>44.0</ele></trkpt><trkpt lat="55.7459559" lon="14.1354330"><ele>45.0</ele></trkpt><trkpt lat="55.7459716" lon="14.1354698" /><trkpt lat="55.7460985" lon="14.1357016"><ele>45.0</ele></trkpt><trkpt lat="55.7462457" lon="14.1359612"><ele>46.0</ele></trkpt><trkpt lat="55.7463705" lon="14.1361453"><ele>47.0</ele></trkpt><trkpt lat="55.7464636" lon="14.1363340" /><trkpt lat="55.7465475" lon="14.1365379"><ele>48.0</ele></trkpt><trkpt lat="55.7466527" lon="14.1367463"><ele>48.0</ele></trkpt><trkpt lat="55.7467260" lon="14.1368155" /><trkpt lat="55.7470096" lon="14.1372017"><ele>51.0</ele></trkpt><trkpt lat="55.7471669" lon="14.1373877"><ele>51.0</ele></trkpt><trkpt lat="55.7472407" lon="14.1374856" /><trkpt lat="55.7472857" lon="14.1375799"><ele>52.0</ele></trkpt><trkpt lat="55.7473439" lon="14.1378234" /><trkpt lat="55.7474359" lon="14.1380974"><ele>53.0</ele></trkpt><trkpt lat="55.7475835" lon="14.1383327"><ele>53.0</ele></trkpt><trkpt lat="55.7476356" lon="14.1384001" /><trkpt lat="55.7477590" lon="14.1385115"><ele>53.0</ele></trkpt><trkpt lat="55.7479840" lon="14.1386642"><ele>53.0</ele></trkpt><trkpt lat="55.7483268" lon="14.1388717"><ele>53.0</ele></trkpt><trkpt lat="55.7485057" lon="14.1389912"><ele>53.0</ele></trkpt><trkpt lat="55.7485846" lon="14.1390586" /><trkpt lat="55.7486407" lon="14.1391466"><ele>53.0</ele></trkpt><trkpt lat="55.7487747" lon="14.1392921"><ele>53.0</ele></trkpt><trkpt lat="55.7489577" lon="14.1395113"><ele>52.0</ele></trkpt><trkpt lat="55.7492009" lon="14.1397242"><ele>51.0</ele></trkpt><trkpt lat="55.7492677" lon="14.1397673" /><trkpt lat="55.7493506" lon="14.1398410"><ele>50.0</ele></trkpt><trkpt lat="55.7495619" lon="14.1399722"><ele>50.0</ele></trkpt><trkpt lat="55.7498380" lon="14.1400844"><ele>49.0</ele></trkpt><trkpt lat="55.7499017" lon="14.1400997" /><trkpt lat="55.7500736" lon="14.1401815"><ele>49.0</ele></trkpt><trkpt lat="55.7502626" lon="14.1403054"><ele>48.0</ele></trkpt><trkpt lat="55.7505190" lon="14.1404483"><ele>48.0</ele></trkpt><trkpt lat="55.7506636" lon="14.1405228" /><trkpt lat="55.7508445" lon="14.1405803"><ele>48.0</ele></trkpt><trkpt lat="55.7509886" lon="14.1406728"><ele>48.0</ele></trkpt><trkpt lat="55.7511186" lon="14.1407366" /><trkpt lat="55.7512556" lon="14.1407348"><ele>47.0</ele></trkpt><trkpt lat="55.7513046" lon="14.1407636" /><trkpt lat="55.7513936" lon="14.1407654" /><trkpt lat="55.7514730" lon="14.1407456"><ele>47.0</ele></trkpt><trkpt lat="55.7515448" lon="14.1407519" /><trkpt lat="55.7517419" lon="14.1408148"><ele>46.0</ele></trkpt><trkpt lat="55.7519386" lon="14.1408444"><ele>46.0</ele></trkpt><trkpt lat="55.7523026" lon="14.1408040"><ele>46.0</ele></trkpt><trkpt lat="55.7524927" lon="14.1408148"><ele>46.0</ele></trkpt><trkpt lat="55.7526848" lon="14.1408148"><ele>46.0</ele></trkpt><trkpt lat="55.7528556" lon="14.1408696"><ele>46.0</ele></trkpt><trkpt lat="55.7529987" lon="14.1409684"><ele>47.0</ele></trkpt><trkpt lat="55.7531938" lon="14.1410735"><ele>47.0</ele></trkpt><trkpt lat="55.7533966" lon="14.1411714"><ele>47.0</ele></trkpt><trkpt lat="55.7535765" lon="14.1413196"><ele>47.0</ele></trkpt><trkpt lat="55.7537747" lon="14.1414831"><ele>46.0</ele></trkpt><trkpt lat="55.7540057" lon="14.1416304"><ele>46.0</ele></trkpt><trkpt lat="55.7540426" lon="14.1416448" /><trkpt lat="55.7542327" lon="14.1417463"><ele>46.0</ele></trkpt><trkpt lat="55.7545790" lon="14.1419673"><ele>46.0</ele></trkpt><trkpt lat="55.7547958" lon="14.1420913"><ele>46.0</ele></trkpt><trkpt lat="55.7551229" lon="14.1422799"><ele>45.0</ele></trkpt><trkpt lat="55.7553206" lon="14.1423886"><ele>45.0</ele></trkpt><trkpt lat="55.7555597" lon="14.1425216"><ele>44.0</ele></trkpt><trkpt lat="55.7556835" lon="14.1426222" /><trkpt lat="55.7558438" lon="14.1427641"><ele>44.0</ele></trkpt><trkpt lat="55.7560899" lon="14.1430606"><ele>45.0</ele></trkpt><trkpt lat="55.7564195" lon="14.1432815"><ele>45.0</ele></trkpt><trkpt lat="55.7566010" lon="14.1433947"><ele>45.0</ele></trkpt><trkpt lat="55.7567885" lon="14.1435124"><ele>45.0</ele></trkpt><trkpt lat="55.7569746" lon="14.1436193"><ele>45.0</ele></trkpt><trkpt lat="55.7571747" lon="14.1437352"><ele>44.0</ele></trkpt><trkpt lat="55.7572379" lon="14.1437783" /><trkpt lat="55.7573800" lon="14.1439032"><ele>44.0</ele></trkpt><trkpt lat="55.7575468" lon="14.1440227"><ele>43.0</ele></trkpt><trkpt lat="55.7577287" lon="14.1441412"><ele>43.0</ele></trkpt><trkpt lat="55.7579193" lon="14.1442526"><ele>43.0</ele></trkpt><trkpt lat="55.7581356" lon="14.1443802"><ele>42.0</ele></trkpt><trkpt lat="55.7583126" lon="14.1445122"><ele>42.0</ele></trkpt><trkpt lat="55.7584955" lon="14.1446488"><ele>42.0</ele></trkpt><trkpt lat="55.7586906" lon="14.1447620"><ele>42.0</ele></trkpt><trkpt lat="55.7588797" lon="14.1448976"><ele>42.0</ele></trkpt><trkpt lat="55.7590798" lon="14.1450566"><ele>42.0</ele></trkpt><trkpt lat="55.7593558" lon="14.1452776"><ele>42.0</ele></trkpt><trkpt lat="55.7595236" lon="14.1453836"><ele>42.0</ele></trkpt><trkpt lat="55.7596950" lon="14.1455408"><ele>42.0</ele></trkpt><trkpt lat="55.7597137" lon="14.1455660" /><trkpt lat="55.7598886" lon="14.1456774"><ele>41.0</ele></trkpt><trkpt lat="55.7601089" lon="14.1457914"><ele>40.0</ele></trkpt><trkpt lat="55.7602737" lon="14.1459091"><ele>40.0</ele></trkpt><trkpt lat="55.7604648" lon="14.1460304"><ele>40.0</ele></trkpt><trkpt lat="55.7606867" lon="14.1461714"><ele>39.0</ele></trkpt><trkpt lat="55.7608019" lon="14.1462774" /><trkpt lat="55.7609768" lon="14.1464176"><ele>39.0</ele></trkpt><trkpt lat="55.7611476" lon="14.1465793"><ele>39.0</ele></trkpt><trkpt lat="55.7613816" lon="14.1467472"><ele>38.0</ele></trkpt><trkpt lat="55.7615216" lon="14.1469107"><ele>38.0</ele></trkpt><trkpt lat="55.7617026" lon="14.1470338"><ele>38.0</ele></trkpt><trkpt lat="55.7619260" lon="14.1471659"><ele>37.0</ele></trkpt><trkpt lat="55.7622929" lon="14.1473842"><ele>35.0</ele></trkpt><trkpt lat="55.7625749" lon="14.1475153"><ele>34.0</ele></trkpt><trkpt lat="55.7627559" lon="14.1476330"><ele>34.0</ele></trkpt><trkpt lat="55.7629484" lon="14.1477686"><ele>34.0</ele></trkpt><trkpt lat="55.7631809" lon="14.1479339"><ele>34.0</ele></trkpt><trkpt lat="55.7633118" lon="14.1480238" /><trkpt lat="55.7633937" lon="14.1480714"><ele>35.0</ele></trkpt><trkpt lat="55.7636171" lon="14.1482331"><ele>35.0</ele></trkpt><trkpt lat="55.7640088" lon="14.1485169"><ele>35.0</ele></trkpt><trkpt lat="55.7642150" lon="14.1486562"><ele>35.0</ele></trkpt><trkpt lat="55.7645046" lon="14.1488529"><ele>35.0</ele></trkpt><trkpt lat="55.7646996" lon="14.1490056"><ele>36.0</ele></trkpt><trkpt lat="55.7649528" lon="14.1492041"><ele>37.0</ele></trkpt><trkpt lat="55.7652035" lon="14.1493622"><ele>38.0</ele></trkpt><trkpt lat="55.7653779" lon="14.1494476"><ele>38.0</ele></trkpt><trkpt lat="55.7654830" lon="14.1495105" /><trkpt lat="55.7658286" lon="14.1497764"><ele>40.0</ele></trkpt><trkpt lat="55.7661420" lon="14.1499893"><ele>41.0</ele></trkpt><trkpt lat="55.7664937" lon="14.1502112"><ele>41.0</ele></trkpt><trkpt lat="55.7667176" lon="14.1503630"><ele>41.0</ele></trkpt><trkpt lat="55.7668980" lon="14.1505220"><ele>41.0</ele></trkpt><trkpt lat="55.7671330" lon="14.1506935"><ele>42.0</ele></trkpt><trkpt lat="55.7672876" lon="14.1508373"><ele>43.0</ele></trkpt><trkpt lat="55.7674524" lon="14.1510142"><ele>43.0</ele></trkpt><trkpt lat="55.7676237" lon="14.1511993"><ele>44.0</ele></trkpt><trkpt lat="55.7677839" lon="14.1513897"><ele>44.0</ele></trkpt><trkpt lat="55.7678526" lon="14.1514805" /><trkpt lat="55.7681755" lon="14.1519620"><ele>44.0</ele></trkpt><trkpt lat="55.7683049" lon="14.1521964"><ele>44.0</ele></trkpt><trkpt lat="55.7683989" lon="14.1524093"><ele>44.0</ele></trkpt><trkpt lat="55.7684145" lon="14.1524174" /><trkpt lat="55.7684327" lon="14.1524156" /><trkpt lat="55.7685247" lon="14.1523420" /><trkpt lat="55.7685818" lon="14.1522692"><ele>46.0</ele></trkpt><trkpt lat="55.7686238" lon="14.1522315" /><trkpt lat="55.7687718" lon="14.1520042"><ele>47.0</ele></trkpt><trkpt lat="55.7689229" lon="14.1517221"><ele>49.0</ele></trkpt><trkpt lat="55.7691640" lon="14.1513826"><ele>51.0</ele></trkpt><trkpt lat="55.7692029" lon="14.1513367" /><trkpt lat="55.7692928" lon="14.1513008" /><trkpt lat="55.7693398" lon="14.1513233"><ele>52.0</ele></trkpt><trkpt lat="55.7695177" lon="14.1514868"><ele>53.0</ele></trkpt><trkpt lat="55.7696905" lon="14.1516224"><ele>53.0</ele></trkpt><trkpt lat="55.7698426" lon="14.1516619"><ele>54.0</ele></trkpt><trkpt lat="55.7699886" lon="14.1516278" /><trkpt lat="55.7701246" lon="14.1516467"><ele>55.0</ele></trkpt><trkpt lat="55.7702989" lon="14.1515973"><ele>55.0</ele></trkpt><trkpt lat="55.7704369" lon="14.1515443" /><trkpt lat="55.7705576" lon="14.1515146"><ele>56.0</ele></trkpt><trkpt lat="55.7705859" lon="14.1515137" /><trkpt lat="55.7709447" lon="14.1513763"><ele>56.0</ele></trkpt><trkpt lat="55.7711418" lon="14.1513251"><ele>57.0</ele></trkpt><trkpt lat="55.7713616" lon="14.1512685"><ele>57.0</ele></trkpt><trkpt lat="55.7713939" lon="14.1512209" /><trkpt lat="55.7714177" lon="14.1511140" /><trkpt lat="55.7714687" lon="14.1509532"><ele>58.0</ele></trkpt><trkpt lat="55.7715839" lon="14.1507007"><ele>58.0</ele></trkpt><trkpt lat="55.7716329" lon="14.1506468" /><trkpt lat="55.7717360" lon="14.1505516"><ele>60.0</ele></trkpt><trkpt lat="55.7717607" lon="14.1505166" /><trkpt lat="55.7718189" lon="14.1503477" /><trkpt lat="55.7718598" lon="14.1500773"><ele>61.0</ele></trkpt><trkpt lat="55.7718608" lon="14.1499488" /><trkpt lat="55.7717916" lon="14.1496515"><ele>61.0</ele></trkpt><trkpt lat="55.7717067" lon="14.1493335"><ele>61.0</ele></trkpt><trkpt lat="55.7716976" lon="14.1492868" /><trkpt lat="55.7716496" lon="14.1489472"><ele>62.0</ele></trkpt><trkpt lat="55.7716415" lon="14.1488673" /><trkpt lat="55.7716390" lon="14.1487092" /><trkpt lat="55.7716466" lon="14.1486436"><ele>62.0</ele></trkpt><trkpt lat="55.7716526" lon="14.1484684" /><trkpt lat="55.7716688" lon="14.1483328"><ele>63.0</ele></trkpt><trkpt lat="55.7716738" lon="14.1482268" /><trkpt lat="55.7717037" lon="14.1480004"><ele>64.0</ele></trkpt><trkpt lat="55.7717365" lon="14.1478612" /><trkpt lat="55.7717496" lon="14.1476671"><ele>65.0</ele></trkpt><trkpt lat="55.7717496" lon="14.1474129" /><trkpt lat="55.7717446" lon="14.1472620"><ele>66.0</ele></trkpt><trkpt lat="55.7717067" lon="14.1469062"><ele>67.0</ele></trkpt><trkpt lat="55.7716829" lon="14.1467562" /><trkpt lat="55.7716339" lon="14.1463897"><ele>67.0</ele></trkpt><trkpt lat="55.7716056" lon="14.1461014"><ele>68.0</ele></trkpt><trkpt lat="55.7715359" lon="14.1455902"><ele>68.0</ele></trkpt><trkpt lat="55.7714677" lon="14.1450422"><ele>68.0</ele></trkpt><trkpt lat="55.7713798" lon="14.1444637"><ele>69.0</ele></trkpt><trkpt lat="55.7713348" lon="14.1441215"><ele>70.0</ele></trkpt><trkpt lat="55.7712858" lon="14.1437487"><ele>71.0</ele></trkpt><trkpt lat="55.7712408" lon="14.1434909"><ele>72.0</ele></trkpt><trkpt lat="55.7711797" lon="14.1432088"><ele>73.0</ele></trkpt><trkpt lat="55.7711246" lon="14.1428414"><ele>74.0</ele></trkpt><trkpt lat="55.7710538" lon="14.1423689"><ele>74.0</ele></trkpt><trkpt lat="55.7709816" lon="14.1420032"><ele>74.0</ele></trkpt><trkpt lat="55.7709568" lon="14.1418182" /><trkpt lat="55.7709068" lon="14.1415083"><ele>75.0</ele></trkpt><trkpt lat="55.7708906" lon="14.1413115" /><trkpt lat="55.7708436" lon="14.1410286"><ele>76.0</ele></trkpt><trkpt lat="55.7707673" lon="14.1407151"><ele>77.0</ele></trkpt><trkpt lat="55.7706895" lon="14.1403953"><ele>78.0</ele></trkpt><trkpt lat="55.7706536" lon="14.1399344"><ele>79.0</ele></trkpt><trkpt lat="55.7706380" lon="14.1395814"><ele>79.0</ele></trkpt><trkpt lat="55.7706370" lon="14.1391924"><ele>79.0</ele></trkpt><trkpt lat="55.7706248" lon="14.1390801" /><trkpt lat="55.7705657" lon="14.1389283"><ele>79.0</ele></trkpt><trkpt lat="55.7705465" lon="14.1387810" /><trkpt lat="55.7705485" lon="14.1387675" /><trkpt lat="55.7705546" lon="14.1387612" /><trkpt lat="55.7705738" lon="14.1387621" /><trkpt lat="55.7705546" lon="14.1386965"><ele>78.0</ele></trkpt><trkpt lat="55.7705258" lon="14.1386561" /><trkpt lat="55.7704409" lon="14.1384522"><ele>78.0</ele></trkpt><trkpt lat="55.7703237" lon="14.1381252"><ele>77.0</ele></trkpt><trkpt lat="55.7702337" lon="14.1378575"><ele>77.0</ele></trkpt><trkpt lat="55.7701807" lon="14.1377246" /><trkpt lat="55.7701170" lon="14.1375305"><ele>76.0</ele></trkpt><trkpt lat="55.7700599" lon="14.1373266" /><trkpt lat="55.7700220" lon="14.1371757"><ele>76.0</ele></trkpt><trkpt lat="55.7699477" lon="14.1368397"><ele>76.0</ele></trkpt><trkpt lat="55.7698749" lon="14.1364436"><ele>76.0</ele></trkpt><trkpt lat="55.7698557" lon="14.1363636" /><trkpt lat="55.7698027" lon="14.1361804"><ele>76.0</ele></trkpt><trkpt lat="55.7697375" lon="14.1358785"><ele>77.0</ele></trkpt><trkpt lat="55.7696566" lon="14.1355515"><ele>78.0</ele></trkpt><trkpt lat="55.7695541" lon="14.1351644"><ele>79.0</ele></trkpt><trkpt lat="55.7693767" lon="14.1344924"><ele>79.0</ele></trkpt><trkpt lat="55.7693049" lon="14.1341403"><ele>79.0</ele></trkpt><trkpt lat="55.7692266" lon="14.1337864"><ele>79.0</ele></trkpt><trkpt lat="55.7692008" lon="14.1336947" /><trkpt lat="55.7691028" lon="14.1334055"><ele>79.0</ele></trkpt><trkpt lat="55.7689507" lon="14.1330776"><ele>80.0</ele></trkpt><trkpt lat="55.7687809" lon="14.1326742"><ele>80.0</ele></trkpt><trkpt lat="55.7686526" lon="14.1323850"><ele>80.0</ele></trkpt><trkpt lat="55.7685409" lon="14.1321110"><ele>80.0</ele></trkpt><trkpt lat="55.7683827" lon="14.1317526"><ele>80.0</ele></trkpt><trkpt lat="55.7682256" lon="14.1313690"><ele>81.0</ele></trkpt><trkpt lat="55.7680628" lon="14.1310339"><ele>81.0</ele></trkpt><trkpt lat="55.7679688" lon="14.1308965" /><trkpt lat="55.7679178" lon="14.1308408"><ele>81.0</ele></trkpt><trkpt lat="55.7678839" lon="14.1308677" /><trkpt lat="55.7676105" lon="14.1311857"><ele>80.0</ele></trkpt><trkpt lat="55.7674069" lon="14.1313735"><ele>80.0</ele></trkpt><trkpt lat="55.7672406" lon="14.1315657"><ele>80.0</ele></trkpt><trkpt lat="55.7672078" lon="14.1316241" /><trkpt lat="55.7671279" lon="14.1318083"><ele>80.0</ele></trkpt><trkpt lat="55.7670769" lon="14.1319394" /><trkpt lat="55.7670228" lon="14.1320149"><ele>81.0</ele></trkpt><trkpt lat="55.7669228" lon="14.1322197"><ele>81.0</ele></trkpt><trkpt lat="55.7667696" lon="14.1326877"><ele>81.0</ele></trkpt><trkpt lat="55.7666620" lon="14.1327506" /><trkpt lat="55.7664988" lon="14.1327650"><ele>79.0</ele></trkpt><trkpt lat="55.7663805" lon="14.1327973" /><trkpt lat="55.7663527" lon="14.1327982" /><trkpt lat="55.7662077" lon="14.1327542"><ele>78.0</ele></trkpt><trkpt lat="55.7661319" lon="14.1327722" /><trkpt lat="55.7660616" lon="14.1327955" /><trkpt lat="55.7659777" lon="14.1328638"><ele>76.0</ele></trkpt><trkpt lat="55.7657326" lon="14.1329276"><ele>73.0</ele></trkpt><trkpt lat="55.7656265" lon="14.1330363" /><trkpt lat="55.7655689" lon="14.1330524"><ele>71.0</ele></trkpt><trkpt lat="55.7655158" lon="14.1330354" /><trkpt lat="55.7654678" lon="14.1329869" /><trkpt lat="55.7654446" lon="14.1329392" /><trkpt lat="55.7653819" lon="14.1328395"><ele>68.0</ele></trkpt><trkpt lat="55.7652657" lon="14.1326958" /><trkpt lat="55.7652177" lon="14.1326545"><ele>67.0</ele></trkpt><trkpt lat="55.7651585" lon="14.1326194" /><trkpt lat="55.7649826" lon="14.1325628"><ele>63.0</ele></trkpt><trkpt lat="55.7649159" lon="14.1325107" /><trkpt lat="55.7648108" lon="14.1324568"><ele>62.0</ele></trkpt><trkpt lat="55.7647608" lon="14.1324398" /><trkpt lat="55.7645728" lon="14.1323104"><ele>58.0</ele></trkpt><trkpt lat="55.7645207" lon="14.1322673" /><trkpt lat="55.7644737" lon="14.1322188" /><trkpt lat="55.7643216" lon="14.1320185"><ele>56.0</ele></trkpt><trkpt lat="55.7642766" lon="14.1319673" /><trkpt lat="55.7641796" lon="14.1318756"><ele>54.0</ele></trkpt><trkpt lat="55.7641427" lon="14.1318137" /><trkpt lat="55.7640300" lon="14.1316834"><ele>53.0</ele></trkpt><trkpt lat="55.7640108" lon="14.1316547" /><trkpt lat="55.7639360" lon="14.1315226" /><trkpt lat="55.7638870" lon="14.1313160"><ele>53.0</ele></trkpt><trkpt lat="55.7638506" lon="14.1309692"><ele>53.0</ele></trkpt><trkpt lat="55.7638248" lon="14.1307671" /><trkpt lat="55.7637738" lon="14.1304832"><ele>53.0</ele></trkpt><trkpt lat="55.7637667" lon="14.1304662" /><trkpt lat="55.7637738" lon="14.1304437" /><trkpt lat="55.7637829" lon="14.1304509" /><trkpt lat="55.7637920" lon="14.1304419" /><trkpt lat="55.7637869" lon="14.1304177" /><trkpt lat="55.7637798" lon="14.1303135" /><trkpt lat="55.7637788" lon="14.1302138"><ele>54.0</ele></trkpt><trkpt lat="55.7637707" lon="14.1301284" /><trkpt lat="55.7637748" lon="14.1299685" /><trkpt lat="55.7637419" lon="14.1297646"><ele>54.0</ele></trkpt><trkpt lat="55.7637495" lon="14.1296748" /><trkpt lat="55.7637667" lon="14.1295580" /><trkpt lat="55.7638117" lon="14.1294726"><ele>54.0</ele></trkpt><trkpt lat="55.7638187" lon="14.1294385" /><trkpt lat="55.7638157" lon="14.1294313" /><trkpt lat="55.7638167" lon="14.1293927" /><trkpt lat="55.7637985" lon="14.1292858" /><trkpt lat="55.7637909" lon="14.1292032"><ele>54.0</ele></trkpt><trkpt lat="55.7637975" lon="14.1290082" /><trkpt lat="55.7637879" lon="14.1288663"><ele>54.0</ele></trkpt><trkpt lat="55.7637768" lon="14.1284629"><ele>54.0</ele></trkpt><trkpt lat="55.7637758" lon="14.1282393" /><trkpt lat="55.7637667" lon="14.1280758"><ele>53.0</ele></trkpt><trkpt lat="55.7637535" lon="14.1280317" /><trkpt lat="55.7637399" lon="14.1279087" /><trkpt lat="55.7636595" lon="14.1275125"><ele>52.0</ele></trkpt><trkpt lat="55.7636418" lon="14.1273706" /><trkpt lat="55.7636196" lon="14.1273086" /><trkpt lat="55.7635797" lon="14.1272745"><ele>51.0</ele></trkpt><trkpt lat="55.7635140" lon="14.1270759" /><trkpt lat="55.7635150" lon="14.1267463"><ele>51.0</ele></trkpt><trkpt lat="55.7635509" lon="14.1264139"><ele>51.0</ele></trkpt><trkpt lat="55.7635948" lon="14.1258848"><ele>54.0</ele></trkpt><trkpt lat="55.7636095" lon="14.1255973"><ele>55.0</ele></trkpt><trkpt lat="55.7636029" lon="14.1253638" /><trkpt lat="55.7635928" lon="14.1253269"><ele>56.0</ele></trkpt><trkpt lat="55.7635569" lon="14.1252380" /><trkpt lat="55.7635377" lon="14.1252074" /><trkpt lat="55.7635519" lon="14.1251904" /><trkpt lat="55.7635969" lon="14.1251571"><ele>57.0</ele></trkpt><trkpt lat="55.7636080" lon="14.1251032" /><trkpt lat="55.7636135" lon="14.1250457" /><trkpt lat="55.7636095" lon="14.1250215" /><trkpt lat="55.7635665" lon="14.1249649" /><trkpt lat="55.7635408" lon="14.1249541"><ele>57.0</ele></trkpt><trkpt lat="55.7634670" lon="14.1248993" /><trkpt lat="55.7634159" lon="14.1248805" /><trkpt lat="55.7633998" lon="14.1248346"><ele>59.0</ele></trkpt><trkpt lat="55.7633907" lon="14.1247700" /><trkpt lat="55.7633785" lon="14.1247188" /><trkpt lat="55.7633750" lon="14.1246765" /><trkpt lat="55.7633578" lon="14.1246164" /><trkpt lat="55.7632759" lon="14.1245032"><ele>61.0</ele></trkpt><trkpt lat="55.7632239" lon="14.1243963" /><trkpt lat="55.7631516" lon="14.1242346"><ele>62.0</ele></trkpt><trkpt lat="55.7630247" lon="14.1239004"><ele>64.0</ele></trkpt><trkpt lat="55.7629808" lon="14.1237701" /><trkpt lat="55.7628676" lon="14.1235348"><ele>66.0</ele></trkpt><trkpt lat="55.7628559" lon="14.1234988" /><trkpt lat="55.7628100" lon="14.1233973" /><trkpt lat="55.7627887" lon="14.1233623" /><trkpt lat="55.7627058" lon="14.1235671"><ele>67.0</ele></trkpt><trkpt lat="55.7626846" lon="14.1236327" /><trkpt lat="55.7626260" lon="14.1239327"><ele>67.0</ele></trkpt><trkpt lat="55.7625487" lon="14.1242552"><ele>67.0</ele></trkpt><trkpt lat="55.7624157" lon="14.1244852"><ele>67.0</ele></trkpt><trkpt lat="55.7622767" lon="14.1247412"><ele>67.0</ele></trkpt><trkpt lat="55.7621726" lon="14.1248903" /><trkpt lat="55.7621479" lon="14.1249532"><ele>66.0</ele></trkpt><trkpt lat="55.7620660" lon="14.1250008" /><trkpt lat="55.7619270" lon="14.1250987"><ele>65.0</ele></trkpt><trkpt lat="55.7617208" lon="14.1253763"><ele>64.0</ele></trkpt><trkpt lat="55.7616076" lon="14.1255479" /><trkpt lat="55.7614008" lon="14.1259378"><ele>60.0</ele></trkpt><trkpt lat="55.7613180" lon="14.1262495"><ele>58.0</ele></trkpt><trkpt lat="55.7612558" lon="14.1266816"><ele>56.0</ele></trkpt><trkpt lat="55.7612447" lon="14.1267310" /><trkpt lat="55.7611527" lon="14.1270202"><ele>56.0</ele></trkpt><trkpt lat="55.7610849" lon="14.1271667" /><trkpt lat="55.7610566" lon="14.1272116" /><trkpt lat="55.7609030" lon="14.1274011"><ele>55.0</ele></trkpt><trkpt lat="55.7607655" lon="14.1275260"><ele>55.0</ele></trkpt><trkpt lat="55.7607038" lon="14.1275916" /><trkpt lat="55.7605628" lon="14.1276922"><ele>55.0</ele></trkpt><trkpt lat="55.7603025" lon="14.1278548"><ele>54.0</ele></trkpt><trkpt lat="55.7602429" lon="14.1279186" /><trkpt lat="55.7601939" lon="14.1280075" /><trkpt lat="55.7601590" lon="14.1281153"><ele>52.0</ele></trkpt><trkpt lat="55.7601019" lon="14.1284468"><ele>52.0</ele></trkpt><trkpt lat="55.7600458" lon="14.1288286"><ele>52.0</ele></trkpt><trkpt lat="55.7599765" lon="14.1288429" /><trkpt lat="55.7598340" lon="14.1288869"><ele>52.0</ele></trkpt><trkpt lat="55.7598016" lon="14.1289283" /><trkpt lat="55.7597248" lon="14.1293415"><ele>52.0</ele></trkpt><trkpt lat="55.7596879" lon="14.1294762" /><trkpt lat="55.7596419" lon="14.1297260"><ele>53.0</ele></trkpt><trkpt lat="55.7596348" lon="14.1299703" /><trkpt lat="55.7596449" lon="14.1300925"><ele>53.0</ele></trkpt><trkpt lat="55.7596399" lon="14.1301149" /><trkpt lat="55.7595909" lon="14.1302353" /><trkpt lat="55.7595100" lon="14.1304096"><ele>53.0</ele></trkpt><trkpt lat="55.7594170" lon="14.1307303"><ele>53.0</ele></trkpt><trkpt lat="55.7593867" lon="14.1309863" /><trkpt lat="55.7593897" lon="14.1312253"><ele>52.0</ele></trkpt><trkpt lat="55.7594059" lon="14.1314292" /><trkpt lat="55.7593988" lon="14.1316358"><ele>52.0</ele></trkpt><trkpt lat="55.7593877" lon="14.1317283" /><trkpt lat="55.7592537" lon="14.1320077"><ele>51.0</ele></trkpt><trkpt lat="55.7591875" lon="14.1321622" /><trkpt lat="55.7591526" lon="14.1322332"><ele>49.0</ele></trkpt><trkpt lat="55.7591117" lon="14.1323643" /><trkpt lat="55.7590910" lon="14.1324892"><ele>47.0</ele></trkpt><trkpt lat="55.7590596" lon="14.1326114" /><trkpt lat="55.7589616" lon="14.1329330"><ele>46.0</ele></trkpt><trkpt lat="55.7589257" lon="14.1330938" /><trkpt lat="55.7588655" lon="14.1336848"><ele>46.0</ele></trkpt><trkpt lat="55.7588559" lon="14.1337307" /><trkpt lat="55.7587927" lon="14.1339076" /><trkpt lat="55.7587715" lon="14.1339202"><ele>46.0</ele></trkpt><trkpt lat="55.7586310" lon="14.1339238" /><trkpt lat="55.7585097" lon="14.1338160"><ele>46.0</ele></trkpt><trkpt lat="55.7584637" lon="14.1337387" /><trkpt lat="55.7583666" lon="14.1336462"><ele>46.0</ele></trkpt><trkpt lat="55.7582079" lon="14.1334504"><ele>46.0</ele></trkpt><trkpt lat="55.7580467" lon="14.1332977"><ele>47.0</ele></trkpt><trkpt lat="55.7579016" lon="14.1330848"><ele>47.0</ele></trkpt><trkpt lat="55.7578799" lon="14.1330434" /><trkpt lat="55.7577919" lon="14.1328485"><ele>48.0</ele></trkpt><trkpt lat="55.7577227" lon="14.1326814" /><trkpt lat="55.7575877" lon="14.1322377"><ele>48.0</ele></trkpt><trkpt lat="55.7575867" lon="14.1321883" /><trkpt lat="55.7575928" lon="14.1321406" /><trkpt lat="55.7575806" lon="14.1318729"><ele>48.0</ele></trkpt><trkpt lat="55.7574502" lon="14.1315729"><ele>49.0</ele></trkpt><trkpt lat="55.7572829" lon="14.1311884"><ele>50.0</ele></trkpt><trkpt lat="55.7571929" lon="14.1310213" /><trkpt lat="55.7570858" lon="14.1308668"><ele>51.0</ele></trkpt><trkpt lat="55.7570655" lon="14.1308480" /><trkpt lat="55.7569826" lon="14.1307096" /><trkpt lat="55.7569387" lon="14.1305893"><ele>52.0</ele></trkpt><trkpt lat="55.7568335" lon="14.1303835"><ele>53.0</ele></trkpt><trkpt lat="55.7567916" lon="14.1303719" /><trkpt lat="55.7567117" lon="14.1302371"><ele>55.0</ele></trkpt><trkpt lat="55.7566010" lon="14.1300242"><ele>56.0</ele></trkpt><trkpt lat="55.7565009" lon="14.1298077"><ele>57.0</ele></trkpt><trkpt lat="55.7563766" lon="14.1294969"><ele>57.0</ele></trkpt><trkpt lat="55.7562148" lon="14.1290936"><ele>56.0</ele></trkpt><trkpt lat="55.7560217" lon="14.1286839"><ele>56.0</ele></trkpt><trkpt lat="55.7559706" lon="14.1284908" /><trkpt lat="55.7559019" lon="14.1282671"><ele>55.0</ele></trkpt><trkpt lat="55.7558059" lon="14.1280246"><ele>55.0</ele></trkpt><trkpt lat="55.7556987" lon="14.1278233"><ele>56.0</ele></trkpt><trkpt lat="55.7555976" lon="14.1276643" /><trkpt lat="55.7554727" lon="14.1274928"><ele>56.0</ele></trkpt><trkpt lat="55.7553069" lon="14.1272269"><ele>56.0</ele></trkpt><trkpt lat="55.7552468" lon="14.1270957" /><trkpt lat="55.7552326" lon="14.1270759" /><trkpt lat="55.7551598" lon="14.1270328"><ele>55.0</ele></trkpt><trkpt lat="55.7551386" lon="14.1269565" /><trkpt lat="55.7551335" lon="14.1265792"><ele>54.0</ele></trkpt><trkpt lat="55.7551426" lon="14.1263133" /><trkpt lat="55.7551527" lon="14.1261722"><ele>52.0</ele></trkpt><trkpt lat="55.7551487" lon="14.1259315" /><trkpt lat="55.7551618" lon="14.1255596"><ele>51.0</ele></trkpt><trkpt lat="55.7551689" lon="14.1251212"><ele>51.0</ele></trkpt><trkpt lat="55.7551886" lon="14.1249344" /><trkpt lat="55.7552139" lon="14.1247637"><ele>52.0</ele></trkpt><trkpt lat="55.7552367" lon="14.1246442" /><trkpt lat="55.7552468" lon="14.1245598" /><trkpt lat="55.7552816" lon="14.1243531"><ele>54.0</ele></trkpt><trkpt lat="55.7553898" lon="14.1242148" /><trkpt lat="55.7555986" lon="14.1238654"><ele>57.0</ele></trkpt><trkpt lat="55.7557199" lon="14.1236390"><ele>60.0</ele></trkpt><trkpt lat="55.7558129" lon="14.1235141" /><trkpt lat="55.7558559" lon="14.1233991"><ele>64.0</ele></trkpt><trkpt lat="55.7558979" lon="14.1233156" /><trkpt lat="55.7559418" lon="14.1232527" /><trkpt lat="55.7560505" lon="14.1230093"><ele>69.0</ele></trkpt><trkpt lat="55.7560849" lon="14.1229832" /><trkpt lat="55.7561319" lon="14.1229302" /><trkpt lat="55.7561708" lon="14.1228646" /><trkpt lat="55.7561870" lon="14.1228089"><ele>72.0</ele></trkpt><trkpt lat="55.7562057" lon="14.1227712" /><trkpt lat="55.7562320" lon="14.1226886" /><trkpt lat="55.7562588" lon="14.1225799" /><trkpt lat="55.7563017" lon="14.1225044"><ele>77.0</ele></trkpt><trkpt lat="55.7563766" lon="14.1223535" /><trkpt lat="55.7564367" lon="14.1221388"><ele>82.0</ele></trkpt><trkpt lat="55.7564579" lon="14.1219753" /><trkpt lat="55.7564488" lon="14.1219609" /><trkpt lat="55.7564448" lon="14.1219052" /><trkpt lat="55.7564579" lon="14.1218873"><ele>84.0</ele></trkpt><trkpt lat="55.7565135" lon="14.1218855" /><trkpt lat="55.7565307" lon="14.1218738" /><trkpt lat="55.7565520" lon="14.1218316" /><trkpt lat="55.7565828" lon="14.1217894" /><trkpt lat="55.7566015" lon="14.1217426"><ele>87.0</ele></trkpt><trkpt lat="55.7566298" lon="14.1217058" /><trkpt lat="55.7567415" lon="14.1216187"><ele>88.0</ele></trkpt><trkpt lat="55.7568785" lon="14.1215783" /><trkpt lat="55.7569366" lon="14.1215387"><ele>90.0</ele></trkpt><trkpt lat="55.7569695" lon="14.1214902" /><trkpt lat="55.7571156" lon="14.1213645"><ele>92.0</ele></trkpt><trkpt lat="55.7571297" lon="14.1213420" /><trkpt lat="55.7573279" lon="14.1212243"><ele>92.0</ele></trkpt><trkpt lat="55.7574270" lon="14.1212414" /><trkpt lat="55.7574639" lon="14.1212198" /><trkpt lat="55.7574689" lon="14.1208371"><ele>93.0</ele></trkpt><trkpt lat="55.7574527" lon="14.1207383" /><trkpt lat="55.7574366" lon="14.1205829" /><trkpt lat="55.7574249" lon="14.1203790"><ele>93.0</ele></trkpt><trkpt lat="55.7573759" lon="14.1201418" /><trkpt lat="55.7573046" lon="14.1199487"><ele>93.0</ele></trkpt><trkpt lat="55.7572420" lon="14.1198140" /><trkpt lat="55.7572369" lon="14.1197861" /><trkpt lat="55.7572369" lon="14.1195822"><ele>91.0</ele></trkpt><trkpt lat="55.7572278" lon="14.1193558" /><trkpt lat="55.7572485" lon="14.1191160"><ele>89.0</ele></trkpt><trkpt lat="55.7572738" lon="14.1188914" /><trkpt lat="55.7572859" lon="14.1187315"><ele>87.0</ele></trkpt><trkpt lat="55.7572920" lon="14.1185177" /><trkpt lat="55.7573077" lon="14.1183542"><ele>85.0</ele></trkpt><trkpt lat="55.7573026" lon="14.1181368" /><trkpt lat="55.7572839" lon="14.1179212"><ele>84.0</ele></trkpt><trkpt lat="55.7572637" lon="14.1175664"><ele>82.0</ele></trkpt><trkpt lat="55.7572647" lon="14.1175152" /><trkpt lat="55.7572935" lon="14.1171918"><ele>81.0</ele></trkpt><trkpt lat="55.7573117" lon="14.1168423"><ele>79.0</ele></trkpt><trkpt lat="55.7573036" lon="14.1164704"><ele>79.0</ele></trkpt><trkpt lat="55.7572814" lon="14.1161129"><ele>80.0</ele></trkpt><trkpt lat="55.7572566" lon="14.1157060"><ele>80.0</ele></trkpt><trkpt lat="55.7572025" lon="14.1151077"><ele>81.0</ele></trkpt><trkpt lat="55.7571848" lon="14.1148669" /><trkpt lat="55.7571267" lon="14.1143684"><ele>82.0</ele></trkpt><trkpt lat="55.7571146" lon="14.1141474" /><trkpt lat="55.7570969" lon="14.1139399"><ele>83.0</ele></trkpt><trkpt lat="55.7570878" lon="14.1137782" /><trkpt lat="55.7570347" lon="14.1132095"><ele>85.0</ele></trkpt><trkpt lat="55.7569746" lon="14.1127954"><ele>86.0</ele></trkpt><trkpt lat="55.7569255" lon="14.1125906" /><trkpt lat="55.7569235" lon="14.1125565" /><trkpt lat="55.7569326" lon="14.1124298"><ele>86.0</ele></trkpt><trkpt lat="55.7567107" lon="14.1122897"><ele>88.0</ele></trkpt><trkpt lat="55.7565929" lon="14.1121765" /><trkpt lat="55.7564600" lon="14.1121028"><ele>89.0</ele></trkpt><trkpt lat="55.7563048" lon="14.1120588"><ele>90.0</ele></trkpt><trkpt lat="55.7561299" lon="14.1120310"><ele>91.0</ele></trkpt><trkpt lat="55.7559818" lon="14.1120229" /><trkpt lat="55.7557159" lon="14.1120345"><ele>94.0</ele></trkpt><trkpt lat="55.7555430" lon="14.1120175"><ele>96.0</ele></trkpt><trkpt lat="55.7552609" lon="14.1120049"><ele>98.0</ele></trkpt><trkpt lat="55.7551548" lon="14.1120184" /><trkpt lat="55.7550279" lon="14.1120076"><ele>99.0</ele></trkpt><trkpt lat="55.7549409" lon="14.1119896" /><trkpt lat="55.7549227" lon="14.1119968" /><trkpt lat="55.7549045" lon="14.1119806" /><trkpt lat="55.7548858" lon="14.1119815" /><trkpt lat="55.7547797" lon="14.1120426"><ele>101.0</ele></trkpt><trkpt lat="55.7546680" lon="14.1120902" /><trkpt lat="55.7546199" lon="14.1121298"><ele>102.0</ele></trkpt><trkpt lat="55.7546017" lon="14.1121316" /><trkpt lat="55.7545259" lon="14.1121747" /><trkpt lat="55.7542145" lon="14.1124316"><ele>105.0</ele></trkpt><trkpt lat="55.7540856" lon="14.1125286" /><trkpt lat="55.7539248" lon="14.1126741"><ele>106.0</ele></trkpt><trkpt lat="55.7536448" lon="14.1128664"><ele>106.0</ele></trkpt><trkpt lat="55.7535846" lon="14.1129212" /><trkpt lat="55.7534739" lon="14.1130586"><ele>107.0</ele></trkpt><trkpt lat="55.7533915" lon="14.1131359" /><trkpt lat="55.7533025" lon="14.1131844"><ele>107.0</ele></trkpt><trkpt lat="55.7532626" lon="14.1131763" /><trkpt lat="55.7530027" lon="14.1132338"><ele>107.0</ele></trkpt><trkpt lat="55.7528829" lon="14.1132464" /><trkpt lat="55.7528556" lon="14.1132554" /><trkpt lat="55.7525958" lon="14.1133964"><ele>109.0</ele></trkpt><trkpt lat="55.7524578" lon="14.1134620" /><trkpt lat="55.7522338" lon="14.1135069"><ele>110.0</ele></trkpt><trkpt lat="55.7520559" lon="14.1136407"><ele>110.0</ele></trkpt><trkpt lat="55.7519138" lon="14.1139650"><ele>110.0</ele></trkpt><trkpt lat="55.7516919" lon="14.1144753"><ele>110.0</ele></trkpt><trkpt lat="55.7516459" lon="14.1145624" /><trkpt lat="55.7515407" lon="14.1148364"><ele>110.0</ele></trkpt><trkpt lat="55.7515210" lon="14.1148759" /><trkpt lat="55.7513885" lon="14.1151903"><ele>110.0</ele></trkpt><trkpt lat="55.7512616" lon="14.1153709"><ele>109.0</ele></trkpt><trkpt lat="55.7512348" lon="14.1153826" /><trkpt lat="55.7508627" lon="14.1154176"><ele>107.0</ele></trkpt><trkpt lat="55.7508056" lon="14.1154428" /><trkpt lat="55.7506479" lon="14.1155398"><ele>107.0</ele></trkpt><trkpt lat="55.7505068" lon="14.1157006"><ele>105.0</ele></trkpt><trkpt lat="55.7503936" lon="14.1158398" /><trkpt lat="55.7501838" lon="14.1160365"><ele>103.0</ele></trkpt><trkpt lat="55.7499669" lon="14.1161776"><ele>101.0</ele></trkpt><trkpt lat="55.7498167" lon="14.1162908"><ele>101.0</ele></trkpt><trkpt lat="55.7496615" lon="14.1164417"><ele>99.0</ele></trkpt><trkpt lat="55.7496347" lon="14.1164588" /><trkpt lat="55.7494926" lon="14.1166034"><ele>98.0</ele></trkpt><trkpt lat="55.7493526" lon="14.1167714"><ele>98.0</ele></trkpt><trkpt lat="55.7492105" lon="14.1170094"><ele>98.0</ele></trkpt><trkpt lat="55.7491817" lon="14.1170471" /><trkpt lat="55.7491337" lon="14.1170885" /><trkpt lat="55.7489319" lon="14.1173319"><ele>98.0</ele></trkpt><trkpt lat="55.7487757" lon="14.1176769"><ele>99.0</ele></trkpt><trkpt lat="55.7487317" lon="14.1178116" /><trkpt lat="55.7486038" lon="14.1180694"><ele>99.0</ele></trkpt><trkpt lat="55.7485538" lon="14.1181853" /><trkpt lat="55.7485295" lon="14.1182617" /><trkpt lat="55.7484916" lon="14.1183183"><ele>101.0</ele></trkpt><trkpt lat="55.7484370" lon="14.1183758" /><trkpt lat="55.7483768" lon="14.1183946" /><trkpt lat="55.7483328" lon="14.1184377"><ele>101.0</ele></trkpt><trkpt lat="55.7482838" lon="14.1185518" /><trkpt lat="55.7482595" lon="14.1185931" /><trkpt lat="55.7482297" lon="14.1186219" /><trkpt lat="55.7481695" lon="14.1186408"><ele>103.0</ele></trkpt><trkpt lat="55.7481068" lon="14.1186704" /><trkpt lat="55.7480916" lon="14.1186686" /><trkpt lat="55.7479976" lon="14.1187405"><ele>104.0</ele></trkpt><trkpt lat="55.7478758" lon="14.1188186" /><trkpt lat="55.7478247" lon="14.1188653"><ele>105.0</ele></trkpt><trkpt lat="55.7478105" lon="14.1188635" /><trkpt lat="55.7477736" lon="14.1188860" /><trkpt lat="55.7477276" lon="14.1189013" /><trkpt lat="55.7476209" lon="14.1190154"><ele>106.0</ele></trkpt><trkpt lat="55.7475269" lon="14.1190926" /><trkpt lat="55.7474698" lon="14.1191528"><ele>106.0</ele></trkpt><trkpt lat="55.7474440" lon="14.1191618" /><trkpt lat="55.7473949" lon="14.1192229" /><trkpt lat="55.7473307" lon="14.1192579"><ele>106.0</ele></trkpt><trkpt lat="55.7471856" lon="14.1193944"><ele>106.0</ele></trkpt><trkpt lat="55.7470415" lon="14.1195975"><ele>106.0</ele></trkpt><trkpt lat="55.7469879" lon="14.1196136" /><trkpt lat="55.7469237" lon="14.1195984" /><trkpt lat="55.7468216" lon="14.1195103"><ele>106.0</ele></trkpt><trkpt lat="55.7465667" lon="14.1191618"><ele>105.0</ele></trkpt><trkpt lat="55.7464565" lon="14.1189839" /><trkpt lat="55.7463579" lon="14.1188608"><ele>104.0</ele></trkpt><trkpt lat="55.7461966" lon="14.1187054"><ele>104.0</ele></trkpt><trkpt lat="55.7461380" lon="14.1186569" /><trkpt lat="55.7461127" lon="14.1186255" /><trkpt lat="55.7460065" lon="14.1184557"><ele>103.0</ele></trkpt><trkpt lat="55.7459620" lon="14.1183605" /><trkpt lat="55.7458988" lon="14.1182689" /><trkpt lat="55.7458396" lon="14.1181934"><ele>102.0</ele></trkpt><trkpt lat="55.7457208" lon="14.1181072" /><trkpt lat="55.7454407" lon="14.1179643"><ele>100.0</ele></trkpt><trkpt lat="55.7453436" lon="14.1178574" /><trkpt lat="55.7453037" lon="14.1177954"><ele>99.0</ele></trkpt><trkpt lat="55.7452915" lon="14.1177541" /><trkpt lat="55.7452197" lon="14.1176176" /><trkpt lat="55.7451929" lon="14.1175852"><ele>98.0</ele></trkpt><trkpt lat="55.7451429" lon="14.1174999" /><trkpt lat="55.7449568" lon="14.1172556"><ele>96.0</ele></trkpt><trkpt lat="55.7449057" lon="14.1171990" /><trkpt lat="55.7448046" lon="14.1171118"><ele>95.0</ele></trkpt><trkpt lat="55.7447105" lon="14.1170858" /><trkpt lat="55.7445609" lon="14.1170759"><ele>92.0</ele></trkpt><trkpt lat="55.7443338" lon="14.1171307"><ele>91.0</ele></trkpt><trkpt lat="55.7443136" lon="14.1171298" /><trkpt lat="55.7441867" lon="14.1171603" /><trkpt lat="55.7441078" lon="14.1171684"><ele>90.0</ele></trkpt><trkpt lat="55.7440365" lon="14.1172061" /><trkpt lat="55.7439748" lon="14.1172663" /><trkpt lat="55.7439066" lon="14.1173068"><ele>88.0</ele></trkpt><trkpt lat="55.7438848" lon="14.1173292" /><trkpt lat="55.7437498" lon="14.1174002"><ele>87.0</ele></trkpt><trkpt lat="55.7437200" lon="14.1174262" /><trkpt lat="55.7435895" lon="14.1174747"><ele>85.0</ele></trkpt><trkpt lat="55.7434237" lon="14.1175089"><ele>84.0</ele></trkpt><trkpt lat="55.7433675" lon="14.1175439" /><trkpt lat="55.7432659" lon="14.1175888"><ele>83.0</ele></trkpt><trkpt lat="55.7431425" lon="14.1176544" /><trkpt lat="55.7430616" lon="14.1176463"><ele>81.0</ele></trkpt><trkpt lat="55.7430368" lon="14.1176302" /><trkpt lat="55.7429387" lon="14.1176212" /><trkpt lat="55.7429018" lon="14.1176346"><ele>81.0</ele></trkpt><trkpt lat="55.7428108" lon="14.1177056" /><trkpt lat="55.7427557" lon="14.1177703"><ele>79.0</ele></trkpt><trkpt lat="55.7425868" lon="14.1180191"><ele>76.0</ele></trkpt><trkpt lat="55.7425600" lon="14.1180694" /><trkpt lat="55.7423875" lon="14.1183039"><ele>76.0</ele></trkpt><trkpt lat="55.7423405" lon="14.1183596" /><trkpt lat="55.7423137" lon="14.1183668" /><trkpt lat="55.7420988" lon="14.1182841"><ele>77.0</ele></trkpt><trkpt lat="55.7419709" lon="14.1181763" /><trkpt lat="55.7419056" lon="14.1181395"><ele>78.0</ele></trkpt><trkpt lat="55.7418187" lon="14.1180712" /><trkpt lat="55.7417737" lon="14.1180658" /><trkpt lat="55.7417327" lon="14.1180497"><ele>79.0</ele></trkpt><trkpt lat="55.7416867" lon="14.1180631" /><trkpt lat="55.7416806" lon="14.1180515" /><trkpt lat="55.7416376" lon="14.1180488" /><trkpt lat="55.7416199" lon="14.1180604" /><trkpt lat="55.7416007" lon="14.1180631" /><trkpt lat="55.7415658" lon="14.1180524"><ele>81.0</ele></trkpt><trkpt lat="55.7414627" lon="14.1181296" /><trkpt lat="55.7413418" lon="14.1181835"><ele>82.0</ele></trkpt><trkpt lat="55.7412786" lon="14.1181602" /><trkpt lat="55.7411517" lon="14.1180721"><ele>82.0</ele></trkpt><trkpt lat="55.7410566" lon="14.1180272" /><trkpt lat="55.7410409" lon="14.1180057" /><trkpt lat="55.7409807" lon="14.1179823"><ele>82.0</ele></trkpt><trkpt lat="55.7409539" lon="14.1179832" /><trkpt lat="55.7409408" lon="14.1179742" /><trkpt lat="55.7409266" lon="14.1179742" /><trkpt lat="55.7409216" lon="14.1179661" /><trkpt lat="55.7408715" lon="14.1179607" /><trkpt lat="55.7408407" lon="14.1179428" /><trkpt lat="55.7408336" lon="14.1179446" /><trkpt lat="55.7407946" lon="14.1179715"><ele>82.0</ele></trkpt><trkpt lat="55.7407299" lon="14.1180811" /><trkpt lat="55.7406859" lon="14.1182455"><ele>82.0</ele></trkpt><trkpt lat="55.7406788" lon="14.1183425" /><trkpt lat="55.7406819" lon="14.1183838" /><trkpt lat="55.7406616" lon="14.1184431" /><trkpt lat="55.7406298" lon="14.1185150"><ele>82.0</ele></trkpt><trkpt lat="55.7405828" lon="14.1185824" /><trkpt lat="55.7404680" lon="14.1186983"><ele>80.0</ele></trkpt><trkpt lat="55.7404270" lon="14.1187288" /><trkpt lat="55.7403825" lon="14.1187495" /><trkpt lat="55.7402146" lon="14.1187701"><ele>77.0</ele></trkpt><trkpt lat="55.7400776" lon="14.1188025" /><trkpt lat="55.7399956" lon="14.1188052"><ele>73.0</ele></trkpt><trkpt lat="55.7399167" lon="14.1187764" /><trkpt lat="55.7398176" lon="14.1187593"><ele>71.0</ele></trkpt><trkpt lat="55.7397868" lon="14.1187270" /><trkpt lat="55.7397736" lon="14.1186803" /><trkpt lat="55.7397387" lon="14.1186363" /><trkpt lat="55.7396619" lon="14.1185725"><ele>67.0</ele></trkpt><trkpt lat="55.7395638" lon="14.1185267" /><trkpt lat="55.7395167" lon="14.1185312" /><trkpt lat="55.7394646" lon="14.1185249"><ele>63.0</ele></trkpt><trkpt lat="55.7393959" lon="14.1184755" /><trkpt lat="55.7393458" lon="14.1184494" /><trkpt lat="55.7392608" lon="14.1184288"><ele>59.0</ele></trkpt><trkpt lat="55.7392189" lon="14.1184018" /><trkpt lat="55.7391465" lon="14.1183183" /><trkpt lat="55.7391288" lon="14.1182841"><ele>58.0</ele></trkpt><trkpt lat="55.7391137" lon="14.1182383" /><trkpt lat="55.7390626" lon="14.1182455" /><trkpt lat="55.7389488" lon="14.1182859"><ele>56.0</ele></trkpt><trkpt lat="55.7388770" lon="14.1182644" /><trkpt lat="55.7387915" lon="14.1182096"><ele>54.0</ele></trkpt><trkpt lat="55.7387769" lon="14.1181844" /><trkpt lat="55.7387430" lon="14.1180748" /><trkpt lat="55.7386206" lon="14.1178475"><ele>53.0</ele></trkpt><trkpt lat="55.7385306" lon="14.1176571" /><trkpt lat="55.7384628" lon="14.1175754"><ele>52.0</ele></trkpt><trkpt lat="55.7384188" lon="14.1175125" /><trkpt lat="55.7383278" lon="14.1174577"><ele>52.0</ele></trkpt><trkpt lat="55.7382130" lon="14.1174891" /><trkpt lat="55.7381376" lon="14.1174999"><ele>52.0</ele></trkpt><trkpt lat="55.7379889" lon="14.1175610"><ele>51.0</ele></trkpt><trkpt lat="55.7379490" lon="14.1175655" /><trkpt lat="55.7376855" lon="14.1176984"><ele>51.0</ele></trkpt><trkpt lat="55.7375970" lon="14.1177182" /><trkpt lat="55.7375090" lon="14.1177011"><ele>51.0</ele></trkpt><trkpt lat="55.7373770" lon="14.1177056" /><trkpt lat="55.7372829" lon="14.1177667"><ele>50.0</ele></trkpt><trkpt lat="55.7371499" lon="14.1178691" /><trkpt lat="55.7369699" lon="14.1178835"><ele>50.0</ele></trkpt><trkpt lat="55.7369557" lon="14.1178538" /><trkpt lat="55.7369486" lon="14.1177883" /><trkpt lat="55.7369395" lon="14.1177496" /><trkpt lat="55.7369158" lon="14.1177074" /><trkpt lat="55.7368799" lon="14.1175502"><ele>51.0</ele></trkpt><trkpt lat="55.7368627" lon="14.1175277" /><trkpt lat="55.7367645" lon="14.1173382"><ele>52.0</ele></trkpt><trkpt lat="55.7367307" lon="14.1172430" /><trkpt lat="55.7367236" lon="14.1171774" /><trkpt lat="55.7366846" lon="14.1169888"><ele>52.0</ele></trkpt><trkpt lat="55.7366725" lon="14.1169609" /><trkpt lat="55.7366315" lon="14.1167839" /><trkpt lat="55.7365536" lon="14.1166672"><ele>53.0</ele></trkpt><trkpt lat="55.7365076" lon="14.1165594" /><trkpt lat="55.7364565" lon="14.1164066"><ele>54.0</ele></trkpt><trkpt lat="55.7363579" lon="14.1161830"><ele>55.0</ele></trkpt><trkpt lat="55.7363397" lon="14.1161210" /><trkpt lat="55.7363286" lon="14.1160419" /><trkpt lat="55.7362937" lon="14.1159835" /><trkpt lat="55.7362128" lon="14.1157715"><ele>55.0</ele></trkpt><trkpt lat="55.7361399" lon="14.1155155"><ele>55.0</ele></trkpt><trkpt lat="55.7360787" lon="14.1153233" /><trkpt lat="55.7360696" lon="14.1152802" /><trkpt lat="55.7360626" lon="14.1151706"><ele>56.0</ele></trkpt><trkpt lat="55.7360449" lon="14.1151427" /><trkpt lat="55.7360327" lon="14.1148975"><ele>56.0</ele></trkpt><trkpt lat="55.7360009" lon="14.1147007" /><trkpt lat="55.7359316" lon="14.1144977"><ele>57.0</ele></trkpt><trkpt lat="55.7358299" lon="14.1141420"><ele>57.0</ele></trkpt><trkpt lat="55.7357986" lon="14.1140836" /><trkpt lat="55.7356645" lon="14.1139345"><ele>56.0</ele></trkpt><trkpt lat="55.7355775" lon="14.1138024" /><trkpt lat="55.7354015" lon="14.1135868"><ele>55.0</ele></trkpt><trkpt lat="55.7351375" lon="14.1132203"><ele>53.0</ele></trkpt><trkpt lat="55.7350657" lon="14.1131494" /><trkpt lat="55.7349580" lon="14.1129895"><ele>53.0</ele></trkpt><trkpt lat="55.7348315" lon="14.1124846"><ele>53.0</ele></trkpt><trkpt lat="55.7347278" lon="14.1122888" /><trkpt lat="55.7345968" lon="14.1121289"><ele>51.0</ele></trkpt><trkpt lat="55.7344249" lon="14.1116698"><ele>51.0</ele></trkpt><trkpt lat="55.7343778" lon="14.1114623" /><trkpt lat="55.7343207" lon="14.1112377"><ele>51.0</ele></trkpt><trkpt lat="55.7343126" lon="14.1111102" /><trkpt lat="55.7343187" lon="14.1110707" /><trkpt lat="55.7343177" lon="14.1109808" /><trkpt lat="55.7342489" lon="14.1103637"><ele>52.0</ele></trkpt><trkpt lat="55.7342388" lon="14.1101759" /><trkpt lat="55.7342509" lon="14.1099415"><ele>52.0</ele></trkpt><trkpt lat="55.7342317" lon="14.1097465" /><trkpt lat="55.7342216" lon="14.1097232" /><trkpt lat="55.7341588" lon="14.1097079"><ele>51.0</ele></trkpt><trkpt lat="55.7340638" lon="14.1095929" /><trkpt lat="55.7340400" lon="14.1095399"><ele>51.0</ele></trkpt><trkpt lat="55.7340547" lon="14.1092920" /><trkpt lat="55.7340789" lon="14.1091024"><ele>51.0</ele></trkpt><trkpt lat="55.7341037" lon="14.1090036" /><trkpt lat="55.7341376" lon="14.1088114"><ele>51.0</ele></trkpt><trkpt lat="55.7341887" lon="14.1085922" /><trkpt lat="55.7342150" lon="14.1084395"><ele>51.0</ele></trkpt><trkpt lat="55.7342236" lon="14.1084054" /><trkpt lat="55.7342529" lon="14.1083362" /><trkpt lat="55.7342909" lon="14.1082131" /><trkpt lat="55.7343197" lon="14.1081017"><ele>51.0</ele></trkpt><trkpt lat="55.7343308" lon="14.1079733" /><trkpt lat="55.7343227" lon="14.1078789" /><trkpt lat="55.7342959" lon="14.1077352"><ele>48.0</ele></trkpt><trkpt lat="55.7341958" lon="14.1073229"><ele>44.0</ele></trkpt><trkpt lat="55.7341396" lon="14.1070678"><ele>42.0</ele></trkpt><trkpt lat="55.7340840" lon="14.1067363"><ele>40.0</ele></trkpt><trkpt lat="55.7340718" lon="14.1066842" /><trkpt lat="55.7340577" lon="14.1065818" /><trkpt lat="55.7340567" lon="14.1063815"><ele>38.0</ele></trkpt><trkpt lat="55.7340658" lon="14.1062844" /><trkpt lat="55.7340749" lon="14.1059943"><ele>37.0</ele></trkpt><trkpt lat="55.7340708" lon="14.1059035" /><trkpt lat="55.7340299" lon="14.1057203"><ele>37.0</ele></trkpt><trkpt lat="55.7339439" lon="14.1054122"><ele>35.0</ele></trkpt><trkpt lat="55.7339267" lon="14.1053753" /><trkpt lat="55.7338599" lon="14.1051777"><ele>34.0</ele></trkpt><trkpt lat="55.7338367" lon="14.1050879" /><trkpt lat="55.7337957" lon="14.1049603" /><trkpt lat="55.7337689" lon="14.1047654"><ele>34.0</ele></trkpt><trkpt lat="55.7337487" lon="14.1044806"><ele>34.0</ele></trkpt><trkpt lat="55.7336945" lon="14.1042920" /><trkpt lat="55.7336966" lon="14.1042093"><ele>34.0</ele></trkpt><trkpt lat="55.7336935" lon="14.1041599" /><trkpt lat="55.7337046" lon="14.1041249" /><trkpt lat="55.7337067" lon="14.1040988" /><trkpt lat="55.7337036" lon="14.1040611" /><trkpt lat="55.7337107" lon="14.1039048"><ele>36.0</ele></trkpt><trkpt lat="55.7337036" lon="14.1038716" /><trkpt lat="55.7336976" lon="14.1037979" /><trkpt lat="55.7337067" lon="14.1037179" /><trkpt lat="55.7337057" lon="14.1035589"><ele>37.0</ele></trkpt><trkpt lat="55.7337188" lon="14.1034574" /><trkpt lat="55.7337097" lon="14.1033595" /><trkpt lat="55.7337127" lon="14.1032877"><ele>37.0</ele></trkpt><trkpt lat="55.7337527" lon="14.1030658" /><trkpt lat="55.7338716" lon="14.1025735"><ele>40.0</ele></trkpt><trkpt lat="55.7339206" lon="14.1023220" /><trkpt lat="55.7339348" lon="14.1021675"><ele>41.0</ele></trkpt><trkpt lat="55.7339757" lon="14.1019087" /><trkpt lat="55.7339970" lon="14.1017345"><ele>42.0</ele></trkpt><trkpt lat="55.7339960" lon="14.1015988" /><trkpt lat="55.7340015" lon="14.1015117" /><trkpt lat="55.7340198" lon="14.1013841"><ele>43.0</ele></trkpt><trkpt lat="55.7340390" lon="14.1013042" /><trkpt lat="55.7340708" lon="14.1011263"><ele>43.0</ele></trkpt><trkpt lat="55.7340976" lon="14.1010329" /><trkpt lat="55.7341437" lon="14.1007867"><ele>44.0</ele></trkpt><trkpt lat="55.7341538" lon="14.1005729" /><trkpt lat="55.7341295" lon="14.1003259"><ele>44.0</ele></trkpt><trkpt lat="55.7341305" lon="14.0998812"><ele>43.0</ele></trkpt><trkpt lat="55.7341219" lon="14.0996387" /><trkpt lat="55.7341098" lon="14.0995363"><ele>42.0</ele></trkpt><trkpt lat="55.7340536" lon="14.0992713"><ele>40.0</ele></trkpt><trkpt lat="55.7340005" lon="14.0990593" /><trkpt lat="55.7339838" lon="14.0989614"><ele>38.0</ele></trkpt><trkpt lat="55.7339378" lon="14.0988275" /><trkpt lat="55.7338797" lon="14.0986955"><ele>36.0</ele></trkpt><trkpt lat="55.7338665" lon="14.0986479" /><trkpt lat="55.7338458" lon="14.0985428" /><trkpt lat="55.7338200" lon="14.0983325"><ele>35.0</ele></trkpt><trkpt lat="55.7338099" lon="14.0981708" /><trkpt lat="55.7337866" lon="14.0980577"><ele>33.0</ele></trkpt><trkpt lat="55.7337299" lon="14.0976489"><ele>32.0</ele></trkpt><trkpt lat="55.7337208" lon="14.0974235" /><trkpt lat="55.7336708" lon="14.0972761"><ele>31.0</ele></trkpt><trkpt lat="55.7336116" lon="14.0970722" /><trkpt lat="55.7335929" lon="14.0969914"><ele>30.0</ele></trkpt><trkpt lat="55.7335226" lon="14.0967587" /><trkpt lat="55.7334816" lon="14.0965305"><ele>30.0</ele></trkpt><trkpt lat="55.7334305" lon="14.0963095" /><trkpt lat="55.7334270" lon="14.0962089"><ele>30.0</ele></trkpt><trkpt lat="55.7333759" lon="14.0958406"><ele>30.0</ele></trkpt><trkpt lat="55.7333688" lon="14.0957122" /><trkpt lat="55.7333678" lon="14.0954732"><ele>31.0</ele></trkpt><trkpt lat="55.7333749" lon="14.0952459" /><trkpt lat="55.7333936" lon="14.0949693"><ele>31.0</ele></trkpt><trkpt lat="55.7333208" lon="14.0946611"><ele>31.0</ele></trkpt><trkpt lat="55.7331796" lon="14.0941913"><ele>30.0</ele></trkpt><trkpt lat="55.7331275" lon="14.0939443" /><trkpt lat="55.7328888" lon="14.0929579"><ele>29.0</ele></trkpt><trkpt lat="55.7328428" lon="14.0927899" /><trkpt lat="55.7327578" lon="14.0925393"><ele>29.0</ele></trkpt><trkpt lat="55.7326875" lon="14.0923102" /><trkpt lat="55.7326455" lon="14.0921449"><ele>29.0</ele></trkpt><trkpt lat="55.7326258" lon="14.0920210" /><trkpt lat="55.7326167" lon="14.0918665"><ele>30.0</ele></trkpt><trkpt lat="55.7326056" lon="14.0917946" /><trkpt lat="55.7325388" lon="14.0914622"><ele>30.0</ele></trkpt><trkpt lat="55.7324978" lon="14.0911640"><ele>30.0</ele></trkpt><trkpt lat="55.7324746" lon="14.0909196" /><trkpt lat="55.7324599" lon="14.0908379"><ele>30.0</ele></trkpt><trkpt lat="55.7324548" lon="14.0907445" /><trkpt lat="55.7324437" lon="14.0906798" /><trkpt lat="55.7324048" lon="14.0905998" /><trkpt lat="55.7320998" lon="14.0902037"><ele>30.0</ele></trkpt><trkpt lat="55.7319935" lon="14.0901534" /><trkpt lat="55.7319419" lon="14.0901399"><ele>29.0</ele></trkpt><trkpt lat="55.7318716" lon="14.0900779" /><trkpt lat="55.7318276" lon="14.0900294" /><trkpt lat="55.7317487" lon="14.0899019"><ele>29.0</ele></trkpt><trkpt lat="55.7317077" lon="14.0898057" /><trkpt lat="55.7316986" lon="14.0897366" /><trkpt lat="55.7317098" lon="14.0896665" /><trkpt lat="55.7317346" lon="14.0895892"><ele>29.0</ele></trkpt><trkpt lat="55.7317467" lon="14.0895228" /><trkpt lat="55.7317427" lon="14.0894976" /><trkpt lat="55.7317406" lon="14.0894087" /><trkpt lat="55.7317548" lon="14.0893296" /><trkpt lat="55.7317629" lon="14.0891976"><ele>30.0</ele></trkpt><trkpt lat="55.7317765" lon="14.0891365" /><trkpt lat="55.7317958" lon="14.0890071" /><trkpt lat="55.7318059" lon="14.0889649" /><trkpt lat="55.7317917" lon="14.0888975"><ele>31.0</ele></trkpt><trkpt lat="55.7317978" lon="14.0888032" /><trkpt lat="55.7317917" lon="14.0886640" /><trkpt lat="55.7318039" lon="14.0885562"><ele>33.0</ele></trkpt><trkpt lat="55.7318205" lon="14.0883325" /><trkpt lat="55.7318205" lon="14.0882651"><ele>34.0</ele></trkpt><trkpt lat="55.7318307" lon="14.0881915" /><trkpt lat="55.7318438" lon="14.0881564" /><trkpt lat="55.7318570" lon="14.0880567" /><trkpt lat="55.7318807" lon="14.0879759"><ele>35.0</ele></trkpt><trkpt lat="55.7318777" lon="14.0879049" /><trkpt lat="55.7318615" lon="14.0878348" /><trkpt lat="55.7318079" lon="14.0874108"><ele>36.0</ele></trkpt><trkpt lat="55.7317927" lon="14.0871341"><ele>36.0</ele></trkpt><trkpt lat="55.7317998" lon="14.0868395"><ele>36.0</ele></trkpt><trkpt lat="55.7318327" lon="14.0866527" /><trkpt lat="55.7318539" lon="14.0865736"><ele>38.0</ele></trkpt><trkpt lat="55.7318817" lon="14.0864128" /><trkpt lat="55.7319075" lon="14.0862951"><ele>41.0</ele></trkpt><trkpt lat="55.7319166" lon="14.0860768" /><trkpt lat="55.7319156" lon="14.0858864"><ele>42.0</ele></trkpt><trkpt lat="55.7319045" lon="14.0857984" /><trkpt lat="55.7319146" lon="14.0854759"><ele>42.0</ele></trkpt><trkpt lat="55.7319809" lon="14.0851758"><ele>42.0</ele></trkpt><trkpt lat="55.7321078" lon="14.0847294"><ele>45.0</ele></trkpt><trkpt lat="55.7322125" lon="14.0844087"><ele>45.0</ele></trkpt><trkpt lat="55.7322626" lon="14.0841185"><ele>46.0</ele></trkpt><trkpt lat="55.7322818" lon="14.0839856" /><trkpt lat="55.7323006" lon="14.0837547"><ele>46.0</ele></trkpt><trkpt lat="55.7323618" lon="14.0834259"><ele>46.0</ele></trkpt><trkpt lat="55.7324088" lon="14.0831402"><ele>45.0</ele></trkpt><trkpt lat="55.7323699" lon="14.0829507" /><trkpt lat="55.7323339" lon="14.0823488"><ele>40.0</ele></trkpt><trkpt lat="55.7323137" lon="14.0822976" /><trkpt lat="55.7322758" lon="14.0821683" /><trkpt lat="55.7322606" lon="14.0820335"><ele>37.0</ele></trkpt><trkpt lat="55.7322920" lon="14.0819113" /><trkpt lat="55.7323577" lon="14.0816984"><ele>36.0</ele></trkpt><trkpt lat="55.7323906" lon="14.0816068" /><trkpt lat="55.7324569" lon="14.0814981" /><trkpt lat="55.7325236" lon="14.0812942"><ele>35.0</ele></trkpt><trkpt lat="55.7325696" lon="14.0811711" /><trkpt lat="55.7326248" lon="14.0810633"><ele>34.0</ele></trkpt><trkpt lat="55.7326657" lon="14.0809394" /><trkpt lat="55.7327006" lon="14.0808136"><ele>33.0</ele></trkpt><trkpt lat="55.7328038" lon="14.0805396"><ele>32.0</ele></trkpt><trkpt lat="55.7328706" lon="14.0804992" /><trkpt lat="55.7328918" lon="14.0804938" /><trkpt lat="55.7329358" lon="14.0804597" /><trkpt lat="55.7329965" lon="14.0802872"><ele>32.0</ele></trkpt><trkpt lat="55.7330856" lon="14.0801992" /><trkpt lat="55.7330997" lon="14.0800994"><ele>32.0</ele></trkpt><trkpt lat="55.7331210" lon="14.0799988" /><trkpt lat="55.7331038" lon="14.0799692" /><trkpt lat="55.7330896" lon="14.0799036" /><trkpt lat="55.7330486" lon="14.0798479"><ele>32.0</ele></trkpt><trkpt lat="55.7329976" lon="14.0798012" /><trkpt lat="55.7329338" lon="14.0797293" /><trkpt lat="55.7327527" lon="14.0795066"><ele>31.0</ele></trkpt><trkpt lat="55.7326556" lon="14.0793287" /><trkpt lat="55.7326076" lon="14.0791625"><ele>31.0</ele></trkpt><trkpt lat="55.7325029" lon="14.0789685" /><trkpt lat="55.7324037" lon="14.0786576"><ele>30.0</ele></trkpt><trkpt lat="55.7323238" lon="14.0783702"><ele>30.0</ele></trkpt><trkpt lat="55.7322394" lon="14.0780531"><ele>31.0</ele></trkpt><trkpt lat="55.7321488" lon="14.0777099"><ele>31.0</ele></trkpt><trkpt lat="55.7321347" lon="14.0776300" /><trkpt lat="55.7320679" lon="14.0774449"><ele>30.0</ele></trkpt><trkpt lat="55.7319379" lon="14.0773245" /><trkpt lat="55.7315550" lon="14.0773479"><ele>30.0</ele></trkpt><trkpt lat="55.7313896" lon="14.0773955"><ele>30.0</ele></trkpt><trkpt lat="55.7312555" lon="14.0774566" /><trkpt lat="55.7311205" lon="14.0774755"><ele>29.0</ele></trkpt><trkpt lat="55.7309207" lon="14.0775392"><ele>29.0</ele></trkpt><trkpt lat="55.7308919" lon="14.0775563" /><trkpt lat="55.7306556" lon="14.0776461"><ele>28.0</ele></trkpt><trkpt lat="55.7306015" lon="14.0776596" /><trkpt lat="55.7305069" lon="14.0775976"><ele>27.0</ele></trkpt><trkpt lat="55.7304558" lon="14.0774764" /><trkpt lat="55.7304746" lon="14.0772069"><ele>27.0</ele></trkpt><trkpt lat="55.7305135" lon="14.0769589" /><trkpt lat="55.7305186" lon="14.0766526"><ele>28.0</ele></trkpt><trkpt lat="55.7305246" lon="14.0766167" /><trkpt lat="55.7305398" lon="14.0762025"><ele>28.0</ele></trkpt><trkpt lat="55.7305595" lon="14.0758971"><ele>27.0</ele></trkpt><trkpt lat="55.7305530" lon="14.0756654" /><trkpt lat="55.7305176" lon="14.0753249"><ele>27.0</ele></trkpt><trkpt lat="55.7305090" lon="14.0752719" /><trkpt lat="55.7304796" lon="14.0749278"><ele>26.0</ele></trkpt><trkpt lat="55.7304670" lon="14.0746880" /><trkpt lat="55.7304260" lon="14.0741014"><ele>26.0</ele></trkpt><trkpt lat="55.7304149" lon="14.0736612"><ele>26.0</ele></trkpt><trkpt lat="55.7303820" lon="14.0730234"><ele>26.0</ele></trkpt><trkpt lat="55.7303405" lon="14.0725967"><ele>27.0</ele></trkpt><trkpt lat="55.7303279" lon="14.0720955"><ele>27.0</ele></trkpt><trkpt lat="55.7302049" lon="14.0714711"><ele>27.0</ele></trkpt><trkpt lat="55.7301695" lon="14.0712708" /><trkpt lat="55.7300770" lon="14.0710669"><ele>27.0</ele></trkpt><trkpt lat="55.7299809" lon="14.0708944" /><trkpt lat="55.7298109" lon="14.0704569"><ele>28.0</ele></trkpt><trkpt lat="55.7296956" lon="14.0701928"><ele>28.0</ele></trkpt><trkpt lat="55.7296359" lon="14.0700203" /><trkpt lat="55.7296025" lon="14.0698173"><ele>30.0</ele></trkpt><trkpt lat="55.7295357" lon="14.0695847" /><trkpt lat="55.7294098" lon="14.0692577"><ele>34.0</ele></trkpt><trkpt lat="55.7293005" lon="14.0690798" /><trkpt lat="55.7291219" lon="14.0688615"><ele>37.0</ele></trkpt><trkpt lat="55.7290096" lon="14.0686935" /><trkpt lat="55.7289545" lon="14.0685759"><ele>38.0</ele></trkpt><trkpt lat="55.7289419" lon="14.0684645" /><trkpt lat="55.7289500" lon="14.0684312" /><trkpt lat="55.7289950" lon="14.0683261"><ele>40.0</ele></trkpt><trkpt lat="55.7289849" lon="14.0682767" /><trkpt lat="55.7289909" lon="14.0682354" /><trkpt lat="55.7289808" lon="14.0681465" /><trkpt lat="55.7289656" lon="14.0680917" /><trkpt lat="55.7289226" lon="14.0679857"><ele>44.0</ele></trkpt><trkpt lat="55.7288366" lon="14.0678779" /><trkpt lat="55.7287997" lon="14.0677566"><ele>44.0</ele></trkpt><trkpt lat="55.7288007" lon="14.0677359" /><trkpt lat="55.7288387" lon="14.0675814" /><trkpt lat="55.7288397" lon="14.0674808"><ele>48.0</ele></trkpt><trkpt lat="55.7288336" lon="14.0674242" /><trkpt lat="55.7288139" lon="14.0673712" /><trkpt lat="55.7287967" lon="14.0672589" /><trkpt lat="55.7287127" lon="14.0670909"><ele>48.0</ele></trkpt><trkpt lat="55.7286687" lon="14.0670541" /><trkpt lat="55.7285276" lon="14.0669652"><ele>48.0</ele></trkpt><trkpt lat="55.7284876" lon="14.0669481" /><trkpt lat="55.7284406" lon="14.0669122" /><trkpt lat="55.7283955" lon="14.0668592" /><trkpt lat="55.7283257" lon="14.0667945"><ele>47.0</ele></trkpt><trkpt lat="55.7282726" lon="14.0667729" /><trkpt lat="55.7282139" lon="14.0667693" /><trkpt lat="55.7281249" lon="14.0667298"><ele>44.0</ele></trkpt><trkpt lat="55.7280187" lon="14.0666535" /><trkpt lat="55.7279777" lon="14.0665133"><ele>42.0</ele></trkpt><trkpt lat="55.7279706" lon="14.0664316" /><trkpt lat="55.7279448" lon="14.0663184" /><trkpt lat="55.7279256" lon="14.0662645" /><trkpt lat="55.7278548" lon="14.0661468"><ele>41.0</ele></trkpt><trkpt lat="55.7277617" lon="14.0659294"><ele>39.0</ele></trkpt><trkpt lat="55.7277076" lon="14.0657641" /><trkpt lat="55.7276585" lon="14.0655413"><ele>38.0</ele></trkpt><trkpt lat="55.7275836" lon="14.0653446" /><trkpt lat="55.7274167" lon="14.0651137"><ele>37.0</ele></trkpt><trkpt lat="55.7273909" lon="14.0650643" /><trkpt lat="55.7272887" lon="14.0647706"><ele>37.0</ele></trkpt><trkpt lat="55.7272806" lon="14.0647356" /><trkpt lat="55.7272715" lon="14.0646358" /><trkpt lat="55.7272017" lon="14.0644032"><ele>37.0</ele></trkpt><trkpt lat="55.7271147" lon="14.0640978"><ele>38.0</ele></trkpt><trkpt lat="55.7270257" lon="14.0637851"><ele>39.0</ele></trkpt><trkpt lat="55.7269250" lon="14.0635839" /><trkpt lat="55.7269149" lon="14.0635489"><ele>39.0</ele></trkpt><trkpt lat="55.7268577" lon="14.0634222" /><trkpt lat="55.7267378" lon="14.0631186"><ele>39.0</ele></trkpt><trkpt lat="55.7266129" lon="14.0629686" /><trkpt lat="55.7264206" lon="14.0628626"><ele>39.0</ele></trkpt><trkpt lat="55.7263685" lon="14.0628437" /><trkpt lat="55.7262446" lon="14.0628239"><ele>38.0</ele></trkpt><trkpt lat="55.7260220" lon="14.0628114"><ele>37.0</ele></trkpt><trkpt lat="55.7258566" lon="14.0627602"><ele>37.0</ele></trkpt><trkpt lat="55.7257336" lon="14.0626613" /><trkpt lat="55.7256547" lon="14.0625769"><ele>36.0</ele></trkpt><trkpt lat="55.7255647" lon="14.0623694" /><trkpt lat="55.7254726" lon="14.0622346"><ele>36.0</ele></trkpt><trkpt lat="55.7253547" lon="14.0619993"><ele>36.0</ele></trkpt><trkpt lat="55.7253269" lon="14.0619598" /><trkpt lat="55.7253188" lon="14.0619400" /><trkpt lat="55.7252829" lon="14.0619148" /><trkpt lat="55.7252839" lon="14.0619086" /><trkpt lat="55.7252788" lon="14.0619050" /><trkpt lat="55.7252778" lon="14.0618502" /><trkpt lat="55.7252546" lon="14.0618340"><ele>36.0</ele></trkpt><trkpt lat="55.7251959" lon="14.0617334" /><trkpt lat="55.7251807" lon="14.0616992" /><trkpt lat="55.7250436" lon="14.0614738"><ele>36.0</ele></trkpt><trkpt lat="55.7247937" lon="14.0610237"><ele>36.0</ele></trkpt><trkpt lat="55.7247026" lon="14.0608854" /><trkpt lat="55.7245600" lon="14.0607093"><ele>37.0</ele></trkpt><trkpt lat="55.7243566" lon="14.0605278"><ele>37.0</ele></trkpt><trkpt lat="55.7242367" lon="14.0604677" /><trkpt lat="55.7241228" lon="14.0603922"><ele>38.0</ele></trkpt><trkpt lat="55.7239109" lon="14.0601847"><ele>38.0</ele></trkpt><trkpt lat="55.7238947" lon="14.0601829" /><trkpt lat="55.7237626" lon="14.0601146"><ele>38.0</ele></trkpt><trkpt lat="55.7235805" lon="14.0599826"><ele>38.0</ele></trkpt><trkpt lat="55.7233265" lon="14.0597634"><ele>38.0</ele></trkpt><trkpt lat="55.7231586" lon="14.0596520"><ele>38.0</ele></trkpt><trkpt lat="55.7230007" lon="14.0595747"><ele>38.0</ele></trkpt><trkpt lat="55.7228565" lon="14.0595505" /><trkpt lat="55.7228388" lon="14.0595550"><ele>37.0</ele></trkpt><trkpt lat="55.7228378" lon="14.0595765" /><trkpt lat="55.7228626" lon="14.0595864" /><trkpt lat="55.7228530" lon="14.0595990" /><trkpt lat="55.7228575" lon="14.0596143" /><trkpt lat="55.7228439" lon="14.0596107" /><trkpt lat="55.7228166" lon="14.0595765" /><trkpt lat="55.7228145" lon="14.0595649" /><trkpt lat="55.7228596" lon="14.0595819"><ele>37.0</ele></trkpt><trkpt lat="55.7228226" lon="14.0596313" /><trkpt lat="55.7228267" lon="14.0596358" /><trkpt lat="55.7228398" lon="14.0595909" /><trkpt lat="55.7228398" lon="14.0596080" /><trkpt lat="55.7228328" lon="14.0596358" /><trkpt lat="55.7228247" lon="14.0595936" /><trkpt lat="55.7227670" lon="14.0595550"><ele>37.0</ele></trkpt><trkpt lat="55.7226496" lon="14.0594427" /><trkpt lat="55.7225919" lon="14.0593618"><ele>37.0</ele></trkpt><trkpt lat="55.7225206" lon="14.0592352" /><trkpt lat="55.7224629" lon="14.0591112"><ele>38.0</ele></trkpt><trkpt lat="55.7223916" lon="14.0589387" /><trkpt lat="55.7223228" lon="14.0588166"><ele>38.0</ele></trkpt><trkpt lat="55.7222798" lon="14.0587186" /><trkpt lat="55.7221897" lon="14.0584240"><ele>38.0</ele></trkpt><trkpt lat="55.7221806" lon="14.0581788" /><trkpt lat="55.7221209" lon="14.0578167"><ele>40.0</ele></trkpt><trkpt lat="55.7220506" lon="14.0576029" /><trkpt lat="55.7219479" lon="14.0572463"><ele>40.0</ele></trkpt><trkpt lat="55.7219165" lon="14.0570990" /><trkpt lat="55.7217759" lon="14.0567423"><ele>40.0</ele></trkpt><trkpt lat="55.7215689" lon="14.0563381"><ele>41.0</ele></trkpt><trkpt lat="55.7215416" lon="14.0562429" /><trkpt lat="55.7215229" lon="14.0561207" /><trkpt lat="55.7215067" lon="14.0560668"><ele>43.0</ele></trkpt><trkpt lat="55.7214475" lon="14.0559689" /><trkpt lat="55.7214197" lon="14.0559114" /><trkpt lat="55.7213797" lon="14.0557515"><ele>44.0</ele></trkpt><trkpt lat="55.7213559" lon="14.0556778" /><trkpt lat="55.7213337" lon="14.0555817" /><trkpt lat="55.7213129" lon="14.0555305" /><trkpt lat="55.7212927" lon="14.0555009"><ele>45.0</ele></trkpt><trkpt lat="55.7212375" lon="14.0553814" /><trkpt lat="55.7211798" lon="14.0552224"><ele>46.0</ele></trkpt><trkpt lat="55.7210726" lon="14.0549798"><ele>47.0</ele></trkpt><trkpt lat="55.7210706" lon="14.0549466" /><trkpt lat="55.7209997" lon="14.0546681"><ele>47.0</ele></trkpt><trkpt lat="55.7209987" lon="14.0546340" /><trkpt lat="55.7209780" lon="14.0545792" /><trkpt lat="55.7209517" lon="14.0544669" /><trkpt lat="55.7209486" lon="14.0543986"><ele>49.0</ele></trkpt><trkpt lat="55.7209269" lon="14.0543447" /><trkpt lat="55.7208105" lon="14.0541112"><ele>49.0</ele></trkpt><trkpt lat="55.7207857" lon="14.0540519" /><trkpt lat="55.7207766" lon="14.0539845" /><trkpt lat="55.7207837" lon="14.0538543"><ele>48.0</ele></trkpt><trkpt lat="55.7207756" lon="14.0537519" /><trkpt lat="55.7207619" lon="14.0537087" /><trkpt lat="55.7207326" lon="14.0536432" /><trkpt lat="55.7206926" lon="14.0535264"><ele>48.0</ele></trkpt><trkpt lat="55.7206719" lon="14.0534518" /><trkpt lat="55.7206309" lon="14.0532416"><ele>49.0</ele></trkpt><trkpt lat="55.7206329" lon="14.0532138" /><trkpt lat="55.7206279" lon="14.0531814" /><trkpt lat="55.7206415" lon="14.0529766" /><trkpt lat="55.7206218" lon="14.0528607"><ele>51.0</ele></trkpt><trkpt lat="55.7205666" lon="14.0527197" /><trkpt lat="55.7205606" lon="14.0526784" /><trkpt lat="55.7205575" lon="14.0525553"><ele>51.0</ele></trkpt><trkpt lat="55.7205429" lon="14.0525176" /><trkpt lat="55.7205327" lon="14.0524565" /><trkpt lat="55.7205277" lon="14.0523882" /><trkpt lat="55.7205429" lon="14.0522831"><ele>53.0</ele></trkpt><trkpt lat="55.7205595" lon="14.0520774" /><trkpt lat="55.7205585" lon="14.0520504" /><trkpt lat="55.7205798" lon="14.0519310"><ele>54.0</ele></trkpt><trkpt lat="55.7205778" lon="14.0518887" /><trkpt lat="55.7205929" lon="14.0518196" /><trkpt lat="55.7205838" lon="14.0516875" /><trkpt lat="55.7205540" lon="14.0515465"><ele>57.0</ele></trkpt><trkpt lat="55.7205479" lon="14.0514585" /><trkpt lat="55.7205439" lon="14.0514342" /><trkpt lat="55.7205069" lon="14.0513605" /><trkpt lat="55.7205029" lon="14.0512563"><ele>58.0</ele></trkpt><trkpt lat="55.7205079" lon="14.0512033" /><trkpt lat="55.7205165" lon="14.0511845" /><trkpt lat="55.7205059" lon="14.0511396" /><trkpt lat="55.7205616" lon="14.0509752"><ele>60.0</ele></trkpt><trkpt lat="55.7205757" lon="14.0509069" /><trkpt lat="55.7205520" lon="14.0507668" /><trkpt lat="55.7205707" lon="14.0506563"><ele>61.0</ele></trkpt><trkpt lat="55.7205727" lon="14.0505853" /><trkpt lat="55.7205378" lon="14.0503859"><ele>63.0</ele></trkpt><trkpt lat="55.7205257" lon="14.0502835" /><trkpt lat="55.7205297" lon="14.0501676" /><trkpt lat="55.7205277" lon="14.0501092"><ele>63.0</ele></trkpt><trkpt lat="55.7205388" lon="14.0500463" /><trkpt lat="55.7205317" lon="14.0499538" /><trkpt lat="55.7205358" lon="14.0499268" /><trkpt lat="55.7205788" lon="14.0498253"><ele>64.0</ele></trkpt><trkpt lat="55.7205697" lon="14.0497777" /><trkpt lat="55.7205970" lon="14.0497013" /><trkpt lat="55.7206015" lon="14.0496457" /><trkpt lat="55.7205970" lon="14.0496124" /><trkpt lat="55.7205697" lon="14.0495370"><ele>65.0</ele></trkpt><trkpt lat="55.7205676" lon="14.0495208" /><trkpt lat="55.7205747" lon="14.0494444" /><trkpt lat="55.7205499" lon="14.0493375" /><trkpt lat="55.7205449" lon="14.0492109"><ele>66.0</ele></trkpt><trkpt lat="55.7205626" lon="14.0490447" /><trkpt lat="55.7205616" lon="14.0489728" /><trkpt lat="55.7205509" lon="14.0488929"><ele>67.0</ele></trkpt><trkpt lat="55.7205499" lon="14.0488515" /><trkpt lat="55.7205575" lon="14.0487177" /><trkpt lat="55.7205747" lon="14.0486324" /><trkpt lat="55.7205798" lon="14.0485623"><ele>68.0</ele></trkpt><trkpt lat="55.7205909" lon="14.0485398" /><trkpt lat="55.7206076" lon="14.0484680" /><trkpt lat="55.7206187" lon="14.0483799" /><trkpt lat="55.7206329" lon="14.0483386" /><trkpt lat="55.7206349" lon="14.0482515"><ele>71.0</ele></trkpt><trkpt lat="55.7206486" lon="14.0481545" /><trkpt lat="55.7206486" lon="14.0479487"><ele>73.0</ele></trkpt><trkpt lat="55.7206618" lon="14.0479254" /><trkpt lat="55.7206557" lon="14.0479056" /><trkpt lat="55.7206638" lon="14.0478894" /><trkpt lat="55.7206607" lon="14.0478706" /><trkpt lat="55.7206628" lon="14.0478230" /><trkpt lat="55.7206810" lon="14.0477834" /><trkpt lat="55.7206729" lon="14.0477511" /><trkpt lat="55.7206537" lon="14.0477188"><ele>73.0</ele></trkpt><trkpt lat="55.7206668" lon="14.0476927" /><trkpt lat="55.7206537" lon="14.0476262" /><trkpt lat="55.7205889" lon="14.0475598" /><trkpt lat="55.7205120" lon="14.0474933"><ele>73.0</ele></trkpt><trkpt lat="55.7204078" lon="14.0474187" /><trkpt lat="55.7203496" lon="14.0473657"><ele>70.0</ele></trkpt><trkpt lat="55.7202990" lon="14.0472885" /><trkpt lat="55.7201426" lon="14.0471367"><ele>67.0</ele></trkpt><trkpt lat="55.7199306" lon="14.0470477"><ele>64.0</ele></trkpt><trkpt lat="55.7198578" lon="14.0470082" /><trkpt lat="55.7197718" lon="14.0469839"><ele>61.0</ele></trkpt><trkpt lat="55.7197490" lon="14.0469696" /><trkpt lat="55.7196048" lon="14.0468456"><ele>59.0</ele></trkpt><trkpt lat="55.7193670" lon="14.0466597"><ele>57.0</ele></trkpt><trkpt lat="55.7193169" lon="14.0465456" /><trkpt lat="55.7192876" lon="14.0464432" /><trkpt lat="55.7192709" lon="14.0464126"><ele>57.0</ele></trkpt><trkpt lat="55.7192157" lon="14.0462698" /><trkpt lat="55.7191656" lon="14.0461809"><ele>56.0</ele></trkpt><trkpt lat="55.7191236" lon="14.0461216" /><trkpt lat="55.7189916" lon="14.0460596"><ele>56.0</ele></trkpt><trkpt lat="55.7189526" lon="14.0460488" /><trkpt lat="55.7189086" lon="14.0460183" /><trkpt lat="55.7188519" lon="14.0459949" /><trkpt lat="55.7187310" lon="14.0459742"><ele>54.0</ele></trkpt><trkpt lat="55.7185498" lon="14.0459697"><ele>51.0</ele></trkpt><trkpt lat="55.7184137" lon="14.0460084" /><trkpt lat="55.7183135" lon="14.0459419"><ele>50.0</ele></trkpt><trkpt lat="55.7181835" lon="14.0458314" /><trkpt lat="55.7180909" lon="14.0457254"><ele>50.0</ele></trkpt><trkpt lat="55.7180788" lon="14.0457056" /><trkpt lat="55.7180438" lon="14.0456302" /><trkpt lat="55.7180029" lon="14.0455574" /><trkpt lat="55.7179568" lon="14.0454424"><ele>50.0</ele></trkpt><trkpt lat="55.7178728" lon="14.0452565" /><trkpt lat="55.7176897" lon="14.0450535"><ele>51.0</ele></trkpt><trkpt lat="55.7176345" lon="14.0450050" /><trkpt lat="55.7175348" lon="14.0450157"><ele>51.0</ele></trkpt><trkpt lat="55.7174569" lon="14.0449978" /><trkpt lat="55.7170830" lon="14.0448603"><ele>50.0</ele></trkpt><trkpt lat="55.7169519" lon="14.0448478" /><trkpt lat="55.7168517" lon="14.0448253"><ele>50.0</ele></trkpt><trkpt lat="55.7168259" lon="14.0448028" /><trkpt lat="55.7166706" lon="14.0448019"><ele>50.0</ele></trkpt><trkpt lat="55.7166109" lon="14.0447948" /><trkpt lat="55.7165056" lon="14.0448163"><ele>50.0</ele></trkpt><trkpt lat="55.7163680" lon="14.0448612" /><trkpt lat="55.7161549" lon="14.0448262"><ele>51.0</ele></trkpt><trkpt lat="55.7161266" lon="14.0448154" /><trkpt lat="55.7160239" lon="14.0448208" /><trkpt lat="55.7160036" lon="14.0448181"><ele>51.0</ele></trkpt><trkpt lat="55.7159799" lon="14.0448055" /><trkpt lat="55.7159515" lon="14.0447561" /><trkpt lat="55.7159358" lon="14.0444821"><ele>52.0</ele></trkpt><trkpt lat="55.7159156" lon="14.0443663" /><trkpt lat="55.7159460" lon="14.0440662"><ele>52.0</ele></trkpt><trkpt lat="55.7159849" lon="14.0438785" /><trkpt lat="55.7160416" lon="14.0437347"><ele>53.0</ele></trkpt><trkpt lat="55.7161195" lon="14.0435955" /><trkpt lat="55.7161266" lon="14.0435245" /><trkpt lat="55.7161170" lon="14.0434545"><ele>54.0</ele></trkpt><trkpt lat="55.7160639" lon="14.0432964" /><trkpt lat="55.7159976" lon="14.0432227"><ele>54.0</ele></trkpt><trkpt lat="55.7159105" lon="14.0431508" /><trkpt lat="55.7158695" lon="14.0431059" /><trkpt lat="55.7158427" lon="14.0430880"><ele>55.0</ele></trkpt><trkpt lat="55.7157476" lon="14.0430565" /><trkpt lat="55.7157107" lon="14.0430287" /><trkpt lat="55.7156439" lon="14.0430260"><ele>55.0</ele></trkpt><trkpt lat="55.7155260" lon="14.0430026" /><trkpt lat="55.7154177" lon="14.0430718"><ele>56.0</ele></trkpt><trkpt lat="55.7153807" lon="14.0430745" /><trkpt lat="55.7153058" lon="14.0431410" /><trkpt lat="55.7151965" lon="14.0432191"><ele>56.0</ele></trkpt><trkpt lat="55.7151869" lon="14.0432532" /><trkpt lat="55.7151459" lon="14.0434787"><ele>55.0</ele></trkpt><trkpt lat="55.7151318" lon="14.0435982" /><trkpt lat="55.7150807" lon="14.0436862" /><trkpt lat="55.7149445" lon="14.0437931"><ele>55.0</ele></trkpt><trkpt lat="55.7148585" lon="14.0438120" /><trkpt lat="55.7148150" lon="14.0438336" /><trkpt lat="55.7147178" lon="14.0436476"><ele>57.0</ele></trkpt><trkpt lat="55.7146900" lon="14.0435542" /><trkpt lat="55.7146799" lon="14.0434742" /><trkpt lat="55.7147097" lon="14.0432937"><ele>57.0</ele></trkpt><trkpt lat="55.7147209" lon="14.0430996" /><trkpt lat="55.7147669" lon="14.0429388"><ele>57.0</ele></trkpt><trkpt lat="55.7147816" lon="14.0429065" /><trkpt lat="55.7148079" lon="14.0428176" /><trkpt lat="55.7148049" lon="14.0428014" /><trkpt lat="55.7148130" lon="14.0427484" /><trkpt lat="55.7146915" lon="14.0426136"><ele>58.0</ele></trkpt><trkpt lat="55.7147376" lon="14.0425732" /><trkpt lat="55.7146890" lon="14.0423882"><ele>59.0</ele></trkpt><trkpt lat="55.7146915" lon="14.0423073" /><trkpt lat="55.7146986" lon="14.0422444" /><trkpt lat="55.7147436" lon="14.0420369"><ele>59.0</ele></trkpt><trkpt lat="55.7147325" lon="14.0420028" /><trkpt lat="55.7146470" lon="14.0418743" /><trkpt lat="55.7145928" lon="14.0418132"><ele>60.0</ele></trkpt><trkpt lat="55.7145068" lon="14.0416695" /><trkpt lat="55.7144709" lon="14.0415896"><ele>61.0</ele></trkpt><trkpt lat="55.7144299" lon="14.0414099" /><trkpt lat="55.7143909" lon="14.0413165"><ele>63.0</ele></trkpt><trkpt lat="55.7143636" lon="14.0412689" /><trkpt lat="55.7141996" lon="14.0408790"><ele>67.0</ele></trkpt><trkpt lat="55.7141566" lon="14.0407919" /><trkpt lat="55.7140838" lon="14.0406697"><ele>68.0</ele></trkpt><trkpt lat="55.7139826" lon="14.0404505"><ele>69.0</ele></trkpt><trkpt lat="55.7138986" lon="14.0401738"><ele>69.0</ele></trkpt><trkpt lat="55.7138768" lon="14.0400615" /><trkpt lat="55.7138798" lon="14.0397175"><ele>68.0</ele></trkpt><trkpt lat="55.7138636" lon="14.0394345"><ele>67.0</ele></trkpt><trkpt lat="55.7138277" lon="14.0392432" /><trkpt lat="55.7137796" lon="14.0389422"><ele>65.0</ele></trkpt><trkpt lat="55.7137579" lon="14.0386161"><ele>64.0</ele></trkpt><trkpt lat="55.7136845" lon="14.0384059" /><trkpt lat="55.7136567" lon="14.0383422"><ele>63.0</ele></trkpt><trkpt lat="55.7136217" lon="14.0381472" /><trkpt lat="55.7135367" lon="14.0379226"><ele>63.0</ele></trkpt><trkpt lat="55.7134669" lon="14.0377142" /><trkpt lat="55.7133869" lon="14.0375364"><ele>63.0</ele></trkpt><trkpt lat="55.7133586" lon="14.0374879" /><trkpt lat="55.7131309" lon="14.0370207"><ele>62.0</ele></trkpt><trkpt lat="55.7130889" lon="14.0369507" /><trkpt lat="55.7129735" lon="14.0366012"><ele>61.0</ele></trkpt><trkpt lat="55.7129118" lon="14.0363856" /><trkpt lat="55.7127938" lon="14.0361233"><ele>61.0</ele></trkpt><trkpt lat="55.7127417" lon="14.0359967" /><trkpt lat="55.7127210" lon="14.0357406"><ele>61.0</ele></trkpt><trkpt lat="55.7126780" lon="14.0354020"><ele>61.0</ele></trkpt><trkpt lat="55.7126567" lon="14.0351549" /><trkpt lat="55.7126936" lon="14.0349474"><ele>63.0</ele></trkpt><trkpt lat="55.7126739" lon="14.0347615" /><trkpt lat="55.7126339" lon="14.0346034"><ele>63.0</ele></trkpt><trkpt lat="55.7125439" lon="14.0343509"><ele>63.0</ele></trkpt><trkpt lat="55.7124948" lon="14.0342315" /><trkpt lat="55.7124700" lon="14.0341443" /><trkpt lat="55.7124558" lon="14.0338685"><ele>64.0</ele></trkpt><trkpt lat="55.7124254" lon="14.0334904"><ele>65.0</ele></trkpt><trkpt lat="55.7123860" lon="14.0329972"><ele>66.0</ele></trkpt><trkpt lat="55.7123758" lon="14.0327043"><ele>67.0</ele></trkpt><trkpt lat="55.7123546" lon="14.0325723" /><trkpt lat="55.7122417" lon="14.0322489"><ele>66.0</ele></trkpt><trkpt lat="55.7121668" lon="14.0320737" /><trkpt lat="55.7120859" lon="14.0319444"><ele>65.0</ele></trkpt><trkpt lat="55.7119259" lon="14.0317683"><ele>64.0</ele></trkpt><trkpt lat="55.7117655" lon="14.0316452"><ele>63.0</ele></trkpt><trkpt lat="55.7116567" lon="14.0315168" /><trkpt lat="55.7115909" lon="14.0313757"><ele>63.0</ele></trkpt><trkpt lat="55.7115555" lon="14.0311853" /><trkpt lat="55.7115595" lon="14.0310353"><ele>63.0</ele></trkpt><trkpt lat="55.7115226" lon="14.0308978" /><trkpt lat="55.7115029" lon="14.0307685"><ele>64.0</ele></trkpt><trkpt lat="55.7114178" lon="14.0303489"><ele>65.0</ele></trkpt><trkpt lat="55.7114178" lon="14.0301100" /><trkpt lat="55.7114325" lon="14.0300022"><ele>66.0</ele></trkpt><trkpt lat="55.7114659" lon="14.0298225" /><trkpt lat="55.7115206" lon="14.0296114"><ele>66.0</ele></trkpt><trkpt lat="55.7115277" lon="14.0295306" /><trkpt lat="55.7115317" lon="14.0293303"><ele>65.0</ele></trkpt><trkpt lat="55.7115459" lon="14.0292853" /><trkpt lat="55.7116360" lon="14.0291084"><ele>65.0</ele></trkpt><trkpt lat="55.7116689" lon="14.0290626" /><trkpt lat="55.7117387" lon="14.0289071"><ele>65.0</ele></trkpt><trkpt lat="55.7117746" lon="14.0287086" /><trkpt lat="55.7118040" lon="14.0286008"><ele>66.0</ele></trkpt><trkpt lat="55.7119006" lon="14.0284418" /><trkpt lat="55.7119290" lon="14.0283286"><ele>66.0</ele></trkpt><trkpt lat="55.7119047" lon="14.0281894" /><trkpt lat="55.7118698" lon="14.0280340"><ele>66.0</ele></trkpt><trkpt lat="55.7118677" lon="14.0279963" /><trkpt lat="55.7119087" lon="14.0278885" /><trkpt lat="55.7119679" lon="14.0274447"><ele>70.0</ele></trkpt><trkpt lat="55.7119588" lon="14.0273288" /><trkpt lat="55.7119325" lon="14.0272255" /><trkpt lat="55.7119098" lon="14.0271806"><ele>69.0</ele></trkpt><trkpt lat="55.7118799" lon="14.0270503" /><trkpt lat="55.7117807" lon="14.0267665"><ele>68.0</ele></trkpt><trkpt lat="55.7116977" lon="14.0264934"><ele>68.0</ele></trkpt><trkpt lat="55.7116678" lon="14.0262823" /><trkpt lat="55.7116188" lon="14.0260271"><ele>70.0</ele></trkpt><trkpt lat="55.7115889" lon="14.0258125" /><trkpt lat="55.7115919" lon="14.0256193"><ele>71.0</ele></trkpt><trkpt lat="55.7116107" lon="14.0254325" /><trkpt lat="55.7116005" lon="14.0252780"><ele>72.0</ele></trkpt><trkpt lat="55.7114416" lon="14.0247264"><ele>73.0</ele></trkpt><trkpt lat="55.7113966" lon="14.0245988" /><trkpt lat="55.7113566" lon="14.0245207" /><trkpt lat="55.7113187" lon="14.0243572"><ele>74.0</ele></trkpt><trkpt lat="55.7112255" lon="14.0241066"><ele>74.0</ele></trkpt><trkpt lat="55.7111866" lon="14.0239682" /><trkpt lat="55.7111349" lon="14.0238317"><ele>74.0</ele></trkpt><trkpt lat="55.7110165" lon="14.0236286"><ele>73.0</ele></trkpt><trkpt lat="55.7107286" lon="14.0232496"><ele>73.0</ele></trkpt><trkpt lat="55.7106167" lon="14.0229899"><ele>75.0</ele></trkpt><trkpt lat="55.7104629" lon="14.0227492"><ele>75.0</ele></trkpt><trkpt lat="55.7103627" lon="14.0226414" /><trkpt lat="55.7102458" lon="14.0224959"><ele>76.0</ele></trkpt><trkpt lat="55.7102179" lon="14.0224698" /><trkpt lat="55.7100529" lon="14.0222794"><ele>76.0</ele></trkpt><trkpt lat="55.7099229" lon="14.0221617" /><trkpt lat="55.7099047" lon="14.0221563"><ele>76.0</ele></trkpt><trkpt lat="55.7098348" lon="14.0221042" /><trkpt lat="55.7097548" lon="14.0220090"><ele>74.0</ele></trkpt><trkpt lat="55.7095539" lon="14.0217089"><ele>73.0</ele></trkpt><trkpt lat="55.7095327" lon="14.0216488" /><trkpt lat="55.7093398" lon="14.0213011"><ele>74.0</ele></trkpt><trkpt lat="55.7093338" lon="14.0212742" /><trkpt lat="55.7093398" lon="14.0212337" /><trkpt lat="55.7093125" lon="14.0209175"><ele>75.0</ele></trkpt><trkpt lat="55.7092619" lon="14.0206678" /><trkpt lat="55.7091860" lon="14.0204154"><ele>75.0</ele></trkpt><trkpt lat="55.7090686" lon="14.0200992"><ele>75.0</ele></trkpt><trkpt lat="55.7089127" lon="14.0196967"><ele>75.0</ele></trkpt><trkpt lat="55.7088155" lon="14.0195449" /><trkpt lat="55.7087269" lon="14.0194173"><ele>75.0</ele></trkpt><trkpt lat="55.7086617" lon="14.0192467" /><trkpt lat="55.7085716" lon="14.0191559"><ele>75.0</ele></trkpt><trkpt lat="55.7085078" lon="14.0191002" /><trkpt lat="55.7084769" lon="14.0190436" /><trkpt lat="55.7084516" lon="14.0189439"><ele>75.0</ele></trkpt><trkpt lat="55.7084445" lon="14.0188002" /><trkpt lat="55.7084486" lon="14.0187014" /><trkpt lat="55.7084415" lon="14.0184606"><ele>78.0</ele></trkpt><trkpt lat="55.7084106" lon="14.0182334" /><trkpt lat="55.7084380" lon="14.0180645"><ele>80.0</ele></trkpt><trkpt lat="55.7084390" lon="14.0179118" /><trkpt lat="55.7084288" lon="14.0178372" /><trkpt lat="55.7084425" lon="14.0177294"><ele>81.0</ele></trkpt><trkpt lat="55.7084425" lon="14.0176477" /><trkpt lat="55.7084810" lon="14.0174671"><ele>81.0</ele></trkpt><trkpt lat="55.7085007" lon="14.0174204" /><trkpt lat="55.7084936" lon="14.0174024" /><trkpt lat="55.7084997" lon="14.0173503" /><trkpt lat="55.7084916" lon="14.0173252" /><trkpt lat="55.7084719" lon="14.0172174"><ele>81.0</ele></trkpt><trkpt lat="55.7085058" lon="14.0170656" /><trkpt lat="55.7085108" lon="14.0170269" /><trkpt lat="55.7084987" lon="14.0170278" /><trkpt lat="55.7084997" lon="14.0170925"><ele>81.0</ele></trkpt><trkpt lat="55.7085159" lon="14.0171266" /><trkpt lat="55.7085230" lon="14.0171590" /><trkpt lat="55.7085397" lon="14.0171832" /><trkpt lat="55.7085685" lon="14.0172785" /><trkpt lat="55.7085918" lon="14.0173297"><ele>83.0</ele></trkpt><trkpt lat="55.7086207" lon="14.0174312" /><trkpt lat="55.7086480" lon="14.0174509" /><trkpt lat="55.7086748" lon="14.0174339" /><trkpt lat="55.7087087" lon="14.0173279"><ele>86.0</ele></trkpt><trkpt lat="55.7087629" lon="14.0171159" /><trkpt lat="55.7088110" lon="14.0169209"><ele>88.0</ele></trkpt><trkpt lat="55.7088439" lon="14.0167511" /><trkpt lat="55.7088849" lon="14.0165921"><ele>88.0</ele></trkpt><trkpt lat="55.7089339" lon="14.0164790" /><trkpt lat="55.7089977" lon="14.0162732"><ele>90.0</ele></trkpt><trkpt lat="55.7090058" lon="14.0162292" /><trkpt lat="55.7090190" lon="14.0161906" /><trkpt lat="55.7090665" lon="14.0160990" /><trkpt lat="55.7090757" lon="14.0160666" /><trkpt lat="55.7090600" lon="14.0159247"><ele>89.0</ele></trkpt><trkpt lat="55.7089719" lon="14.0157055" /><trkpt lat="55.7089496" lon="14.0156148"><ele>89.0</ele></trkpt><trkpt lat="55.7089238" lon="14.0154666" /><trkpt lat="55.7089178" lon="14.0154046" /><trkpt lat="55.7089137" lon="14.0151369"><ele>89.0</ele></trkpt><trkpt lat="55.7089097" lon="14.0150884" /><trkpt lat="55.7089117" lon="14.0149267" /><trkpt lat="55.7088717" lon="14.0144919"><ele>90.0</ele></trkpt><trkpt lat="55.7089279" lon="14.0142368"><ele>91.0</ele></trkpt><trkpt lat="55.7090038" lon="14.0140050" /><trkpt lat="55.7090478" lon="14.0137741"><ele>94.0</ele></trkpt><trkpt lat="55.7091040" lon="14.0135792" /><trkpt lat="55.7091177" lon="14.0134543"><ele>96.0</ele></trkpt><trkpt lat="55.7091045" lon="14.0133654" /><trkpt lat="55.7090448" lon="14.0130698"><ele>96.0</ele></trkpt><trkpt lat="55.7089658" lon="14.0127950"><ele>94.0</ele></trkpt><trkpt lat="55.7088879" lon="14.0124832"><ele>93.0</ele></trkpt><trkpt lat="55.7088960" lon="14.0121796"><ele>93.0</ele></trkpt><trkpt lat="55.7089198" lon="14.0120386" /><trkpt lat="55.7089289" lon="14.0120062" /><trkpt lat="55.7089426" lon="14.0118652"><ele>92.0</ele></trkpt><trkpt lat="55.7089436" lon="14.0117484" /><trkpt lat="55.7088727" lon="14.0113945"><ele>91.0</ele></trkpt><trkpt lat="55.7088555" lon="14.0113424" /><trkpt lat="55.7087188" lon="14.0110783"><ele>89.0</ele></trkpt><trkpt lat="55.7085630" lon="14.0109795"><ele>86.0</ele></trkpt><trkpt lat="55.7083879" lon="14.0108995"><ele>83.0</ele></trkpt><trkpt lat="55.7082365" lon="14.0107639"><ele>82.0</ele></trkpt><trkpt lat="55.7081955" lon="14.0105357" /><trkpt lat="55.7082259" lon="14.0102177"><ele>81.0</ele></trkpt><trkpt lat="55.7082856" lon="14.0099132"><ele>81.0</ele></trkpt><trkpt lat="55.7082709" lon="14.0094496"><ele>82.0</ele></trkpt><trkpt lat="55.7082856" lon="14.0091262"><ele>82.0</ele></trkpt><trkpt lat="55.7083246" lon="14.0087364"><ele>83.0</ele></trkpt><trkpt lat="55.7084668" lon="14.0081525"><ele>84.0</ele></trkpt><trkpt lat="55.7085549" lon="14.0079306"><ele>84.0</ele></trkpt><trkpt lat="55.7086237" lon="14.0076782"><ele>85.0</ele></trkpt><trkpt lat="55.7086298" lon="14.0075344" /><trkpt lat="55.7086348" lon="14.0071113"><ele>86.0</ele></trkpt><trkpt lat="55.7085756" lon="14.0068517"><ele>86.0</ele></trkpt><trkpt lat="55.7085589" lon="14.0067062" /><trkpt lat="55.7085518" lon="14.0065939" /><trkpt lat="55.7085326" lon="14.0064178"><ele>87.0</ele></trkpt><trkpt lat="55.7085346" lon="14.0063738" /><trkpt lat="55.7085220" lon="14.0061250"><ele>87.0</ele></trkpt><trkpt lat="55.7085326" lon="14.0060774" /><trkpt lat="55.7085306" lon="14.0058923" /><trkpt lat="55.7085245" lon="14.0058627" /><trkpt lat="55.7084547" lon="14.0056794"><ele>86.0</ele></trkpt><trkpt lat="55.7083899" lon="14.0053713"><ele>86.0</ele></trkpt><trkpt lat="55.7083347" lon="14.0051566" /><trkpt lat="55.7082669" lon="14.0048413"><ele>86.0</ele></trkpt><trkpt lat="55.7082649" lon="14.0048036" /><trkpt lat="55.7082229" lon="14.0046454" /><trkpt lat="55.7081869" lon="14.0043948"><ele>87.0</ele></trkpt><trkpt lat="55.7081707" lon="14.0042098" /><trkpt lat="55.7081328" lon="14.0040346"><ele>87.0</ele></trkpt><trkpt lat="55.7080989" lon="14.0039115" /><trkpt lat="55.7080629" lon="14.0036124"><ele>89.0</ele></trkpt><trkpt lat="55.7080047" lon="14.0033914" /><trkpt lat="55.7079597" lon="14.0032576"><ele>90.0</ele></trkpt><trkpt lat="55.7079248" lon="14.0031812" /><trkpt lat="55.7079126" lon="14.0031075" /><trkpt lat="55.7078726" lon="14.0029306"><ele>91.0</ele></trkpt><trkpt lat="55.7078610" lon="14.0028991" /><trkpt lat="55.7078407" lon="14.0027383" /><trkpt lat="55.7077856" lon="14.0025703"><ele>92.0</ele></trkpt><trkpt lat="55.7077097" lon="14.0024113" /><trkpt lat="55.7076039" lon="14.0022362"><ele>92.0</ele></trkpt><trkpt lat="55.7075168" lon="14.0020610" /><trkpt lat="55.7073589" lon="14.0015543"><ele>95.0</ele></trkpt><trkpt lat="55.7073549" lon="14.0014825" /><trkpt lat="55.7073609" lon="14.0012516"><ele>96.0</ele></trkpt><trkpt lat="55.7073356" lon="14.0010414" /><trkpt lat="55.7073209" lon="14.0007755"><ele>96.0</ele></trkpt><trkpt lat="55.7073447" lon="14.0005680" /><trkpt lat="55.7073589" lon="14.0002796"><ele>96.0</ele></trkpt><trkpt lat="55.7073756" lon="14.0000685" /><trkpt lat="55.7073867" lon="13.9998404"><ele>96.0</ele></trkpt><trkpt lat="55.7074095" lon="13.9995475"><ele>94.0</ele></trkpt><trkpt lat="55.7074480" lon="13.9992789"><ele>94.0</ele></trkpt><trkpt lat="55.7074495" lon="13.9988594"><ele>94.0</ele></trkpt><trkpt lat="55.7074328" lon="13.9987534" /><trkpt lat="55.7074166" lon="13.9984857"><ele>94.0</ele></trkpt><trkpt lat="55.7073948" lon="13.9983357" /><trkpt lat="55.7073660" lon="13.9982512" /><trkpt lat="55.7073098" lon="13.9981605"><ele>96.0</ele></trkpt><trkpt lat="55.7072708" lon="13.9981264" /><trkpt lat="55.7072708" lon="13.9980976" /><trkpt lat="55.7072926" lon="13.9979826" /><trkpt lat="55.7072906" lon="13.9978883"><ele>96.0</ele></trkpt><trkpt lat="55.7073068" lon="13.9978299" /><trkpt lat="55.7073088" lon="13.9978066" /><trkpt lat="55.7073417" lon="13.9977123" /><trkpt lat="55.7073427" lon="13.9976853" /><trkpt lat="55.7073549" lon="13.9976386"><ele>96.0</ele></trkpt><trkpt lat="55.7073508" lon="13.9976045" /><trkpt lat="55.7073437" lon="13.9975919" /><trkpt lat="55.7073488" lon="13.9975443" /><trkpt lat="55.7073407" lon="13.9975083" /><trkpt lat="55.7073417" lon="13.9974976" /><trkpt lat="55.7073908" lon="13.9974203" /><trkpt lat="55.7074277" lon="13.9973942"><ele>95.0</ele></trkpt><trkpt lat="55.7074409" lon="13.9973754" /><trkpt lat="55.7074277" lon="13.9973089" /><trkpt lat="55.7074176" lon="13.9972146" /><trkpt lat="55.7074217" lon="13.9971418"><ele>95.0</ele></trkpt><trkpt lat="55.7074136" lon="13.9971077" /><trkpt lat="55.7074019" lon="13.9970861" /><trkpt lat="55.7073665" lon="13.9970744" /><trkpt lat="55.7073695" lon="13.9970367" /><trkpt lat="55.7073619" lon="13.9970044" /><trkpt lat="55.7073230" lon="13.9969307"><ele>96.0</ele></trkpt><trkpt lat="55.7073376" lon="13.9968687" /><trkpt lat="55.7073756" lon="13.9967798" /><trkpt lat="55.7073938" lon="13.9967079" /><trkpt lat="55.7073948" lon="13.9965633"><ele>96.0</ele></trkpt><trkpt lat="55.7074040" lon="13.9964852" /><trkpt lat="55.7074358" lon="13.9963899" /><trkpt lat="55.7075006" lon="13.9961645"><ele>97.0</ele></trkpt><trkpt lat="55.7076358" lon="13.9958051"><ele>97.0</ele></trkpt><trkpt lat="55.7077016" lon="13.9955482"><ele>98.0</ele></trkpt><trkpt lat="55.7077228" lon="13.9953883" /><trkpt lat="55.7077527" lon="13.9952446"><ele>98.0</ele></trkpt><trkpt lat="55.7077846" lon="13.9951332" /><trkpt lat="55.7078326" lon="13.9950227" /><trkpt lat="55.7080437" lon="13.9942591"><ele>98.0</ele></trkpt><trkpt lat="55.7081515" lon="13.9940336"><ele>98.0</ele></trkpt><trkpt lat="55.7082866" lon="13.9936429"><ele>99.0</ele></trkpt><trkpt lat="55.7083438" lon="13.9934309" /><trkpt lat="55.7083990" lon="13.9929808"><ele>98.0</ele></trkpt><trkpt lat="55.7084678" lon="13.9927643" /><trkpt lat="55.7085098" lon="13.9924724"><ele>97.0</ele></trkpt><trkpt lat="55.7085199" lon="13.9922020"><ele>97.0</ele></trkpt><trkpt lat="55.7085159" lon="13.9920295" /><trkpt lat="55.7085058" lon="13.9918498"><ele>97.0</ele></trkpt><trkpt lat="55.7085068" lon="13.9915992" /><trkpt lat="55.7085630" lon="13.9913144"><ele>97.0</ele></trkpt><trkpt lat="55.7085989" lon="13.9910953" /><trkpt lat="55.7086389" lon="13.9908904"><ele>96.0</ele></trkpt><trkpt lat="55.7086986" lon="13.9907773" /><trkpt lat="55.7087280" lon="13.9907638" /><trkpt lat="55.7087528" lon="13.9907692" /><trkpt lat="55.7088079" lon="13.9907665"><ele>96.0</ele></trkpt><trkpt lat="55.7088585" lon="13.9907844" /><trkpt lat="55.7088930" lon="13.9908087" /><trkpt lat="55.7090129" lon="13.9908491"><ele>94.0</ele></trkpt><trkpt lat="55.7090686" lon="13.9908904" /><trkpt lat="55.7090868" lon="13.9909129" /><trkpt lat="55.7091430" lon="13.9909578" /><trkpt lat="55.7091728" lon="13.9909399"><ele>92.0</ele></trkpt><trkpt lat="55.7092285" lon="13.9908626" /><trkpt lat="55.7093069" lon="13.9906901"><ele>91.0</ele></trkpt><trkpt lat="55.7093778" lon="13.9904853" /><trkpt lat="55.7095919" lon="13.9901377"><ele>89.0</ele></trkpt><trkpt lat="55.7096637" lon="13.9899966" /><trkpt lat="55.7098070" lon="13.9897406"><ele>87.0</ele></trkpt><trkpt lat="55.7099127" lon="13.9894783"><ele>87.0</ele></trkpt><trkpt lat="55.7099866" lon="13.9893283" /><trkpt lat="55.7103060" lon="13.9885647"><ele>85.0</ele></trkpt><trkpt lat="55.7103839" lon="13.9883922" /><trkpt lat="55.7104710" lon="13.9881721"><ele>85.0</ele></trkpt><trkpt lat="55.7105767" lon="13.9879503"><ele>86.0</ele></trkpt><trkpt lat="55.7106678" lon="13.9877418" /><trkpt lat="55.7107529" lon="13.9875828"><ele>87.0</ele></trkpt><trkpt lat="55.7107726" lon="13.9875640" /><trkpt lat="55.7108925" lon="13.9875092" /><trkpt lat="55.7110408" lon="13.9874777"><ele>87.0</ele></trkpt><trkpt lat="55.7111689" lon="13.9874715" /><trkpt lat="55.7112210" lon="13.9874786"><ele>87.0</ele></trkpt><trkpt lat="55.7114138" lon="13.9874759"><ele>87.0</ele></trkpt><trkpt lat="55.7116319" lon="13.9874373"><ele>88.0</ele></trkpt><trkpt lat="55.7118009" lon="13.9873646"><ele>89.0</ele></trkpt><trkpt lat="55.7119745" lon="13.9873529"><ele>89.0</ele></trkpt><trkpt lat="55.7120985" lon="13.9873295" /><trkpt lat="55.7122847" lon="13.9873403"><ele>90.0</ele></trkpt><trkpt lat="55.7123095" lon="13.9873475" /><trkpt lat="55.7124887" lon="13.9873331"><ele>91.0</ele></trkpt><trkpt lat="55.7126749" lon="13.9872972"><ele>92.0</ele></trkpt><trkpt lat="55.7127210" lon="13.9872999" /><trkpt lat="55.7128399" lon="13.9872846"><ele>93.0</ele></trkpt><trkpt lat="55.7131339" lon="13.9872846"><ele>95.0</ele></trkpt><trkpt lat="55.7132199" lon="13.9872154" /><trkpt lat="55.7132675" lon="13.9872047" /><trkpt lat="55.7133009" lon="13.9871777"><ele>96.0</ele></trkpt><trkpt lat="55.7134016" lon="13.9870124" /><trkpt lat="55.7134259" lon="13.9869639"><ele>96.0</ele></trkpt><trkpt lat="55.7134355" lon="13.9869531" /><trkpt lat="55.7134937" lon="13.9868238" /><trkpt lat="55.7135236" lon="13.9867223"><ele>96.0</ele></trkpt><trkpt lat="55.7135716" lon="13.9866288" /><trkpt lat="55.7137989" lon="13.9862453"><ele>96.0</ele></trkpt><trkpt lat="55.7138388" lon="13.9861653" /><trkpt lat="55.7138176" lon="13.9859991"><ele>96.0</ele></trkpt><trkpt lat="55.7138186" lon="13.9859479" /><trkpt lat="55.7138490" lon="13.9856955"><ele>95.0</ele></trkpt><trkpt lat="55.7139016" lon="13.9853272"><ele>95.0</ele></trkpt><trkpt lat="55.7139527" lon="13.9847657"><ele>95.0</ele></trkpt><trkpt lat="55.7139785" lon="13.9846975" /><trkpt lat="55.7140256" lon="13.9845385" /><trkpt lat="55.7140509" lon="13.9844019"><ele>95.0</ele></trkpt><trkpt lat="55.7140858" lon="13.9842744" /><trkpt lat="55.7141096" lon="13.9841612" /><trkpt lat="55.7141075" lon="13.9841189"><ele>96.0</ele></trkpt><trkpt lat="55.7140909" lon="13.9840920" /><trkpt lat="55.7140797" lon="13.9840489" /><trkpt lat="55.7140787" lon="13.9838566"><ele>96.0</ele></trkpt><trkpt lat="55.7140327" lon="13.9835036"><ele>97.0</ele></trkpt><trkpt lat="55.7139856" lon="13.9832503" /><trkpt lat="55.7139836" lon="13.9832134"><ele>97.0</ele></trkpt><trkpt lat="55.7140195" lon="13.9825954"><ele>99.0</ele></trkpt><trkpt lat="55.7140569" lon="13.9823133"><ele>99.0</ele></trkpt><trkpt lat="55.7140828" lon="13.9820384"><ele>99.0</ele></trkpt><trkpt lat="55.7141278" lon="13.9817312"><ele>99.0</ele></trkpt><trkpt lat="55.7141996" lon="13.9814554"><ele>99.0</ele></trkpt><trkpt lat="55.7143079" lon="13.9811698"><ele>99.0</ele></trkpt><trkpt lat="55.7143388" lon="13.9811006" /><trkpt lat="55.7144178" lon="13.9808706"><ele>99.0</ele></trkpt><trkpt lat="55.7144947" lon="13.9805832"><ele>99.0</ele></trkpt><trkpt lat="55.7145579" lon="13.9802472"><ele>99.0</ele></trkpt><trkpt lat="55.7146227" lon="13.9800065" /><trkpt lat="55.7146460" lon="13.9799651"><ele>100.0</ele></trkpt><trkpt lat="55.7146880" lon="13.9798367" /><trkpt lat="55.7147497" lon="13.9797352"><ele>101.0</ele></trkpt><trkpt lat="55.7149506" lon="13.9795124"><ele>102.0</ele></trkpt><trkpt lat="55.7151156" lon="13.9792986"><ele>103.0</ele></trkpt><trkpt lat="55.7152330" lon="13.9790803"><ele>103.0</ele></trkpt><trkpt lat="55.7154010" lon="13.9786069"><ele>104.0</ele></trkpt><trkpt lat="55.7154647" lon="13.9783940" /><trkpt lat="55.7155938" lon="13.9780984"><ele>104.0</ele></trkpt><trkpt lat="55.7157015" lon="13.9778954"><ele>103.0</ele></trkpt><trkpt lat="55.7158655" lon="13.9777059"><ele>103.0</ele></trkpt><trkpt lat="55.7159606" lon="13.9776142" /><trkpt lat="55.7160649" lon="13.9774894"><ele>103.0</ele></trkpt><trkpt lat="55.7161079" lon="13.9774975" /><trkpt lat="55.7161448" lon="13.9774588" /><trkpt lat="55.7161580" lon="13.9774184" /><trkpt lat="55.7161767" lon="13.9773977" /><trkpt lat="55.7161838" lon="13.9773977" /><trkpt lat="55.7161949" lon="13.9773681"><ele>103.0</ele></trkpt><trkpt lat="55.7162956" lon="13.9772666" /><trkpt lat="55.7163179" lon="13.9772352" /><trkpt lat="55.7163250" lon="13.9772118"><ele>104.0</ele></trkpt><trkpt lat="55.7163396" lon="13.9771857" /><trkpt lat="55.7164510" lon="13.9770663" /><trkpt lat="55.7165046" lon="13.9769728"><ele>105.0</ele></trkpt><trkpt lat="55.7165759" lon="13.9767653" /><trkpt lat="55.7165815" lon="13.9767617" /><trkpt lat="55.7166397" lon="13.9766423"><ele>105.0</ele></trkpt><trkpt lat="55.7166736" lon="13.9765605" /><trkpt lat="55.7167186" lon="13.9763737"><ele>105.0</ele></trkpt><trkpt lat="55.7167439" lon="13.9761365" /><trkpt lat="55.7167338" lon="13.9758958"><ele>105.0</ele></trkpt><trkpt lat="55.7167596" lon="13.9756613" /><trkpt lat="55.7167976" lon="13.9754134"><ele>105.0</ele></trkpt><trkpt lat="55.7167996" lon="13.9753738" /><trkpt lat="55.7168537" lon="13.9750972"><ele>105.0</ele></trkpt><trkpt lat="55.7169195" lon="13.9748124"><ele>104.0</ele></trkpt><trkpt lat="55.7169823" lon="13.9744773"><ele>104.0</ele></trkpt><trkpt lat="55.7170516" lon="13.9741108"><ele>104.0</ele></trkpt><trkpt lat="55.7170678" lon="13.9740668" /><trkpt lat="55.7171158" lon="13.9738153"><ele>104.0</ele></trkpt><trkpt lat="55.7172859" lon="13.9732484"><ele>104.0</ele></trkpt><trkpt lat="55.7173896" lon="13.9729709"><ele>105.0</ele></trkpt><trkpt lat="55.7174139" lon="13.9729385" /><trkpt lat="55.7175029" lon="13.9727202"><ele>106.0</ele></trkpt><trkpt lat="55.7175449" lon="13.9724435"><ele>106.0</ele></trkpt><trkpt lat="55.7175470" lon="13.9723816" /><trkpt lat="55.7175358" lon="13.9722684" /><trkpt lat="55.7175146" lon="13.9721597"><ele>107.0</ele></trkpt><trkpt lat="55.7173896" lon="13.9717527"><ele>108.0</ele></trkpt><trkpt lat="55.7173218" lon="13.9714356"><ele>109.0</ele></trkpt><trkpt lat="55.7171816" lon="13.9712119"><ele>110.0</ele></trkpt><trkpt lat="55.7170319" lon="13.9710790"><ele>110.0</ele></trkpt><trkpt lat="55.7169818" lon="13.9710494" /><trkpt lat="55.7168826" lon="13.9709398"><ele>111.0</ele></trkpt><trkpt lat="55.7167748" lon="13.9708454" /><trkpt lat="55.7165957" lon="13.9707098"><ele>112.0</ele></trkpt><trkpt lat="55.7163579" lon="13.9705634"><ele>113.0</ele></trkpt><trkpt lat="55.7161990" lon="13.9704286"><ele>113.0</ele></trkpt><trkpt lat="55.7161028" lon="13.9703388" /><trkpt lat="55.7160659" lon="13.9702759"><ele>113.0</ele></trkpt><trkpt lat="55.7160365" lon="13.9702112" /><trkpt lat="55.7160249" lon="13.9700900" /><trkpt lat="55.7160927" lon="13.9699507"><ele>113.0</ele></trkpt><trkpt lat="55.7161489" lon="13.9697558" /><trkpt lat="55.7162607" lon="13.9694683"><ele>113.0</ele></trkpt><trkpt lat="55.7163680" lon="13.9691090"><ele>112.0</ele></trkpt><trkpt lat="55.7165046" lon="13.9685637"><ele>112.0</ele></trkpt><trkpt lat="55.7165370" lon="13.9684649" /><trkpt lat="55.7166129" lon="13.9680975"><ele>112.0</ele></trkpt><trkpt lat="55.7166559" lon="13.9677642"><ele>112.0</ele></trkpt><trkpt lat="55.7166665" lon="13.9677175" /><trkpt lat="55.7167996" lon="13.9674660"><ele>112.0</ele></trkpt><trkpt lat="55.7168927" lon="13.9673025" /><trkpt lat="55.7170126" lon="13.9667455"><ele>113.0</ele></trkpt><trkpt lat="55.7171027" lon="13.9665784" /><trkpt lat="55.7171938" lon="13.9664347"><ele>113.0</ele></trkpt><trkpt lat="55.7173016" lon="13.9661616"><ele>115.0</ele></trkpt><trkpt lat="55.7173238" lon="13.9659891" /><trkpt lat="55.7173309" lon="13.9656711"><ele>116.0</ele></trkpt><trkpt lat="55.7173370" lon="13.9655831" /><trkpt lat="55.7173258" lon="13.9655373" /><trkpt lat="55.7173188" lon="13.9654654" /><trkpt lat="55.7173339" lon="13.9653352"><ele>117.0</ele></trkpt><trkpt lat="55.7173446" lon="13.9650863" /><trkpt lat="55.7173516" lon="13.9647962"><ele>119.0</ele></trkpt><trkpt lat="55.7173339" lon="13.9646533" /><trkpt lat="55.7173096" lon="13.9645599" /><trkpt lat="55.7171948" lon="13.9643659"><ele>121.0</ele></trkpt><trkpt lat="55.7170440" lon="13.9641314"><ele>121.0</ele></trkpt><trkpt lat="55.7170308" lon="13.9640982" /><trkpt lat="55.7169888" lon="13.9639590" /><trkpt lat="55.7169737" lon="13.9638889"><ele>123.0</ele></trkpt><trkpt lat="55.7169625" lon="13.9638628" /><trkpt lat="55.7169140" lon="13.9636706" /><trkpt lat="55.7168659" lon="13.9634227"><ele>124.0</ele></trkpt><trkpt lat="55.7168365" lon="13.9630795"><ele>124.0</ele></trkpt><trkpt lat="55.7169256" lon="13.9631038" /><trkpt lat="55.7170187" lon="13.9631406"><ele>122.0</ele></trkpt><trkpt lat="55.7171057" lon="13.9632026" /><trkpt lat="55.7171498" lon="13.9632583" /><trkpt lat="55.7171680" lon="13.9632942"><ele>122.0</ele></trkpt><trkpt lat="55.7172530" lon="13.9634038" /><trkpt lat="55.7172838" lon="13.9634164" /><trkpt lat="55.7174007" lon="13.9634200"><ele>120.0</ele></trkpt><trkpt lat="55.7174857" lon="13.9634002" /><trkpt lat="55.7176299" lon="13.9634020"><ele>118.0</ele></trkpt><trkpt lat="55.7176846" lon="13.9633903" /><trkpt lat="55.7178698" lon="13.9633283"><ele>117.0</ele></trkpt><trkpt lat="55.7179857" lon="13.9631756" /><trkpt lat="55.7180185" lon="13.9630840"><ele>116.0</ele></trkpt><trkpt lat="55.7180995" lon="13.9629106" /><trkpt lat="55.7184299" lon="13.9625199"><ele>114.0</ele></trkpt><trkpt lat="55.7184937" lon="13.9622764" /><trkpt lat="55.7185438" lon="13.9618865"><ele>114.0</ele></trkpt><trkpt lat="55.7185438" lon="13.9615443"><ele>115.0</ele></trkpt><trkpt lat="55.7185438" lon="13.9611939"><ele>115.0</ele></trkpt><trkpt lat="55.7185539" lon="13.9610493" /><trkpt lat="55.7185645" lon="13.9607313"><ele>116.0</ele></trkpt><trkpt lat="55.7185428" lon="13.9607044" /><trkpt lat="55.7182559" lon="13.9606738"><ele>117.0</ele></trkpt><trkpt lat="55.7182027" lon="13.9606837" /><trkpt lat="55.7181638" lon="13.9606666" /><trkpt lat="55.7180798" lon="13.9605049"><ele>118.0</ele></trkpt><trkpt lat="55.7179978" lon="13.9603828" /><trkpt lat="55.7179447" lon="13.9603630"><ele>118.0</ele></trkpt><trkpt lat="55.7177600" lon="13.9603729"><ele>119.0</ele></trkpt><trkpt lat="55.7175439" lon="13.9605049"><ele>119.0</ele></trkpt><trkpt lat="55.7174579" lon="13.9605489" /><trkpt lat="55.7173699" lon="13.9605597"><ele>119.0</ele></trkpt><trkpt lat="55.7173289" lon="13.9605561"><ele>119.0</ele></trkpt></trkseg></trk></gpx>