<?xml version="1.0" encoding="UTF-8"?>
<gpx xmlns="http://www.topografix.com/GPX/1/1" xmlns:xsi="http://www.w3.org/2001/XMLSchema-instance" version="1.1" creator="Trace de Trail" xsi:schemaLocation="http://www.topografix.com/GPX/1/1 http://www.topografix.com/GPX/1/1/gpx.xsd">
  <metadata>
    <name>Oesterlen Spring Trail 2025 - CRAFT Ultra 60 K</name>
    <desc>Parcours créé sur Trace de Trail</desc>
    <link href="https://tracedetrail.fr/fr/trace/272846">
      <text>Cartographie du parcours</text>
    </link>
    <time>2024-10-22T08:38:59+00:00</time>
  </metadata>
  <trk>
    <name>Oesterlen Spring Trail 2025 - CRAFT Ultra 60 K sur TraceDeTrail.fr</name>
    <src>Trace de Trail</src>
    <trkseg>
      <trkpt lat="55.55903" lon="14.35288">
        <ele>4</ele>
        <time>2024-10-22T08:38:59+00:00</time>
      </trkpt>
      <trkpt lat="55.55908" lon="14.35275">
        <ele>5</ele>
        <time>2024-10-22T08:39:02+00:00</time>
      </trkpt>
      <trkpt lat="55.55912" lon="14.35264">
        <ele>4</ele>
        <time>2024-10-22T08:39:05+00:00</time>
      </trkpt>
      <trkpt lat="55.55915" lon="14.35251">
        <ele>5</ele>
        <time>2024-10-22T08:39:08+00:00</time>
      </trkpt>
      <trkpt lat="55.55925" lon="14.3521">
        <ele>5</ele>
        <time>2024-10-22T08:39:11+00:00</time>
      </trkpt>
      <trkpt lat="55.55928" lon="14.35198">
        <ele>5</ele>
        <time>2024-10-22T08:39:14+00:00</time>
      </trkpt>
      <trkpt lat="55.55938" lon="14.35169">
        <ele>5</ele>
        <time>2024-10-22T08:39:17+00:00</time>
      </trkpt>
      <trkpt lat="55.55951" lon="14.35135">
        <ele>4</ele>
        <time>2024-10-22T08:39:20+00:00</time>
      </trkpt>
      <trkpt lat="55.5597" lon="14.35086">
        <ele>4</ele>
        <time>2024-10-22T08:39:23+00:00</time>
      </trkpt>
      <trkpt lat="55.55979" lon="14.35065">
        <ele>4</ele>
        <time>2024-10-22T08:39:26+00:00</time>
      </trkpt>
      <trkpt lat="55.55985" lon="14.35048">
        <ele>4</ele>
        <time>2024-10-22T08:39:29+00:00</time>
      </trkpt>
      <trkpt lat="55.55994" lon="14.35017">
        <ele>4</ele>
        <time>2024-10-22T08:39:32+00:00</time>
      </trkpt>
      <trkpt lat="55.56002" lon="14.34985">
        <ele>4</ele>
        <time>2024-10-22T08:39:35+00:00</time>
      </trkpt>
      <trkpt lat="55.56013" lon="14.34954">
        <ele>4</ele>
        <time>2024-10-22T08:39:38+00:00</time>
      </trkpt>
      <trkpt lat="55.5602" lon="14.34931">
        <ele>3</ele>
        <time>2024-10-22T08:39:41+00:00</time>
      </trkpt>
      <trkpt lat="55.56024" lon="14.34921">
        <ele>3</ele>
        <time>2024-10-22T08:39:44+00:00</time>
      </trkpt>
      <trkpt lat="55.5603" lon="14.34913">
        <ele>3</ele>
        <time>2024-10-22T08:39:47+00:00</time>
      </trkpt>
      <trkpt lat="55.56036" lon="14.34905">
        <ele>3</ele>
        <time>2024-10-22T08:39:50+00:00</time>
      </trkpt>
      <trkpt lat="55.56054" lon="14.34882">
        <ele>2</ele>
        <time>2024-10-22T08:39:53+00:00</time>
      </trkpt>
      <trkpt lat="55.56065" lon="14.34866">
        <ele>2</ele>
        <time>2024-10-22T08:39:56+00:00</time>
      </trkpt>
      <trkpt lat="55.56078" lon="14.3485">
        <ele>2</ele>
        <time>2024-10-22T08:39:59+00:00</time>
      </trkpt>
      <trkpt lat="55.56096" lon="14.34832">
        <ele>2</ele>
        <time>2024-10-22T08:40:02+00:00</time>
      </trkpt>
      <trkpt lat="55.56116" lon="14.34811">
        <ele>2</ele>
        <time>2024-10-22T08:40:05+00:00</time>
      </trkpt>
      <trkpt lat="55.56128" lon="14.34797">
        <ele>2</ele>
        <time>2024-10-22T08:40:08+00:00</time>
      </trkpt>
      <trkpt lat="55.56146" lon="14.34775">
        <ele>2</ele>
        <time>2024-10-22T08:40:11+00:00</time>
      </trkpt>
      <trkpt lat="55.56164" lon="14.34753">
        <ele>2</ele>
        <time>2024-10-22T08:40:14+00:00</time>
      </trkpt>
      <trkpt lat="55.56169" lon="14.34745">
        <ele>2</ele>
        <time>2024-10-22T08:40:17+00:00</time>
      </trkpt>
      <trkpt lat="55.56184" lon="14.34719">
        <ele>2</ele>
        <time>2024-10-22T08:40:20+00:00</time>
      </trkpt>
      <trkpt lat="55.56195" lon="14.34701">
        <ele>2</ele>
        <time>2024-10-22T08:40:23+00:00</time>
      </trkpt>
      <trkpt lat="55.56201" lon="14.34693">
        <ele>1</ele>
        <time>2024-10-22T08:40:26+00:00</time>
      </trkpt>
      <trkpt lat="55.56207" lon="14.34686">
        <ele>1</ele>
        <time>2024-10-22T08:40:29+00:00</time>
      </trkpt>
      <trkpt lat="55.56224" lon="14.34668">
        <ele>1</ele>
        <time>2024-10-22T08:40:32+00:00</time>
      </trkpt>
      <trkpt lat="55.56229" lon="14.34662">
        <ele>1</ele>
        <time>2024-10-22T08:40:35+00:00</time>
      </trkpt>
      <trkpt lat="55.56244" lon="14.34638">
        <ele>1</ele>
        <time>2024-10-22T08:40:38+00:00</time>
      </trkpt>
      <trkpt lat="55.5625" lon="14.34629">
        <ele>1</ele>
        <time>2024-10-22T08:40:41+00:00</time>
      </trkpt>
      <trkpt lat="55.56264" lon="14.34613">
        <ele>1</ele>
        <time>2024-10-22T08:40:44+00:00</time>
      </trkpt>
      <trkpt lat="55.56269" lon="14.34607">
        <ele>1</ele>
        <time>2024-10-22T08:40:47+00:00</time>
      </trkpt>
      <trkpt lat="55.56273" lon="14.34599">
        <ele>0</ele>
        <time>2024-10-22T08:40:50+00:00</time>
      </trkpt>
      <trkpt lat="55.56276" lon="14.34589">
        <ele>0</ele>
        <time>2024-10-22T08:40:53+00:00</time>
      </trkpt>
      <trkpt lat="55.56279" lon="14.34579">
        <ele>0</ele>
        <time>2024-10-22T08:40:56+00:00</time>
      </trkpt>
      <trkpt lat="55.56286" lon="14.34548">
        <ele>0</ele>
        <time>2024-10-22T08:40:59+00:00</time>
      </trkpt>
      <trkpt lat="55.56293" lon="14.34516">
        <ele>0</ele>
        <time>2024-10-22T08:41:02+00:00</time>
      </trkpt>
      <trkpt lat="55.56302" lon="14.34483">
        <ele>0</ele>
        <time>2024-10-22T08:41:05+00:00</time>
      </trkpt>
      <trkpt lat="55.56312" lon="14.34446">
        <ele>0</ele>
        <time>2024-10-22T08:41:08+00:00</time>
      </trkpt>
      <trkpt lat="55.56318" lon="14.34428">
        <ele>0</ele>
        <time>2024-10-22T08:41:11+00:00</time>
      </trkpt>
      <trkpt lat="55.56325" lon="14.34413">
        <ele>0</ele>
        <time>2024-10-22T08:41:14+00:00</time>
      </trkpt>
      <trkpt lat="55.56346" lon="14.34376">
        <ele>0</ele>
        <time>2024-10-22T08:41:17+00:00</time>
      </trkpt>
      <trkpt lat="55.56364" lon="14.34348">
        <ele>0</ele>
        <time>2024-10-22T08:41:20+00:00</time>
      </trkpt>
      <trkpt lat="55.56376" lon="14.34332">
        <ele>0</ele>
        <time>2024-10-22T08:41:23+00:00</time>
      </trkpt>
      <trkpt lat="55.56388" lon="14.34318">
        <ele>0</ele>
        <time>2024-10-22T08:41:26+00:00</time>
      </trkpt>
      <trkpt lat="55.56403" lon="14.34301">
        <ele>0</ele>
        <time>2024-10-22T08:41:29+00:00</time>
      </trkpt>
      <trkpt lat="55.56434" lon="14.3427">
        <ele>1</ele>
        <time>2024-10-22T08:41:32+00:00</time>
      </trkpt>
      <trkpt lat="55.56457" lon="14.3425">
        <ele>1</ele>
        <time>2024-10-22T08:41:35+00:00</time>
      </trkpt>
      <trkpt lat="55.56462" lon="14.34246">
        <ele>1</ele>
        <time>2024-10-22T08:41:38+00:00</time>
      </trkpt>
      <trkpt lat="55.56478" lon="14.34236">
        <ele>1</ele>
        <time>2024-10-22T08:41:41+00:00</time>
      </trkpt>
      <trkpt lat="55.56496" lon="14.34225">
        <ele>1</ele>
        <time>2024-10-22T08:41:44+00:00</time>
      </trkpt>
      <trkpt lat="55.56517" lon="14.34209">
        <ele>2</ele>
        <time>2024-10-22T08:41:47+00:00</time>
      </trkpt>
      <trkpt lat="55.56546" lon="14.34187">
        <ele>3</ele>
        <time>2024-10-22T08:41:50+00:00</time>
      </trkpt>
      <trkpt lat="55.56565" lon="14.34173">
        <ele>3</ele>
        <time>2024-10-22T08:41:53+00:00</time>
      </trkpt>
      <trkpt lat="55.56588" lon="14.34156">
        <ele>3</ele>
        <time>2024-10-22T08:41:56+00:00</time>
      </trkpt>
      <trkpt lat="55.56612" lon="14.3414">
        <ele>3</ele>
        <time>2024-10-22T08:41:59+00:00</time>
      </trkpt>
      <trkpt lat="55.56622" lon="14.34134">
        <ele>3</ele>
        <time>2024-10-22T08:42:02+00:00</time>
      </trkpt>
      <trkpt lat="55.56636" lon="14.34131">
        <ele>3</ele>
        <time>2024-10-22T08:42:05+00:00</time>
      </trkpt>
      <trkpt lat="55.5665" lon="14.34127">
        <ele>2</ele>
        <time>2024-10-22T08:42:08+00:00</time>
      </trkpt>
      <trkpt lat="55.56678" lon="14.34116">
        <ele>1</ele>
        <time>2024-10-22T08:42:11+00:00</time>
      </trkpt>
      <trkpt lat="55.56711" lon="14.34099">
        <ele>1</ele>
        <time>2024-10-22T08:42:14+00:00</time>
      </trkpt>
      <trkpt lat="55.56745" lon="14.34082">
        <ele>1</ele>
        <time>2024-10-22T08:42:17+00:00</time>
      </trkpt>
      <trkpt lat="55.56768" lon="14.34074">
        <ele>1</ele>
        <time>2024-10-22T08:42:20+00:00</time>
      </trkpt>
      <trkpt lat="55.5679" lon="14.34067">
        <ele>1</ele>
        <time>2024-10-22T08:42:23+00:00</time>
      </trkpt>
      <trkpt lat="55.56819" lon="14.34056">
        <ele>1</ele>
        <time>2024-10-22T08:42:26+00:00</time>
      </trkpt>
      <trkpt lat="55.56842" lon="14.34043">
        <ele>1</ele>
        <time>2024-10-22T08:42:29+00:00</time>
      </trkpt>
      <trkpt lat="55.56864" lon="14.34027">
        <ele>1</ele>
        <time>2024-10-22T08:42:32+00:00</time>
      </trkpt>
      <trkpt lat="55.56905" lon="14.33999">
        <ele>0</ele>
        <time>2024-10-22T08:42:35+00:00</time>
      </trkpt>
      <trkpt lat="55.56924" lon="14.33988">
        <ele>0</ele>
        <time>2024-10-22T08:42:38+00:00</time>
      </trkpt>
      <trkpt lat="55.56943" lon="14.33977">
        <ele>0</ele>
        <time>2024-10-22T08:42:41+00:00</time>
      </trkpt>
      <trkpt lat="55.56964" lon="14.33968">
        <ele>0</ele>
        <time>2024-10-22T08:42:44+00:00</time>
      </trkpt>
      <trkpt lat="55.56982" lon="14.33959">
        <ele>1</ele>
        <time>2024-10-22T08:42:47+00:00</time>
      </trkpt>
      <trkpt lat="55.57006" lon="14.33948">
        <ele>1</ele>
        <time>2024-10-22T08:42:50+00:00</time>
      </trkpt>
      <trkpt lat="55.57034" lon="14.33935">
        <ele>1</ele>
        <time>2024-10-22T08:42:53+00:00</time>
      </trkpt>
      <trkpt lat="55.57055" lon="14.33927">
        <ele>1</ele>
        <time>2024-10-22T08:42:56+00:00</time>
      </trkpt>
      <trkpt lat="55.57075" lon="14.33922">
        <ele>1</ele>
        <time>2024-10-22T08:42:59+00:00</time>
      </trkpt>
      <trkpt lat="55.57097" lon="14.33915">
        <ele>1</ele>
        <time>2024-10-22T08:43:02+00:00</time>
      </trkpt>
      <trkpt lat="55.57105" lon="14.33912">
        <ele>0</ele>
        <time>2024-10-22T08:43:05+00:00</time>
      </trkpt>
      <trkpt lat="55.5713" lon="14.33899">
        <ele>0</ele>
        <time>2024-10-22T08:43:08+00:00</time>
      </trkpt>
      <trkpt lat="55.57135" lon="14.33896">
        <ele>0</ele>
        <time>2024-10-22T08:43:11+00:00</time>
      </trkpt>
      <trkpt lat="55.5715" lon="14.33883">
        <ele>0</ele>
        <time>2024-10-22T08:43:14+00:00</time>
      </trkpt>
      <trkpt lat="55.57166" lon="14.33873">
        <ele>0</ele>
        <time>2024-10-22T08:43:17+00:00</time>
      </trkpt>
      <trkpt lat="55.57192" lon="14.33857">
        <ele>0</ele>
        <time>2024-10-22T08:43:20+00:00</time>
      </trkpt>
      <trkpt lat="55.57208" lon="14.33848">
        <ele>0</ele>
        <time>2024-10-22T08:43:23+00:00</time>
      </trkpt>
      <trkpt lat="55.57229" lon="14.3384">
        <ele>0</ele>
        <time>2024-10-22T08:43:26+00:00</time>
      </trkpt>
      <trkpt lat="55.57245" lon="14.33834">
        <ele>0</ele>
        <time>2024-10-22T08:43:29+00:00</time>
      </trkpt>
      <trkpt lat="55.57282" lon="14.33825">
        <ele>0</ele>
        <time>2024-10-22T08:43:32+00:00</time>
      </trkpt>
      <trkpt lat="55.57309" lon="14.33821">
        <ele>0</ele>
        <time>2024-10-22T08:43:35+00:00</time>
      </trkpt>
      <trkpt lat="55.57326" lon="14.33816">
        <ele>0</ele>
        <time>2024-10-22T08:43:38+00:00</time>
      </trkpt>
      <trkpt lat="55.5736" lon="14.33805">
        <ele>0</ele>
        <time>2024-10-22T08:43:41+00:00</time>
      </trkpt>
      <trkpt lat="55.57387" lon="14.33795">
        <ele>0</ele>
        <time>2024-10-22T08:43:44+00:00</time>
      </trkpt>
      <trkpt lat="55.57409" lon="14.33786">
        <ele>0</ele>
        <time>2024-10-22T08:43:47+00:00</time>
      </trkpt>
      <trkpt lat="55.57442" lon="14.33772">
        <ele>0</ele>
        <time>2024-10-22T08:43:50+00:00</time>
      </trkpt>
      <trkpt lat="55.57474" lon="14.33755">
        <ele>1</ele>
        <time>2024-10-22T08:43:53+00:00</time>
      </trkpt>
      <trkpt lat="55.57497" lon="14.33748">
        <ele>1</ele>
        <time>2024-10-22T08:43:56+00:00</time>
      </trkpt>
      <trkpt lat="55.57511" lon="14.3374">
        <ele>1</ele>
        <time>2024-10-22T08:43:59+00:00</time>
      </trkpt>
      <trkpt lat="55.57524" lon="14.33733">
        <ele>1</ele>
        <time>2024-10-22T08:44:02+00:00</time>
      </trkpt>
      <trkpt lat="55.5754" lon="14.33727">
        <ele>1</ele>
        <time>2024-10-22T08:44:05+00:00</time>
      </trkpt>
      <trkpt lat="55.57558" lon="14.33717">
        <ele>2</ele>
        <time>2024-10-22T08:44:08+00:00</time>
      </trkpt>
      <trkpt lat="55.57574" lon="14.33711">
        <ele>2</ele>
        <time>2024-10-22T08:44:11+00:00</time>
      </trkpt>
      <trkpt lat="55.57595" lon="14.33707">
        <ele>2</ele>
        <time>2024-10-22T08:44:14+00:00</time>
      </trkpt>
      <trkpt lat="55.57612" lon="14.33704">
        <ele>1</ele>
        <time>2024-10-22T08:44:17+00:00</time>
      </trkpt>
      <trkpt lat="55.57629" lon="14.33704">
        <ele>1</ele>
        <time>2024-10-22T08:44:20+00:00</time>
      </trkpt>
      <trkpt lat="55.57638" lon="14.33703">
        <ele>1</ele>
        <time>2024-10-22T08:44:23+00:00</time>
      </trkpt>
      <trkpt lat="55.57651" lon="14.33701">
        <ele>1</ele>
        <time>2024-10-22T08:44:26+00:00</time>
      </trkpt>
      <trkpt lat="55.57657" lon="14.337">
        <ele>2</ele>
        <time>2024-10-22T08:44:29+00:00</time>
      </trkpt>
      <trkpt lat="55.57662" lon="14.33697">
        <ele>2</ele>
        <time>2024-10-22T08:44:32+00:00</time>
      </trkpt>
      <trkpt lat="55.57667" lon="14.33693">
        <ele>2</ele>
        <time>2024-10-22T08:44:35+00:00</time>
      </trkpt>
      <trkpt lat="55.57677" lon="14.33682">
        <ele>2</ele>
        <time>2024-10-22T08:44:38+00:00</time>
      </trkpt>
      <trkpt lat="55.57682" lon="14.33677">
        <ele>3</ele>
        <time>2024-10-22T08:44:41+00:00</time>
      </trkpt>
      <trkpt lat="55.57687" lon="14.33674">
        <ele>3</ele>
        <time>2024-10-22T08:44:44+00:00</time>
      </trkpt>
      <trkpt lat="55.5771" lon="14.33663">
        <ele>4</ele>
        <time>2024-10-22T08:44:47+00:00</time>
      </trkpt>
      <trkpt lat="55.5773" lon="14.33651">
        <ele>5</ele>
        <time>2024-10-22T08:44:50+00:00</time>
      </trkpt>
      <trkpt lat="55.57739" lon="14.33645">
        <ele>5</ele>
        <time>2024-10-22T08:44:53+00:00</time>
      </trkpt>
      <trkpt lat="55.57743" lon="14.33643">
        <ele>5</ele>
        <time>2024-10-22T08:44:56+00:00</time>
      </trkpt>
      <trkpt lat="55.57747" lon="14.33644">
        <ele>5</ele>
        <time>2024-10-22T08:44:59+00:00</time>
      </trkpt>
      <trkpt lat="55.57755" lon="14.33647">
        <ele>6</ele>
        <time>2024-10-22T08:45:02+00:00</time>
      </trkpt>
      <trkpt lat="55.57764" lon="14.33652">
        <ele>5</ele>
        <time>2024-10-22T08:45:05+00:00</time>
      </trkpt>
      <trkpt lat="55.57776" lon="14.33661">
        <ele>5</ele>
        <time>2024-10-22T08:45:08+00:00</time>
      </trkpt>
      <trkpt lat="55.57782" lon="14.33665">
        <ele>5</ele>
        <time>2024-10-22T08:45:11+00:00</time>
      </trkpt>
      <trkpt lat="55.57788" lon="14.33665">
        <ele>5</ele>
        <time>2024-10-22T08:45:14+00:00</time>
      </trkpt>
      <trkpt lat="55.57793" lon="14.33661">
        <ele>4</ele>
        <time>2024-10-22T08:45:17+00:00</time>
      </trkpt>
      <trkpt lat="55.57797" lon="14.33653">
        <ele>5</ele>
        <time>2024-10-22T08:45:20+00:00</time>
      </trkpt>
      <trkpt lat="55.57805" lon="14.33634">
        <ele>5</ele>
        <time>2024-10-22T08:45:23+00:00</time>
      </trkpt>
      <trkpt lat="55.57814" lon="14.33619">
        <ele>6</ele>
        <time>2024-10-22T08:45:26+00:00</time>
      </trkpt>
      <trkpt lat="55.57817" lon="14.33611">
        <ele>6</ele>
        <time>2024-10-22T08:45:29+00:00</time>
      </trkpt>
      <trkpt lat="55.57824" lon="14.33592">
        <ele>6</ele>
        <time>2024-10-22T08:45:32+00:00</time>
      </trkpt>
      <trkpt lat="55.57832" lon="14.33573">
        <ele>6</ele>
        <time>2024-10-22T08:45:35+00:00</time>
      </trkpt>
      <trkpt lat="55.57844" lon="14.3354">
        <ele>8</ele>
        <time>2024-10-22T08:45:38+00:00</time>
      </trkpt>
      <trkpt lat="55.57848" lon="14.33533">
        <ele>8</ele>
        <time>2024-10-22T08:45:41+00:00</time>
      </trkpt>
      <trkpt lat="55.57856" lon="14.33519">
        <ele>8</ele>
        <time>2024-10-22T08:45:44+00:00</time>
      </trkpt>
      <trkpt lat="55.5786" lon="14.33511">
        <ele>8</ele>
        <time>2024-10-22T08:45:47+00:00</time>
      </trkpt>
      <trkpt lat="55.57862" lon="14.33503">
        <ele>7</ele>
        <time>2024-10-22T08:45:50+00:00</time>
      </trkpt>
      <trkpt lat="55.57868" lon="14.33483">
        <ele>8</ele>
        <time>2024-10-22T08:45:53+00:00</time>
      </trkpt>
      <trkpt lat="55.57879" lon="14.3345">
        <ele>8</ele>
        <time>2024-10-22T08:45:56+00:00</time>
      </trkpt>
      <trkpt lat="55.57883" lon="14.33439">
        <ele>7</ele>
        <time>2024-10-22T08:45:59+00:00</time>
      </trkpt>
      <trkpt lat="55.57888" lon="14.33429">
        <ele>7</ele>
        <time>2024-10-22T08:46:02+00:00</time>
      </trkpt>
      <trkpt lat="55.579" lon="14.33414">
        <ele>6</ele>
        <time>2024-10-22T08:46:05+00:00</time>
      </trkpt>
      <trkpt lat="55.57913" lon="14.334">
        <ele>4</ele>
        <time>2024-10-22T08:46:08+00:00</time>
      </trkpt>
      <trkpt lat="55.5792" lon="14.33394">
        <ele>4</ele>
        <time>2024-10-22T08:46:11+00:00</time>
      </trkpt>
      <trkpt lat="55.57941" lon="14.33381">
        <ele>4</ele>
        <time>2024-10-22T08:46:14+00:00</time>
      </trkpt>
      <trkpt lat="55.57948" lon="14.33379">
        <ele>4</ele>
        <time>2024-10-22T08:46:17+00:00</time>
      </trkpt>
      <trkpt lat="55.57969" lon="14.33375">
        <ele>3</ele>
        <time>2024-10-22T08:46:20+00:00</time>
      </trkpt>
      <trkpt lat="55.57975" lon="14.33372">
        <ele>3</ele>
        <time>2024-10-22T08:46:23+00:00</time>
      </trkpt>
      <trkpt lat="55.57988" lon="14.33361">
        <ele>3</ele>
        <time>2024-10-22T08:46:26+00:00</time>
      </trkpt>
      <trkpt lat="55.58001" lon="14.33351">
        <ele>3</ele>
        <time>2024-10-22T08:46:29+00:00</time>
      </trkpt>
      <trkpt lat="55.58007" lon="14.33348">
        <ele>3</ele>
        <time>2024-10-22T08:46:32+00:00</time>
      </trkpt>
      <trkpt lat="55.58026" lon="14.3334">
        <ele>3</ele>
        <time>2024-10-22T08:46:35+00:00</time>
      </trkpt>
      <trkpt lat="55.58045" lon="14.33335">
        <ele>3</ele>
        <time>2024-10-22T08:46:38+00:00</time>
      </trkpt>
      <trkpt lat="55.58059" lon="14.33333">
        <ele>3</ele>
        <time>2024-10-22T08:46:41+00:00</time>
      </trkpt>
      <trkpt lat="55.58072" lon="14.33329">
        <ele>3</ele>
        <time>2024-10-22T08:46:44+00:00</time>
      </trkpt>
      <trkpt lat="55.58078" lon="14.33328">
        <ele>3</ele>
        <time>2024-10-22T08:46:47+00:00</time>
      </trkpt>
      <trkpt lat="55.58084" lon="14.33329">
        <ele>3</ele>
        <time>2024-10-22T08:46:50+00:00</time>
      </trkpt>
      <trkpt lat="55.58109" lon="14.33336">
        <ele>3</ele>
        <time>2024-10-22T08:46:53+00:00</time>
      </trkpt>
      <trkpt lat="55.58122" lon="14.33339">
        <ele>3</ele>
        <time>2024-10-22T08:46:56+00:00</time>
      </trkpt>
      <trkpt lat="55.58136" lon="14.33344">
        <ele>3</ele>
        <time>2024-10-22T08:46:59+00:00</time>
      </trkpt>
      <trkpt lat="55.58153" lon="14.3335">
        <ele>3</ele>
        <time>2024-10-22T08:47:02+00:00</time>
      </trkpt>
      <trkpt lat="55.5817" lon="14.33355">
        <ele>3</ele>
        <time>2024-10-22T08:47:05+00:00</time>
      </trkpt>
      <trkpt lat="55.58181" lon="14.33359">
        <ele>3</ele>
        <time>2024-10-22T08:47:08+00:00</time>
      </trkpt>
      <trkpt lat="55.58187" lon="14.33359">
        <ele>3</ele>
        <time>2024-10-22T08:47:11+00:00</time>
      </trkpt>
      <trkpt lat="55.58199" lon="14.33355">
        <ele>3</ele>
        <time>2024-10-22T08:47:14+00:00</time>
      </trkpt>
      <trkpt lat="55.58205" lon="14.33355">
        <ele>3</ele>
        <time>2024-10-22T08:47:17+00:00</time>
      </trkpt>
      <trkpt lat="55.58211" lon="14.33356">
        <ele>4</ele>
        <time>2024-10-22T08:47:20+00:00</time>
      </trkpt>
      <trkpt lat="55.58217" lon="14.33358">
        <ele>4</ele>
        <time>2024-10-22T08:47:23+00:00</time>
      </trkpt>
      <trkpt lat="55.58222" lon="14.33361">
        <ele>4</ele>
        <time>2024-10-22T08:47:26+00:00</time>
      </trkpt>
      <trkpt lat="55.58233" lon="14.33372">
        <ele>4</ele>
        <time>2024-10-22T08:47:29+00:00</time>
      </trkpt>
      <trkpt lat="55.58238" lon="14.33376">
        <ele>4</ele>
        <time>2024-10-22T08:47:32+00:00</time>
      </trkpt>
      <trkpt lat="55.58254" lon="14.33384">
        <ele>4</ele>
        <time>2024-10-22T08:47:35+00:00</time>
      </trkpt>
      <trkpt lat="55.58259" lon="14.33386">
        <ele>4</ele>
        <time>2024-10-22T08:47:38+00:00</time>
      </trkpt>
      <trkpt lat="55.58282" lon="14.33387">
        <ele>4</ele>
        <time>2024-10-22T08:47:41+00:00</time>
      </trkpt>
      <trkpt lat="55.58288" lon="14.33387">
        <ele>4</ele>
        <time>2024-10-22T08:47:44+00:00</time>
      </trkpt>
      <trkpt lat="55.58303" lon="14.33383">
        <ele>4</ele>
        <time>2024-10-22T08:47:47+00:00</time>
      </trkpt>
      <trkpt lat="55.58323" lon="14.33376">
        <ele>5</ele>
        <time>2024-10-22T08:47:50+00:00</time>
      </trkpt>
      <trkpt lat="55.58335" lon="14.33367">
        <ele>5</ele>
        <time>2024-10-22T08:47:53+00:00</time>
      </trkpt>
      <trkpt lat="55.58348" lon="14.33355">
        <ele>5</ele>
        <time>2024-10-22T08:47:56+00:00</time>
      </trkpt>
      <trkpt lat="55.58364" lon="14.33341">
        <ele>5</ele>
        <time>2024-10-22T08:47:59+00:00</time>
      </trkpt>
      <trkpt lat="55.58381" lon="14.33322">
        <ele>5</ele>
        <time>2024-10-22T08:48:02+00:00</time>
      </trkpt>
      <trkpt lat="55.58386" lon="14.33316">
        <ele>5</ele>
        <time>2024-10-22T08:48:05+00:00</time>
      </trkpt>
      <trkpt lat="55.58395" lon="14.33303">
        <ele>5</ele>
        <time>2024-10-22T08:48:08+00:00</time>
      </trkpt>
      <trkpt lat="55.58401" lon="14.33298">
        <ele>5</ele>
        <time>2024-10-22T08:48:11+00:00</time>
      </trkpt>
      <trkpt lat="55.58407" lon="14.33295">
        <ele>5</ele>
        <time>2024-10-22T08:48:14+00:00</time>
      </trkpt>
      <trkpt lat="55.58427" lon="14.33293">
        <ele>5</ele>
        <time>2024-10-22T08:48:17+00:00</time>
      </trkpt>
      <trkpt lat="55.58433" lon="14.33289">
        <ele>4</ele>
        <time>2024-10-22T08:48:20+00:00</time>
      </trkpt>
      <trkpt lat="55.5845" lon="14.33271">
        <ele>5</ele>
        <time>2024-10-22T08:48:23+00:00</time>
      </trkpt>
      <trkpt lat="55.58456" lon="14.33266">
        <ele>5</ele>
        <time>2024-10-22T08:48:26+00:00</time>
      </trkpt>
      <trkpt lat="55.58468" lon="14.33261">
        <ele>5</ele>
        <time>2024-10-22T08:48:29+00:00</time>
      </trkpt>
      <trkpt lat="55.5848" lon="14.33255">
        <ele>5</ele>
        <time>2024-10-22T08:48:32+00:00</time>
      </trkpt>
      <trkpt lat="55.58487" lon="14.33256">
        <ele>5</ele>
        <time>2024-10-22T08:48:35+00:00</time>
      </trkpt>
      <trkpt lat="55.58493" lon="14.33258">
        <ele>5</ele>
        <time>2024-10-22T08:48:38+00:00</time>
      </trkpt>
      <trkpt lat="55.58499" lon="14.33257">
        <ele>5</ele>
        <time>2024-10-22T08:48:41+00:00</time>
      </trkpt>
      <trkpt lat="55.58507" lon="14.33252">
        <ele>5</ele>
        <time>2024-10-22T08:48:44+00:00</time>
      </trkpt>
      <trkpt lat="55.58518" lon="14.33248">
        <ele>5</ele>
        <time>2024-10-22T08:48:47+00:00</time>
      </trkpt>
      <trkpt lat="55.5853" lon="14.33235">
        <ele>5</ele>
        <time>2024-10-22T08:48:50+00:00</time>
      </trkpt>
      <trkpt lat="55.58552" lon="14.3321">
        <ele>5</ele>
        <time>2024-10-22T08:48:53+00:00</time>
      </trkpt>
      <trkpt lat="55.58558" lon="14.33205">
        <ele>5</ele>
        <time>2024-10-22T08:48:56+00:00</time>
      </trkpt>
      <trkpt lat="55.58563" lon="14.33201">
        <ele>5</ele>
        <time>2024-10-22T08:48:59+00:00</time>
      </trkpt>
      <trkpt lat="55.58575" lon="14.33194">
        <ele>5</ele>
        <time>2024-10-22T08:49:02+00:00</time>
      </trkpt>
      <trkpt lat="55.5858" lon="14.33189">
        <ele>5</ele>
        <time>2024-10-22T08:49:05+00:00</time>
      </trkpt>
      <trkpt lat="55.58591" lon="14.33176">
        <ele>6</ele>
        <time>2024-10-22T08:49:08+00:00</time>
      </trkpt>
      <trkpt lat="55.58603" lon="14.33166">
        <ele>6</ele>
        <time>2024-10-22T08:49:11+00:00</time>
      </trkpt>
      <trkpt lat="55.58609" lon="14.3316">
        <ele>6</ele>
        <time>2024-10-22T08:49:14+00:00</time>
      </trkpt>
      <trkpt lat="55.58614" lon="14.33153">
        <ele>6</ele>
        <time>2024-10-22T08:49:17+00:00</time>
      </trkpt>
      <trkpt lat="55.58623" lon="14.33139">
        <ele>6</ele>
        <time>2024-10-22T08:49:20+00:00</time>
      </trkpt>
      <trkpt lat="55.58637" lon="14.33119">
        <ele>6</ele>
        <time>2024-10-22T08:49:23+00:00</time>
      </trkpt>
      <trkpt lat="55.58652" lon="14.33098">
        <ele>6</ele>
        <time>2024-10-22T08:49:26+00:00</time>
      </trkpt>
      <trkpt lat="55.58666" lon="14.33073">
        <ele>6</ele>
        <time>2024-10-22T08:49:29+00:00</time>
      </trkpt>
      <trkpt lat="55.58671" lon="14.33066">
        <ele>6</ele>
        <time>2024-10-22T08:49:32+00:00</time>
      </trkpt>
      <trkpt lat="55.58682" lon="14.33054">
        <ele>6</ele>
        <time>2024-10-22T08:49:35+00:00</time>
      </trkpt>
      <trkpt lat="55.58696" lon="14.33038">
        <ele>6</ele>
        <time>2024-10-22T08:49:38+00:00</time>
      </trkpt>
      <trkpt lat="55.58711" lon="14.33022">
        <ele>6</ele>
        <time>2024-10-22T08:49:41+00:00</time>
      </trkpt>
      <trkpt lat="55.58717" lon="14.33014">
        <ele>6</ele>
        <time>2024-10-22T08:49:44+00:00</time>
      </trkpt>
      <trkpt lat="55.58733" lon="14.3299">
        <ele>6</ele>
        <time>2024-10-22T08:49:47+00:00</time>
      </trkpt>
      <trkpt lat="55.58739" lon="14.32983">
        <ele>6</ele>
        <time>2024-10-22T08:49:50+00:00</time>
      </trkpt>
      <trkpt lat="55.58746" lon="14.32977">
        <ele>5</ele>
        <time>2024-10-22T08:49:53+00:00</time>
      </trkpt>
      <trkpt lat="55.58759" lon="14.32967">
        <ele>5</ele>
        <time>2024-10-22T08:49:56+00:00</time>
      </trkpt>
      <trkpt lat="55.58765" lon="14.32961">
        <ele>5</ele>
        <time>2024-10-22T08:49:59+00:00</time>
      </trkpt>
      <trkpt lat="55.58771" lon="14.32953">
        <ele>5</ele>
        <time>2024-10-22T08:50:02+00:00</time>
      </trkpt>
      <trkpt lat="55.58781" lon="14.32937">
        <ele>5</ele>
        <time>2024-10-22T08:50:05+00:00</time>
      </trkpt>
      <trkpt lat="55.58797" lon="14.32915">
        <ele>5</ele>
        <time>2024-10-22T08:50:08+00:00</time>
      </trkpt>
      <trkpt lat="55.58803" lon="14.32909">
        <ele>5</ele>
        <time>2024-10-22T08:50:11+00:00</time>
      </trkpt>
      <trkpt lat="55.58816" lon="14.32899">
        <ele>5</ele>
        <time>2024-10-22T08:50:14+00:00</time>
      </trkpt>
      <trkpt lat="55.58836" lon="14.32886">
        <ele>5</ele>
        <time>2024-10-22T08:50:17+00:00</time>
      </trkpt>
      <trkpt lat="55.58842" lon="14.3288">
        <ele>4</ele>
        <time>2024-10-22T08:50:20+00:00</time>
      </trkpt>
      <trkpt lat="55.58854" lon="14.32868">
        <ele>4</ele>
        <time>2024-10-22T08:50:23+00:00</time>
      </trkpt>
      <trkpt lat="55.58868" lon="14.32848">
        <ele>4</ele>
        <time>2024-10-22T08:50:26+00:00</time>
      </trkpt>
      <trkpt lat="55.58872" lon="14.3284">
        <ele>4</ele>
        <time>2024-10-22T08:50:29+00:00</time>
      </trkpt>
      <trkpt lat="55.58879" lon="14.3282">
        <ele>4</ele>
        <time>2024-10-22T08:50:32+00:00</time>
      </trkpt>
      <trkpt lat="55.58883" lon="14.32813">
        <ele>4</ele>
        <time>2024-10-22T08:50:35+00:00</time>
      </trkpt>
      <trkpt lat="55.58892" lon="14.32806">
        <ele>4</ele>
        <time>2024-10-22T08:50:38+00:00</time>
      </trkpt>
      <trkpt lat="55.58896" lon="14.32801">
        <ele>4</ele>
        <time>2024-10-22T08:50:41+00:00</time>
      </trkpt>
      <trkpt lat="55.589" lon="14.32794">
        <ele>4</ele>
        <time>2024-10-22T08:50:44+00:00</time>
      </trkpt>
      <trkpt lat="55.58902" lon="14.32787">
        <ele>4</ele>
        <time>2024-10-22T08:50:47+00:00</time>
      </trkpt>
      <trkpt lat="55.58907" lon="14.32767">
        <ele>4</ele>
        <time>2024-10-22T08:50:50+00:00</time>
      </trkpt>
      <trkpt lat="55.58913" lon="14.32749">
        <ele>4</ele>
        <time>2024-10-22T08:50:53+00:00</time>
      </trkpt>
      <trkpt lat="55.58917" lon="14.32742">
        <ele>4</ele>
        <time>2024-10-22T08:50:56+00:00</time>
      </trkpt>
      <trkpt lat="55.5892" lon="14.32736">
        <ele>4</ele>
        <time>2024-10-22T08:50:59+00:00</time>
      </trkpt>
      <trkpt lat="55.58928" lon="14.32725">
        <ele>5</ele>
        <time>2024-10-22T08:51:02+00:00</time>
      </trkpt>
      <trkpt lat="55.58931" lon="14.32719">
        <ele>4</ele>
        <time>2024-10-22T08:51:05+00:00</time>
      </trkpt>
      <trkpt lat="55.58938" lon="14.32699">
        <ele>5</ele>
        <time>2024-10-22T08:51:08+00:00</time>
      </trkpt>
      <trkpt lat="55.58946" lon="14.3268">
        <ele>5</ele>
        <time>2024-10-22T08:51:11+00:00</time>
      </trkpt>
      <trkpt lat="55.58957" lon="14.32648">
        <ele>5</ele>
        <time>2024-10-22T08:51:14+00:00</time>
      </trkpt>
      <trkpt lat="55.58966" lon="14.32626">
        <ele>5</ele>
        <time>2024-10-22T08:51:17+00:00</time>
      </trkpt>
      <trkpt lat="55.58974" lon="14.32606">
        <ele>4</ele>
        <time>2024-10-22T08:51:20+00:00</time>
      </trkpt>
      <trkpt lat="55.58988" lon="14.3258">
        <ele>4</ele>
        <time>2024-10-22T08:51:23+00:00</time>
      </trkpt>
      <trkpt lat="55.59004" lon="14.3254">
        <ele>4</ele>
        <time>2024-10-22T08:51:26+00:00</time>
      </trkpt>
      <trkpt lat="55.5901" lon="14.32515">
        <ele>4</ele>
        <time>2024-10-22T08:51:29+00:00</time>
      </trkpt>
      <trkpt lat="55.59016" lon="14.32498">
        <ele>4</ele>
        <time>2024-10-22T08:51:32+00:00</time>
      </trkpt>
      <trkpt lat="55.59018" lon="14.32489">
        <ele>5</ele>
        <time>2024-10-22T08:51:35+00:00</time>
      </trkpt>
      <trkpt lat="55.59019" lon="14.3248">
        <ele>5</ele>
        <time>2024-10-22T08:51:38+00:00</time>
      </trkpt>
      <trkpt lat="55.59019" lon="14.32465">
        <ele>5</ele>
        <time>2024-10-22T08:51:41+00:00</time>
      </trkpt>
      <trkpt lat="55.59023" lon="14.32438">
        <ele>5</ele>
        <time>2024-10-22T08:51:44+00:00</time>
      </trkpt>
      <trkpt lat="55.59027" lon="14.32418">
        <ele>5</ele>
        <time>2024-10-22T08:51:47+00:00</time>
      </trkpt>
      <trkpt lat="55.59032" lon="14.324">
        <ele>5</ele>
        <time>2024-10-22T08:51:50+00:00</time>
      </trkpt>
      <trkpt lat="55.59038" lon="14.32389">
        <ele>5</ele>
        <time>2024-10-22T08:51:53+00:00</time>
      </trkpt>
      <trkpt lat="55.59049" lon="14.32369">
        <ele>5</ele>
        <time>2024-10-22T08:51:56+00:00</time>
      </trkpt>
      <trkpt lat="55.59053" lon="14.3236">
        <ele>4</ele>
        <time>2024-10-22T08:51:59+00:00</time>
      </trkpt>
      <trkpt lat="55.59068" lon="14.32322">
        <ele>5</ele>
        <time>2024-10-22T08:52:02+00:00</time>
      </trkpt>
      <trkpt lat="55.59074" lon="14.32309">
        <ele>5</ele>
        <time>2024-10-22T08:52:05+00:00</time>
      </trkpt>
      <trkpt lat="55.59076" lon="14.32305">
        <ele>5</ele>
        <time>2024-10-22T08:52:08+00:00</time>
      </trkpt>
      <trkpt lat="55.59081" lon="14.32299">
        <ele>4</ele>
        <time>2024-10-22T08:52:11+00:00</time>
      </trkpt>
      <trkpt lat="55.59092" lon="14.32289">
        <ele>4</ele>
        <time>2024-10-22T08:52:14+00:00</time>
      </trkpt>
      <trkpt lat="55.591" lon="14.3228">
        <ele>4</ele>
        <time>2024-10-22T08:52:17+00:00</time>
      </trkpt>
      <trkpt lat="55.59103" lon="14.32275">
        <ele>4</ele>
        <time>2024-10-22T08:52:20+00:00</time>
      </trkpt>
      <trkpt lat="55.59105" lon="14.32269">
        <ele>4</ele>
        <time>2024-10-22T08:52:23+00:00</time>
      </trkpt>
      <trkpt lat="55.59109" lon="14.32252">
        <ele>5</ele>
        <time>2024-10-22T08:52:26+00:00</time>
      </trkpt>
      <trkpt lat="55.59125" lon="14.32208">
        <ele>6</ele>
        <time>2024-10-22T08:52:29+00:00</time>
      </trkpt>
      <trkpt lat="55.59136" lon="14.32181">
        <ele>6</ele>
        <time>2024-10-22T08:52:32+00:00</time>
      </trkpt>
      <trkpt lat="55.59149" lon="14.32155">
        <ele>6</ele>
        <time>2024-10-22T08:52:35+00:00</time>
      </trkpt>
      <trkpt lat="55.59161" lon="14.32127">
        <ele>6</ele>
        <time>2024-10-22T08:52:38+00:00</time>
      </trkpt>
      <trkpt lat="55.59164" lon="14.32118">
        <ele>6</ele>
        <time>2024-10-22T08:52:41+00:00</time>
      </trkpt>
      <trkpt lat="55.59164" lon="14.32112">
        <ele>6</ele>
        <time>2024-10-22T08:52:44+00:00</time>
      </trkpt>
      <trkpt lat="55.59169" lon="14.32071">
        <ele>7</ele>
        <time>2024-10-22T08:52:47+00:00</time>
      </trkpt>
      <trkpt lat="55.59171" lon="14.32059">
        <ele>7</ele>
        <time>2024-10-22T08:52:50+00:00</time>
      </trkpt>
      <trkpt lat="55.59173" lon="14.32047">
        <ele>7</ele>
        <time>2024-10-22T08:52:53+00:00</time>
      </trkpt>
      <trkpt lat="55.59176" lon="14.32035">
        <ele>7</ele>
        <time>2024-10-22T08:52:56+00:00</time>
      </trkpt>
      <trkpt lat="55.59183" lon="14.32016">
        <ele>8</ele>
        <time>2024-10-22T08:52:59+00:00</time>
      </trkpt>
      <trkpt lat="55.5919" lon="14.32002">
        <ele>7</ele>
        <time>2024-10-22T08:53:02+00:00</time>
      </trkpt>
      <trkpt lat="55.59207" lon="14.31964">
        <ele>8</ele>
        <time>2024-10-22T08:53:05+00:00</time>
      </trkpt>
      <trkpt lat="55.59217" lon="14.31946">
        <ele>8</ele>
        <time>2024-10-22T08:53:08+00:00</time>
      </trkpt>
      <trkpt lat="55.59227" lon="14.31927">
        <ele>8</ele>
        <time>2024-10-22T08:53:11+00:00</time>
      </trkpt>
      <trkpt lat="55.59238" lon="14.31904">
        <ele>7</ele>
        <time>2024-10-22T08:53:14+00:00</time>
      </trkpt>
      <trkpt lat="55.59246" lon="14.31891">
        <ele>7</ele>
        <time>2024-10-22T08:53:17+00:00</time>
      </trkpt>
      <trkpt lat="55.59262" lon="14.31864">
        <ele>6</ele>
        <time>2024-10-22T08:53:20+00:00</time>
      </trkpt>
      <trkpt lat="55.59287" lon="14.31818">
        <ele>6</ele>
        <time>2024-10-22T08:53:23+00:00</time>
      </trkpt>
      <trkpt lat="55.59309" lon="14.31782">
        <ele>5</ele>
        <time>2024-10-22T08:53:26+00:00</time>
      </trkpt>
      <trkpt lat="55.59314" lon="14.31772">
        <ele>5</ele>
        <time>2024-10-22T08:53:29+00:00</time>
      </trkpt>
      <trkpt lat="55.59318" lon="14.31763">
        <ele>5</ele>
        <time>2024-10-22T08:53:32+00:00</time>
      </trkpt>
      <trkpt lat="55.59321" lon="14.31752">
        <ele>5</ele>
        <time>2024-10-22T08:53:35+00:00</time>
      </trkpt>
      <trkpt lat="55.59322" lon="14.3174">
        <ele>4</ele>
        <time>2024-10-22T08:53:38+00:00</time>
      </trkpt>
      <trkpt lat="55.59323" lon="14.31716">
        <ele>5</ele>
        <time>2024-10-22T08:53:41+00:00</time>
      </trkpt>
      <trkpt lat="55.59324" lon="14.31704">
        <ele>5</ele>
        <time>2024-10-22T08:53:44+00:00</time>
      </trkpt>
      <trkpt lat="55.59325" lon="14.31691">
        <ele>5</ele>
        <time>2024-10-22T08:53:47+00:00</time>
      </trkpt>
      <trkpt lat="55.59331" lon="14.31653">
        <ele>5</ele>
        <time>2024-10-22T08:53:50+00:00</time>
      </trkpt>
      <trkpt lat="55.59339" lon="14.31614">
        <ele>6</ele>
        <time>2024-10-22T08:53:53+00:00</time>
      </trkpt>
      <trkpt lat="55.59342" lon="14.31601">
        <ele>5</ele>
        <time>2024-10-22T08:53:56+00:00</time>
      </trkpt>
      <trkpt lat="55.59343" lon="14.31588">
        <ele>6</ele>
        <time>2024-10-22T08:53:59+00:00</time>
      </trkpt>
      <trkpt lat="55.59343" lon="14.31575">
        <ele>6</ele>
        <time>2024-10-22T08:54:02+00:00</time>
      </trkpt>
      <trkpt lat="55.59341" lon="14.31551">
        <ele>6</ele>
        <time>2024-10-22T08:54:05+00:00</time>
      </trkpt>
      <trkpt lat="55.59341" lon="14.31538">
        <ele>6</ele>
        <time>2024-10-22T08:54:08+00:00</time>
      </trkpt>
      <trkpt lat="55.59341" lon="14.31525">
        <ele>6</ele>
        <time>2024-10-22T08:54:11+00:00</time>
      </trkpt>
      <trkpt lat="55.59343" lon="14.31513">
        <ele>6</ele>
        <time>2024-10-22T08:54:14+00:00</time>
      </trkpt>
      <trkpt lat="55.59346" lon="14.31501">
        <ele>6</ele>
        <time>2024-10-22T08:54:17+00:00</time>
      </trkpt>
      <trkpt lat="55.59358" lon="14.31466">
        <ele>7</ele>
        <time>2024-10-22T08:54:20+00:00</time>
      </trkpt>
      <trkpt lat="55.59365" lon="14.31443">
        <ele>7</ele>
        <time>2024-10-22T08:54:23+00:00</time>
      </trkpt>
      <trkpt lat="55.59369" lon="14.31432">
        <ele>7</ele>
        <time>2024-10-22T08:54:26+00:00</time>
      </trkpt>
      <trkpt lat="55.59374" lon="14.31422">
        <ele>7</ele>
        <time>2024-10-22T08:54:29+00:00</time>
      </trkpt>
      <trkpt lat="55.59381" lon="14.31409">
        <ele>7</ele>
        <time>2024-10-22T08:54:32+00:00</time>
      </trkpt>
      <trkpt lat="55.5939" lon="14.31396">
        <ele>8</ele>
        <time>2024-10-22T08:54:35+00:00</time>
      </trkpt>
      <trkpt lat="55.59402" lon="14.31378">
        <ele>7</ele>
        <time>2024-10-22T08:54:38+00:00</time>
      </trkpt>
      <trkpt lat="55.59418" lon="14.31355">
        <ele>8</ele>
        <time>2024-10-22T08:54:41+00:00</time>
      </trkpt>
      <trkpt lat="55.59424" lon="14.31346">
        <ele>8</ele>
        <time>2024-10-22T08:54:44+00:00</time>
      </trkpt>
      <trkpt lat="55.59439" lon="14.31319">
        <ele>8</ele>
        <time>2024-10-22T08:54:47+00:00</time>
      </trkpt>
      <trkpt lat="55.59458" lon="14.31289">
        <ele>10</ele>
        <time>2024-10-22T08:54:50+00:00</time>
      </trkpt>
      <trkpt lat="55.5947" lon="14.31263">
        <ele>11</ele>
        <time>2024-10-22T08:54:53+00:00</time>
      </trkpt>
      <trkpt lat="55.59475" lon="14.31256">
        <ele>12</ele>
        <time>2024-10-22T08:54:56+00:00</time>
      </trkpt>
      <trkpt lat="55.59481" lon="14.3125">
        <ele>11</ele>
        <time>2024-10-22T08:54:59+00:00</time>
      </trkpt>
      <trkpt lat="55.59494" lon="14.31241">
        <ele>12</ele>
        <time>2024-10-22T08:55:02+00:00</time>
      </trkpt>
      <trkpt lat="55.5951" lon="14.31229">
        <ele>12</ele>
        <time>2024-10-22T08:55:05+00:00</time>
      </trkpt>
      <trkpt lat="55.5953" lon="14.31217">
        <ele>12</ele>
        <time>2024-10-22T08:55:08+00:00</time>
      </trkpt>
      <trkpt lat="55.59546" lon="14.31209">
        <ele>10</ele>
        <time>2024-10-22T08:55:11+00:00</time>
      </trkpt>
      <trkpt lat="55.59553" lon="14.31207">
        <ele>10</ele>
        <time>2024-10-22T08:55:14+00:00</time>
      </trkpt>
      <trkpt lat="55.59567" lon="14.31205">
        <ele>9</ele>
        <time>2024-10-22T08:55:17+00:00</time>
      </trkpt>
      <trkpt lat="55.59573" lon="14.31204">
        <ele>8</ele>
        <time>2024-10-22T08:55:20+00:00</time>
      </trkpt>
      <trkpt lat="55.59579" lon="14.312">
        <ele>8</ele>
        <time>2024-10-22T08:55:23+00:00</time>
      </trkpt>
      <trkpt lat="55.59585" lon="14.31194">
        <ele>9</ele>
        <time>2024-10-22T08:55:26+00:00</time>
      </trkpt>
      <trkpt lat="55.59597" lon="14.31176">
        <ele>8</ele>
        <time>2024-10-22T08:55:29+00:00</time>
      </trkpt>
      <trkpt lat="55.59609" lon="14.3116">
        <ele>9</ele>
        <time>2024-10-22T08:55:32+00:00</time>
      </trkpt>
      <trkpt lat="55.59614" lon="14.31151">
        <ele>9</ele>
        <time>2024-10-22T08:55:35+00:00</time>
      </trkpt>
      <trkpt lat="55.59623" lon="14.31131">
        <ele>9</ele>
        <time>2024-10-22T08:55:38+00:00</time>
      </trkpt>
      <trkpt lat="55.59628" lon="14.31122">
        <ele>10</ele>
        <time>2024-10-22T08:55:41+00:00</time>
      </trkpt>
      <trkpt lat="55.59634" lon="14.31114">
        <ele>10</ele>
        <time>2024-10-22T08:55:44+00:00</time>
      </trkpt>
      <trkpt lat="55.59643" lon="14.31104">
        <ele>10</ele>
        <time>2024-10-22T08:55:47+00:00</time>
      </trkpt>
      <trkpt lat="55.59653" lon="14.31094">
        <ele>10</ele>
        <time>2024-10-22T08:55:50+00:00</time>
      </trkpt>
      <trkpt lat="55.59659" lon="14.31088">
        <ele>9</ele>
        <time>2024-10-22T08:55:53+00:00</time>
      </trkpt>
      <trkpt lat="55.59666" lon="14.31085">
        <ele>10</ele>
        <time>2024-10-22T08:55:56+00:00</time>
      </trkpt>
      <trkpt lat="55.59674" lon="14.31083">
        <ele>9</ele>
        <time>2024-10-22T08:55:59+00:00</time>
      </trkpt>
      <trkpt lat="55.59686" lon="14.31082">
        <ele>9</ele>
        <time>2024-10-22T08:56:02+00:00</time>
      </trkpt>
      <trkpt lat="55.59699" lon="14.31081">
        <ele>8</ele>
        <time>2024-10-22T08:56:05+00:00</time>
      </trkpt>
      <trkpt lat="55.59723" lon="14.31081">
        <ele>6</ele>
        <time>2024-10-22T08:56:08+00:00</time>
      </trkpt>
      <trkpt lat="55.59729" lon="14.31079">
        <ele>6</ele>
        <time>2024-10-22T08:56:11+00:00</time>
      </trkpt>
      <trkpt lat="55.59735" lon="14.31074">
        <ele>6</ele>
        <time>2024-10-22T08:56:14+00:00</time>
      </trkpt>
      <trkpt lat="55.59741" lon="14.31068">
        <ele>6</ele>
        <time>2024-10-22T08:56:17+00:00</time>
      </trkpt>
      <trkpt lat="55.59747" lon="14.31061">
        <ele>5</ele>
        <time>2024-10-22T08:56:20+00:00</time>
      </trkpt>
      <trkpt lat="55.59764" lon="14.31037">
        <ele>6</ele>
        <time>2024-10-22T08:56:23+00:00</time>
      </trkpt>
      <trkpt lat="55.59769" lon="14.31029">
        <ele>6</ele>
        <time>2024-10-22T08:56:26+00:00</time>
      </trkpt>
      <trkpt lat="55.59774" lon="14.31019">
        <ele>6</ele>
        <time>2024-10-22T08:56:29+00:00</time>
      </trkpt>
      <trkpt lat="55.59782" lon="14.31">
        <ele>7</ele>
        <time>2024-10-22T08:56:32+00:00</time>
      </trkpt>
      <trkpt lat="55.59792" lon="14.30979">
        <ele>8</ele>
        <time>2024-10-22T08:56:35+00:00</time>
      </trkpt>
      <trkpt lat="55.59803" lon="14.30959">
        <ele>8</ele>
        <time>2024-10-22T08:56:38+00:00</time>
      </trkpt>
      <trkpt lat="55.59813" lon="14.30938">
        <ele>9</ele>
        <time>2024-10-22T08:56:41+00:00</time>
      </trkpt>
      <trkpt lat="55.59817" lon="14.30932">
        <ele>9</ele>
        <time>2024-10-22T08:56:44+00:00</time>
      </trkpt>
      <trkpt lat="55.5982" lon="14.30929">
        <ele>9</ele>
        <time>2024-10-22T08:56:47+00:00</time>
      </trkpt>
      <trkpt lat="55.59827" lon="14.30922">
        <ele>9</ele>
        <time>2024-10-22T08:56:50+00:00</time>
      </trkpt>
      <trkpt lat="55.59833" lon="14.30918">
        <ele>9</ele>
        <time>2024-10-22T08:56:53+00:00</time>
      </trkpt>
      <trkpt lat="55.59839" lon="14.30915">
        <ele>9</ele>
        <time>2024-10-22T08:56:56+00:00</time>
      </trkpt>
      <trkpt lat="55.59845" lon="14.30913">
        <ele>8</ele>
        <time>2024-10-22T08:56:59+00:00</time>
      </trkpt>
      <trkpt lat="55.59858" lon="14.30911">
        <ele>8</ele>
        <time>2024-10-22T08:57:02+00:00</time>
      </trkpt>
      <trkpt lat="55.59863" lon="14.30909">
        <ele>8</ele>
        <time>2024-10-22T08:57:05+00:00</time>
      </trkpt>
      <trkpt lat="55.59877" lon="14.30898">
        <ele>8</ele>
        <time>2024-10-22T08:57:08+00:00</time>
      </trkpt>
      <trkpt lat="55.59896" lon="14.30881">
        <ele>8</ele>
        <time>2024-10-22T08:57:11+00:00</time>
      </trkpt>
      <trkpt lat="55.59902" lon="14.30875">
        <ele>8</ele>
        <time>2024-10-22T08:57:14+00:00</time>
      </trkpt>
      <trkpt lat="55.59916" lon="14.30868">
        <ele>8</ele>
        <time>2024-10-22T08:57:17+00:00</time>
      </trkpt>
      <trkpt lat="55.59923" lon="14.30864">
        <ele>7</ele>
        <time>2024-10-22T08:57:20+00:00</time>
      </trkpt>
      <trkpt lat="55.59929" lon="14.30858">
        <ele>7</ele>
        <time>2024-10-22T08:57:23+00:00</time>
      </trkpt>
      <trkpt lat="55.59948" lon="14.30838">
        <ele>7</ele>
        <time>2024-10-22T08:57:26+00:00</time>
      </trkpt>
      <trkpt lat="55.59967" lon="14.30821">
        <ele>7</ele>
        <time>2024-10-22T08:57:29+00:00</time>
      </trkpt>
      <trkpt lat="55.59979" lon="14.30808">
        <ele>9</ele>
        <time>2024-10-22T08:57:32+00:00</time>
      </trkpt>
      <trkpt lat="55.59986" lon="14.30796">
        <ele>9</ele>
        <time>2024-10-22T08:57:35+00:00</time>
      </trkpt>
      <trkpt lat="55.60002" lon="14.30765">
        <ele>9</ele>
        <time>2024-10-22T08:57:38+00:00</time>
      </trkpt>
      <trkpt lat="55.60007" lon="14.30757">
        <ele>12</ele>
        <time>2024-10-22T08:57:41+00:00</time>
      </trkpt>
      <trkpt lat="55.60013" lon="14.30751">
        <ele>11</ele>
        <time>2024-10-22T08:57:44+00:00</time>
      </trkpt>
      <trkpt lat="55.60033" lon="14.3074">
        <ele>9</ele>
        <time>2024-10-22T08:57:47+00:00</time>
      </trkpt>
      <trkpt lat="55.60039" lon="14.30739">
        <ele>11</ele>
        <time>2024-10-22T08:57:50+00:00</time>
      </trkpt>
      <trkpt lat="55.60044" lon="14.30741">
        <ele>9</ele>
        <time>2024-10-22T08:57:53+00:00</time>
      </trkpt>
      <trkpt lat="55.60056" lon="14.30747">
        <ele>9</ele>
        <time>2024-10-22T08:57:56+00:00</time>
      </trkpt>
      <trkpt lat="55.60062" lon="14.3075">
        <ele>8</ele>
        <time>2024-10-22T08:57:59+00:00</time>
      </trkpt>
      <trkpt lat="55.60068" lon="14.30749">
        <ele>8</ele>
        <time>2024-10-22T08:58:02+00:00</time>
      </trkpt>
      <trkpt lat="55.60073" lon="14.30746">
        <ele>8</ele>
        <time>2024-10-22T08:58:05+00:00</time>
      </trkpt>
      <trkpt lat="55.60078" lon="14.30742">
        <ele>7</ele>
        <time>2024-10-22T08:58:08+00:00</time>
      </trkpt>
      <trkpt lat="55.60087" lon="14.3073">
        <ele>8</ele>
        <time>2024-10-22T08:58:11+00:00</time>
      </trkpt>
      <trkpt lat="55.60094" lon="14.30716">
        <ele>7</ele>
        <time>2024-10-22T08:58:14+00:00</time>
      </trkpt>
      <trkpt lat="55.60097" lon="14.30707">
        <ele>8</ele>
        <time>2024-10-22T08:58:17+00:00</time>
      </trkpt>
      <trkpt lat="55.601" lon="14.30698">
        <ele>7</ele>
        <time>2024-10-22T08:58:20+00:00</time>
      </trkpt>
      <trkpt lat="55.60107" lon="14.3067">
        <ele>8</ele>
        <time>2024-10-22T08:58:23+00:00</time>
      </trkpt>
      <trkpt lat="55.60115" lon="14.30638">
        <ele>9</ele>
        <time>2024-10-22T08:58:26+00:00</time>
      </trkpt>
      <trkpt lat="55.60119" lon="14.30628">
        <ele>9</ele>
        <time>2024-10-22T08:58:29+00:00</time>
      </trkpt>
      <trkpt lat="55.60135" lon="14.30591">
        <ele>9</ele>
        <time>2024-10-22T08:58:32+00:00</time>
      </trkpt>
      <trkpt lat="55.60149" lon="14.30563">
        <ele>8</ele>
        <time>2024-10-22T08:58:35+00:00</time>
      </trkpt>
      <trkpt lat="55.60155" lon="14.30556">
        <ele>9</ele>
        <time>2024-10-22T08:58:38+00:00</time>
      </trkpt>
      <trkpt lat="55.60167" lon="14.30544">
        <ele>8</ele>
        <time>2024-10-22T08:58:41+00:00</time>
      </trkpt>
      <trkpt lat="55.60179" lon="14.30531">
        <ele>8</ele>
        <time>2024-10-22T08:58:44+00:00</time>
      </trkpt>
      <trkpt lat="55.60185" lon="14.30523">
        <ele>7</ele>
        <time>2024-10-22T08:58:47+00:00</time>
      </trkpt>
      <trkpt lat="55.60194" lon="14.30506">
        <ele>7</ele>
        <time>2024-10-22T08:58:50+00:00</time>
      </trkpt>
      <trkpt lat="55.602" lon="14.30498">
        <ele>6</ele>
        <time>2024-10-22T08:58:53+00:00</time>
      </trkpt>
      <trkpt lat="55.60206" lon="14.30492">
        <ele>6</ele>
        <time>2024-10-22T08:58:56+00:00</time>
      </trkpt>
      <trkpt lat="55.60213" lon="14.30487">
        <ele>5</ele>
        <time>2024-10-22T08:58:59+00:00</time>
      </trkpt>
      <trkpt lat="55.60227" lon="14.3048">
        <ele>4</ele>
        <time>2024-10-22T08:59:02+00:00</time>
      </trkpt>
      <trkpt lat="55.6024" lon="14.30471">
        <ele>1</ele>
        <time>2024-10-22T08:59:05+00:00</time>
      </trkpt>
      <trkpt lat="55.60247" lon="14.30465">
        <ele>2</ele>
        <time>2024-10-22T08:59:08+00:00</time>
      </trkpt>
      <trkpt lat="55.60252" lon="14.30458">
        <ele>1</ele>
        <time>2024-10-22T08:59:11+00:00</time>
      </trkpt>
      <trkpt lat="55.60258" lon="14.3045">
        <ele>1</ele>
        <time>2024-10-22T08:59:14+00:00</time>
      </trkpt>
      <trkpt lat="55.60267" lon="14.30435">
        <ele>1</ele>
        <time>2024-10-22T08:59:17+00:00</time>
      </trkpt>
      <trkpt lat="55.60275" lon="14.30419">
        <ele>1</ele>
        <time>2024-10-22T08:59:20+00:00</time>
      </trkpt>
      <trkpt lat="55.60289" lon="14.30399">
        <ele>1</ele>
        <time>2024-10-22T08:59:23+00:00</time>
      </trkpt>
      <trkpt lat="55.60296" lon="14.30385">
        <ele>1</ele>
        <time>2024-10-22T08:59:26+00:00</time>
      </trkpt>
      <trkpt lat="55.60306" lon="14.30365">
        <ele>1</ele>
        <time>2024-10-22T08:59:29+00:00</time>
      </trkpt>
      <trkpt lat="55.60316" lon="14.30343">
        <ele>1</ele>
        <time>2024-10-22T08:59:32+00:00</time>
      </trkpt>
      <trkpt lat="55.60325" lon="14.3032">
        <ele>2</ele>
        <time>2024-10-22T08:59:35+00:00</time>
      </trkpt>
      <trkpt lat="55.60344" lon="14.3028">
        <ele>2</ele>
        <time>2024-10-22T08:59:38+00:00</time>
      </trkpt>
      <trkpt lat="55.60347" lon="14.30271">
        <ele>2</ele>
        <time>2024-10-22T08:59:41+00:00</time>
      </trkpt>
      <trkpt lat="55.6035" lon="14.30262">
        <ele>2</ele>
        <time>2024-10-22T08:59:44+00:00</time>
      </trkpt>
      <trkpt lat="55.60352" lon="14.30252">
        <ele>2</ele>
        <time>2024-10-22T08:59:47+00:00</time>
      </trkpt>
      <trkpt lat="55.60354" lon="14.30237">
        <ele>3</ele>
        <time>2024-10-22T08:59:50+00:00</time>
      </trkpt>
      <trkpt lat="55.60357" lon="14.3021">
        <ele>3</ele>
        <time>2024-10-22T08:59:53+00:00</time>
      </trkpt>
      <trkpt lat="55.60359" lon="14.302">
        <ele>4</ele>
        <time>2024-10-22T08:59:56+00:00</time>
      </trkpt>
      <trkpt lat="55.60362" lon="14.30191">
        <ele>4</ele>
        <time>2024-10-22T08:59:59+00:00</time>
      </trkpt>
      <trkpt lat="55.60367" lon="14.30182">
        <ele>4</ele>
        <time>2024-10-22T09:00:02+00:00</time>
      </trkpt>
      <trkpt lat="55.60387" lon="14.30154">
        <ele>4</ele>
        <time>2024-10-22T09:00:05+00:00</time>
      </trkpt>
      <trkpt lat="55.60398" lon="14.30141">
        <ele>4</ele>
        <time>2024-10-22T09:00:08+00:00</time>
      </trkpt>
      <trkpt lat="55.60404" lon="14.30134">
        <ele>4</ele>
        <time>2024-10-22T09:00:11+00:00</time>
      </trkpt>
      <trkpt lat="55.60409" lon="14.30126">
        <ele>4</ele>
        <time>2024-10-22T09:00:14+00:00</time>
      </trkpt>
      <trkpt lat="55.6042" lon="14.30104">
        <ele>4</ele>
        <time>2024-10-22T09:00:17+00:00</time>
      </trkpt>
      <trkpt lat="55.60433" lon="14.3008">
        <ele>4</ele>
        <time>2024-10-22T09:00:20+00:00</time>
      </trkpt>
      <trkpt lat="55.60452" lon="14.30046">
        <ele>3</ele>
        <time>2024-10-22T09:00:23+00:00</time>
      </trkpt>
      <trkpt lat="55.60467" lon="14.30025">
        <ele>3</ele>
        <time>2024-10-22T09:00:26+00:00</time>
      </trkpt>
      <trkpt lat="55.60477" lon="14.3001">
        <ele>3</ele>
        <time>2024-10-22T09:00:29+00:00</time>
      </trkpt>
      <trkpt lat="55.60488" lon="14.29998">
        <ele>4</ele>
        <time>2024-10-22T09:00:32+00:00</time>
      </trkpt>
      <trkpt lat="55.60494" lon="14.29991">
        <ele>3</ele>
        <time>2024-10-22T09:00:35+00:00</time>
      </trkpt>
      <trkpt lat="55.60498" lon="14.29984">
        <ele>4</ele>
        <time>2024-10-22T09:00:38+00:00</time>
      </trkpt>
      <trkpt lat="55.60507" lon="14.29965">
        <ele>5</ele>
        <time>2024-10-22T09:00:41+00:00</time>
      </trkpt>
      <trkpt lat="55.60512" lon="14.29956">
        <ele>5</ele>
        <time>2024-10-22T09:00:44+00:00</time>
      </trkpt>
      <trkpt lat="55.60517" lon="14.29948">
        <ele>6</ele>
        <time>2024-10-22T09:00:47+00:00</time>
      </trkpt>
      <trkpt lat="55.60535" lon="14.29928">
        <ele>6</ele>
        <time>2024-10-22T09:00:50+00:00</time>
      </trkpt>
      <trkpt lat="55.60541" lon="14.29921">
        <ele>6</ele>
        <time>2024-10-22T09:00:53+00:00</time>
      </trkpt>
      <trkpt lat="55.60547" lon="14.29913">
        <ele>7</ele>
        <time>2024-10-22T09:00:56+00:00</time>
      </trkpt>
      <trkpt lat="55.60562" lon="14.29889">
        <ele>8</ele>
        <time>2024-10-22T09:00:59+00:00</time>
      </trkpt>
      <trkpt lat="55.60567" lon="14.29882">
        <ele>8</ele>
        <time>2024-10-22T09:01:02+00:00</time>
      </trkpt>
      <trkpt lat="55.60573" lon="14.29877">
        <ele>8</ele>
        <time>2024-10-22T09:01:05+00:00</time>
      </trkpt>
      <trkpt lat="55.60592" lon="14.29864">
        <ele>8</ele>
        <time>2024-10-22T09:01:08+00:00</time>
      </trkpt>
      <trkpt lat="55.6061" lon="14.29847">
        <ele>10</ele>
        <time>2024-10-22T09:01:11+00:00</time>
      </trkpt>
      <trkpt lat="55.60616" lon="14.29841">
        <ele>9</ele>
        <time>2024-10-22T09:01:14+00:00</time>
      </trkpt>
      <trkpt lat="55.60622" lon="14.29837">
        <ele>10</ele>
        <time>2024-10-22T09:01:17+00:00</time>
      </trkpt>
      <trkpt lat="55.60629" lon="14.29834">
        <ele>10</ele>
        <time>2024-10-22T09:01:20+00:00</time>
      </trkpt>
      <trkpt lat="55.60645" lon="14.29825">
        <ele>10</ele>
        <time>2024-10-22T09:01:23+00:00</time>
      </trkpt>
      <trkpt lat="55.60651" lon="14.29822">
        <ele>10</ele>
        <time>2024-10-22T09:01:26+00:00</time>
      </trkpt>
      <trkpt lat="55.60661" lon="14.29819">
        <ele>10</ele>
        <time>2024-10-22T09:01:29+00:00</time>
      </trkpt>
      <trkpt lat="55.6069" lon="14.29815">
        <ele>9</ele>
        <time>2024-10-22T09:01:32+00:00</time>
      </trkpt>
      <trkpt lat="55.60705" lon="14.29815">
        <ele>9</ele>
        <time>2024-10-22T09:01:35+00:00</time>
      </trkpt>
      <trkpt lat="55.6072" lon="14.29815">
        <ele>8</ele>
        <time>2024-10-22T09:01:38+00:00</time>
      </trkpt>
      <trkpt lat="55.60736" lon="14.29816">
        <ele>8</ele>
        <time>2024-10-22T09:01:41+00:00</time>
      </trkpt>
      <trkpt lat="55.60743" lon="14.29816">
        <ele>8</ele>
        <time>2024-10-22T09:01:44+00:00</time>
      </trkpt>
      <trkpt lat="55.60768" lon="14.29811">
        <ele>8</ele>
        <time>2024-10-22T09:01:47+00:00</time>
      </trkpt>
      <trkpt lat="55.60775" lon="14.29811">
        <ele>8</ele>
        <time>2024-10-22T09:01:50+00:00</time>
      </trkpt>
      <trkpt lat="55.60794" lon="14.29816">
        <ele>8</ele>
        <time>2024-10-22T09:01:53+00:00</time>
      </trkpt>
      <trkpt lat="55.60801" lon="14.29817">
        <ele>8</ele>
        <time>2024-10-22T09:01:56+00:00</time>
      </trkpt>
      <trkpt lat="55.60821" lon="14.29817">
        <ele>7</ele>
        <time>2024-10-22T09:01:59+00:00</time>
      </trkpt>
      <trkpt lat="55.60834" lon="14.29817">
        <ele>7</ele>
        <time>2024-10-22T09:02:02+00:00</time>
      </trkpt>
      <trkpt lat="55.6084" lon="14.29816">
        <ele>7</ele>
        <time>2024-10-22T09:02:05+00:00</time>
      </trkpt>
      <trkpt lat="55.60864" lon="14.29808">
        <ele>7</ele>
        <time>2024-10-22T09:02:08+00:00</time>
      </trkpt>
      <trkpt lat="55.60871" lon="14.29804">
        <ele>7</ele>
        <time>2024-10-22T09:02:11+00:00</time>
      </trkpt>
      <trkpt lat="55.60886" lon="14.29791">
        <ele>7</ele>
        <time>2024-10-22T09:02:14+00:00</time>
      </trkpt>
      <trkpt lat="55.609" lon="14.29776">
        <ele>9</ele>
        <time>2024-10-22T09:02:17+00:00</time>
      </trkpt>
      <trkpt lat="55.60923" lon="14.29749">
        <ele>11</ele>
        <time>2024-10-22T09:02:20+00:00</time>
      </trkpt>
      <trkpt lat="55.60929" lon="14.29744">
        <ele>11</ele>
        <time>2024-10-22T09:02:23+00:00</time>
      </trkpt>
      <trkpt lat="55.60943" lon="14.29737">
        <ele>12</ele>
        <time>2024-10-22T09:02:26+00:00</time>
      </trkpt>
      <trkpt lat="55.60955" lon="14.29727">
        <ele>13</ele>
        <time>2024-10-22T09:02:29+00:00</time>
      </trkpt>
      <trkpt lat="55.60962" lon="14.29723">
        <ele>13</ele>
        <time>2024-10-22T09:02:32+00:00</time>
      </trkpt>
      <trkpt lat="55.60968" lon="14.29721">
        <ele>13</ele>
        <time>2024-10-22T09:02:35+00:00</time>
      </trkpt>
      <trkpt lat="55.60989" lon="14.29721">
        <ele>13</ele>
        <time>2024-10-22T09:02:38+00:00</time>
      </trkpt>
      <trkpt lat="55.60996" lon="14.29721">
        <ele>13</ele>
        <time>2024-10-22T09:02:41+00:00</time>
      </trkpt>
      <trkpt lat="55.61003" lon="14.29722">
        <ele>12</ele>
        <time>2024-10-22T09:02:44+00:00</time>
      </trkpt>
      <trkpt lat="55.61017" lon="14.29726">
        <ele>12</ele>
        <time>2024-10-22T09:02:47+00:00</time>
      </trkpt>
      <trkpt lat="55.61036" lon="14.29734">
        <ele>12</ele>
        <time>2024-10-22T09:02:50+00:00</time>
      </trkpt>
      <trkpt lat="55.61059" lon="14.29742">
        <ele>11</ele>
        <time>2024-10-22T09:02:53+00:00</time>
      </trkpt>
      <trkpt lat="55.61065" lon="14.29744">
        <ele>11</ele>
        <time>2024-10-22T09:02:56+00:00</time>
      </trkpt>
      <trkpt lat="55.61071" lon="14.29744">
        <ele>11</ele>
        <time>2024-10-22T09:02:59+00:00</time>
      </trkpt>
      <trkpt lat="55.61077" lon="14.29742">
        <ele>11</ele>
        <time>2024-10-22T09:03:02+00:00</time>
      </trkpt>
      <trkpt lat="55.6109" lon="14.29736">
        <ele>12</ele>
        <time>2024-10-22T09:03:05+00:00</time>
      </trkpt>
      <trkpt lat="55.61096" lon="14.29733">
        <ele>10</ele>
        <time>2024-10-22T09:03:08+00:00</time>
      </trkpt>
      <trkpt lat="55.61103" lon="14.29733">
        <ele>11</ele>
        <time>2024-10-22T09:03:11+00:00</time>
      </trkpt>
      <trkpt lat="55.61109" lon="14.29734">
        <ele>11</ele>
        <time>2024-10-22T09:03:14+00:00</time>
      </trkpt>
      <trkpt lat="55.61126" lon="14.29741">
        <ele>10</ele>
        <time>2024-10-22T09:03:17+00:00</time>
      </trkpt>
      <trkpt lat="55.61143" lon="14.29747">
        <ele>10</ele>
        <time>2024-10-22T09:03:20+00:00</time>
      </trkpt>
      <trkpt lat="55.6115" lon="14.29749">
        <ele>10</ele>
        <time>2024-10-22T09:03:23+00:00</time>
      </trkpt>
      <trkpt lat="55.61156" lon="14.29749">
        <ele>10</ele>
        <time>2024-10-22T09:03:26+00:00</time>
      </trkpt>
      <trkpt lat="55.61163" lon="14.29747">
        <ele>10</ele>
        <time>2024-10-22T09:03:29+00:00</time>
      </trkpt>
      <trkpt lat="55.61169" lon="14.29744">
        <ele>9</ele>
        <time>2024-10-22T09:03:32+00:00</time>
      </trkpt>
      <trkpt lat="55.61174" lon="14.2974">
        <ele>10</ele>
        <time>2024-10-22T09:03:35+00:00</time>
      </trkpt>
      <trkpt lat="55.61177" lon="14.29737">
        <ele>10</ele>
        <time>2024-10-22T09:03:38+00:00</time>
      </trkpt>
      <trkpt lat="55.61184" lon="14.29728">
        <ele>10</ele>
        <time>2024-10-22T09:03:41+00:00</time>
      </trkpt>
      <trkpt lat="55.61193" lon="14.29714">
        <ele>10</ele>
        <time>2024-10-22T09:03:44+00:00</time>
      </trkpt>
      <trkpt lat="55.61198" lon="14.29707">
        <ele>11</ele>
        <time>2024-10-22T09:03:47+00:00</time>
      </trkpt>
      <trkpt lat="55.61216" lon="14.29689">
        <ele>11</ele>
        <time>2024-10-22T09:03:50+00:00</time>
      </trkpt>
      <trkpt lat="55.61224" lon="14.29678">
        <ele>11</ele>
        <time>2024-10-22T09:03:53+00:00</time>
      </trkpt>
      <trkpt lat="55.61236" lon="14.29659">
        <ele>10</ele>
        <time>2024-10-22T09:03:56+00:00</time>
      </trkpt>
      <trkpt lat="55.61243" lon="14.29646">
        <ele>10</ele>
        <time>2024-10-22T09:03:59+00:00</time>
      </trkpt>
      <trkpt lat="55.61255" lon="14.29617">
        <ele>10</ele>
        <time>2024-10-22T09:04:02+00:00</time>
      </trkpt>
      <trkpt lat="55.61269" lon="14.29589">
        <ele>9</ele>
        <time>2024-10-22T09:04:05+00:00</time>
      </trkpt>
      <trkpt lat="55.61287" lon="14.29554">
        <ele>8</ele>
        <time>2024-10-22T09:04:08+00:00</time>
      </trkpt>
      <trkpt lat="55.61298" lon="14.2953">
        <ele>8</ele>
        <time>2024-10-22T09:04:11+00:00</time>
      </trkpt>
      <trkpt lat="55.61311" lon="14.29495">
        <ele>8</ele>
        <time>2024-10-22T09:04:14+00:00</time>
      </trkpt>
      <trkpt lat="55.61327" lon="14.29464">
        <ele>8</ele>
        <time>2024-10-22T09:04:17+00:00</time>
      </trkpt>
      <trkpt lat="55.61332" lon="14.29453">
        <ele>8</ele>
        <time>2024-10-22T09:04:20+00:00</time>
      </trkpt>
      <trkpt lat="55.6134" lon="14.2943">
        <ele>8</ele>
        <time>2024-10-22T09:04:23+00:00</time>
      </trkpt>
      <trkpt lat="55.61349" lon="14.29408">
        <ele>8</ele>
        <time>2024-10-22T09:04:26+00:00</time>
      </trkpt>
      <trkpt lat="55.61364" lon="14.29377">
        <ele>7</ele>
        <time>2024-10-22T09:04:29+00:00</time>
      </trkpt>
      <trkpt lat="55.61383" lon="14.29333">
        <ele>7</ele>
        <time>2024-10-22T09:04:32+00:00</time>
      </trkpt>
      <trkpt lat="55.61398" lon="14.29302">
        <ele>7</ele>
        <time>2024-10-22T09:04:35+00:00</time>
      </trkpt>
      <trkpt lat="55.61416" lon="14.29258">
        <ele>7</ele>
        <time>2024-10-22T09:04:38+00:00</time>
      </trkpt>
      <trkpt lat="55.61429" lon="14.29226">
        <ele>6</ele>
        <time>2024-10-22T09:04:41+00:00</time>
      </trkpt>
      <trkpt lat="55.61447" lon="14.29181">
        <ele>6</ele>
        <time>2024-10-22T09:04:44+00:00</time>
      </trkpt>
      <trkpt lat="55.61452" lon="14.29171">
        <ele>5</ele>
        <time>2024-10-22T09:04:47+00:00</time>
      </trkpt>
      <trkpt lat="55.61457" lon="14.29162">
        <ele>6</ele>
        <time>2024-10-22T09:04:50+00:00</time>
      </trkpt>
      <trkpt lat="55.61468" lon="14.29145">
        <ele>6</ele>
        <time>2024-10-22T09:04:53+00:00</time>
      </trkpt>
      <trkpt lat="55.61473" lon="14.29136">
        <ele>6</ele>
        <time>2024-10-22T09:04:56+00:00</time>
      </trkpt>
      <trkpt lat="55.61477" lon="14.29125">
        <ele>6</ele>
        <time>2024-10-22T09:04:59+00:00</time>
      </trkpt>
      <trkpt lat="55.61484" lon="14.29103">
        <ele>6</ele>
        <time>2024-10-22T09:05:02+00:00</time>
      </trkpt>
      <trkpt lat="55.61493" lon="14.29076">
        <ele>6</ele>
        <time>2024-10-22T09:05:05+00:00</time>
      </trkpt>
      <trkpt lat="55.61502" lon="14.29042">
        <ele>6</ele>
        <time>2024-10-22T09:05:08+00:00</time>
      </trkpt>
      <trkpt lat="55.61506" lon="14.29032">
        <ele>6</ele>
        <time>2024-10-22T09:05:11+00:00</time>
      </trkpt>
      <trkpt lat="55.61508" lon="14.29027">
        <ele>6</ele>
        <time>2024-10-22T09:05:14+00:00</time>
      </trkpt>
      <trkpt lat="55.61514" lon="14.29018">
        <ele>6</ele>
        <time>2024-10-22T09:05:17+00:00</time>
      </trkpt>
      <trkpt lat="55.61526" lon="14.29004">
        <ele>5</ele>
        <time>2024-10-22T09:05:20+00:00</time>
      </trkpt>
      <trkpt lat="55.61532" lon="14.28995">
        <ele>5</ele>
        <time>2024-10-22T09:05:23+00:00</time>
      </trkpt>
      <trkpt lat="55.61537" lon="14.28986">
        <ele>5</ele>
        <time>2024-10-22T09:05:26+00:00</time>
      </trkpt>
      <trkpt lat="55.61542" lon="14.28976">
        <ele>4</ele>
        <time>2024-10-22T09:05:29+00:00</time>
      </trkpt>
      <trkpt lat="55.61544" lon="14.2897">
        <ele>4</ele>
        <time>2024-10-22T09:05:32+00:00</time>
      </trkpt>
      <trkpt lat="55.6155" lon="14.28952">
        <ele>4</ele>
        <time>2024-10-22T09:05:35+00:00</time>
      </trkpt>
      <trkpt lat="55.61552" lon="14.28939">
        <ele>4</ele>
        <time>2024-10-22T09:05:38+00:00</time>
      </trkpt>
      <trkpt lat="55.61555" lon="14.28926">
        <ele>4</ele>
        <time>2024-10-22T09:05:41+00:00</time>
      </trkpt>
      <trkpt lat="55.61557" lon="14.28913">
        <ele>4</ele>
        <time>2024-10-22T09:05:44+00:00</time>
      </trkpt>
      <trkpt lat="55.61558" lon="14.28899">
        <ele>4</ele>
        <time>2024-10-22T09:05:47+00:00</time>
      </trkpt>
      <trkpt lat="55.61558" lon="14.28886">
        <ele>4</ele>
        <time>2024-10-22T09:05:50+00:00</time>
      </trkpt>
      <trkpt lat="55.61555" lon="14.28846">
        <ele>4</ele>
        <time>2024-10-22T09:05:53+00:00</time>
      </trkpt>
      <trkpt lat="55.61556" lon="14.28833">
        <ele>4</ele>
        <time>2024-10-22T09:05:56+00:00</time>
      </trkpt>
      <trkpt lat="55.6156" lon="14.28781">
        <ele>6</ele>
        <time>2024-10-22T09:05:59+00:00</time>
      </trkpt>
      <trkpt lat="55.61564" lon="14.28742">
        <ele>6</ele>
        <time>2024-10-22T09:06:02+00:00</time>
      </trkpt>
      <trkpt lat="55.61567" lon="14.28723">
        <ele>6</ele>
        <time>2024-10-22T09:06:05+00:00</time>
      </trkpt>
      <trkpt lat="55.61571" lon="14.28704">
        <ele>6</ele>
        <time>2024-10-22T09:06:08+00:00</time>
      </trkpt>
      <trkpt lat="55.61587" lon="14.28648">
        <ele>6</ele>
        <time>2024-10-22T09:06:11+00:00</time>
      </trkpt>
      <trkpt lat="55.61592" lon="14.28627">
        <ele>7</ele>
        <time>2024-10-22T09:06:14+00:00</time>
      </trkpt>
      <trkpt lat="55.61593" lon="14.28616">
        <ele>7</ele>
        <time>2024-10-22T09:06:17+00:00</time>
      </trkpt>
      <trkpt lat="55.61592" lon="14.28594">
        <ele>8</ele>
        <time>2024-10-22T09:06:20+00:00</time>
      </trkpt>
      <trkpt lat="55.61593" lon="14.28584">
        <ele>8</ele>
        <time>2024-10-22T09:06:23+00:00</time>
      </trkpt>
      <trkpt lat="55.61602" lon="14.28561">
        <ele>8</ele>
        <time>2024-10-22T09:06:26+00:00</time>
      </trkpt>
      <trkpt lat="55.61611" lon="14.28535">
        <ele>9</ele>
        <time>2024-10-22T09:06:29+00:00</time>
      </trkpt>
      <trkpt lat="55.61615" lon="14.28527">
        <ele>9</ele>
        <time>2024-10-22T09:06:32+00:00</time>
      </trkpt>
      <trkpt lat="55.61619" lon="14.2852">
        <ele>10</ele>
        <time>2024-10-22T09:06:35+00:00</time>
      </trkpt>
      <trkpt lat="55.61621" lon="14.28516">
        <ele>9</ele>
        <time>2024-10-22T09:06:38+00:00</time>
      </trkpt>
      <trkpt lat="55.61624" lon="14.28513">
        <ele>9</ele>
        <time>2024-10-22T09:06:41+00:00</time>
      </trkpt>
      <trkpt lat="55.6163" lon="14.2851">
        <ele>9</ele>
        <time>2024-10-22T09:06:44+00:00</time>
      </trkpt>
      <trkpt lat="55.61636" lon="14.2851">
        <ele>9</ele>
        <time>2024-10-22T09:06:47+00:00</time>
      </trkpt>
      <trkpt lat="55.61654" lon="14.28512">
        <ele>8</ele>
        <time>2024-10-22T09:06:50+00:00</time>
      </trkpt>
      <trkpt lat="55.61657" lon="14.28511">
        <ele>7</ele>
        <time>2024-10-22T09:06:53+00:00</time>
      </trkpt>
      <trkpt lat="55.6166" lon="14.28509">
        <ele>7</ele>
        <time>2024-10-22T09:06:56+00:00</time>
      </trkpt>
      <trkpt lat="55.6167" lon="14.285">
        <ele>8</ele>
        <time>2024-10-22T09:06:59+00:00</time>
      </trkpt>
      <trkpt lat="55.61695" lon="14.28471">
        <ele>8</ele>
        <time>2024-10-22T09:07:02+00:00</time>
      </trkpt>
      <trkpt lat="55.61701" lon="14.28466">
        <ele>8</ele>
        <time>2024-10-22T09:07:05+00:00</time>
      </trkpt>
      <trkpt lat="55.61708" lon="14.28463">
        <ele>8</ele>
        <time>2024-10-22T09:07:08+00:00</time>
      </trkpt>
      <trkpt lat="55.61722" lon="14.28451">
        <ele>8</ele>
        <time>2024-10-22T09:07:11+00:00</time>
      </trkpt>
      <trkpt lat="55.61741" lon="14.2844">
        <ele>8</ele>
        <time>2024-10-22T09:07:14+00:00</time>
      </trkpt>
      <trkpt lat="55.61749" lon="14.28434">
        <ele>8</ele>
        <time>2024-10-22T09:07:17+00:00</time>
      </trkpt>
      <trkpt lat="55.61771" lon="14.28414">
        <ele>9</ele>
        <time>2024-10-22T09:07:20+00:00</time>
      </trkpt>
      <trkpt lat="55.61777" lon="14.2841">
        <ele>9</ele>
        <time>2024-10-22T09:07:23+00:00</time>
      </trkpt>
      <trkpt lat="55.61788" lon="14.28403">
        <ele>10</ele>
        <time>2024-10-22T09:07:26+00:00</time>
      </trkpt>
      <trkpt lat="55.61805" lon="14.28394">
        <ele>11</ele>
        <time>2024-10-22T09:07:29+00:00</time>
      </trkpt>
      <trkpt lat="55.61809" lon="14.28389">
        <ele>12</ele>
        <time>2024-10-22T09:07:32+00:00</time>
      </trkpt>
      <trkpt lat="55.61818" lon="14.28378">
        <ele>13</ele>
        <time>2024-10-22T09:07:35+00:00</time>
      </trkpt>
      <trkpt lat="55.61823" lon="14.28373">
        <ele>13</ele>
        <time>2024-10-22T09:07:38+00:00</time>
      </trkpt>
      <trkpt lat="55.61839" lon="14.28362">
        <ele>13</ele>
        <time>2024-10-22T09:07:41+00:00</time>
      </trkpt>
      <trkpt lat="55.6185" lon="14.28353">
        <ele>13</ele>
        <time>2024-10-22T09:07:44+00:00</time>
      </trkpt>
      <trkpt lat="55.61855" lon="14.28349">
        <ele>13</ele>
        <time>2024-10-22T09:07:47+00:00</time>
      </trkpt>
      <trkpt lat="55.61866" lon="14.28344">
        <ele>13</ele>
        <time>2024-10-22T09:07:50+00:00</time>
      </trkpt>
      <trkpt lat="55.61877" lon="14.28337">
        <ele>13</ele>
        <time>2024-10-22T09:07:53+00:00</time>
      </trkpt>
      <trkpt lat="55.61884" lon="14.28331">
        <ele>12</ele>
        <time>2024-10-22T09:07:56+00:00</time>
      </trkpt>
      <trkpt lat="55.61894" lon="14.2832">
        <ele>12</ele>
        <time>2024-10-22T09:07:59+00:00</time>
      </trkpt>
      <trkpt lat="55.61897" lon="14.28318">
        <ele>13</ele>
        <time>2024-10-22T09:08:02+00:00</time>
      </trkpt>
      <trkpt lat="55.61901" lon="14.28317">
        <ele>12</ele>
        <time>2024-10-22T09:08:05+00:00</time>
      </trkpt>
      <trkpt lat="55.61914" lon="14.28318">
        <ele>11</ele>
        <time>2024-10-22T09:08:08+00:00</time>
      </trkpt>
      <trkpt lat="55.61925" lon="14.28316">
        <ele>10</ele>
        <time>2024-10-22T09:08:11+00:00</time>
      </trkpt>
      <trkpt lat="55.61931" lon="14.28316">
        <ele>10</ele>
        <time>2024-10-22T09:08:14+00:00</time>
      </trkpt>
      <trkpt lat="55.61943" lon="14.28318">
        <ele>9</ele>
        <time>2024-10-22T09:08:17+00:00</time>
      </trkpt>
      <trkpt lat="55.61949" lon="14.28316">
        <ele>9</ele>
        <time>2024-10-22T09:08:20+00:00</time>
      </trkpt>
      <trkpt lat="55.61978" lon="14.28299">
        <ele>9</ele>
        <time>2024-10-22T09:08:23+00:00</time>
      </trkpt>
      <trkpt lat="55.6201" lon="14.28288">
        <ele>9</ele>
        <time>2024-10-22T09:08:26+00:00</time>
      </trkpt>
      <trkpt lat="55.62028" lon="14.28282">
        <ele>9</ele>
        <time>2024-10-22T09:08:29+00:00</time>
      </trkpt>
      <trkpt lat="55.62047" lon="14.28277">
        <ele>9</ele>
        <time>2024-10-22T09:08:32+00:00</time>
      </trkpt>
      <trkpt lat="55.62062" lon="14.28268">
        <ele>9</ele>
        <time>2024-10-22T09:08:35+00:00</time>
      </trkpt>
      <trkpt lat="55.62082" lon="14.28261">
        <ele>9</ele>
        <time>2024-10-22T09:08:38+00:00</time>
      </trkpt>
      <trkpt lat="55.62098" lon="14.28252">
        <ele>10</ele>
        <time>2024-10-22T09:08:41+00:00</time>
      </trkpt>
      <trkpt lat="55.6211" lon="14.28247">
        <ele>11</ele>
        <time>2024-10-22T09:08:44+00:00</time>
      </trkpt>
      <trkpt lat="55.62128" lon="14.28242">
        <ele>11</ele>
        <time>2024-10-22T09:08:47+00:00</time>
      </trkpt>
      <trkpt lat="55.62151" lon="14.2824">
        <ele>12</ele>
        <time>2024-10-22T09:08:50+00:00</time>
      </trkpt>
      <trkpt lat="55.6216" lon="14.28238">
        <ele>12</ele>
        <time>2024-10-22T09:08:53+00:00</time>
      </trkpt>
      <trkpt lat="55.62175" lon="14.28233">
        <ele>12</ele>
        <time>2024-10-22T09:08:56+00:00</time>
      </trkpt>
      <trkpt lat="55.62195" lon="14.28224">
        <ele>13</ele>
        <time>2024-10-22T09:08:59+00:00</time>
      </trkpt>
      <trkpt lat="55.62232" lon="14.28218">
        <ele>15</ele>
        <time>2024-10-22T09:09:02+00:00</time>
      </trkpt>
      <trkpt lat="55.62252" lon="14.28213">
        <ele>15</ele>
        <time>2024-10-22T09:09:05+00:00</time>
      </trkpt>
      <trkpt lat="55.62272" lon="14.2821">
        <ele>15</ele>
        <time>2024-10-22T09:09:08+00:00</time>
      </trkpt>
      <trkpt lat="55.62285" lon="14.28205">
        <ele>15</ele>
        <time>2024-10-22T09:09:11+00:00</time>
      </trkpt>
      <trkpt lat="55.62298" lon="14.28197">
        <ele>16</ele>
        <time>2024-10-22T09:09:14+00:00</time>
      </trkpt>
      <trkpt lat="55.62311" lon="14.28188">
        <ele>16</ele>
        <time>2024-10-22T09:09:17+00:00</time>
      </trkpt>
      <trkpt lat="55.6232" lon="14.28184">
        <ele>16</ele>
        <time>2024-10-22T09:09:20+00:00</time>
      </trkpt>
      <trkpt lat="55.6233" lon="14.28179">
        <ele>16</ele>
        <time>2024-10-22T09:09:23+00:00</time>
      </trkpt>
      <trkpt lat="55.62359" lon="14.28173">
        <ele>16</ele>
        <time>2024-10-22T09:09:26+00:00</time>
      </trkpt>
      <trkpt lat="55.62373" lon="14.28169">
        <ele>16</ele>
        <time>2024-10-22T09:09:29+00:00</time>
      </trkpt>
      <trkpt lat="55.62388" lon="14.28166">
        <ele>16</ele>
        <time>2024-10-22T09:09:32+00:00</time>
      </trkpt>
      <trkpt lat="55.62398" lon="14.28166">
        <ele>15</ele>
        <time>2024-10-22T09:09:35+00:00</time>
      </trkpt>
      <trkpt lat="55.62403" lon="14.28165">
        <ele>15</ele>
        <time>2024-10-22T09:09:38+00:00</time>
      </trkpt>
      <trkpt lat="55.62414" lon="14.2816">
        <ele>14</ele>
        <time>2024-10-22T09:09:41+00:00</time>
      </trkpt>
      <trkpt lat="55.62427" lon="14.28157">
        <ele>14</ele>
        <time>2024-10-22T09:09:44+00:00</time>
      </trkpt>
      <trkpt lat="55.62441" lon="14.28154">
        <ele>14</ele>
        <time>2024-10-22T09:09:47+00:00</time>
      </trkpt>
      <trkpt lat="55.62458" lon="14.28146">
        <ele>14</ele>
        <time>2024-10-22T09:09:50+00:00</time>
      </trkpt>
      <trkpt lat="55.62477" lon="14.28134">
        <ele>13</ele>
        <time>2024-10-22T09:09:53+00:00</time>
      </trkpt>
      <trkpt lat="55.62487" lon="14.2813">
        <ele>13</ele>
        <time>2024-10-22T09:09:56+00:00</time>
      </trkpt>
      <trkpt lat="55.62512" lon="14.2812">
        <ele>12</ele>
        <time>2024-10-22T09:09:59+00:00</time>
      </trkpt>
      <trkpt lat="55.62533" lon="14.28114">
        <ele>11</ele>
        <time>2024-10-22T09:10:02+00:00</time>
      </trkpt>
      <trkpt lat="55.62549" lon="14.28111">
        <ele>11</ele>
        <time>2024-10-22T09:10:05+00:00</time>
      </trkpt>
      <trkpt lat="55.62563" lon="14.28105">
        <ele>10</ele>
        <time>2024-10-22T09:10:08+00:00</time>
      </trkpt>
      <trkpt lat="55.62581" lon="14.28098">
        <ele>11</ele>
        <time>2024-10-22T09:10:11+00:00</time>
      </trkpt>
      <trkpt lat="55.62605" lon="14.28091">
        <ele>11</ele>
        <time>2024-10-22T09:10:14+00:00</time>
      </trkpt>
      <trkpt lat="55.6262" lon="14.28086">
        <ele>11</ele>
        <time>2024-10-22T09:10:17+00:00</time>
      </trkpt>
      <trkpt lat="55.62642" lon="14.28079">
        <ele>11</ele>
        <time>2024-10-22T09:10:20+00:00</time>
      </trkpt>
      <trkpt lat="55.62664" lon="14.28075">
        <ele>10</ele>
        <time>2024-10-22T09:10:23+00:00</time>
      </trkpt>
      <trkpt lat="55.62669" lon="14.28073">
        <ele>10</ele>
        <time>2024-10-22T09:10:26+00:00</time>
      </trkpt>
      <trkpt lat="55.62672" lon="14.2807">
        <ele>10</ele>
        <time>2024-10-22T09:10:29+00:00</time>
      </trkpt>
      <trkpt lat="55.62674" lon="14.28066">
        <ele>11</ele>
        <time>2024-10-22T09:10:32+00:00</time>
      </trkpt>
      <trkpt lat="55.62676" lon="14.28066">
        <ele>11</ele>
        <time>2024-10-22T09:10:35+00:00</time>
      </trkpt>
      <trkpt lat="55.62677" lon="14.28068">
        <ele>11</ele>
        <time>2024-10-22T09:10:38+00:00</time>
      </trkpt>
      <trkpt lat="55.62682" lon="14.28077">
        <ele>10</ele>
        <time>2024-10-22T09:10:41+00:00</time>
      </trkpt>
      <trkpt lat="55.62683" lon="14.28078">
        <ele>10</ele>
        <time>2024-10-22T09:10:44+00:00</time>
      </trkpt>
      <trkpt lat="55.62685" lon="14.28077">
        <ele>10</ele>
        <time>2024-10-22T09:10:47+00:00</time>
      </trkpt>
      <trkpt lat="55.6269" lon="14.28056">
        <ele>12</ele>
        <time>2024-10-22T09:10:50+00:00</time>
      </trkpt>
      <trkpt lat="55.6269" lon="14.28048">
        <ele>13</ele>
        <time>2024-10-22T09:10:53+00:00</time>
      </trkpt>
      <trkpt lat="55.6269" lon="14.2804">
        <ele>14</ele>
        <time>2024-10-22T09:10:56+00:00</time>
      </trkpt>
      <trkpt lat="55.62687" lon="14.28033">
        <ele>14</ele>
        <time>2024-10-22T09:10:59+00:00</time>
      </trkpt>
      <trkpt lat="55.62682" lon="14.28027">
        <ele>15</ele>
        <time>2024-10-22T09:11:02+00:00</time>
      </trkpt>
      <trkpt lat="55.62673" lon="14.28017">
        <ele>16</ele>
        <time>2024-10-22T09:11:05+00:00</time>
      </trkpt>
      <trkpt lat="55.62668" lon="14.28011">
        <ele>16</ele>
        <time>2024-10-22T09:11:08+00:00</time>
      </trkpt>
      <trkpt lat="55.62665" lon="14.28004">
        <ele>17</ele>
        <time>2024-10-22T09:11:11+00:00</time>
      </trkpt>
      <trkpt lat="55.62664" lon="14.27994">
        <ele>17</ele>
        <time>2024-10-22T09:11:14+00:00</time>
      </trkpt>
      <trkpt lat="55.62664" lon="14.27982">
        <ele>17</ele>
        <time>2024-10-22T09:11:17+00:00</time>
      </trkpt>
      <trkpt lat="55.62667" lon="14.27971">
        <ele>17</ele>
        <time>2024-10-22T09:11:20+00:00</time>
      </trkpt>
      <trkpt lat="55.62672" lon="14.2796">
        <ele>17</ele>
        <time>2024-10-22T09:11:23+00:00</time>
      </trkpt>
      <trkpt lat="55.62678" lon="14.27952">
        <ele>17</ele>
        <time>2024-10-22T09:11:26+00:00</time>
      </trkpt>
      <trkpt lat="55.62685" lon="14.27945">
        <ele>17</ele>
        <time>2024-10-22T09:11:29+00:00</time>
      </trkpt>
      <trkpt lat="55.62698" lon="14.27936">
        <ele>17</ele>
        <time>2024-10-22T09:11:32+00:00</time>
      </trkpt>
      <trkpt lat="55.62722" lon="14.27923">
        <ele>17</ele>
        <time>2024-10-22T09:11:35+00:00</time>
      </trkpt>
      <trkpt lat="55.62732" lon="14.27915">
        <ele>17</ele>
        <time>2024-10-22T09:11:38+00:00</time>
      </trkpt>
      <trkpt lat="55.62739" lon="14.27907">
        <ele>17</ele>
        <time>2024-10-22T09:11:41+00:00</time>
      </trkpt>
      <trkpt lat="55.62744" lon="14.27905">
        <ele>17</ele>
        <time>2024-10-22T09:11:44+00:00</time>
      </trkpt>
      <trkpt lat="55.62749" lon="14.27904">
        <ele>17</ele>
        <time>2024-10-22T09:11:47+00:00</time>
      </trkpt>
      <trkpt lat="55.62754" lon="14.27906">
        <ele>17</ele>
        <time>2024-10-22T09:11:50+00:00</time>
      </trkpt>
      <trkpt lat="55.62768" lon="14.27911">
        <ele>17</ele>
        <time>2024-10-22T09:11:53+00:00</time>
      </trkpt>
      <trkpt lat="55.62785" lon="14.27917">
        <ele>17</ele>
        <time>2024-10-22T09:11:56+00:00</time>
      </trkpt>
      <trkpt lat="55.6279" lon="14.27918">
        <ele>17</ele>
        <time>2024-10-22T09:11:59+00:00</time>
      </trkpt>
      <trkpt lat="55.62807" lon="14.27915">
        <ele>16</ele>
        <time>2024-10-22T09:12:02+00:00</time>
      </trkpt>
      <trkpt lat="55.62825" lon="14.27916">
        <ele>16</ele>
        <time>2024-10-22T09:12:05+00:00</time>
      </trkpt>
      <trkpt lat="55.62838" lon="14.27919">
        <ele>16</ele>
        <time>2024-10-22T09:12:08+00:00</time>
      </trkpt>
      <trkpt lat="55.62851" lon="14.27923">
        <ele>15</ele>
        <time>2024-10-22T09:12:11+00:00</time>
      </trkpt>
      <trkpt lat="55.62863" lon="14.27927">
        <ele>15</ele>
        <time>2024-10-22T09:12:14+00:00</time>
      </trkpt>
      <trkpt lat="55.62888" lon="14.27933">
        <ele>15</ele>
        <time>2024-10-22T09:12:17+00:00</time>
      </trkpt>
      <trkpt lat="55.62894" lon="14.27934">
        <ele>15</ele>
        <time>2024-10-22T09:12:20+00:00</time>
      </trkpt>
      <trkpt lat="55.62901" lon="14.27934">
        <ele>14</ele>
        <time>2024-10-22T09:12:23+00:00</time>
      </trkpt>
      <trkpt lat="55.62914" lon="14.27933">
        <ele>14</ele>
        <time>2024-10-22T09:12:26+00:00</time>
      </trkpt>
      <trkpt lat="55.62926" lon="14.27932">
        <ele>14</ele>
        <time>2024-10-22T09:12:29+00:00</time>
      </trkpt>
      <trkpt lat="55.62933" lon="14.27932">
        <ele>14</ele>
        <time>2024-10-22T09:12:32+00:00</time>
      </trkpt>
      <trkpt lat="55.62943" lon="14.27935">
        <ele>14</ele>
        <time>2024-10-22T09:12:35+00:00</time>
      </trkpt>
      <trkpt lat="55.62952" lon="14.27939">
        <ele>13</ele>
        <time>2024-10-22T09:12:38+00:00</time>
      </trkpt>
      <trkpt lat="55.6296" lon="14.27942">
        <ele>13</ele>
        <time>2024-10-22T09:12:41+00:00</time>
      </trkpt>
      <trkpt lat="55.62962" lon="14.27941">
        <ele>12</ele>
        <time>2024-10-22T09:12:44+00:00</time>
      </trkpt>
      <trkpt lat="55.62968" lon="14.27928">
        <ele>13</ele>
        <time>2024-10-22T09:12:47+00:00</time>
      </trkpt>
      <trkpt lat="55.62973" lon="14.27919">
        <ele>13</ele>
        <time>2024-10-22T09:12:50+00:00</time>
      </trkpt>
      <trkpt lat="55.62979" lon="14.27912">
        <ele>13</ele>
        <time>2024-10-22T09:12:53+00:00</time>
      </trkpt>
      <trkpt lat="55.62993" lon="14.27899">
        <ele>13</ele>
        <time>2024-10-22T09:12:56+00:00</time>
      </trkpt>
      <trkpt lat="55.63004" lon="14.27885">
        <ele>14</ele>
        <time>2024-10-22T09:12:59+00:00</time>
      </trkpt>
      <trkpt lat="55.63009" lon="14.27883">
        <ele>13</ele>
        <time>2024-10-22T09:13:02+00:00</time>
      </trkpt>
      <trkpt lat="55.63013" lon="14.27886">
        <ele>14</ele>
        <time>2024-10-22T09:13:05+00:00</time>
      </trkpt>
      <trkpt lat="55.63016" lon="14.27894">
        <ele>13</ele>
        <time>2024-10-22T09:13:08+00:00</time>
      </trkpt>
      <trkpt lat="55.63024" lon="14.27914">
        <ele>13</ele>
        <time>2024-10-22T09:13:11+00:00</time>
      </trkpt>
      <trkpt lat="55.63028" lon="14.27921">
        <ele>12</ele>
        <time>2024-10-22T09:13:14+00:00</time>
      </trkpt>
      <trkpt lat="55.63033" lon="14.27926">
        <ele>12</ele>
        <time>2024-10-22T09:13:17+00:00</time>
      </trkpt>
      <trkpt lat="55.63039" lon="14.27927">
        <ele>13</ele>
        <time>2024-10-22T09:13:20+00:00</time>
      </trkpt>
      <trkpt lat="55.63045" lon="14.27927">
        <ele>12</ele>
        <time>2024-10-22T09:13:23+00:00</time>
      </trkpt>
      <trkpt lat="55.63059" lon="14.27925">
        <ele>13</ele>
        <time>2024-10-22T09:13:26+00:00</time>
      </trkpt>
      <trkpt lat="55.63078" lon="14.2792">
        <ele>13</ele>
        <time>2024-10-22T09:13:29+00:00</time>
      </trkpt>
      <trkpt lat="55.63099" lon="14.27914">
        <ele>13</ele>
        <time>2024-10-22T09:13:32+00:00</time>
      </trkpt>
      <trkpt lat="55.63106" lon="14.2791">
        <ele>13</ele>
        <time>2024-10-22T09:13:35+00:00</time>
      </trkpt>
      <trkpt lat="55.63112" lon="14.27903">
        <ele>13</ele>
        <time>2024-10-22T09:13:38+00:00</time>
      </trkpt>
      <trkpt lat="55.63117" lon="14.27894">
        <ele>13</ele>
        <time>2024-10-22T09:13:41+00:00</time>
      </trkpt>
      <trkpt lat="55.63121" lon="14.27885">
        <ele>14</ele>
        <time>2024-10-22T09:13:44+00:00</time>
      </trkpt>
      <trkpt lat="55.63123" lon="14.27876">
        <ele>14</ele>
        <time>2024-10-22T09:13:47+00:00</time>
      </trkpt>
      <trkpt lat="55.63123" lon="14.27866">
        <ele>14</ele>
        <time>2024-10-22T09:13:50+00:00</time>
      </trkpt>
      <trkpt lat="55.63121" lon="14.27856">
        <ele>15</ele>
        <time>2024-10-22T09:13:53+00:00</time>
      </trkpt>
      <trkpt lat="55.63121" lon="14.27845">
        <ele>15</ele>
        <time>2024-10-22T09:13:56+00:00</time>
      </trkpt>
      <trkpt lat="55.63123" lon="14.27836">
        <ele>16</ele>
        <time>2024-10-22T09:13:59+00:00</time>
      </trkpt>
      <trkpt lat="55.63128" lon="14.27829">
        <ele>16</ele>
        <time>2024-10-22T09:14:02+00:00</time>
      </trkpt>
      <trkpt lat="55.63141" lon="14.2782">
        <ele>16</ele>
        <time>2024-10-22T09:14:05+00:00</time>
      </trkpt>
      <trkpt lat="55.63147" lon="14.27814">
        <ele>16</ele>
        <time>2024-10-22T09:14:08+00:00</time>
      </trkpt>
      <trkpt lat="55.63152" lon="14.27808">
        <ele>16</ele>
        <time>2024-10-22T09:14:11+00:00</time>
      </trkpt>
      <trkpt lat="55.63155" lon="14.278">
        <ele>16</ele>
        <time>2024-10-22T09:14:14+00:00</time>
      </trkpt>
      <trkpt lat="55.6316" lon="14.27796">
        <ele>16</ele>
        <time>2024-10-22T09:14:17+00:00</time>
      </trkpt>
      <trkpt lat="55.63187" lon="14.27791">
        <ele>15</ele>
        <time>2024-10-22T09:14:20+00:00</time>
      </trkpt>
      <trkpt lat="55.63194" lon="14.27788">
        <ele>15</ele>
        <time>2024-10-22T09:14:23+00:00</time>
      </trkpt>
      <trkpt lat="55.63214" lon="14.27777">
        <ele>15</ele>
        <time>2024-10-22T09:14:26+00:00</time>
      </trkpt>
      <trkpt lat="55.63234" lon="14.27768">
        <ele>14</ele>
        <time>2024-10-22T09:14:29+00:00</time>
      </trkpt>
      <trkpt lat="55.6327" lon="14.27752">
        <ele>14</ele>
        <time>2024-10-22T09:14:32+00:00</time>
      </trkpt>
      <trkpt lat="55.63282" lon="14.27743">
        <ele>13</ele>
        <time>2024-10-22T09:14:35+00:00</time>
      </trkpt>
      <trkpt lat="55.63287" lon="14.27737">
        <ele>13</ele>
        <time>2024-10-22T09:14:38+00:00</time>
      </trkpt>
      <trkpt lat="55.63292" lon="14.27729">
        <ele>13</ele>
        <time>2024-10-22T09:14:41+00:00</time>
      </trkpt>
      <trkpt lat="55.63294" lon="14.27719">
        <ele>13</ele>
        <time>2024-10-22T09:14:44+00:00</time>
      </trkpt>
      <trkpt lat="55.63295" lon="14.27708">
        <ele>13</ele>
        <time>2024-10-22T09:14:47+00:00</time>
      </trkpt>
      <trkpt lat="55.63293" lon="14.27696">
        <ele>13</ele>
        <time>2024-10-22T09:14:50+00:00</time>
      </trkpt>
      <trkpt lat="55.63286" lon="14.27648">
        <ele>13</ele>
        <time>2024-10-22T09:14:53+00:00</time>
      </trkpt>
      <trkpt lat="55.63285" lon="14.27639">
        <ele>14</ele>
        <time>2024-10-22T09:14:56+00:00</time>
      </trkpt>
      <trkpt lat="55.63288" lon="14.27634">
        <ele>14</ele>
        <time>2024-10-22T09:14:59+00:00</time>
      </trkpt>
      <trkpt lat="55.63291" lon="14.27635">
        <ele>13</ele>
        <time>2024-10-22T09:15:02+00:00</time>
      </trkpt>
      <trkpt lat="55.63295" lon="14.2764">
        <ele>13</ele>
        <time>2024-10-22T09:15:05+00:00</time>
      </trkpt>
      <trkpt lat="55.63304" lon="14.27655">
        <ele>13</ele>
        <time>2024-10-22T09:15:08+00:00</time>
      </trkpt>
      <trkpt lat="55.63309" lon="14.27662">
        <ele>13</ele>
        <time>2024-10-22T09:15:11+00:00</time>
      </trkpt>
      <trkpt lat="55.6332" lon="14.27672">
        <ele>12</ele>
        <time>2024-10-22T09:15:14+00:00</time>
      </trkpt>
      <trkpt lat="55.63325" lon="14.27675">
        <ele>12</ele>
        <time>2024-10-22T09:15:17+00:00</time>
      </trkpt>
      <trkpt lat="55.63331" lon="14.27675">
        <ele>11</ele>
        <time>2024-10-22T09:15:20+00:00</time>
      </trkpt>
      <trkpt lat="55.63336" lon="14.27674">
        <ele>11</ele>
        <time>2024-10-22T09:15:23+00:00</time>
      </trkpt>
      <trkpt lat="55.63342" lon="14.27671">
        <ele>11</ele>
        <time>2024-10-22T09:15:26+00:00</time>
      </trkpt>
      <trkpt lat="55.63344" lon="14.27667">
        <ele>11</ele>
        <time>2024-10-22T09:15:29+00:00</time>
      </trkpt>
      <trkpt lat="55.63343" lon="14.27664">
        <ele>11</ele>
        <time>2024-10-22T09:15:32+00:00</time>
      </trkpt>
      <trkpt lat="55.63338" lon="14.27655">
        <ele>11</ele>
        <time>2024-10-22T09:15:35+00:00</time>
      </trkpt>
      <trkpt lat="55.63336" lon="14.27647">
        <ele>11</ele>
        <time>2024-10-22T09:15:38+00:00</time>
      </trkpt>
      <trkpt lat="55.63335" lon="14.27638">
        <ele>11</ele>
        <time>2024-10-22T09:15:41+00:00</time>
      </trkpt>
      <trkpt lat="55.63337" lon="14.27628">
        <ele>11</ele>
        <time>2024-10-22T09:15:44+00:00</time>
      </trkpt>
      <trkpt lat="55.63338" lon="14.2762">
        <ele>11</ele>
        <time>2024-10-22T09:15:47+00:00</time>
      </trkpt>
      <trkpt lat="55.63342" lon="14.27612">
        <ele>11</ele>
        <time>2024-10-22T09:15:50+00:00</time>
      </trkpt>
      <trkpt lat="55.63343" lon="14.2761">
        <ele>11</ele>
        <time>2024-10-22T09:15:53+00:00</time>
      </trkpt>
      <trkpt lat="55.63349" lon="14.27608">
        <ele>11</ele>
        <time>2024-10-22T09:15:56+00:00</time>
      </trkpt>
      <trkpt lat="55.63358" lon="14.27601">
        <ele>12</ele>
        <time>2024-10-22T09:15:59+00:00</time>
      </trkpt>
      <trkpt lat="55.63375" lon="14.27589">
        <ele>14</ele>
        <time>2024-10-22T09:16:02+00:00</time>
      </trkpt>
      <trkpt lat="55.63402" lon="14.27576">
        <ele>16</ele>
        <time>2024-10-22T09:16:05+00:00</time>
      </trkpt>
      <trkpt lat="55.63434" lon="14.27564">
        <ele>19</ele>
        <time>2024-10-22T09:16:08+00:00</time>
      </trkpt>
      <trkpt lat="55.63441" lon="14.27562">
        <ele>20</ele>
        <time>2024-10-22T09:16:11+00:00</time>
      </trkpt>
      <trkpt lat="55.63447" lon="14.27561">
        <ele>20</ele>
        <time>2024-10-22T09:16:14+00:00</time>
      </trkpt>
      <trkpt lat="55.63452" lon="14.27562">
        <ele>21</ele>
        <time>2024-10-22T09:16:17+00:00</time>
      </trkpt>
      <trkpt lat="55.63457" lon="14.27565">
        <ele>21</ele>
        <time>2024-10-22T09:16:20+00:00</time>
      </trkpt>
      <trkpt lat="55.63464" lon="14.27573">
        <ele>22</ele>
        <time>2024-10-22T09:16:23+00:00</time>
      </trkpt>
      <trkpt lat="55.63469" lon="14.27576">
        <ele>22</ele>
        <time>2024-10-22T09:16:26+00:00</time>
      </trkpt>
      <trkpt lat="55.63475" lon="14.27577">
        <ele>22</ele>
        <time>2024-10-22T09:16:29+00:00</time>
      </trkpt>
      <trkpt lat="55.63494" lon="14.2758">
        <ele>23</ele>
        <time>2024-10-22T09:16:32+00:00</time>
      </trkpt>
      <trkpt lat="55.635" lon="14.27582">
        <ele>24</ele>
        <time>2024-10-22T09:16:35+00:00</time>
      </trkpt>
      <trkpt lat="55.6352" lon="14.27591">
        <ele>24</ele>
        <time>2024-10-22T09:16:38+00:00</time>
      </trkpt>
      <trkpt lat="55.63526" lon="14.27593">
        <ele>24</ele>
        <time>2024-10-22T09:16:41+00:00</time>
      </trkpt>
      <trkpt lat="55.63552" lon="14.27599">
        <ele>26</ele>
        <time>2024-10-22T09:16:44+00:00</time>
      </trkpt>
      <trkpt lat="55.6358" lon="14.27608">
        <ele>26</ele>
        <time>2024-10-22T09:16:47+00:00</time>
      </trkpt>
      <trkpt lat="55.63601" lon="14.27613">
        <ele>25</ele>
        <time>2024-10-22T09:16:50+00:00</time>
      </trkpt>
      <trkpt lat="55.63621" lon="14.27617">
        <ele>25</ele>
        <time>2024-10-22T09:16:53+00:00</time>
      </trkpt>
      <trkpt lat="55.63628" lon="14.27619">
        <ele>25</ele>
        <time>2024-10-22T09:16:56+00:00</time>
      </trkpt>
      <trkpt lat="55.6364" lon="14.27625">
        <ele>25</ele>
        <time>2024-10-22T09:16:59+00:00</time>
      </trkpt>
      <trkpt lat="55.63646" lon="14.27626">
        <ele>25</ele>
        <time>2024-10-22T09:17:02+00:00</time>
      </trkpt>
      <trkpt lat="55.63651" lon="14.27626">
        <ele>25</ele>
        <time>2024-10-22T09:17:05+00:00</time>
      </trkpt>
      <trkpt lat="55.63656" lon="14.27625">
        <ele>25</ele>
        <time>2024-10-22T09:17:08+00:00</time>
      </trkpt>
      <trkpt lat="55.63663" lon="14.27622">
        <ele>25</ele>
        <time>2024-10-22T09:17:11+00:00</time>
      </trkpt>
      <trkpt lat="55.6367" lon="14.27617">
        <ele>25</ele>
        <time>2024-10-22T09:17:14+00:00</time>
      </trkpt>
      <trkpt lat="55.63689" lon="14.27599">
        <ele>25</ele>
        <time>2024-10-22T09:17:17+00:00</time>
      </trkpt>
      <trkpt lat="55.63694" lon="14.27594">
        <ele>25</ele>
        <time>2024-10-22T09:17:20+00:00</time>
      </trkpt>
      <trkpt lat="55.63699" lon="14.27587">
        <ele>25</ele>
        <time>2024-10-22T09:17:23+00:00</time>
      </trkpt>
      <trkpt lat="55.63704" lon="14.27579">
        <ele>25</ele>
        <time>2024-10-22T09:17:26+00:00</time>
      </trkpt>
      <trkpt lat="55.6371" lon="14.2757">
        <ele>25</ele>
        <time>2024-10-22T09:17:29+00:00</time>
      </trkpt>
      <trkpt lat="55.6372" lon="14.27549">
        <ele>25</ele>
        <time>2024-10-22T09:17:32+00:00</time>
      </trkpt>
      <trkpt lat="55.63724" lon="14.27537">
        <ele>24</ele>
        <time>2024-10-22T09:17:35+00:00</time>
      </trkpt>
      <trkpt lat="55.63725" lon="14.27525">
        <ele>24</ele>
        <time>2024-10-22T09:17:38+00:00</time>
      </trkpt>
      <trkpt lat="55.63726" lon="14.27512">
        <ele>24</ele>
        <time>2024-10-22T09:17:41+00:00</time>
      </trkpt>
      <trkpt lat="55.63724" lon="14.27479">
        <ele>24</ele>
        <time>2024-10-22T09:17:44+00:00</time>
      </trkpt>
      <trkpt lat="55.63722" lon="14.27453">
        <ele>24</ele>
        <time>2024-10-22T09:17:47+00:00</time>
      </trkpt>
      <trkpt lat="55.63719" lon="14.27419">
        <ele>24</ele>
        <time>2024-10-22T09:17:50+00:00</time>
      </trkpt>
      <trkpt lat="55.63712" lon="14.27357">
        <ele>24</ele>
        <time>2024-10-22T09:17:53+00:00</time>
      </trkpt>
      <trkpt lat="55.63712" lon="14.27345">
        <ele>25</ele>
        <time>2024-10-22T09:17:56+00:00</time>
      </trkpt>
      <trkpt lat="55.63713" lon="14.27333">
        <ele>24</ele>
        <time>2024-10-22T09:17:59+00:00</time>
      </trkpt>
      <trkpt lat="55.63716" lon="14.27323">
        <ele>24</ele>
        <time>2024-10-22T09:18:02+00:00</time>
      </trkpt>
      <trkpt lat="55.63721" lon="14.27301">
        <ele>25</ele>
        <time>2024-10-22T09:18:05+00:00</time>
      </trkpt>
      <trkpt lat="55.63723" lon="14.27289">
        <ele>25</ele>
        <time>2024-10-22T09:18:08+00:00</time>
      </trkpt>
      <trkpt lat="55.63724" lon="14.27277">
        <ele>25</ele>
        <time>2024-10-22T09:18:11+00:00</time>
      </trkpt>
      <trkpt lat="55.63724" lon="14.27265">
        <ele>25</ele>
        <time>2024-10-22T09:18:14+00:00</time>
      </trkpt>
      <trkpt lat="55.63722" lon="14.27254">
        <ele>25</ele>
        <time>2024-10-22T09:18:17+00:00</time>
      </trkpt>
      <trkpt lat="55.63718" lon="14.27232">
        <ele>24</ele>
        <time>2024-10-22T09:18:20+00:00</time>
      </trkpt>
      <trkpt lat="55.63716" lon="14.2722">
        <ele>25</ele>
        <time>2024-10-22T09:18:23+00:00</time>
      </trkpt>
      <trkpt lat="55.63718" lon="14.2721">
        <ele>24</ele>
        <time>2024-10-22T09:18:26+00:00</time>
      </trkpt>
      <trkpt lat="55.63722" lon="14.27202">
        <ele>25</ele>
        <time>2024-10-22T09:18:29+00:00</time>
      </trkpt>
      <trkpt lat="55.63733" lon="14.27192">
        <ele>25</ele>
        <time>2024-10-22T09:18:32+00:00</time>
      </trkpt>
      <trkpt lat="55.6375" lon="14.27178">
        <ele>25</ele>
        <time>2024-10-22T09:18:35+00:00</time>
      </trkpt>
      <trkpt lat="55.63756" lon="14.27175">
        <ele>25</ele>
        <time>2024-10-22T09:18:38+00:00</time>
      </trkpt>
      <trkpt lat="55.63772" lon="14.27172">
        <ele>26</ele>
        <time>2024-10-22T09:18:41+00:00</time>
      </trkpt>
      <trkpt lat="55.63782" lon="14.27168">
        <ele>26</ele>
        <time>2024-10-22T09:18:44+00:00</time>
      </trkpt>
      <trkpt lat="55.63803" lon="14.27156">
        <ele>26</ele>
        <time>2024-10-22T09:18:47+00:00</time>
      </trkpt>
      <trkpt lat="55.63831" lon="14.27144">
        <ele>27</ele>
        <time>2024-10-22T09:18:50+00:00</time>
      </trkpt>
      <trkpt lat="55.63862" lon="14.27127">
        <ele>28</ele>
        <time>2024-10-22T09:18:53+00:00</time>
      </trkpt>
      <trkpt lat="55.63882" lon="14.27119">
        <ele>28</ele>
        <time>2024-10-22T09:18:56+00:00</time>
      </trkpt>
      <trkpt lat="55.63908" lon="14.27108">
        <ele>28</ele>
        <time>2024-10-22T09:18:59+00:00</time>
      </trkpt>
      <trkpt lat="55.63915" lon="14.27106">
        <ele>28</ele>
        <time>2024-10-22T09:19:02+00:00</time>
      </trkpt>
      <trkpt lat="55.63923" lon="14.27106">
        <ele>28</ele>
        <time>2024-10-22T09:19:05+00:00</time>
      </trkpt>
      <trkpt lat="55.63945" lon="14.27112">
        <ele>28</ele>
        <time>2024-10-22T09:19:08+00:00</time>
      </trkpt>
      <trkpt lat="55.63952" lon="14.27112">
        <ele>28</ele>
        <time>2024-10-22T09:19:11+00:00</time>
      </trkpt>
      <trkpt lat="55.63959" lon="14.27111">
        <ele>28</ele>
        <time>2024-10-22T09:19:14+00:00</time>
      </trkpt>
      <trkpt lat="55.63965" lon="14.27108">
        <ele>29</ele>
        <time>2024-10-22T09:19:17+00:00</time>
      </trkpt>
      <trkpt lat="55.63985" lon="14.27099">
        <ele>29</ele>
        <time>2024-10-22T09:19:20+00:00</time>
      </trkpt>
      <trkpt lat="55.63998" lon="14.27094">
        <ele>29</ele>
        <time>2024-10-22T09:19:23+00:00</time>
      </trkpt>
      <trkpt lat="55.64005" lon="14.27093">
        <ele>29</ele>
        <time>2024-10-22T09:19:26+00:00</time>
      </trkpt>
      <trkpt lat="55.6402" lon="14.27092">
        <ele>29</ele>
        <time>2024-10-22T09:19:29+00:00</time>
      </trkpt>
      <trkpt lat="55.64032" lon="14.2709">
        <ele>29</ele>
        <time>2024-10-22T09:19:32+00:00</time>
      </trkpt>
      <trkpt lat="55.64045" lon="14.27088">
        <ele>29</ele>
        <time>2024-10-22T09:19:35+00:00</time>
      </trkpt>
      <trkpt lat="55.64069" lon="14.27083">
        <ele>28</ele>
        <time>2024-10-22T09:19:38+00:00</time>
      </trkpt>
      <trkpt lat="55.64107" lon="14.27074">
        <ele>27</ele>
        <time>2024-10-22T09:19:41+00:00</time>
      </trkpt>
      <trkpt lat="55.64114" lon="14.27071">
        <ele>27</ele>
        <time>2024-10-22T09:19:44+00:00</time>
      </trkpt>
      <trkpt lat="55.6412" lon="14.27066">
        <ele>27</ele>
        <time>2024-10-22T09:19:47+00:00</time>
      </trkpt>
      <trkpt lat="55.64123" lon="14.27058">
        <ele>27</ele>
        <time>2024-10-22T09:19:50+00:00</time>
      </trkpt>
      <trkpt lat="55.64122" lon="14.27047">
        <ele>28</ele>
        <time>2024-10-22T09:19:53+00:00</time>
      </trkpt>
      <trkpt lat="55.64117" lon="14.27017">
        <ele>29</ele>
        <time>2024-10-22T09:19:56+00:00</time>
      </trkpt>
      <trkpt lat="55.64111" lon="14.26983">
        <ele>29</ele>
        <time>2024-10-22T09:19:59+00:00</time>
      </trkpt>
      <trkpt lat="55.64105" lon="14.26943">
        <ele>30</ele>
        <time>2024-10-22T09:20:02+00:00</time>
      </trkpt>
      <trkpt lat="55.64098" lon="14.26901">
        <ele>30</ele>
        <time>2024-10-22T09:20:05+00:00</time>
      </trkpt>
      <trkpt lat="55.64092" lon="14.26859">
        <ele>30</ele>
        <time>2024-10-22T09:20:08+00:00</time>
      </trkpt>
      <trkpt lat="55.64082" lon="14.26788">
        <ele>29</ele>
        <time>2024-10-22T09:20:11+00:00</time>
      </trkpt>
      <trkpt lat="55.64075" lon="14.2675">
        <ele>29</ele>
        <time>2024-10-22T09:20:14+00:00</time>
      </trkpt>
      <trkpt lat="55.64066" lon="14.26696">
        <ele>29</ele>
        <time>2024-10-22T09:20:17+00:00</time>
      </trkpt>
      <trkpt lat="55.64059" lon="14.26641">
        <ele>29</ele>
        <time>2024-10-22T09:20:20+00:00</time>
      </trkpt>
      <trkpt lat="55.64057" lon="14.2661">
        <ele>29</ele>
        <time>2024-10-22T09:20:23+00:00</time>
      </trkpt>
      <trkpt lat="55.64056" lon="14.26597">
        <ele>28</ele>
        <time>2024-10-22T09:20:26+00:00</time>
      </trkpt>
      <trkpt lat="55.64057" lon="14.26585">
        <ele>28</ele>
        <time>2024-10-22T09:20:29+00:00</time>
      </trkpt>
      <trkpt lat="55.6406" lon="14.26573">
        <ele>28</ele>
        <time>2024-10-22T09:20:32+00:00</time>
      </trkpt>
      <trkpt lat="55.64065" lon="14.26566">
        <ele>28</ele>
        <time>2024-10-22T09:20:35+00:00</time>
      </trkpt>
      <trkpt lat="55.64073" lon="14.26562">
        <ele>28</ele>
        <time>2024-10-22T09:20:38+00:00</time>
      </trkpt>
      <trkpt lat="55.64081" lon="14.26561">
        <ele>27</ele>
        <time>2024-10-22T09:20:41+00:00</time>
      </trkpt>
      <trkpt lat="55.64111" lon="14.26563">
        <ele>27</ele>
        <time>2024-10-22T09:20:44+00:00</time>
      </trkpt>
      <trkpt lat="55.64147" lon="14.26561">
        <ele>26</ele>
        <time>2024-10-22T09:20:47+00:00</time>
      </trkpt>
      <trkpt lat="55.64153" lon="14.2656">
        <ele>26</ele>
        <time>2024-10-22T09:20:50+00:00</time>
      </trkpt>
      <trkpt lat="55.64174" lon="14.26554">
        <ele>25</ele>
        <time>2024-10-22T09:20:53+00:00</time>
      </trkpt>
      <trkpt lat="55.64196" lon="14.26552">
        <ele>25</ele>
        <time>2024-10-22T09:20:56+00:00</time>
      </trkpt>
      <trkpt lat="55.64218" lon="14.26549">
        <ele>25</ele>
        <time>2024-10-22T09:20:59+00:00</time>
      </trkpt>
      <trkpt lat="55.64246" lon="14.26545">
        <ele>25</ele>
        <time>2024-10-22T09:21:02+00:00</time>
      </trkpt>
      <trkpt lat="55.64254" lon="14.26545">
        <ele>25</ele>
        <time>2024-10-22T09:21:05+00:00</time>
      </trkpt>
      <trkpt lat="55.64269" lon="14.26546">
        <ele>25</ele>
        <time>2024-10-22T09:21:08+00:00</time>
      </trkpt>
      <trkpt lat="55.64283" lon="14.26545">
        <ele>25</ele>
        <time>2024-10-22T09:21:11+00:00</time>
      </trkpt>
      <trkpt lat="55.64298" lon="14.26542">
        <ele>25</ele>
        <time>2024-10-22T09:21:14+00:00</time>
      </trkpt>
      <trkpt lat="55.64327" lon="14.26539">
        <ele>26</ele>
        <time>2024-10-22T09:21:17+00:00</time>
      </trkpt>
      <trkpt lat="55.64354" lon="14.26533">
        <ele>26</ele>
        <time>2024-10-22T09:21:20+00:00</time>
      </trkpt>
      <trkpt lat="55.64362" lon="14.26532">
        <ele>26</ele>
        <time>2024-10-22T09:21:23+00:00</time>
      </trkpt>
      <trkpt lat="55.64391" lon="14.26532">
        <ele>25</ele>
        <time>2024-10-22T09:21:26+00:00</time>
      </trkpt>
      <trkpt lat="55.64419" lon="14.2653">
        <ele>25</ele>
        <time>2024-10-22T09:21:29+00:00</time>
      </trkpt>
      <trkpt lat="55.64449" lon="14.26529">
        <ele>24</ele>
        <time>2024-10-22T09:21:32+00:00</time>
      </trkpt>
      <trkpt lat="55.64478" lon="14.26525">
        <ele>23</ele>
        <time>2024-10-22T09:21:35+00:00</time>
      </trkpt>
      <trkpt lat="55.64515" lon="14.26522">
        <ele>21</ele>
        <time>2024-10-22T09:21:38+00:00</time>
      </trkpt>
      <trkpt lat="55.64543" lon="14.26523">
        <ele>20</ele>
        <time>2024-10-22T09:21:41+00:00</time>
      </trkpt>
      <trkpt lat="55.64564" lon="14.26519">
        <ele>19</ele>
        <time>2024-10-22T09:21:44+00:00</time>
      </trkpt>
      <trkpt lat="55.64586" lon="14.26513">
        <ele>18</ele>
        <time>2024-10-22T09:21:47+00:00</time>
      </trkpt>
      <trkpt lat="55.64601" lon="14.26511">
        <ele>18</ele>
        <time>2024-10-22T09:21:50+00:00</time>
      </trkpt>
      <trkpt lat="55.64616" lon="14.26508">
        <ele>19</ele>
        <time>2024-10-22T09:21:53+00:00</time>
      </trkpt>
      <trkpt lat="55.64628" lon="14.26506">
        <ele>19</ele>
        <time>2024-10-22T09:21:56+00:00</time>
      </trkpt>
      <trkpt lat="55.6464" lon="14.26505">
        <ele>19</ele>
        <time>2024-10-22T09:21:59+00:00</time>
      </trkpt>
      <trkpt lat="55.64646" lon="14.26501">
        <ele>19</ele>
        <time>2024-10-22T09:22:02+00:00</time>
      </trkpt>
      <trkpt lat="55.64651" lon="14.26492">
        <ele>19</ele>
        <time>2024-10-22T09:22:05+00:00</time>
      </trkpt>
      <trkpt lat="55.64653" lon="14.26482">
        <ele>19</ele>
        <time>2024-10-22T09:22:08+00:00</time>
      </trkpt>
      <trkpt lat="55.64653" lon="14.26471">
        <ele>19</ele>
        <time>2024-10-22T09:22:11+00:00</time>
      </trkpt>
      <trkpt lat="55.64652" lon="14.26459">
        <ele>20</ele>
        <time>2024-10-22T09:22:14+00:00</time>
      </trkpt>
      <trkpt lat="55.64649" lon="14.26434">
        <ele>21</ele>
        <time>2024-10-22T09:22:17+00:00</time>
      </trkpt>
      <trkpt lat="55.64645" lon="14.26395">
        <ele>21</ele>
        <time>2024-10-22T09:22:20+00:00</time>
      </trkpt>
      <trkpt lat="55.64642" lon="14.26357">
        <ele>22</ele>
        <time>2024-10-22T09:22:23+00:00</time>
      </trkpt>
      <trkpt lat="55.64642" lon="14.26346">
        <ele>23</ele>
        <time>2024-10-22T09:22:26+00:00</time>
      </trkpt>
      <trkpt lat="55.64644" lon="14.26334">
        <ele>23</ele>
        <time>2024-10-22T09:22:29+00:00</time>
      </trkpt>
      <trkpt lat="55.64646" lon="14.26322">
        <ele>24</ele>
        <time>2024-10-22T09:22:32+00:00</time>
      </trkpt>
      <trkpt lat="55.6465" lon="14.26313">
        <ele>24</ele>
        <time>2024-10-22T09:22:35+00:00</time>
      </trkpt>
      <trkpt lat="55.64655" lon="14.26307">
        <ele>24</ele>
        <time>2024-10-22T09:22:38+00:00</time>
      </trkpt>
      <trkpt lat="55.6466" lon="14.26302">
        <ele>24</ele>
        <time>2024-10-22T09:22:41+00:00</time>
      </trkpt>
      <trkpt lat="55.64667" lon="14.26298">
        <ele>25</ele>
        <time>2024-10-22T09:22:44+00:00</time>
      </trkpt>
      <trkpt lat="55.64674" lon="14.26297">
        <ele>24</ele>
        <time>2024-10-22T09:22:47+00:00</time>
      </trkpt>
      <trkpt lat="55.64682" lon="14.26298">
        <ele>24</ele>
        <time>2024-10-22T09:22:50+00:00</time>
      </trkpt>
      <trkpt lat="55.6469" lon="14.26304">
        <ele>23</ele>
        <time>2024-10-22T09:22:53+00:00</time>
      </trkpt>
      <trkpt lat="55.64705" lon="14.26317">
        <ele>22</ele>
        <time>2024-10-22T09:22:56+00:00</time>
      </trkpt>
      <trkpt lat="55.64713" lon="14.26322">
        <ele>22</ele>
        <time>2024-10-22T09:22:59+00:00</time>
      </trkpt>
      <trkpt lat="55.64724" lon="14.26325">
        <ele>22</ele>
        <time>2024-10-22T09:23:02+00:00</time>
      </trkpt>
      <trkpt lat="55.64727" lon="14.26331">
        <ele>21</ele>
        <time>2024-10-22T09:23:05+00:00</time>
      </trkpt>
      <trkpt lat="55.64729" lon="14.26342">
        <ele>21</ele>
        <time>2024-10-22T09:23:08+00:00</time>
      </trkpt>
      <trkpt lat="55.6473" lon="14.26356">
        <ele>20</ele>
        <time>2024-10-22T09:23:11+00:00</time>
      </trkpt>
      <trkpt lat="55.64732" lon="14.26384">
        <ele>19</ele>
        <time>2024-10-22T09:23:14+00:00</time>
      </trkpt>
      <trkpt lat="55.64733" lon="14.26398">
        <ele>19</ele>
        <time>2024-10-22T09:23:17+00:00</time>
      </trkpt>
      <trkpt lat="55.64737" lon="14.26426">
        <ele>19</ele>
        <time>2024-10-22T09:23:20+00:00</time>
      </trkpt>
      <trkpt lat="55.64741" lon="14.26459">
        <ele>19</ele>
        <time>2024-10-22T09:23:23+00:00</time>
      </trkpt>
      <trkpt lat="55.64743" lon="14.26471">
        <ele>18</ele>
        <time>2024-10-22T09:23:26+00:00</time>
      </trkpt>
      <trkpt lat="55.6475" lon="14.26508">
        <ele>18</ele>
        <time>2024-10-22T09:23:29+00:00</time>
      </trkpt>
      <trkpt lat="55.64752" lon="14.26521">
        <ele>17</ele>
        <time>2024-10-22T09:23:32+00:00</time>
      </trkpt>
      <trkpt lat="55.64754" lon="14.26552">
        <ele>17</ele>
        <time>2024-10-22T09:23:35+00:00</time>
      </trkpt>
      <trkpt lat="55.64756" lon="14.26571">
        <ele>17</ele>
        <time>2024-10-22T09:23:38+00:00</time>
      </trkpt>
      <trkpt lat="55.64759" lon="14.2659">
        <ele>17</ele>
        <time>2024-10-22T09:23:41+00:00</time>
      </trkpt>
      <trkpt lat="55.64762" lon="14.26598">
        <ele>17</ele>
        <time>2024-10-22T09:23:44+00:00</time>
      </trkpt>
      <trkpt lat="55.64774" lon="14.26625">
        <ele>17</ele>
        <time>2024-10-22T09:23:47+00:00</time>
      </trkpt>
      <trkpt lat="55.64777" lon="14.26636">
        <ele>17</ele>
        <time>2024-10-22T09:23:50+00:00</time>
      </trkpt>
      <trkpt lat="55.64779" lon="14.26649">
        <ele>17</ele>
        <time>2024-10-22T09:23:53+00:00</time>
      </trkpt>
      <trkpt lat="55.64778" lon="14.26663">
        <ele>17</ele>
        <time>2024-10-22T09:23:56+00:00</time>
      </trkpt>
      <trkpt lat="55.64776" lon="14.26676">
        <ele>17</ele>
        <time>2024-10-22T09:23:59+00:00</time>
      </trkpt>
      <trkpt lat="55.64772" lon="14.26688">
        <ele>17</ele>
        <time>2024-10-22T09:24:02+00:00</time>
      </trkpt>
      <trkpt lat="55.64764" lon="14.26708">
        <ele>17</ele>
        <time>2024-10-22T09:24:05+00:00</time>
      </trkpt>
      <trkpt lat="55.64761" lon="14.26716">
        <ele>17</ele>
        <time>2024-10-22T09:24:08+00:00</time>
      </trkpt>
      <trkpt lat="55.64761" lon="14.26721">
        <ele>17</ele>
        <time>2024-10-22T09:24:11+00:00</time>
      </trkpt>
      <trkpt lat="55.64759" lon="14.26738">
        <ele>17</ele>
        <time>2024-10-22T09:24:14+00:00</time>
      </trkpt>
      <trkpt lat="55.64758" lon="14.26751">
        <ele>17</ele>
        <time>2024-10-22T09:24:17+00:00</time>
      </trkpt>
      <trkpt lat="55.64754" lon="14.2677">
        <ele>17</ele>
        <time>2024-10-22T09:24:20+00:00</time>
      </trkpt>
      <trkpt lat="55.64748" lon="14.26801">
        <ele>17</ele>
        <time>2024-10-22T09:24:23+00:00</time>
      </trkpt>
      <trkpt lat="55.64746" lon="14.26814">
        <ele>18</ele>
        <time>2024-10-22T09:24:26+00:00</time>
      </trkpt>
      <trkpt lat="55.64746" lon="14.26825">
        <ele>18</ele>
        <time>2024-10-22T09:24:29+00:00</time>
      </trkpt>
      <trkpt lat="55.64748" lon="14.26833">
        <ele>18</ele>
        <time>2024-10-22T09:24:32+00:00</time>
      </trkpt>
      <trkpt lat="55.64751" lon="14.26841">
        <ele>18</ele>
        <time>2024-10-22T09:24:35+00:00</time>
      </trkpt>
      <trkpt lat="55.64754" lon="14.26849">
        <ele>18</ele>
        <time>2024-10-22T09:24:38+00:00</time>
      </trkpt>
      <trkpt lat="55.64755" lon="14.26858">
        <ele>18</ele>
        <time>2024-10-22T09:24:41+00:00</time>
      </trkpt>
      <trkpt lat="55.64757" lon="14.26868">
        <ele>18</ele>
        <time>2024-10-22T09:24:44+00:00</time>
      </trkpt>
      <trkpt lat="55.64759" lon="14.26889">
        <ele>18</ele>
        <time>2024-10-22T09:24:47+00:00</time>
      </trkpt>
      <trkpt lat="55.6476" lon="14.2691">
        <ele>17</ele>
        <time>2024-10-22T09:24:50+00:00</time>
      </trkpt>
      <trkpt lat="55.6476" lon="14.2692">
        <ele>17</ele>
        <time>2024-10-22T09:24:53+00:00</time>
      </trkpt>
      <trkpt lat="55.6476" lon="14.26929">
        <ele>17</ele>
        <time>2024-10-22T09:24:56+00:00</time>
      </trkpt>
      <trkpt lat="55.64755" lon="14.26951">
        <ele>17</ele>
        <time>2024-10-22T09:24:59+00:00</time>
      </trkpt>
      <trkpt lat="55.64751" lon="14.26962">
        <ele>17</ele>
        <time>2024-10-22T09:25:02+00:00</time>
      </trkpt>
      <trkpt lat="55.64747" lon="14.26971">
        <ele>17</ele>
        <time>2024-10-22T09:25:05+00:00</time>
      </trkpt>
      <trkpt lat="55.64741" lon="14.26979">
        <ele>17</ele>
        <time>2024-10-22T09:25:08+00:00</time>
      </trkpt>
      <trkpt lat="55.64735" lon="14.26985">
        <ele>17</ele>
        <time>2024-10-22T09:25:11+00:00</time>
      </trkpt>
      <trkpt lat="55.64722" lon="14.26992">
        <ele>16</ele>
        <time>2024-10-22T09:25:14+00:00</time>
      </trkpt>
      <trkpt lat="55.6472" lon="14.26997">
        <ele>16</ele>
        <time>2024-10-22T09:25:17+00:00</time>
      </trkpt>
      <trkpt lat="55.64716" lon="14.2703">
        <ele>16</ele>
        <time>2024-10-22T09:25:20+00:00</time>
      </trkpt>
      <trkpt lat="55.64715" lon="14.27042">
        <ele>16</ele>
        <time>2024-10-22T09:25:23+00:00</time>
      </trkpt>
      <trkpt lat="55.64712" lon="14.27096">
        <ele>15</ele>
        <time>2024-10-22T09:25:26+00:00</time>
      </trkpt>
      <trkpt lat="55.64712" lon="14.27109">
        <ele>15</ele>
        <time>2024-10-22T09:25:29+00:00</time>
      </trkpt>
      <trkpt lat="55.64713" lon="14.27122">
        <ele>15</ele>
        <time>2024-10-22T09:25:32+00:00</time>
      </trkpt>
      <trkpt lat="55.64716" lon="14.27137">
        <ele>14</ele>
        <time>2024-10-22T09:25:35+00:00</time>
      </trkpt>
      <trkpt lat="55.64716" lon="14.27152">
        <ele>14</ele>
        <time>2024-10-22T09:25:38+00:00</time>
      </trkpt>
      <trkpt lat="55.64717" lon="14.27167">
        <ele>14</ele>
        <time>2024-10-22T09:25:41+00:00</time>
      </trkpt>
      <trkpt lat="55.64717" lon="14.27173">
        <ele>14</ele>
        <time>2024-10-22T09:25:44+00:00</time>
      </trkpt>
      <trkpt lat="55.64719" lon="14.27181">
        <ele>14</ele>
        <time>2024-10-22T09:25:47+00:00</time>
      </trkpt>
      <trkpt lat="55.64721" lon="14.27187">
        <ele>14</ele>
        <time>2024-10-22T09:25:50+00:00</time>
      </trkpt>
      <trkpt lat="55.64723" lon="14.27193">
        <ele>14</ele>
        <time>2024-10-22T09:25:53+00:00</time>
      </trkpt>
      <trkpt lat="55.64729" lon="14.27204">
        <ele>14</ele>
        <time>2024-10-22T09:25:56+00:00</time>
      </trkpt>
      <trkpt lat="55.64732" lon="14.27212">
        <ele>14</ele>
        <time>2024-10-22T09:25:59+00:00</time>
      </trkpt>
      <trkpt lat="55.64733" lon="14.27222">
        <ele>14</ele>
        <time>2024-10-22T09:26:02+00:00</time>
      </trkpt>
      <trkpt lat="55.64737" lon="14.27256">
        <ele>15</ele>
        <time>2024-10-22T09:26:05+00:00</time>
      </trkpt>
      <trkpt lat="55.64737" lon="14.27267">
        <ele>15</ele>
        <time>2024-10-22T09:26:08+00:00</time>
      </trkpt>
      <trkpt lat="55.64736" lon="14.27279">
        <ele>15</ele>
        <time>2024-10-22T09:26:11+00:00</time>
      </trkpt>
      <trkpt lat="55.64733" lon="14.27307">
        <ele>15</ele>
        <time>2024-10-22T09:26:14+00:00</time>
      </trkpt>
      <trkpt lat="55.64731" lon="14.27338">
        <ele>15</ele>
        <time>2024-10-22T09:26:17+00:00</time>
      </trkpt>
      <trkpt lat="55.64728" lon="14.27362">
        <ele>14</ele>
        <time>2024-10-22T09:26:20+00:00</time>
      </trkpt>
      <trkpt lat="55.64729" lon="14.27375">
        <ele>14</ele>
        <time>2024-10-22T09:26:23+00:00</time>
      </trkpt>
      <trkpt lat="55.64735" lon="14.27423">
        <ele>13</ele>
        <time>2024-10-22T09:26:26+00:00</time>
      </trkpt>
      <trkpt lat="55.64736" lon="14.27435">
        <ele>13</ele>
        <time>2024-10-22T09:26:29+00:00</time>
      </trkpt>
      <trkpt lat="55.64736" lon="14.27448">
        <ele>13</ele>
        <time>2024-10-22T09:26:32+00:00</time>
      </trkpt>
      <trkpt lat="55.64736" lon="14.27475">
        <ele>12</ele>
        <time>2024-10-22T09:26:35+00:00</time>
      </trkpt>
      <trkpt lat="55.64735" lon="14.27511">
        <ele>11</ele>
        <time>2024-10-22T09:26:38+00:00</time>
      </trkpt>
      <trkpt lat="55.64737" lon="14.27551">
        <ele>10</ele>
        <time>2024-10-22T09:26:41+00:00</time>
      </trkpt>
      <trkpt lat="55.64738" lon="14.27584">
        <ele>9</ele>
        <time>2024-10-22T09:26:44+00:00</time>
      </trkpt>
      <trkpt lat="55.64739" lon="14.27602">
        <ele>9</ele>
        <time>2024-10-22T09:26:47+00:00</time>
      </trkpt>
      <trkpt lat="55.64744" lon="14.27623">
        <ele>8</ele>
        <time>2024-10-22T09:26:50+00:00</time>
      </trkpt>
      <trkpt lat="55.64745" lon="14.27634">
        <ele>8</ele>
        <time>2024-10-22T09:26:53+00:00</time>
      </trkpt>
      <trkpt lat="55.64746" lon="14.27645">
        <ele>7</ele>
        <time>2024-10-22T09:26:56+00:00</time>
      </trkpt>
      <trkpt lat="55.64745" lon="14.27657">
        <ele>7</ele>
        <time>2024-10-22T09:26:59+00:00</time>
      </trkpt>
      <trkpt lat="55.64748" lon="14.27676">
        <ele>7</ele>
        <time>2024-10-22T09:27:02+00:00</time>
      </trkpt>
      <trkpt lat="55.64749" lon="14.27682">
        <ele>6</ele>
        <time>2024-10-22T09:27:05+00:00</time>
      </trkpt>
      <trkpt lat="55.64751" lon="14.27687">
        <ele>6</ele>
        <time>2024-10-22T09:27:08+00:00</time>
      </trkpt>
      <trkpt lat="55.64756" lon="14.27697">
        <ele>6</ele>
        <time>2024-10-22T09:27:11+00:00</time>
      </trkpt>
      <trkpt lat="55.6476" lon="14.27701">
        <ele>5</ele>
        <time>2024-10-22T09:27:14+00:00</time>
      </trkpt>
      <trkpt lat="55.64765" lon="14.27705">
        <ele>5</ele>
        <time>2024-10-22T09:27:17+00:00</time>
      </trkpt>
      <trkpt lat="55.6477" lon="14.27706">
        <ele>5</ele>
        <time>2024-10-22T09:27:20+00:00</time>
      </trkpt>
      <trkpt lat="55.64783" lon="14.27705">
        <ele>5</ele>
        <time>2024-10-22T09:27:23+00:00</time>
      </trkpt>
      <trkpt lat="55.64797" lon="14.27704">
        <ele>5</ele>
        <time>2024-10-22T09:27:26+00:00</time>
      </trkpt>
      <trkpt lat="55.64821" lon="14.27698">
        <ele>6</ele>
        <time>2024-10-22T09:27:29+00:00</time>
      </trkpt>
      <trkpt lat="55.64841" lon="14.27697">
        <ele>7</ele>
        <time>2024-10-22T09:27:32+00:00</time>
      </trkpt>
      <trkpt lat="55.64868" lon="14.27685">
        <ele>7</ele>
        <time>2024-10-22T09:27:35+00:00</time>
      </trkpt>
      <trkpt lat="55.64873" lon="14.27684">
        <ele>7</ele>
        <time>2024-10-22T09:27:38+00:00</time>
      </trkpt>
      <trkpt lat="55.64876" lon="14.27684">
        <ele>7</ele>
        <time>2024-10-22T09:27:41+00:00</time>
      </trkpt>
      <trkpt lat="55.64893" lon="14.27687">
        <ele>7</ele>
        <time>2024-10-22T09:27:44+00:00</time>
      </trkpt>
      <trkpt lat="55.649" lon="14.27687">
        <ele>6</ele>
        <time>2024-10-22T09:27:47+00:00</time>
      </trkpt>
      <trkpt lat="55.64922" lon="14.27684">
        <ele>6</ele>
        <time>2024-10-22T09:27:50+00:00</time>
      </trkpt>
      <trkpt lat="55.64943" lon="14.27685">
        <ele>5</ele>
        <time>2024-10-22T09:27:53+00:00</time>
      </trkpt>
      <trkpt lat="55.64955" lon="14.27684">
        <ele>5</ele>
        <time>2024-10-22T09:27:56+00:00</time>
      </trkpt>
      <trkpt lat="55.64962" lon="14.27684">
        <ele>4</ele>
        <time>2024-10-22T09:27:59+00:00</time>
      </trkpt>
      <trkpt lat="55.64981" lon="14.27688">
        <ele>4</ele>
        <time>2024-10-22T09:28:02+00:00</time>
      </trkpt>
      <trkpt lat="55.64987" lon="14.27689">
        <ele>4</ele>
        <time>2024-10-22T09:28:05+00:00</time>
      </trkpt>
      <trkpt lat="55.65" lon="14.27687">
        <ele>4</ele>
        <time>2024-10-22T09:28:08+00:00</time>
      </trkpt>
      <trkpt lat="55.65036" lon="14.27674">
        <ele>4</ele>
        <time>2024-10-22T09:28:11+00:00</time>
      </trkpt>
      <trkpt lat="55.65054" lon="14.27671">
        <ele>5</ele>
        <time>2024-10-22T09:28:14+00:00</time>
      </trkpt>
      <trkpt lat="55.65082" lon="14.27669">
        <ele>5</ele>
        <time>2024-10-22T09:28:17+00:00</time>
      </trkpt>
      <trkpt lat="55.65102" lon="14.27668">
        <ele>6</ele>
        <time>2024-10-22T09:28:20+00:00</time>
      </trkpt>
      <trkpt lat="55.65124" lon="14.27666">
        <ele>6</ele>
        <time>2024-10-22T09:28:23+00:00</time>
      </trkpt>
      <trkpt lat="55.65131" lon="14.27666">
        <ele>6</ele>
        <time>2024-10-22T09:28:26+00:00</time>
      </trkpt>
      <trkpt lat="55.65158" lon="14.27672">
        <ele>5</ele>
        <time>2024-10-22T09:28:29+00:00</time>
      </trkpt>
      <trkpt lat="55.65166" lon="14.27672">
        <ele>5</ele>
        <time>2024-10-22T09:28:32+00:00</time>
      </trkpt>
      <trkpt lat="55.65173" lon="14.27671">
        <ele>5</ele>
        <time>2024-10-22T09:28:35+00:00</time>
      </trkpt>
      <trkpt lat="55.6518" lon="14.2767">
        <ele>5</ele>
        <time>2024-10-22T09:28:38+00:00</time>
      </trkpt>
      <trkpt lat="55.65192" lon="14.27666">
        <ele>5</ele>
        <time>2024-10-22T09:28:41+00:00</time>
      </trkpt>
      <trkpt lat="55.65209" lon="14.27665">
        <ele>5</ele>
        <time>2024-10-22T09:28:44+00:00</time>
      </trkpt>
      <trkpt lat="55.65232" lon="14.27663">
        <ele>5</ele>
        <time>2024-10-22T09:28:47+00:00</time>
      </trkpt>
      <trkpt lat="55.65257" lon="14.27659">
        <ele>5</ele>
        <time>2024-10-22T09:28:50+00:00</time>
      </trkpt>
      <trkpt lat="55.65275" lon="14.27657">
        <ele>4</ele>
        <time>2024-10-22T09:28:53+00:00</time>
      </trkpt>
      <trkpt lat="55.65301" lon="14.27657">
        <ele>4</ele>
        <time>2024-10-22T09:28:56+00:00</time>
      </trkpt>
      <trkpt lat="55.65336" lon="14.27654">
        <ele>3</ele>
        <time>2024-10-22T09:28:59+00:00</time>
      </trkpt>
      <trkpt lat="55.65372" lon="14.27655">
        <ele>2</ele>
        <time>2024-10-22T09:29:02+00:00</time>
      </trkpt>
      <trkpt lat="55.65405" lon="14.27653">
        <ele>2</ele>
        <time>2024-10-22T09:29:05+00:00</time>
      </trkpt>
      <trkpt lat="55.65426" lon="14.27654">
        <ele>3</ele>
        <time>2024-10-22T09:29:08+00:00</time>
      </trkpt>
      <trkpt lat="55.65445" lon="14.27652">
        <ele>3</ele>
        <time>2024-10-22T09:29:11+00:00</time>
      </trkpt>
      <trkpt lat="55.65476" lon="14.27652">
        <ele>4</ele>
        <time>2024-10-22T09:29:14+00:00</time>
      </trkpt>
      <trkpt lat="55.65499" lon="14.27648">
        <ele>4</ele>
        <time>2024-10-22T09:29:17+00:00</time>
      </trkpt>
      <trkpt lat="55.65511" lon="14.27648">
        <ele>4</ele>
        <time>2024-10-22T09:29:20+00:00</time>
      </trkpt>
      <trkpt lat="55.65529" lon="14.27646">
        <ele>4</ele>
        <time>2024-10-22T09:29:23+00:00</time>
      </trkpt>
      <trkpt lat="55.65538" lon="14.27646">
        <ele>4</ele>
        <time>2024-10-22T09:29:26+00:00</time>
      </trkpt>
      <trkpt lat="55.65553" lon="14.27649">
        <ele>4</ele>
        <time>2024-10-22T09:29:29+00:00</time>
      </trkpt>
      <trkpt lat="55.65559" lon="14.27647">
        <ele>4</ele>
        <time>2024-10-22T09:29:32+00:00</time>
      </trkpt>
      <trkpt lat="55.65564" lon="14.27643">
        <ele>3</ele>
        <time>2024-10-22T09:29:35+00:00</time>
      </trkpt>
      <trkpt lat="55.65569" lon="14.27636">
        <ele>4</ele>
        <time>2024-10-22T09:29:38+00:00</time>
      </trkpt>
      <trkpt lat="55.65572" lon="14.27628">
        <ele>4</ele>
        <time>2024-10-22T09:29:41+00:00</time>
      </trkpt>
      <trkpt lat="55.65576" lon="14.27616">
        <ele>5</ele>
        <time>2024-10-22T09:29:44+00:00</time>
      </trkpt>
      <trkpt lat="55.65578" lon="14.27607">
        <ele>5</ele>
        <time>2024-10-22T09:29:47+00:00</time>
      </trkpt>
      <trkpt lat="55.65579" lon="14.27591">
        <ele>6</ele>
        <time>2024-10-22T09:29:50+00:00</time>
      </trkpt>
      <trkpt lat="55.65578" lon="14.27582">
        <ele>7</ele>
        <time>2024-10-22T09:29:53+00:00</time>
      </trkpt>
      <trkpt lat="55.65571" lon="14.27547">
        <ele>9</ele>
        <time>2024-10-22T09:29:56+00:00</time>
      </trkpt>
      <trkpt lat="55.6557" lon="14.2754">
        <ele>9</ele>
        <time>2024-10-22T09:29:59+00:00</time>
      </trkpt>
      <trkpt lat="55.6557" lon="14.27532">
        <ele>10</ele>
        <time>2024-10-22T09:30:02+00:00</time>
      </trkpt>
      <trkpt lat="55.65571" lon="14.27513">
        <ele>11</ele>
        <time>2024-10-22T09:30:05+00:00</time>
      </trkpt>
      <trkpt lat="55.6557" lon="14.27505">
        <ele>11</ele>
        <time>2024-10-22T09:30:08+00:00</time>
      </trkpt>
      <trkpt lat="55.65567" lon="14.27503">
        <ele>11</ele>
        <time>2024-10-22T09:30:11+00:00</time>
      </trkpt>
      <trkpt lat="55.65555" lon="14.27509">
        <ele>11</ele>
        <time>2024-10-22T09:30:14+00:00</time>
      </trkpt>
      <trkpt lat="55.65548" lon="14.2751">
        <ele>11</ele>
        <time>2024-10-22T09:30:17+00:00</time>
      </trkpt>
      <trkpt lat="55.65542" lon="14.27506">
        <ele>11</ele>
        <time>2024-10-22T09:30:20+00:00</time>
      </trkpt>
      <trkpt lat="55.65539" lon="14.27498">
        <ele>12</ele>
        <time>2024-10-22T09:30:23+00:00</time>
      </trkpt>
      <trkpt lat="55.65537" lon="14.27488">
        <ele>12</ele>
        <time>2024-10-22T09:30:26+00:00</time>
      </trkpt>
      <trkpt lat="55.65537" lon="14.27476">
        <ele>12</ele>
        <time>2024-10-22T09:30:29+00:00</time>
      </trkpt>
      <trkpt lat="55.65537" lon="14.2747">
        <ele>13</ele>
        <time>2024-10-22T09:30:32+00:00</time>
      </trkpt>
      <trkpt lat="55.65542" lon="14.27412">
        <ele>14</ele>
        <time>2024-10-22T09:30:35+00:00</time>
      </trkpt>
      <trkpt lat="55.65543" lon="14.27396">
        <ele>15</ele>
        <time>2024-10-22T09:30:38+00:00</time>
      </trkpt>
      <trkpt lat="55.65543" lon="14.27373">
        <ele>15</ele>
        <time>2024-10-22T09:30:41+00:00</time>
      </trkpt>
      <trkpt lat="55.65542" lon="14.27362">
        <ele>15</ele>
        <time>2024-10-22T09:30:44+00:00</time>
      </trkpt>
      <trkpt lat="55.6554" lon="14.27351">
        <ele>15</ele>
        <time>2024-10-22T09:30:47+00:00</time>
      </trkpt>
      <trkpt lat="55.65537" lon="14.27342">
        <ele>16</ele>
        <time>2024-10-22T09:30:50+00:00</time>
      </trkpt>
      <trkpt lat="55.65533" lon="14.27333">
        <ele>16</ele>
        <time>2024-10-22T09:30:53+00:00</time>
      </trkpt>
      <trkpt lat="55.65528" lon="14.27326">
        <ele>16</ele>
        <time>2024-10-22T09:30:56+00:00</time>
      </trkpt>
      <trkpt lat="55.65523" lon="14.27321">
        <ele>16</ele>
        <time>2024-10-22T09:30:59+00:00</time>
      </trkpt>
      <trkpt lat="55.65517" lon="14.27318">
        <ele>17</ele>
        <time>2024-10-22T09:31:02+00:00</time>
      </trkpt>
      <trkpt lat="55.65497" lon="14.27313">
        <ele>17</ele>
        <time>2024-10-22T09:31:05+00:00</time>
      </trkpt>
      <trkpt lat="55.65491" lon="14.27311">
        <ele>17</ele>
        <time>2024-10-22T09:31:08+00:00</time>
      </trkpt>
      <trkpt lat="55.65485" lon="14.27307">
        <ele>18</ele>
        <time>2024-10-22T09:31:11+00:00</time>
      </trkpt>
      <trkpt lat="55.65479" lon="14.27302">
        <ele>18</ele>
        <time>2024-10-22T09:31:14+00:00</time>
      </trkpt>
      <trkpt lat="55.65473" lon="14.27296">
        <ele>19</ele>
        <time>2024-10-22T09:31:17+00:00</time>
      </trkpt>
      <trkpt lat="55.65469" lon="14.27287">
        <ele>19</ele>
        <time>2024-10-22T09:31:20+00:00</time>
      </trkpt>
      <trkpt lat="55.65466" lon="14.27277">
        <ele>20</ele>
        <time>2024-10-22T09:31:23+00:00</time>
      </trkpt>
      <trkpt lat="55.65466" lon="14.27267">
        <ele>20</ele>
        <time>2024-10-22T09:31:26+00:00</time>
      </trkpt>
      <trkpt lat="55.65466" lon="14.27257">
        <ele>20</ele>
        <time>2024-10-22T09:31:29+00:00</time>
      </trkpt>
      <trkpt lat="55.65469" lon="14.27235">
        <ele>21</ele>
        <time>2024-10-22T09:31:32+00:00</time>
      </trkpt>
      <trkpt lat="55.65472" lon="14.27219">
        <ele>21</ele>
        <time>2024-10-22T09:31:35+00:00</time>
      </trkpt>
      <trkpt lat="55.65481" lon="14.27193">
        <ele>21</ele>
        <time>2024-10-22T09:31:38+00:00</time>
      </trkpt>
      <trkpt lat="55.65484" lon="14.27183">
        <ele>21</ele>
        <time>2024-10-22T09:31:41+00:00</time>
      </trkpt>
      <trkpt lat="55.65485" lon="14.27173">
        <ele>21</ele>
        <time>2024-10-22T09:31:44+00:00</time>
      </trkpt>
      <trkpt lat="55.65486" lon="14.27163">
        <ele>22</ele>
        <time>2024-10-22T09:31:47+00:00</time>
      </trkpt>
      <trkpt lat="55.65485" lon="14.27157">
        <ele>22</ele>
        <time>2024-10-22T09:31:50+00:00</time>
      </trkpt>
      <trkpt lat="55.65483" lon="14.27128">
        <ele>22</ele>
        <time>2024-10-22T09:31:53+00:00</time>
      </trkpt>
      <trkpt lat="55.65483" lon="14.27116">
        <ele>22</ele>
        <time>2024-10-22T09:31:56+00:00</time>
      </trkpt>
      <trkpt lat="55.65483" lon="14.27105">
        <ele>23</ele>
        <time>2024-10-22T09:31:59+00:00</time>
      </trkpt>
      <trkpt lat="55.65482" lon="14.27069">
        <ele>23</ele>
        <time>2024-10-22T09:32:02+00:00</time>
      </trkpt>
      <trkpt lat="55.65483" lon="14.27043">
        <ele>24</ele>
        <time>2024-10-22T09:32:05+00:00</time>
      </trkpt>
      <trkpt lat="55.65485" lon="14.27017">
        <ele>25</ele>
        <time>2024-10-22T09:32:08+00:00</time>
      </trkpt>
      <trkpt lat="55.65489" lon="14.2698">
        <ele>26</ele>
        <time>2024-10-22T09:32:11+00:00</time>
      </trkpt>
      <trkpt lat="55.65495" lon="14.26944">
        <ele>28</ele>
        <time>2024-10-22T09:32:14+00:00</time>
      </trkpt>
      <trkpt lat="55.65496" lon="14.26925">
        <ele>29</ele>
        <time>2024-10-22T09:32:17+00:00</time>
      </trkpt>
      <trkpt lat="55.65499" lon="14.26907">
        <ele>31</ele>
        <time>2024-10-22T09:32:20+00:00</time>
      </trkpt>
      <trkpt lat="55.65501" lon="14.26893">
        <ele>31</ele>
        <time>2024-10-22T09:32:23+00:00</time>
      </trkpt>
      <trkpt lat="55.65503" lon="14.26858">
        <ele>33</ele>
        <time>2024-10-22T09:32:26+00:00</time>
      </trkpt>
      <trkpt lat="55.65505" lon="14.26846">
        <ele>34</ele>
        <time>2024-10-22T09:32:29+00:00</time>
      </trkpt>
      <trkpt lat="55.65507" lon="14.2683">
        <ele>35</ele>
        <time>2024-10-22T09:32:32+00:00</time>
      </trkpt>
      <trkpt lat="55.65509" lon="14.26822">
        <ele>35</ele>
        <time>2024-10-22T09:32:35+00:00</time>
      </trkpt>
      <trkpt lat="55.65512" lon="14.26815">
        <ele>36</ele>
        <time>2024-10-22T09:32:38+00:00</time>
      </trkpt>
      <trkpt lat="55.65521" lon="14.26802">
        <ele>37</ele>
        <time>2024-10-22T09:32:41+00:00</time>
      </trkpt>
      <trkpt lat="55.65547" lon="14.26766">
        <ele>38</ele>
        <time>2024-10-22T09:32:44+00:00</time>
      </trkpt>
      <trkpt lat="55.65556" lon="14.26751">
        <ele>39</ele>
        <time>2024-10-22T09:32:47+00:00</time>
      </trkpt>
      <trkpt lat="55.65561" lon="14.26745">
        <ele>39</ele>
        <time>2024-10-22T09:32:50+00:00</time>
      </trkpt>
      <trkpt lat="55.65567" lon="14.26741">
        <ele>39</ele>
        <time>2024-10-22T09:32:53+00:00</time>
      </trkpt>
      <trkpt lat="55.65574" lon="14.26739">
        <ele>39</ele>
        <time>2024-10-22T09:32:56+00:00</time>
      </trkpt>
      <trkpt lat="55.65581" lon="14.26739">
        <ele>39</ele>
        <time>2024-10-22T09:32:59+00:00</time>
      </trkpt>
      <trkpt lat="55.65607" lon="14.26744">
        <ele>39</ele>
        <time>2024-10-22T09:33:02+00:00</time>
      </trkpt>
      <trkpt lat="55.65619" lon="14.26746">
        <ele>39</ele>
        <time>2024-10-22T09:33:05+00:00</time>
      </trkpt>
      <trkpt lat="55.65625" lon="14.26745">
        <ele>39</ele>
        <time>2024-10-22T09:33:08+00:00</time>
      </trkpt>
      <trkpt lat="55.65644" lon="14.26741">
        <ele>40</ele>
        <time>2024-10-22T09:33:11+00:00</time>
      </trkpt>
      <trkpt lat="55.65658" lon="14.26737">
        <ele>41</ele>
        <time>2024-10-22T09:33:14+00:00</time>
      </trkpt>
      <trkpt lat="55.65665" lon="14.26734">
        <ele>41</ele>
        <time>2024-10-22T09:33:17+00:00</time>
      </trkpt>
      <trkpt lat="55.6567" lon="14.26731">
        <ele>41</ele>
        <time>2024-10-22T09:33:20+00:00</time>
      </trkpt>
      <trkpt lat="55.65674" lon="14.26725">
        <ele>41</ele>
        <time>2024-10-22T09:33:23+00:00</time>
      </trkpt>
      <trkpt lat="55.65678" lon="14.26717">
        <ele>41</ele>
        <time>2024-10-22T09:33:26+00:00</time>
      </trkpt>
      <trkpt lat="55.6568" lon="14.26707">
        <ele>42</ele>
        <time>2024-10-22T09:33:29+00:00</time>
      </trkpt>
      <trkpt lat="55.65684" lon="14.26684">
        <ele>43</ele>
        <time>2024-10-22T09:33:32+00:00</time>
      </trkpt>
      <trkpt lat="55.65689" lon="14.26662">
        <ele>43</ele>
        <time>2024-10-22T09:33:35+00:00</time>
      </trkpt>
      <trkpt lat="55.6569" lon="14.26652">
        <ele>44</ele>
        <time>2024-10-22T09:33:38+00:00</time>
      </trkpt>
      <trkpt lat="55.6569" lon="14.26629">
        <ele>45</ele>
        <time>2024-10-22T09:33:41+00:00</time>
      </trkpt>
      <trkpt lat="55.6569" lon="14.26618">
        <ele>46</ele>
        <time>2024-10-22T09:33:44+00:00</time>
      </trkpt>
      <trkpt lat="55.65695" lon="14.26571">
        <ele>48</ele>
        <time>2024-10-22T09:33:47+00:00</time>
      </trkpt>
      <trkpt lat="55.65696" lon="14.26562">
        <ele>48</ele>
        <time>2024-10-22T09:33:50+00:00</time>
      </trkpt>
      <trkpt lat="55.65696" lon="14.26546">
        <ele>48</ele>
        <time>2024-10-22T09:33:53+00:00</time>
      </trkpt>
      <trkpt lat="55.657" lon="14.26529">
        <ele>49</ele>
        <time>2024-10-22T09:33:56+00:00</time>
      </trkpt>
      <trkpt lat="55.65702" lon="14.26512">
        <ele>50</ele>
        <time>2024-10-22T09:33:59+00:00</time>
      </trkpt>
      <trkpt lat="55.65703" lon="14.26504">
        <ele>50</ele>
        <time>2024-10-22T09:34:02+00:00</time>
      </trkpt>
      <trkpt lat="55.65706" lon="14.26481">
        <ele>51</ele>
        <time>2024-10-22T09:34:05+00:00</time>
      </trkpt>
      <trkpt lat="55.6571" lon="14.2646">
        <ele>53</ele>
        <time>2024-10-22T09:34:08+00:00</time>
      </trkpt>
      <trkpt lat="55.65712" lon="14.26437">
        <ele>54</ele>
        <time>2024-10-22T09:34:11+00:00</time>
      </trkpt>
      <trkpt lat="55.65715" lon="14.26415">
        <ele>55</ele>
        <time>2024-10-22T09:34:14+00:00</time>
      </trkpt>
      <trkpt lat="55.65718" lon="14.26398">
        <ele>56</ele>
        <time>2024-10-22T09:34:17+00:00</time>
      </trkpt>
      <trkpt lat="55.65726" lon="14.26369">
        <ele>57</ele>
        <time>2024-10-22T09:34:20+00:00</time>
      </trkpt>
      <trkpt lat="55.65737" lon="14.26319">
        <ele>59</ele>
        <time>2024-10-22T09:34:23+00:00</time>
      </trkpt>
      <trkpt lat="55.65744" lon="14.26273">
        <ele>61</ele>
        <time>2024-10-22T09:34:26+00:00</time>
      </trkpt>
      <trkpt lat="55.65751" lon="14.26247">
        <ele>64</ele>
        <time>2024-10-22T09:34:29+00:00</time>
      </trkpt>
      <trkpt lat="55.65754" lon="14.26239">
        <ele>64</ele>
        <time>2024-10-22T09:34:32+00:00</time>
      </trkpt>
      <trkpt lat="55.65758" lon="14.26229">
        <ele>65</ele>
        <time>2024-10-22T09:34:35+00:00</time>
      </trkpt>
      <trkpt lat="55.6577" lon="14.26208">
        <ele>68</ele>
        <time>2024-10-22T09:34:38+00:00</time>
      </trkpt>
      <trkpt lat="55.65774" lon="14.26203">
        <ele>68</ele>
        <time>2024-10-22T09:34:41+00:00</time>
      </trkpt>
      <trkpt lat="55.65778" lon="14.26198">
        <ele>68</ele>
        <time>2024-10-22T09:34:44+00:00</time>
      </trkpt>
      <trkpt lat="55.65794" lon="14.26183">
        <ele>71</ele>
        <time>2024-10-22T09:34:47+00:00</time>
      </trkpt>
      <trkpt lat="55.658" lon="14.26176">
        <ele>71</ele>
        <time>2024-10-22T09:34:50+00:00</time>
      </trkpt>
      <trkpt lat="55.65822" lon="14.26142">
        <ele>75</ele>
        <time>2024-10-22T09:34:53+00:00</time>
      </trkpt>
      <trkpt lat="55.65835" lon="14.26117">
        <ele>77</ele>
        <time>2024-10-22T09:34:56+00:00</time>
      </trkpt>
      <trkpt lat="55.65844" lon="14.26104">
        <ele>78</ele>
        <time>2024-10-22T09:34:59+00:00</time>
      </trkpt>
      <trkpt lat="55.65848" lon="14.261">
        <ele>78</ele>
        <time>2024-10-22T09:35:02+00:00</time>
      </trkpt>
      <trkpt lat="55.65855" lon="14.26092">
        <ele>79</ele>
        <time>2024-10-22T09:35:05+00:00</time>
      </trkpt>
      <trkpt lat="55.6586" lon="14.26088">
        <ele>80</ele>
        <time>2024-10-22T09:35:08+00:00</time>
      </trkpt>
      <trkpt lat="55.65865" lon="14.26086">
        <ele>80</ele>
        <time>2024-10-22T09:35:11+00:00</time>
      </trkpt>
      <trkpt lat="55.65882" lon="14.26081">
        <ele>82</ele>
        <time>2024-10-22T09:35:14+00:00</time>
      </trkpt>
      <trkpt lat="55.65892" lon="14.26076">
        <ele>83</ele>
        <time>2024-10-22T09:35:17+00:00</time>
      </trkpt>
      <trkpt lat="55.65897" lon="14.26071">
        <ele>83</ele>
        <time>2024-10-22T09:35:20+00:00</time>
      </trkpt>
      <trkpt lat="55.65899" lon="14.26065">
        <ele>83</ele>
        <time>2024-10-22T09:35:23+00:00</time>
      </trkpt>
      <trkpt lat="55.65901" lon="14.26057">
        <ele>84</ele>
        <time>2024-10-22T09:35:26+00:00</time>
      </trkpt>
      <trkpt lat="55.65901" lon="14.26048">
        <ele>84</ele>
        <time>2024-10-22T09:35:29+00:00</time>
      </trkpt>
      <trkpt lat="55.65901" lon="14.26006">
        <ele>86</ele>
        <time>2024-10-22T09:35:32+00:00</time>
      </trkpt>
      <trkpt lat="55.65901" lon="14.25976">
        <ele>87</ele>
        <time>2024-10-22T09:35:35+00:00</time>
      </trkpt>
      <trkpt lat="55.65902" lon="14.25959">
        <ele>87</ele>
        <time>2024-10-22T09:35:38+00:00</time>
      </trkpt>
      <trkpt lat="55.65905" lon="14.25941">
        <ele>88</ele>
        <time>2024-10-22T09:35:41+00:00</time>
      </trkpt>
      <trkpt lat="55.65907" lon="14.25933">
        <ele>88</ele>
        <time>2024-10-22T09:35:44+00:00</time>
      </trkpt>
      <trkpt lat="55.65911" lon="14.25928">
        <ele>89</ele>
        <time>2024-10-22T09:35:47+00:00</time>
      </trkpt>
      <trkpt lat="55.65917" lon="14.25927">
        <ele>89</ele>
        <time>2024-10-22T09:35:50+00:00</time>
      </trkpt>
      <trkpt lat="55.65923" lon="14.25929">
        <ele>90</ele>
        <time>2024-10-22T09:35:53+00:00</time>
      </trkpt>
      <trkpt lat="55.6593" lon="14.25934">
        <ele>90</ele>
        <time>2024-10-22T09:35:56+00:00</time>
      </trkpt>
      <trkpt lat="55.65954" lon="14.25953">
        <ele>91</ele>
        <time>2024-10-22T09:35:59+00:00</time>
      </trkpt>
      <trkpt lat="55.65977" lon="14.25972">
        <ele>92</ele>
        <time>2024-10-22T09:36:02+00:00</time>
      </trkpt>
      <trkpt lat="55.66001" lon="14.25991">
        <ele>93</ele>
        <time>2024-10-22T09:36:05+00:00</time>
      </trkpt>
      <trkpt lat="55.66031" lon="14.26015">
        <ele>93</ele>
        <time>2024-10-22T09:36:08+00:00</time>
      </trkpt>
      <trkpt lat="55.66054" lon="14.26032">
        <ele>94</ele>
        <time>2024-10-22T09:36:11+00:00</time>
      </trkpt>
      <trkpt lat="55.66079" lon="14.26054">
        <ele>94</ele>
        <time>2024-10-22T09:36:14+00:00</time>
      </trkpt>
      <trkpt lat="55.66092" lon="14.26063">
        <ele>95</ele>
        <time>2024-10-22T09:36:17+00:00</time>
      </trkpt>
      <trkpt lat="55.66106" lon="14.26071">
        <ele>94</ele>
        <time>2024-10-22T09:36:20+00:00</time>
      </trkpt>
      <trkpt lat="55.6612" lon="14.26076">
        <ele>94</ele>
        <time>2024-10-22T09:36:23+00:00</time>
      </trkpt>
      <trkpt lat="55.66141" lon="14.26082">
        <ele>94</ele>
        <time>2024-10-22T09:36:26+00:00</time>
      </trkpt>
      <trkpt lat="55.66169" lon="14.26087">
        <ele>94</ele>
        <time>2024-10-22T09:36:29+00:00</time>
      </trkpt>
      <trkpt lat="55.66176" lon="14.26087">
        <ele>94</ele>
        <time>2024-10-22T09:36:32+00:00</time>
      </trkpt>
      <trkpt lat="55.66188" lon="14.26085">
        <ele>94</ele>
        <time>2024-10-22T09:36:35+00:00</time>
      </trkpt>
      <trkpt lat="55.66206" lon="14.26085">
        <ele>93</ele>
        <time>2024-10-22T09:36:38+00:00</time>
      </trkpt>
      <trkpt lat="55.66222" lon="14.26081">
        <ele>93</ele>
        <time>2024-10-22T09:36:41+00:00</time>
      </trkpt>
      <trkpt lat="55.6623" lon="14.26078">
        <ele>93</ele>
        <time>2024-10-22T09:36:44+00:00</time>
      </trkpt>
      <trkpt lat="55.66236" lon="14.26074">
        <ele>93</ele>
        <time>2024-10-22T09:36:47+00:00</time>
      </trkpt>
      <trkpt lat="55.66242" lon="14.26069">
        <ele>93</ele>
        <time>2024-10-22T09:36:50+00:00</time>
      </trkpt>
      <trkpt lat="55.66247" lon="14.26062">
        <ele>93</ele>
        <time>2024-10-22T09:36:53+00:00</time>
      </trkpt>
      <trkpt lat="55.66251" lon="14.26055">
        <ele>93</ele>
        <time>2024-10-22T09:36:56+00:00</time>
      </trkpt>
      <trkpt lat="55.66261" lon="14.26035">
        <ele>94</ele>
        <time>2024-10-22T09:36:59+00:00</time>
      </trkpt>
      <trkpt lat="55.66267" lon="14.26026">
        <ele>94</ele>
        <time>2024-10-22T09:37:02+00:00</time>
      </trkpt>
      <trkpt lat="55.66273" lon="14.26018">
        <ele>95</ele>
        <time>2024-10-22T09:37:05+00:00</time>
      </trkpt>
      <trkpt lat="55.6628" lon="14.26012">
        <ele>94</ele>
        <time>2024-10-22T09:37:08+00:00</time>
      </trkpt>
      <trkpt lat="55.66288" lon="14.26007">
        <ele>95</ele>
        <time>2024-10-22T09:37:11+00:00</time>
      </trkpt>
      <trkpt lat="55.66296" lon="14.26003">
        <ele>94</ele>
        <time>2024-10-22T09:37:14+00:00</time>
      </trkpt>
      <trkpt lat="55.66304" lon="14.26">
        <ele>94</ele>
        <time>2024-10-22T09:37:17+00:00</time>
      </trkpt>
      <trkpt lat="55.66326" lon="14.25995">
        <ele>94</ele>
        <time>2024-10-22T09:37:20+00:00</time>
      </trkpt>
      <trkpt lat="55.66357" lon="14.25987">
        <ele>93</ele>
        <time>2024-10-22T09:37:23+00:00</time>
      </trkpt>
      <trkpt lat="55.66364" lon="14.25984">
        <ele>93</ele>
        <time>2024-10-22T09:37:26+00:00</time>
      </trkpt>
      <trkpt lat="55.66371" lon="14.25979">
        <ele>93</ele>
        <time>2024-10-22T09:37:29+00:00</time>
      </trkpt>
      <trkpt lat="55.66377" lon="14.25972">
        <ele>93</ele>
        <time>2024-10-22T09:37:32+00:00</time>
      </trkpt>
      <trkpt lat="55.66382" lon="14.25963">
        <ele>93</ele>
        <time>2024-10-22T09:37:35+00:00</time>
      </trkpt>
      <trkpt lat="55.66386" lon="14.25953">
        <ele>94</ele>
        <time>2024-10-22T09:37:38+00:00</time>
      </trkpt>
      <trkpt lat="55.66391" lon="14.25933">
        <ele>95</ele>
        <time>2024-10-22T09:37:41+00:00</time>
      </trkpt>
      <trkpt lat="55.66396" lon="14.25914">
        <ele>97</ele>
        <time>2024-10-22T09:37:44+00:00</time>
      </trkpt>
      <trkpt lat="55.66406" lon="14.25876">
        <ele>99</ele>
        <time>2024-10-22T09:37:47+00:00</time>
      </trkpt>
      <trkpt lat="55.66414" lon="14.25848">
        <ele>100</ele>
        <time>2024-10-22T09:37:50+00:00</time>
      </trkpt>
      <trkpt lat="55.66419" lon="14.25832">
        <ele>100</ele>
        <time>2024-10-22T09:37:53+00:00</time>
      </trkpt>
      <trkpt lat="55.66423" lon="14.25823">
        <ele>100</ele>
        <time>2024-10-22T09:37:56+00:00</time>
      </trkpt>
      <trkpt lat="55.66428" lon="14.25815">
        <ele>100</ele>
        <time>2024-10-22T09:37:59+00:00</time>
      </trkpt>
      <trkpt lat="55.66433" lon="14.25807">
        <ele>100</ele>
        <time>2024-10-22T09:38:02+00:00</time>
      </trkpt>
      <trkpt lat="55.66438" lon="14.25799">
        <ele>100</ele>
        <time>2024-10-22T09:38:05+00:00</time>
      </trkpt>
      <trkpt lat="55.66444" lon="14.25792">
        <ele>100</ele>
        <time>2024-10-22T09:38:08+00:00</time>
      </trkpt>
      <trkpt lat="55.66457" lon="14.25779">
        <ele>100</ele>
        <time>2024-10-22T09:38:11+00:00</time>
      </trkpt>
      <trkpt lat="55.66475" lon="14.25763">
        <ele>99</ele>
        <time>2024-10-22T09:38:14+00:00</time>
      </trkpt>
      <trkpt lat="55.66497" lon="14.25744">
        <ele>99</ele>
        <time>2024-10-22T09:38:17+00:00</time>
      </trkpt>
      <trkpt lat="55.66503" lon="14.25737">
        <ele>100</ele>
        <time>2024-10-22T09:38:20+00:00</time>
      </trkpt>
      <trkpt lat="55.66508" lon="14.25728">
        <ele>100</ele>
        <time>2024-10-22T09:38:23+00:00</time>
      </trkpt>
      <trkpt lat="55.66511" lon="14.25719">
        <ele>101</ele>
        <time>2024-10-22T09:38:26+00:00</time>
      </trkpt>
      <trkpt lat="55.66513" lon="14.25709">
        <ele>101</ele>
        <time>2024-10-22T09:38:29+00:00</time>
      </trkpt>
      <trkpt lat="55.66514" lon="14.25701">
        <ele>101</ele>
        <time>2024-10-22T09:38:32+00:00</time>
      </trkpt>
      <trkpt lat="55.66515" lon="14.25689">
        <ele>103</ele>
        <time>2024-10-22T09:38:35+00:00</time>
      </trkpt>
      <trkpt lat="55.66514" lon="14.25622">
        <ele>106</ele>
        <time>2024-10-22T09:38:38+00:00</time>
      </trkpt>
      <trkpt lat="55.66517" lon="14.25589">
        <ele>107</ele>
        <time>2024-10-22T09:38:41+00:00</time>
      </trkpt>
      <trkpt lat="55.66518" lon="14.2558">
        <ele>107</ele>
        <time>2024-10-22T09:38:44+00:00</time>
      </trkpt>
      <trkpt lat="55.66517" lon="14.25542">
        <ele>109</ele>
        <time>2024-10-22T09:38:47+00:00</time>
      </trkpt>
      <trkpt lat="55.66518" lon="14.25499">
        <ele>110</ele>
        <time>2024-10-22T09:38:50+00:00</time>
      </trkpt>
      <trkpt lat="55.66517" lon="14.25477">
        <ele>110</ele>
        <time>2024-10-22T09:38:53+00:00</time>
      </trkpt>
      <trkpt lat="55.66516" lon="14.2545">
        <ele>110</ele>
        <time>2024-10-22T09:38:56+00:00</time>
      </trkpt>
      <trkpt lat="55.66516" lon="14.25417">
        <ele>110</ele>
        <time>2024-10-22T09:38:59+00:00</time>
      </trkpt>
      <trkpt lat="55.66517" lon="14.25393">
        <ele>110</ele>
        <time>2024-10-22T09:39:02+00:00</time>
      </trkpt>
      <trkpt lat="55.66518" lon="14.25382">
        <ele>110</ele>
        <time>2024-10-22T09:39:05+00:00</time>
      </trkpt>
      <trkpt lat="55.6652" lon="14.25371">
        <ele>110</ele>
        <time>2024-10-22T09:39:08+00:00</time>
      </trkpt>
      <trkpt lat="55.66524" lon="14.25361">
        <ele>110</ele>
        <time>2024-10-22T09:39:11+00:00</time>
      </trkpt>
      <trkpt lat="55.66529" lon="14.25353">
        <ele>110</ele>
        <time>2024-10-22T09:39:14+00:00</time>
      </trkpt>
      <trkpt lat="55.66543" lon="14.25344">
        <ele>109</ele>
        <time>2024-10-22T09:39:17+00:00</time>
      </trkpt>
      <trkpt lat="55.66549" lon="14.25337">
        <ele>109</ele>
        <time>2024-10-22T09:39:20+00:00</time>
      </trkpt>
      <trkpt lat="55.66552" lon="14.25327">
        <ele>109</ele>
        <time>2024-10-22T09:39:23+00:00</time>
      </trkpt>
      <trkpt lat="55.66552" lon="14.25314">
        <ele>109</ele>
        <time>2024-10-22T09:39:26+00:00</time>
      </trkpt>
      <trkpt lat="55.6655" lon="14.25289">
        <ele>109</ele>
        <time>2024-10-22T09:39:29+00:00</time>
      </trkpt>
      <trkpt lat="55.66548" lon="14.2526">
        <ele>110</ele>
        <time>2024-10-22T09:39:32+00:00</time>
      </trkpt>
      <trkpt lat="55.66543" lon="14.2522">
        <ele>110</ele>
        <time>2024-10-22T09:39:35+00:00</time>
      </trkpt>
      <trkpt lat="55.6654" lon="14.25192">
        <ele>111</ele>
        <time>2024-10-22T09:39:38+00:00</time>
      </trkpt>
      <trkpt lat="55.66533" lon="14.25145">
        <ele>111</ele>
        <time>2024-10-22T09:39:41+00:00</time>
      </trkpt>
      <trkpt lat="55.66528" lon="14.25103">
        <ele>111</ele>
        <time>2024-10-22T09:39:44+00:00</time>
      </trkpt>
      <trkpt lat="55.66521" lon="14.25046">
        <ele>112</ele>
        <time>2024-10-22T09:39:47+00:00</time>
      </trkpt>
      <trkpt lat="55.66518" lon="14.25008">
        <ele>112</ele>
        <time>2024-10-22T09:39:50+00:00</time>
      </trkpt>
      <trkpt lat="55.66513" lon="14.24966">
        <ele>113</ele>
        <time>2024-10-22T09:39:53+00:00</time>
      </trkpt>
      <trkpt lat="55.66504" lon="14.24891">
        <ele>113</ele>
        <time>2024-10-22T09:39:56+00:00</time>
      </trkpt>
      <trkpt lat="55.665" lon="14.24852">
        <ele>114</ele>
        <time>2024-10-22T09:39:59+00:00</time>
      </trkpt>
      <trkpt lat="55.66496" lon="14.24815">
        <ele>114</ele>
        <time>2024-10-22T09:40:02+00:00</time>
      </trkpt>
      <trkpt lat="55.6649" lon="14.24767">
        <ele>113</ele>
        <time>2024-10-22T09:40:05+00:00</time>
      </trkpt>
      <trkpt lat="55.66485" lon="14.24733">
        <ele>113</ele>
        <time>2024-10-22T09:40:08+00:00</time>
      </trkpt>
      <trkpt lat="55.6648" lon="14.24696">
        <ele>113</ele>
        <time>2024-10-22T09:40:11+00:00</time>
      </trkpt>
      <trkpt lat="55.66478" lon="14.24679">
        <ele>113</ele>
        <time>2024-10-22T09:40:14+00:00</time>
      </trkpt>
      <trkpt lat="55.66477" lon="14.24649">
        <ele>112</ele>
        <time>2024-10-22T09:40:17+00:00</time>
      </trkpt>
      <trkpt lat="55.66473" lon="14.24608">
        <ele>111</ele>
        <time>2024-10-22T09:40:20+00:00</time>
      </trkpt>
      <trkpt lat="55.66466" lon="14.24543">
        <ele>109</ele>
        <time>2024-10-22T09:40:23+00:00</time>
      </trkpt>
      <trkpt lat="55.66464" lon="14.24516">
        <ele>109</ele>
        <time>2024-10-22T09:40:26+00:00</time>
      </trkpt>
      <trkpt lat="55.66463" lon="14.24503">
        <ele>109</ele>
        <time>2024-10-22T09:40:29+00:00</time>
      </trkpt>
      <trkpt lat="55.66463" lon="14.24469">
        <ele>108</ele>
        <time>2024-10-22T09:40:32+00:00</time>
      </trkpt>
      <trkpt lat="55.66463" lon="14.24435">
        <ele>107</ele>
        <time>2024-10-22T09:40:35+00:00</time>
      </trkpt>
      <trkpt lat="55.66463" lon="14.24398">
        <ele>106</ele>
        <time>2024-10-22T09:40:38+00:00</time>
      </trkpt>
      <trkpt lat="55.66462" lon="14.2436">
        <ele>106</ele>
        <time>2024-10-22T09:40:41+00:00</time>
      </trkpt>
      <trkpt lat="55.66461" lon="14.24309">
        <ele>105</ele>
        <time>2024-10-22T09:40:44+00:00</time>
      </trkpt>
      <trkpt lat="55.66461" lon="14.24256">
        <ele>105</ele>
        <time>2024-10-22T09:40:47+00:00</time>
      </trkpt>
      <trkpt lat="55.66459" lon="14.24203">
        <ele>105</ele>
        <time>2024-10-22T09:40:50+00:00</time>
      </trkpt>
      <trkpt lat="55.66459" lon="14.24138">
        <ele>104</ele>
        <time>2024-10-22T09:40:53+00:00</time>
      </trkpt>
      <trkpt lat="55.66458" lon="14.24076">
        <ele>103</ele>
        <time>2024-10-22T09:40:56+00:00</time>
      </trkpt>
      <trkpt lat="55.66458" lon="14.24039">
        <ele>102</ele>
        <time>2024-10-22T09:40:59+00:00</time>
      </trkpt>
      <trkpt lat="55.66458" lon="14.23994">
        <ele>102</ele>
        <time>2024-10-22T09:41:02+00:00</time>
      </trkpt>
      <trkpt lat="55.66457" lon="14.23942">
        <ele>101</ele>
        <time>2024-10-22T09:41:05+00:00</time>
      </trkpt>
      <trkpt lat="55.66455" lon="14.23889">
        <ele>100</ele>
        <time>2024-10-22T09:41:08+00:00</time>
      </trkpt>
      <trkpt lat="55.66454" lon="14.23846">
        <ele>99</ele>
        <time>2024-10-22T09:41:11+00:00</time>
      </trkpt>
      <trkpt lat="55.66453" lon="14.23775">
        <ele>98</ele>
        <time>2024-10-22T09:41:14+00:00</time>
      </trkpt>
      <trkpt lat="55.66453" lon="14.23732">
        <ele>97</ele>
        <time>2024-10-22T09:41:17+00:00</time>
      </trkpt>
      <trkpt lat="55.66453" lon="14.23653">
        <ele>97</ele>
        <time>2024-10-22T09:41:20+00:00</time>
      </trkpt>
      <trkpt lat="55.66453" lon="14.23608">
        <ele>96</ele>
        <time>2024-10-22T09:41:23+00:00</time>
      </trkpt>
      <trkpt lat="55.66453" lon="14.23519">
        <ele>94</ele>
        <time>2024-10-22T09:41:26+00:00</time>
      </trkpt>
      <trkpt lat="55.66452" lon="14.23478">
        <ele>93</ele>
        <time>2024-10-22T09:41:29+00:00</time>
      </trkpt>
      <trkpt lat="55.6645" lon="14.23415">
        <ele>93</ele>
        <time>2024-10-22T09:41:32+00:00</time>
      </trkpt>
      <trkpt lat="55.6645" lon="14.23375">
        <ele>93</ele>
        <time>2024-10-22T09:41:35+00:00</time>
      </trkpt>
      <trkpt lat="55.66449" lon="14.23336">
        <ele>93</ele>
        <time>2024-10-22T09:41:38+00:00</time>
      </trkpt>
      <trkpt lat="55.6645" lon="14.23273">
        <ele>92</ele>
        <time>2024-10-22T09:41:41+00:00</time>
      </trkpt>
      <trkpt lat="55.6645" lon="14.2326">
        <ele>92</ele>
        <time>2024-10-22T09:41:44+00:00</time>
      </trkpt>
      <trkpt lat="55.66451" lon="14.23247">
        <ele>91</ele>
        <time>2024-10-22T09:41:47+00:00</time>
      </trkpt>
      <trkpt lat="55.66454" lon="14.23236">
        <ele>91</ele>
        <time>2024-10-22T09:41:50+00:00</time>
      </trkpt>
      <trkpt lat="55.66458" lon="14.23228">
        <ele>91</ele>
        <time>2024-10-22T09:41:53+00:00</time>
      </trkpt>
      <trkpt lat="55.66465" lon="14.23222">
        <ele>91</ele>
        <time>2024-10-22T09:41:56+00:00</time>
      </trkpt>
      <trkpt lat="55.66472" lon="14.23218">
        <ele>91</ele>
        <time>2024-10-22T09:41:59+00:00</time>
      </trkpt>
      <trkpt lat="55.6649" lon="14.2321">
        <ele>91</ele>
        <time>2024-10-22T09:42:02+00:00</time>
      </trkpt>
      <trkpt lat="55.66509" lon="14.23204">
        <ele>91</ele>
        <time>2024-10-22T09:42:05+00:00</time>
      </trkpt>
      <trkpt lat="55.66539" lon="14.23197">
        <ele>91</ele>
        <time>2024-10-22T09:42:08+00:00</time>
      </trkpt>
      <trkpt lat="55.66561" lon="14.23194">
        <ele>91</ele>
        <time>2024-10-22T09:42:11+00:00</time>
      </trkpt>
      <trkpt lat="55.66581" lon="14.23189">
        <ele>91</ele>
        <time>2024-10-22T09:42:14+00:00</time>
      </trkpt>
      <trkpt lat="55.66604" lon="14.23183">
        <ele>91</ele>
        <time>2024-10-22T09:42:17+00:00</time>
      </trkpt>
      <trkpt lat="55.66626" lon="14.23176">
        <ele>91</ele>
        <time>2024-10-22T09:42:20+00:00</time>
      </trkpt>
      <trkpt lat="55.66653" lon="14.23166">
        <ele>90</ele>
        <time>2024-10-22T09:42:23+00:00</time>
      </trkpt>
      <trkpt lat="55.66673" lon="14.23158">
        <ele>90</ele>
        <time>2024-10-22T09:42:26+00:00</time>
      </trkpt>
      <trkpt lat="55.66687" lon="14.23152">
        <ele>90</ele>
        <time>2024-10-22T09:42:29+00:00</time>
      </trkpt>
      <trkpt lat="55.66708" lon="14.23143">
        <ele>90</ele>
        <time>2024-10-22T09:42:32+00:00</time>
      </trkpt>
      <trkpt lat="55.66722" lon="14.2314">
        <ele>89</ele>
        <time>2024-10-22T09:42:35+00:00</time>
      </trkpt>
      <trkpt lat="55.6674" lon="14.23138">
        <ele>89</ele>
        <time>2024-10-22T09:42:38+00:00</time>
      </trkpt>
      <trkpt lat="55.66758" lon="14.23139">
        <ele>89</ele>
        <time>2024-10-22T09:42:41+00:00</time>
      </trkpt>
      <trkpt lat="55.6677" lon="14.23141">
        <ele>89</ele>
        <time>2024-10-22T09:42:44+00:00</time>
      </trkpt>
      <trkpt lat="55.66785" lon="14.23144">
        <ele>88</ele>
        <time>2024-10-22T09:42:47+00:00</time>
      </trkpt>
      <trkpt lat="55.66804" lon="14.23149">
        <ele>88</ele>
        <time>2024-10-22T09:42:50+00:00</time>
      </trkpt>
      <trkpt lat="55.66835" lon="14.23154">
        <ele>88</ele>
        <time>2024-10-22T09:42:53+00:00</time>
      </trkpt>
      <trkpt lat="55.66858" lon="14.23159">
        <ele>87</ele>
        <time>2024-10-22T09:42:56+00:00</time>
      </trkpt>
      <trkpt lat="55.66883" lon="14.23163">
        <ele>87</ele>
        <time>2024-10-22T09:42:59+00:00</time>
      </trkpt>
      <trkpt lat="55.66932" lon="14.23169">
        <ele>87</ele>
        <time>2024-10-22T09:43:02+00:00</time>
      </trkpt>
      <trkpt lat="55.66947" lon="14.2317">
        <ele>87</ele>
        <time>2024-10-22T09:43:05+00:00</time>
      </trkpt>
      <trkpt lat="55.66954" lon="14.2317">
        <ele>87</ele>
        <time>2024-10-22T09:43:08+00:00</time>
      </trkpt>
      <trkpt lat="55.66976" lon="14.23167">
        <ele>86</ele>
        <time>2024-10-22T09:43:11+00:00</time>
      </trkpt>
      <trkpt lat="55.66998" lon="14.23161">
        <ele>86</ele>
        <time>2024-10-22T09:43:14+00:00</time>
      </trkpt>
      <trkpt lat="55.67033" lon="14.23147">
        <ele>84</ele>
        <time>2024-10-22T09:43:17+00:00</time>
      </trkpt>
      <trkpt lat="55.67067" lon="14.2313">
        <ele>83</ele>
        <time>2024-10-22T09:43:20+00:00</time>
      </trkpt>
      <trkpt lat="55.67082" lon="14.23126">
        <ele>82</ele>
        <time>2024-10-22T09:43:23+00:00</time>
      </trkpt>
      <trkpt lat="55.67104" lon="14.23122">
        <ele>81</ele>
        <time>2024-10-22T09:43:26+00:00</time>
      </trkpt>
      <trkpt lat="55.67119" lon="14.23121">
        <ele>80</ele>
        <time>2024-10-22T09:43:29+00:00</time>
      </trkpt>
      <trkpt lat="55.67135" lon="14.23123">
        <ele>79</ele>
        <time>2024-10-22T09:43:32+00:00</time>
      </trkpt>
      <trkpt lat="55.6715" lon="14.23126">
        <ele>78</ele>
        <time>2024-10-22T09:43:35+00:00</time>
      </trkpt>
      <trkpt lat="55.67175" lon="14.23134">
        <ele>78</ele>
        <time>2024-10-22T09:43:38+00:00</time>
      </trkpt>
      <trkpt lat="55.67199" lon="14.23146">
        <ele>77</ele>
        <time>2024-10-22T09:43:41+00:00</time>
      </trkpt>
      <trkpt lat="55.67245" lon="14.23167">
        <ele>76</ele>
        <time>2024-10-22T09:43:44+00:00</time>
      </trkpt>
      <trkpt lat="55.67267" lon="14.23176">
        <ele>76</ele>
        <time>2024-10-22T09:43:47+00:00</time>
      </trkpt>
      <trkpt lat="55.673" lon="14.23189">
        <ele>74</ele>
        <time>2024-10-22T09:43:50+00:00</time>
      </trkpt>
      <trkpt lat="55.67318" lon="14.23198">
        <ele>73</ele>
        <time>2024-10-22T09:43:53+00:00</time>
      </trkpt>
      <trkpt lat="55.67337" lon="14.23207">
        <ele>72</ele>
        <time>2024-10-22T09:43:56+00:00</time>
      </trkpt>
      <trkpt lat="55.67351" lon="14.23212">
        <ele>70</ele>
        <time>2024-10-22T09:43:59+00:00</time>
      </trkpt>
      <trkpt lat="55.67358" lon="14.23213">
        <ele>70</ele>
        <time>2024-10-22T09:44:02+00:00</time>
      </trkpt>
      <trkpt lat="55.67373" lon="14.23215">
        <ele>69</ele>
        <time>2024-10-22T09:44:05+00:00</time>
      </trkpt>
      <trkpt lat="55.67396" lon="14.23214">
        <ele>68</ele>
        <time>2024-10-22T09:44:08+00:00</time>
      </trkpt>
      <trkpt lat="55.67419" lon="14.23214">
        <ele>66</ele>
        <time>2024-10-22T09:44:11+00:00</time>
      </trkpt>
      <trkpt lat="55.67452" lon="14.23213">
        <ele>61</ele>
        <time>2024-10-22T09:44:14+00:00</time>
      </trkpt>
      <trkpt lat="55.67481" lon="14.23212">
        <ele>59</ele>
        <time>2024-10-22T09:44:17+00:00</time>
      </trkpt>
      <trkpt lat="55.67488" lon="14.23213">
        <ele>59</ele>
        <time>2024-10-22T09:44:20+00:00</time>
      </trkpt>
      <trkpt lat="55.67495" lon="14.23215">
        <ele>58</ele>
        <time>2024-10-22T09:44:23+00:00</time>
      </trkpt>
      <trkpt lat="55.67502" lon="14.23218">
        <ele>57</ele>
        <time>2024-10-22T09:44:26+00:00</time>
      </trkpt>
      <trkpt lat="55.67523" lon="14.2323">
        <ele>55</ele>
        <time>2024-10-22T09:44:29+00:00</time>
      </trkpt>
      <trkpt lat="55.67549" lon="14.23246">
        <ele>54</ele>
        <time>2024-10-22T09:44:32+00:00</time>
      </trkpt>
      <trkpt lat="55.67578" lon="14.23259">
        <ele>51</ele>
        <time>2024-10-22T09:44:35+00:00</time>
      </trkpt>
      <trkpt lat="55.67584" lon="14.23262">
        <ele>50</ele>
        <time>2024-10-22T09:44:38+00:00</time>
      </trkpt>
      <trkpt lat="55.67599" lon="14.23265">
        <ele>49</ele>
        <time>2024-10-22T09:44:41+00:00</time>
      </trkpt>
      <trkpt lat="55.6762" lon="14.23268">
        <ele>46</ele>
        <time>2024-10-22T09:44:44+00:00</time>
      </trkpt>
      <trkpt lat="55.67627" lon="14.23268">
        <ele>46</ele>
        <time>2024-10-22T09:44:47+00:00</time>
      </trkpt>
      <trkpt lat="55.67643" lon="14.23266">
        <ele>45</ele>
        <time>2024-10-22T09:44:50+00:00</time>
      </trkpt>
      <trkpt lat="55.67663" lon="14.23263">
        <ele>43</ele>
        <time>2024-10-22T09:44:53+00:00</time>
      </trkpt>
      <trkpt lat="55.67685" lon="14.23261">
        <ele>41</ele>
        <time>2024-10-22T09:44:56+00:00</time>
      </trkpt>
      <trkpt lat="55.67707" lon="14.2326">
        <ele>40</ele>
        <time>2024-10-22T09:44:59+00:00</time>
      </trkpt>
      <trkpt lat="55.67714" lon="14.23259">
        <ele>39</ele>
        <time>2024-10-22T09:45:02+00:00</time>
      </trkpt>
      <trkpt lat="55.67729" lon="14.23254">
        <ele>38</ele>
        <time>2024-10-22T09:45:05+00:00</time>
      </trkpt>
      <trkpt lat="55.67765" lon="14.23236">
        <ele>36</ele>
        <time>2024-10-22T09:45:08+00:00</time>
      </trkpt>
      <trkpt lat="55.67779" lon="14.23227">
        <ele>36</ele>
        <time>2024-10-22T09:45:11+00:00</time>
      </trkpt>
      <trkpt lat="55.67786" lon="14.23221">
        <ele>35</ele>
        <time>2024-10-22T09:45:14+00:00</time>
      </trkpt>
      <trkpt lat="55.67805" lon="14.23204">
        <ele>35</ele>
        <time>2024-10-22T09:45:17+00:00</time>
      </trkpt>
      <trkpt lat="55.67838" lon="14.23174">
        <ele>34</ele>
        <time>2024-10-22T09:45:20+00:00</time>
      </trkpt>
      <trkpt lat="55.67845" lon="14.2317">
        <ele>34</ele>
        <time>2024-10-22T09:45:23+00:00</time>
      </trkpt>
      <trkpt lat="55.67852" lon="14.2317">
        <ele>33</ele>
        <time>2024-10-22T09:45:26+00:00</time>
      </trkpt>
      <trkpt lat="55.67857" lon="14.23176">
        <ele>34</ele>
        <time>2024-10-22T09:45:29+00:00</time>
      </trkpt>
      <trkpt lat="55.67859" lon="14.23189">
        <ele>34</ele>
        <time>2024-10-22T09:45:32+00:00</time>
      </trkpt>
      <trkpt lat="55.67861" lon="14.23203">
        <ele>34</ele>
        <time>2024-10-22T09:45:35+00:00</time>
      </trkpt>
      <trkpt lat="55.67861" lon="14.23218">
        <ele>34</ele>
        <time>2024-10-22T09:45:38+00:00</time>
      </trkpt>
      <trkpt lat="55.6786" lon="14.23245">
        <ele>34</ele>
        <time>2024-10-22T09:45:41+00:00</time>
      </trkpt>
      <trkpt lat="55.67859" lon="14.23274">
        <ele>34</ele>
        <time>2024-10-22T09:45:44+00:00</time>
      </trkpt>
      <trkpt lat="55.6786" lon="14.23284">
        <ele>34</ele>
        <time>2024-10-22T09:45:47+00:00</time>
      </trkpt>
      <trkpt lat="55.67863" lon="14.2329">
        <ele>34</ele>
        <time>2024-10-22T09:45:50+00:00</time>
      </trkpt>
      <trkpt lat="55.67869" lon="14.23293">
        <ele>34</ele>
        <time>2024-10-22T09:45:53+00:00</time>
      </trkpt>
      <trkpt lat="55.67879" lon="14.23295">
        <ele>34</ele>
        <time>2024-10-22T09:45:56+00:00</time>
      </trkpt>
      <trkpt lat="55.679" lon="14.23297">
        <ele>33</ele>
        <time>2024-10-22T09:45:59+00:00</time>
      </trkpt>
      <trkpt lat="55.67906" lon="14.23298">
        <ele>33</ele>
        <time>2024-10-22T09:46:02+00:00</time>
      </trkpt>
      <trkpt lat="55.67935" lon="14.23317">
        <ele>32</ele>
        <time>2024-10-22T09:46:05+00:00</time>
      </trkpt>
      <trkpt lat="55.67956" lon="14.23329">
        <ele>31</ele>
        <time>2024-10-22T09:46:08+00:00</time>
      </trkpt>
      <trkpt lat="55.67963" lon="14.23332">
        <ele>30</ele>
        <time>2024-10-22T09:46:11+00:00</time>
      </trkpt>
      <trkpt lat="55.67976" lon="14.23334">
        <ele>30</ele>
        <time>2024-10-22T09:46:14+00:00</time>
      </trkpt>
      <trkpt lat="55.67989" lon="14.23334">
        <ele>29</ele>
        <time>2024-10-22T09:46:17+00:00</time>
      </trkpt>
      <trkpt lat="55.68006" lon="14.23332">
        <ele>28</ele>
        <time>2024-10-22T09:46:20+00:00</time>
      </trkpt>
      <trkpt lat="55.68012" lon="14.23334">
        <ele>27</ele>
        <time>2024-10-22T09:46:23+00:00</time>
      </trkpt>
      <trkpt lat="55.68025" lon="14.23344">
        <ele>26</ele>
        <time>2024-10-22T09:46:26+00:00</time>
      </trkpt>
      <trkpt lat="55.68045" lon="14.23362">
        <ele>24</ele>
        <time>2024-10-22T09:46:29+00:00</time>
      </trkpt>
      <trkpt lat="55.68058" lon="14.23372">
        <ele>23</ele>
        <time>2024-10-22T09:46:32+00:00</time>
      </trkpt>
      <trkpt lat="55.68077" lon="14.23389">
        <ele>21</ele>
        <time>2024-10-22T09:46:35+00:00</time>
      </trkpt>
      <trkpt lat="55.68087" lon="14.23398">
        <ele>20</ele>
        <time>2024-10-22T09:46:38+00:00</time>
      </trkpt>
      <trkpt lat="55.68104" lon="14.23415">
        <ele>18</ele>
        <time>2024-10-22T09:46:41+00:00</time>
      </trkpt>
      <trkpt lat="55.68107" lon="14.23419">
        <ele>18</ele>
        <time>2024-10-22T09:46:44+00:00</time>
      </trkpt>
      <trkpt lat="55.68109" lon="14.23423">
        <ele>18</ele>
        <time>2024-10-22T09:46:47+00:00</time>
      </trkpt>
      <trkpt lat="55.68111" lon="14.23434">
        <ele>17</ele>
        <time>2024-10-22T09:46:50+00:00</time>
      </trkpt>
      <trkpt lat="55.68111" lon="14.23448">
        <ele>16</ele>
        <time>2024-10-22T09:46:53+00:00</time>
      </trkpt>
      <trkpt lat="55.68107" lon="14.2349">
        <ele>15</ele>
        <time>2024-10-22T09:46:56+00:00</time>
      </trkpt>
      <trkpt lat="55.68105" lon="14.2353">
        <ele>15</ele>
        <time>2024-10-22T09:46:59+00:00</time>
      </trkpt>
      <trkpt lat="55.68105" lon="14.23542">
        <ele>15</ele>
        <time>2024-10-22T09:47:02+00:00</time>
      </trkpt>
      <trkpt lat="55.68108" lon="14.23572">
        <ele>15</ele>
        <time>2024-10-22T09:47:05+00:00</time>
      </trkpt>
      <trkpt lat="55.68111" lon="14.23605">
        <ele>15</ele>
        <time>2024-10-22T09:47:08+00:00</time>
      </trkpt>
      <trkpt lat="55.68113" lon="14.23617">
        <ele>15</ele>
        <time>2024-10-22T09:47:11+00:00</time>
      </trkpt>
      <trkpt lat="55.68117" lon="14.2364">
        <ele>14</ele>
        <time>2024-10-22T09:47:14+00:00</time>
      </trkpt>
      <trkpt lat="55.68121" lon="14.23651">
        <ele>14</ele>
        <time>2024-10-22T09:47:17+00:00</time>
      </trkpt>
      <trkpt lat="55.68125" lon="14.23659">
        <ele>14</ele>
        <time>2024-10-22T09:47:20+00:00</time>
      </trkpt>
      <trkpt lat="55.6813" lon="14.23666">
        <ele>13</ele>
        <time>2024-10-22T09:47:23+00:00</time>
      </trkpt>
      <trkpt lat="55.68139" lon="14.23675">
        <ele>13</ele>
        <time>2024-10-22T09:47:26+00:00</time>
      </trkpt>
      <trkpt lat="55.68144" lon="14.23677">
        <ele>12</ele>
        <time>2024-10-22T09:47:29+00:00</time>
      </trkpt>
      <trkpt lat="55.68149" lon="14.23676">
        <ele>12</ele>
        <time>2024-10-22T09:47:32+00:00</time>
      </trkpt>
      <trkpt lat="55.68153" lon="14.23672">
        <ele>12</ele>
        <time>2024-10-22T09:47:35+00:00</time>
      </trkpt>
      <trkpt lat="55.68157" lon="14.23663">
        <ele>12</ele>
        <time>2024-10-22T09:47:38+00:00</time>
      </trkpt>
      <trkpt lat="55.6816" lon="14.23653">
        <ele>12</ele>
        <time>2024-10-22T09:47:41+00:00</time>
      </trkpt>
      <trkpt lat="55.68162" lon="14.23647">
        <ele>12</ele>
        <time>2024-10-22T09:47:44+00:00</time>
      </trkpt>
      <trkpt lat="55.68169" lon="14.23605">
        <ele>12</ele>
        <time>2024-10-22T09:47:47+00:00</time>
      </trkpt>
      <trkpt lat="55.68178" lon="14.23566">
        <ele>13</ele>
        <time>2024-10-22T09:47:50+00:00</time>
      </trkpt>
      <trkpt lat="55.68183" lon="14.23538">
        <ele>13</ele>
        <time>2024-10-22T09:47:53+00:00</time>
      </trkpt>
      <trkpt lat="55.68186" lon="14.23529">
        <ele>13</ele>
        <time>2024-10-22T09:47:56+00:00</time>
      </trkpt>
      <trkpt lat="55.6819" lon="14.23523">
        <ele>13</ele>
        <time>2024-10-22T09:47:59+00:00</time>
      </trkpt>
      <trkpt lat="55.68195" lon="14.23522">
        <ele>13</ele>
        <time>2024-10-22T09:48:02+00:00</time>
      </trkpt>
      <trkpt lat="55.68201" lon="14.23524">
        <ele>13</ele>
        <time>2024-10-22T09:48:05+00:00</time>
      </trkpt>
      <trkpt lat="55.68207" lon="14.23528">
        <ele>13</ele>
        <time>2024-10-22T09:48:08+00:00</time>
      </trkpt>
      <trkpt lat="55.68219" lon="14.23538">
        <ele>13</ele>
        <time>2024-10-22T09:48:11+00:00</time>
      </trkpt>
      <trkpt lat="55.68243" lon="14.23567">
        <ele>14</ele>
        <time>2024-10-22T09:48:14+00:00</time>
      </trkpt>
      <trkpt lat="55.68249" lon="14.23568">
        <ele>14</ele>
        <time>2024-10-22T09:48:17+00:00</time>
      </trkpt>
      <trkpt lat="55.68254" lon="14.23564">
        <ele>14</ele>
        <time>2024-10-22T09:48:20+00:00</time>
      </trkpt>
      <trkpt lat="55.68265" lon="14.23546">
        <ele>14</ele>
        <time>2024-10-22T09:48:23+00:00</time>
      </trkpt>
      <trkpt lat="55.6827" lon="14.23537">
        <ele>14</ele>
        <time>2024-10-22T09:48:26+00:00</time>
      </trkpt>
      <trkpt lat="55.68277" lon="14.23533">
        <ele>14</ele>
        <time>2024-10-22T09:48:29+00:00</time>
      </trkpt>
      <trkpt lat="55.68284" lon="14.23531">
        <ele>14</ele>
        <time>2024-10-22T09:48:32+00:00</time>
      </trkpt>
      <trkpt lat="55.6829" lon="14.23533">
        <ele>15</ele>
        <time>2024-10-22T09:48:35+00:00</time>
      </trkpt>
      <trkpt lat="55.68297" lon="14.23535">
        <ele>15</ele>
        <time>2024-10-22T09:48:38+00:00</time>
      </trkpt>
      <trkpt lat="55.68306" lon="14.23536">
        <ele>15</ele>
        <time>2024-10-22T09:48:41+00:00</time>
      </trkpt>
      <trkpt lat="55.68312" lon="14.23533">
        <ele>15</ele>
        <time>2024-10-22T09:48:44+00:00</time>
      </trkpt>
      <trkpt lat="55.68334" lon="14.23519">
        <ele>15</ele>
        <time>2024-10-22T09:48:47+00:00</time>
      </trkpt>
      <trkpt lat="55.68339" lon="14.23516">
        <ele>15</ele>
        <time>2024-10-22T09:48:50+00:00</time>
      </trkpt>
      <trkpt lat="55.68349" lon="14.23515">
        <ele>15</ele>
        <time>2024-10-22T09:48:53+00:00</time>
      </trkpt>
      <trkpt lat="55.68358" lon="14.23517">
        <ele>15</ele>
        <time>2024-10-22T09:48:56+00:00</time>
      </trkpt>
      <trkpt lat="55.68368" lon="14.23521">
        <ele>14</ele>
        <time>2024-10-22T09:48:59+00:00</time>
      </trkpt>
      <trkpt lat="55.68378" lon="14.23527">
        <ele>14</ele>
        <time>2024-10-22T09:49:02+00:00</time>
      </trkpt>
      <trkpt lat="55.68388" lon="14.23533">
        <ele>13</ele>
        <time>2024-10-22T09:49:05+00:00</time>
      </trkpt>
      <trkpt lat="55.68406" lon="14.23546">
        <ele>12</ele>
        <time>2024-10-22T09:49:08+00:00</time>
      </trkpt>
      <trkpt lat="55.68428" lon="14.23562">
        <ele>10</ele>
        <time>2024-10-22T09:49:11+00:00</time>
      </trkpt>
      <trkpt lat="55.68435" lon="14.23566">
        <ele>10</ele>
        <time>2024-10-22T09:49:14+00:00</time>
      </trkpt>
      <trkpt lat="55.68441" lon="14.23568">
        <ele>10</ele>
        <time>2024-10-22T09:49:17+00:00</time>
      </trkpt>
      <trkpt lat="55.68448" lon="14.23568">
        <ele>10</ele>
        <time>2024-10-22T09:49:20+00:00</time>
      </trkpt>
      <trkpt lat="55.68454" lon="14.23565">
        <ele>9</ele>
        <time>2024-10-22T09:49:23+00:00</time>
      </trkpt>
      <trkpt lat="55.68459" lon="14.2356">
        <ele>10</ele>
        <time>2024-10-22T09:49:26+00:00</time>
      </trkpt>
      <trkpt lat="55.68462" lon="14.23553">
        <ele>10</ele>
        <time>2024-10-22T09:49:29+00:00</time>
      </trkpt>
      <trkpt lat="55.68464" lon="14.23547">
        <ele>10</ele>
        <time>2024-10-22T09:49:32+00:00</time>
      </trkpt>
      <trkpt lat="55.68467" lon="14.23535">
        <ele>10</ele>
        <time>2024-10-22T09:49:35+00:00</time>
      </trkpt>
      <trkpt lat="55.68472" lon="14.23526">
        <ele>10</ele>
        <time>2024-10-22T09:49:38+00:00</time>
      </trkpt>
      <trkpt lat="55.68483" lon="14.23511">
        <ele>10</ele>
        <time>2024-10-22T09:49:41+00:00</time>
      </trkpt>
      <trkpt lat="55.68494" lon="14.23499">
        <ele>10</ele>
        <time>2024-10-22T09:49:44+00:00</time>
      </trkpt>
      <trkpt lat="55.68503" lon="14.23487">
        <ele>10</ele>
        <time>2024-10-22T09:49:47+00:00</time>
      </trkpt>
      <trkpt lat="55.68515" lon="14.23474">
        <ele>9</ele>
        <time>2024-10-22T09:49:50+00:00</time>
      </trkpt>
      <trkpt lat="55.68528" lon="14.23461">
        <ele>8</ele>
        <time>2024-10-22T09:49:53+00:00</time>
      </trkpt>
      <trkpt lat="55.68534" lon="14.23453">
        <ele>7</ele>
        <time>2024-10-22T09:49:56+00:00</time>
      </trkpt>
      <trkpt lat="55.68539" lon="14.23444">
        <ele>8</ele>
        <time>2024-10-22T09:49:59+00:00</time>
      </trkpt>
      <trkpt lat="55.68543" lon="14.23433">
        <ele>7</ele>
        <time>2024-10-22T09:50:02+00:00</time>
      </trkpt>
      <trkpt lat="55.68546" lon="14.2342">
        <ele>7</ele>
        <time>2024-10-22T09:50:05+00:00</time>
      </trkpt>
      <trkpt lat="55.68549" lon="14.23401">
        <ele>7</ele>
        <time>2024-10-22T09:50:08+00:00</time>
      </trkpt>
      <trkpt lat="55.68552" lon="14.23374">
        <ele>7</ele>
        <time>2024-10-22T09:50:11+00:00</time>
      </trkpt>
      <trkpt lat="55.68554" lon="14.23343">
        <ele>7</ele>
        <time>2024-10-22T09:50:14+00:00</time>
      </trkpt>
      <trkpt lat="55.68557" lon="14.23318">
        <ele>7</ele>
        <time>2024-10-22T09:50:17+00:00</time>
      </trkpt>
      <trkpt lat="55.68558" lon="14.23291">
        <ele>7</ele>
        <time>2024-10-22T09:50:20+00:00</time>
      </trkpt>
      <trkpt lat="55.68559" lon="14.23239">
        <ele>7</ele>
        <time>2024-10-22T09:50:23+00:00</time>
      </trkpt>
      <trkpt lat="55.68561" lon="14.23213">
        <ele>6</ele>
        <time>2024-10-22T09:50:26+00:00</time>
      </trkpt>
      <trkpt lat="55.68564" lon="14.23182">
        <ele>6</ele>
        <time>2024-10-22T09:50:29+00:00</time>
      </trkpt>
      <trkpt lat="55.68568" lon="14.23151">
        <ele>6</ele>
        <time>2024-10-22T09:50:32+00:00</time>
      </trkpt>
      <trkpt lat="55.6857" lon="14.23139">
        <ele>5</ele>
        <time>2024-10-22T09:50:35+00:00</time>
      </trkpt>
      <trkpt lat="55.68574" lon="14.2312">
        <ele>5</ele>
        <time>2024-10-22T09:50:38+00:00</time>
      </trkpt>
      <trkpt lat="55.6858" lon="14.23103">
        <ele>5</ele>
        <time>2024-10-22T09:50:41+00:00</time>
      </trkpt>
      <trkpt lat="55.6859" lon="14.23083">
        <ele>5</ele>
        <time>2024-10-22T09:50:44+00:00</time>
      </trkpt>
      <trkpt lat="55.68599" lon="14.23064">
        <ele>4</ele>
        <time>2024-10-22T09:50:47+00:00</time>
      </trkpt>
      <trkpt lat="55.68609" lon="14.2305">
        <ele>4</ele>
        <time>2024-10-22T09:50:50+00:00</time>
      </trkpt>
      <trkpt lat="55.68613" lon="14.23044">
        <ele>3</ele>
        <time>2024-10-22T09:50:53+00:00</time>
      </trkpt>
      <trkpt lat="55.68623" lon="14.2302">
        <ele>3</ele>
        <time>2024-10-22T09:50:56+00:00</time>
      </trkpt>
      <trkpt lat="55.68631" lon="14.23005">
        <ele>3</ele>
        <time>2024-10-22T09:50:59+00:00</time>
      </trkpt>
      <trkpt lat="55.68636" lon="14.22996">
        <ele>3</ele>
        <time>2024-10-22T09:51:02+00:00</time>
      </trkpt>
      <trkpt lat="55.68646" lon="14.22979">
        <ele>3</ele>
        <time>2024-10-22T09:51:05+00:00</time>
      </trkpt>
      <trkpt lat="55.68657" lon="14.22961">
        <ele>3</ele>
        <time>2024-10-22T09:51:08+00:00</time>
      </trkpt>
      <trkpt lat="55.68668" lon="14.22943">
        <ele>3</ele>
        <time>2024-10-22T09:51:11+00:00</time>
      </trkpt>
      <trkpt lat="55.68674" lon="14.22935">
        <ele>3</ele>
        <time>2024-10-22T09:51:14+00:00</time>
      </trkpt>
      <trkpt lat="55.68686" lon="14.22921">
        <ele>2</ele>
        <time>2024-10-22T09:51:17+00:00</time>
      </trkpt>
      <trkpt lat="55.68703" lon="14.22896">
        <ele>1</ele>
        <time>2024-10-22T09:51:20+00:00</time>
      </trkpt>
      <trkpt lat="55.68721" lon="14.22873">
        <ele>1</ele>
        <time>2024-10-22T09:51:23+00:00</time>
      </trkpt>
      <trkpt lat="55.68729" lon="14.22859">
        <ele>1</ele>
        <time>2024-10-22T09:51:26+00:00</time>
      </trkpt>
      <trkpt lat="55.68736" lon="14.22844">
        <ele>1</ele>
        <time>2024-10-22T09:51:29+00:00</time>
      </trkpt>
      <trkpt lat="55.6874" lon="14.22834">
        <ele>1</ele>
        <time>2024-10-22T09:51:32+00:00</time>
      </trkpt>
      <trkpt lat="55.68743" lon="14.22824">
        <ele>0</ele>
        <time>2024-10-22T09:51:35+00:00</time>
      </trkpt>
      <trkpt lat="55.68743" lon="14.22813">
        <ele>1</ele>
        <time>2024-10-22T09:51:38+00:00</time>
      </trkpt>
      <trkpt lat="55.68742" lon="14.22801">
        <ele>1</ele>
        <time>2024-10-22T09:51:41+00:00</time>
      </trkpt>
      <trkpt lat="55.68739" lon="14.2279">
        <ele>1</ele>
        <time>2024-10-22T09:51:44+00:00</time>
      </trkpt>
      <trkpt lat="55.68734" lon="14.22781">
        <ele>1</ele>
        <time>2024-10-22T09:51:47+00:00</time>
      </trkpt>
      <trkpt lat="55.68716" lon="14.22757">
        <ele>3</ele>
        <time>2024-10-22T09:51:50+00:00</time>
      </trkpt>
      <trkpt lat="55.68711" lon="14.22749">
        <ele>3</ele>
        <time>2024-10-22T09:51:53+00:00</time>
      </trkpt>
      <trkpt lat="55.68709" lon="14.22741">
        <ele>3</ele>
        <time>2024-10-22T09:51:56+00:00</time>
      </trkpt>
      <trkpt lat="55.68709" lon="14.22735">
        <ele>3</ele>
        <time>2024-10-22T09:51:59+00:00</time>
      </trkpt>
      <trkpt lat="55.68711" lon="14.2273">
        <ele>3</ele>
        <time>2024-10-22T09:52:02+00:00</time>
      </trkpt>
      <trkpt lat="55.68713" lon="14.22725">
        <ele>3</ele>
        <time>2024-10-22T09:52:05+00:00</time>
      </trkpt>
      <trkpt lat="55.68714" lon="14.22717">
        <ele>3</ele>
        <time>2024-10-22T09:52:08+00:00</time>
      </trkpt>
      <trkpt lat="55.68713" lon="14.22701">
        <ele>3</ele>
        <time>2024-10-22T09:52:11+00:00</time>
      </trkpt>
      <trkpt lat="55.6871" lon="14.2269">
        <ele>4</ele>
        <time>2024-10-22T09:52:14+00:00</time>
      </trkpt>
      <trkpt lat="55.68706" lon="14.22679">
        <ele>4</ele>
        <time>2024-10-22T09:52:17+00:00</time>
      </trkpt>
      <trkpt lat="55.6869" lon="14.22647">
        <ele>5</ele>
        <time>2024-10-22T09:52:20+00:00</time>
      </trkpt>
      <trkpt lat="55.68685" lon="14.22638">
        <ele>6</ele>
        <time>2024-10-22T09:52:23+00:00</time>
      </trkpt>
      <trkpt lat="55.68674" lon="14.22621">
        <ele>6</ele>
        <time>2024-10-22T09:52:26+00:00</time>
      </trkpt>
      <trkpt lat="55.6867" lon="14.22612">
        <ele>7</ele>
        <time>2024-10-22T09:52:29+00:00</time>
      </trkpt>
      <trkpt lat="55.68668" lon="14.22601">
        <ele>7</ele>
        <time>2024-10-22T09:52:32+00:00</time>
      </trkpt>
      <trkpt lat="55.68669" lon="14.2259">
        <ele>7</ele>
        <time>2024-10-22T09:52:35+00:00</time>
      </trkpt>
      <trkpt lat="55.68673" lon="14.22579">
        <ele>7</ele>
        <time>2024-10-22T09:52:38+00:00</time>
      </trkpt>
      <trkpt lat="55.68677" lon="14.22568">
        <ele>7</ele>
        <time>2024-10-22T09:52:41+00:00</time>
      </trkpt>
      <trkpt lat="55.68687" lon="14.22546">
        <ele>7</ele>
        <time>2024-10-22T09:52:44+00:00</time>
      </trkpt>
      <trkpt lat="55.68703" lon="14.22518">
        <ele>7</ele>
        <time>2024-10-22T09:52:47+00:00</time>
      </trkpt>
      <trkpt lat="55.68714" lon="14.22493">
        <ele>6</ele>
        <time>2024-10-22T09:52:50+00:00</time>
      </trkpt>
      <trkpt lat="55.68721" lon="14.2248">
        <ele>6</ele>
        <time>2024-10-22T09:52:53+00:00</time>
      </trkpt>
      <trkpt lat="55.68724" lon="14.2247">
        <ele>6</ele>
        <time>2024-10-22T09:52:56+00:00</time>
      </trkpt>
      <trkpt lat="55.68725" lon="14.22448">
        <ele>7</ele>
        <time>2024-10-22T09:52:59+00:00</time>
      </trkpt>
      <trkpt lat="55.68726" lon="14.22435">
        <ele>7</ele>
        <time>2024-10-22T09:53:02+00:00</time>
      </trkpt>
      <trkpt lat="55.6873" lon="14.22414">
        <ele>7</ele>
        <time>2024-10-22T09:53:05+00:00</time>
      </trkpt>
      <trkpt lat="55.6873" lon="14.22403">
        <ele>7</ele>
        <time>2024-10-22T09:53:08+00:00</time>
      </trkpt>
      <trkpt lat="55.68729" lon="14.22392">
        <ele>8</ele>
        <time>2024-10-22T09:53:11+00:00</time>
      </trkpt>
      <trkpt lat="55.68726" lon="14.22381">
        <ele>8</ele>
        <time>2024-10-22T09:53:14+00:00</time>
      </trkpt>
      <trkpt lat="55.68721" lon="14.22371">
        <ele>8</ele>
        <time>2024-10-22T09:53:17+00:00</time>
      </trkpt>
      <trkpt lat="55.68717" lon="14.22359">
        <ele>10</ele>
        <time>2024-10-22T09:53:20+00:00</time>
      </trkpt>
      <trkpt lat="55.68715" lon="14.22347">
        <ele>10</ele>
        <time>2024-10-22T09:53:23+00:00</time>
      </trkpt>
      <trkpt lat="55.68714" lon="14.22325">
        <ele>10</ele>
        <time>2024-10-22T09:53:26+00:00</time>
      </trkpt>
      <trkpt lat="55.68713" lon="14.22301">
        <ele>11</ele>
        <time>2024-10-22T09:53:29+00:00</time>
      </trkpt>
      <trkpt lat="55.68715" lon="14.2229">
        <ele>12</ele>
        <time>2024-10-22T09:53:32+00:00</time>
      </trkpt>
      <trkpt lat="55.68718" lon="14.2228">
        <ele>12</ele>
        <time>2024-10-22T09:53:35+00:00</time>
      </trkpt>
      <trkpt lat="55.68724" lon="14.22275">
        <ele>11</ele>
        <time>2024-10-22T09:53:38+00:00</time>
      </trkpt>
      <trkpt lat="55.68732" lon="14.22274">
        <ele>11</ele>
        <time>2024-10-22T09:53:41+00:00</time>
      </trkpt>
      <trkpt lat="55.6874" lon="14.22276">
        <ele>11</ele>
        <time>2024-10-22T09:53:44+00:00</time>
      </trkpt>
      <trkpt lat="55.68769" lon="14.22288">
        <ele>8</ele>
        <time>2024-10-22T09:53:47+00:00</time>
      </trkpt>
      <trkpt lat="55.68775" lon="14.22294">
        <ele>8</ele>
        <time>2024-10-22T09:53:50+00:00</time>
      </trkpt>
      <trkpt lat="55.68779" lon="14.22304">
        <ele>7</ele>
        <time>2024-10-22T09:53:53+00:00</time>
      </trkpt>
      <trkpt lat="55.68782" lon="14.22316">
        <ele>7</ele>
        <time>2024-10-22T09:53:56+00:00</time>
      </trkpt>
      <trkpt lat="55.68789" lon="14.22371">
        <ele>5</ele>
        <time>2024-10-22T09:53:59+00:00</time>
      </trkpt>
      <trkpt lat="55.68791" lon="14.22384">
        <ele>5</ele>
        <time>2024-10-22T09:54:02+00:00</time>
      </trkpt>
      <trkpt lat="55.68796" lon="14.22395">
        <ele>5</ele>
        <time>2024-10-22T09:54:05+00:00</time>
      </trkpt>
      <trkpt lat="55.68801" lon="14.22404">
        <ele>5</ele>
        <time>2024-10-22T09:54:08+00:00</time>
      </trkpt>
      <trkpt lat="55.68808" lon="14.2241">
        <ele>5</ele>
        <time>2024-10-22T09:54:11+00:00</time>
      </trkpt>
      <trkpt lat="55.68814" lon="14.22412">
        <ele>5</ele>
        <time>2024-10-22T09:54:14+00:00</time>
      </trkpt>
      <trkpt lat="55.6882" lon="14.22408">
        <ele>5</ele>
        <time>2024-10-22T09:54:17+00:00</time>
      </trkpt>
      <trkpt lat="55.68826" lon="14.224">
        <ele>5</ele>
        <time>2024-10-22T09:54:20+00:00</time>
      </trkpt>
      <trkpt lat="55.68841" lon="14.22378">
        <ele>5</ele>
        <time>2024-10-22T09:54:23+00:00</time>
      </trkpt>
      <trkpt lat="55.68847" lon="14.22369">
        <ele>5</ele>
        <time>2024-10-22T09:54:26+00:00</time>
      </trkpt>
      <trkpt lat="55.6886" lon="14.22354">
        <ele>5</ele>
        <time>2024-10-22T09:54:29+00:00</time>
      </trkpt>
      <trkpt lat="55.68887" lon="14.22323">
        <ele>5</ele>
        <time>2024-10-22T09:54:32+00:00</time>
      </trkpt>
      <trkpt lat="55.68911" lon="14.22293">
        <ele>5</ele>
        <time>2024-10-22T09:54:35+00:00</time>
      </trkpt>
      <trkpt lat="55.68926" lon="14.22272">
        <ele>5</ele>
        <time>2024-10-22T09:54:38+00:00</time>
      </trkpt>
      <trkpt lat="55.68942" lon="14.2225">
        <ele>4</ele>
        <time>2024-10-22T09:54:41+00:00</time>
      </trkpt>
      <trkpt lat="55.68957" lon="14.22232">
        <ele>4</ele>
        <time>2024-10-22T09:54:44+00:00</time>
      </trkpt>
      <trkpt lat="55.68974" lon="14.22208">
        <ele>4</ele>
        <time>2024-10-22T09:54:47+00:00</time>
      </trkpt>
      <trkpt lat="55.68992" lon="14.22187">
        <ele>4</ele>
        <time>2024-10-22T09:54:50+00:00</time>
      </trkpt>
      <trkpt lat="55.69016" lon="14.22158">
        <ele>4</ele>
        <time>2024-10-22T09:54:53+00:00</time>
      </trkpt>
      <trkpt lat="55.69022" lon="14.2215">
        <ele>4</ele>
        <time>2024-10-22T09:54:56+00:00</time>
      </trkpt>
      <trkpt lat="55.69027" lon="14.22142">
        <ele>4</ele>
        <time>2024-10-22T09:54:59+00:00</time>
      </trkpt>
      <trkpt lat="55.69042" lon="14.22116">
        <ele>4</ele>
        <time>2024-10-22T09:55:02+00:00</time>
      </trkpt>
      <trkpt lat="55.69065" lon="14.22072">
        <ele>4</ele>
        <time>2024-10-22T09:55:05+00:00</time>
      </trkpt>
      <trkpt lat="55.69082" lon="14.22031">
        <ele>4</ele>
        <time>2024-10-22T09:55:08+00:00</time>
      </trkpt>
      <trkpt lat="55.69093" lon="14.22001">
        <ele>5</ele>
        <time>2024-10-22T09:55:11+00:00</time>
      </trkpt>
      <trkpt lat="55.69107" lon="14.21965">
        <ele>6</ele>
        <time>2024-10-22T09:55:14+00:00</time>
      </trkpt>
      <trkpt lat="55.69111" lon="14.21955">
        <ele>5</ele>
        <time>2024-10-22T09:55:17+00:00</time>
      </trkpt>
      <trkpt lat="55.69116" lon="14.21945">
        <ele>6</ele>
        <time>2024-10-22T09:55:20+00:00</time>
      </trkpt>
      <trkpt lat="55.69126" lon="14.21928">
        <ele>6</ele>
        <time>2024-10-22T09:55:23+00:00</time>
      </trkpt>
      <trkpt lat="55.69144" lon="14.21903">
        <ele>5</ele>
        <time>2024-10-22T09:55:26+00:00</time>
      </trkpt>
      <trkpt lat="55.69159" lon="14.21883">
        <ele>5</ele>
        <time>2024-10-22T09:55:29+00:00</time>
      </trkpt>
      <trkpt lat="55.69179" lon="14.2186">
        <ele>5</ele>
        <time>2024-10-22T09:55:32+00:00</time>
      </trkpt>
      <trkpt lat="55.69211" lon="14.2182">
        <ele>5</ele>
        <time>2024-10-22T09:55:35+00:00</time>
      </trkpt>
      <trkpt lat="55.69217" lon="14.21812">
        <ele>4</ele>
        <time>2024-10-22T09:55:38+00:00</time>
      </trkpt>
      <trkpt lat="55.69222" lon="14.21803">
        <ele>4</ele>
        <time>2024-10-22T09:55:41+00:00</time>
      </trkpt>
      <trkpt lat="55.69223" lon="14.21794">
        <ele>5</ele>
        <time>2024-10-22T09:55:44+00:00</time>
      </trkpt>
      <trkpt lat="55.69223" lon="14.21784">
        <ele>5</ele>
        <time>2024-10-22T09:55:47+00:00</time>
      </trkpt>
      <trkpt lat="55.69218" lon="14.21755">
        <ele>7</ele>
        <time>2024-10-22T09:55:50+00:00</time>
      </trkpt>
      <trkpt lat="55.69213" lon="14.21725">
        <ele>9</ele>
        <time>2024-10-22T09:55:53+00:00</time>
      </trkpt>
      <trkpt lat="55.69211" lon="14.21712">
        <ele>9</ele>
        <time>2024-10-22T09:55:56+00:00</time>
      </trkpt>
      <trkpt lat="55.69206" lon="14.21676">
        <ele>13</ele>
        <time>2024-10-22T09:55:59+00:00</time>
      </trkpt>
      <trkpt lat="55.69206" lon="14.21667">
        <ele>13</ele>
        <time>2024-10-22T09:56:02+00:00</time>
      </trkpt>
      <trkpt lat="55.69206" lon="14.21663">
        <ele>13</ele>
        <time>2024-10-22T09:56:05+00:00</time>
      </trkpt>
      <trkpt lat="55.69207" lon="14.21658">
        <ele>14</ele>
        <time>2024-10-22T09:56:08+00:00</time>
      </trkpt>
      <trkpt lat="55.69214" lon="14.21635">
        <ele>14</ele>
        <time>2024-10-22T09:56:11+00:00</time>
      </trkpt>
      <trkpt lat="55.69221" lon="14.21601">
        <ele>15</ele>
        <time>2024-10-22T09:56:14+00:00</time>
      </trkpt>
      <trkpt lat="55.69229" lon="14.2157">
        <ele>17</ele>
        <time>2024-10-22T09:56:17+00:00</time>
      </trkpt>
      <trkpt lat="55.69231" lon="14.21552">
        <ele>17</ele>
        <time>2024-10-22T09:56:20+00:00</time>
      </trkpt>
      <trkpt lat="55.69231" lon="14.21532">
        <ele>18</ele>
        <time>2024-10-22T09:56:23+00:00</time>
      </trkpt>
      <trkpt lat="55.69233" lon="14.21514">
        <ele>19</ele>
        <time>2024-10-22T09:56:26+00:00</time>
      </trkpt>
      <trkpt lat="55.69235" lon="14.21504">
        <ele>20</ele>
        <time>2024-10-22T09:56:29+00:00</time>
      </trkpt>
      <trkpt lat="55.69238" lon="14.21495">
        <ele>21</ele>
        <time>2024-10-22T09:56:32+00:00</time>
      </trkpt>
      <trkpt lat="55.69241" lon="14.21485">
        <ele>21</ele>
        <time>2024-10-22T09:56:35+00:00</time>
      </trkpt>
      <trkpt lat="55.69245" lon="14.21477">
        <ele>19</ele>
        <time>2024-10-22T09:56:38+00:00</time>
      </trkpt>
      <trkpt lat="55.6925" lon="14.21471">
        <ele>21</ele>
        <time>2024-10-22T09:56:41+00:00</time>
      </trkpt>
      <trkpt lat="55.69256" lon="14.21467">
        <ele>21</ele>
        <time>2024-10-22T09:56:44+00:00</time>
      </trkpt>
      <trkpt lat="55.69276" lon="14.21457">
        <ele>19</ele>
        <time>2024-10-22T09:56:47+00:00</time>
      </trkpt>
      <trkpt lat="55.69282" lon="14.21452">
        <ele>17</ele>
        <time>2024-10-22T09:56:50+00:00</time>
      </trkpt>
      <trkpt lat="55.69287" lon="14.21446">
        <ele>18</ele>
        <time>2024-10-22T09:56:53+00:00</time>
      </trkpt>
      <trkpt lat="55.69293" lon="14.21439">
        <ele>17</ele>
        <time>2024-10-22T09:56:56+00:00</time>
      </trkpt>
      <trkpt lat="55.69299" lon="14.21426">
        <ele>18</ele>
        <time>2024-10-22T09:56:59+00:00</time>
      </trkpt>
      <trkpt lat="55.69302" lon="14.21422">
        <ele>16</ele>
        <time>2024-10-22T09:57:02+00:00</time>
      </trkpt>
      <trkpt lat="55.69304" lon="14.21413">
        <ele>17</ele>
        <time>2024-10-22T09:57:05+00:00</time>
      </trkpt>
      <trkpt lat="55.69304" lon="14.21404">
        <ele>18</ele>
        <time>2024-10-22T09:57:08+00:00</time>
      </trkpt>
      <trkpt lat="55.69302" lon="14.21395">
        <ele>18</ele>
        <time>2024-10-22T09:57:11+00:00</time>
      </trkpt>
      <trkpt lat="55.69296" lon="14.21375">
        <ele>20</ele>
        <time>2024-10-22T09:57:14+00:00</time>
      </trkpt>
      <trkpt lat="55.69294" lon="14.21364">
        <ele>21</ele>
        <time>2024-10-22T09:57:17+00:00</time>
      </trkpt>
      <trkpt lat="55.69293" lon="14.21353">
        <ele>21</ele>
        <time>2024-10-22T09:57:20+00:00</time>
      </trkpt>
      <trkpt lat="55.69292" lon="14.21331">
        <ele>22</ele>
        <time>2024-10-22T09:57:23+00:00</time>
      </trkpt>
      <trkpt lat="55.69292" lon="14.2132">
        <ele>22</ele>
        <time>2024-10-22T09:57:26+00:00</time>
      </trkpt>
      <trkpt lat="55.69293" lon="14.21308">
        <ele>22</ele>
        <time>2024-10-22T09:57:29+00:00</time>
      </trkpt>
      <trkpt lat="55.69297" lon="14.21286">
        <ele>23</ele>
        <time>2024-10-22T09:57:32+00:00</time>
      </trkpt>
      <trkpt lat="55.693" lon="14.21263">
        <ele>23</ele>
        <time>2024-10-22T09:57:35+00:00</time>
      </trkpt>
      <trkpt lat="55.69302" lon="14.21253">
        <ele>23</ele>
        <time>2024-10-22T09:57:38+00:00</time>
      </trkpt>
      <trkpt lat="55.69308" lon="14.21222">
        <ele>23</ele>
        <time>2024-10-22T09:57:41+00:00</time>
      </trkpt>
      <trkpt lat="55.69311" lon="14.21213">
        <ele>23</ele>
        <time>2024-10-22T09:57:44+00:00</time>
      </trkpt>
      <trkpt lat="55.69315" lon="14.21205">
        <ele>23</ele>
        <time>2024-10-22T09:57:47+00:00</time>
      </trkpt>
      <trkpt lat="55.6932" lon="14.212">
        <ele>23</ele>
        <time>2024-10-22T09:57:50+00:00</time>
      </trkpt>
      <trkpt lat="55.69329" lon="14.21192">
        <ele>23</ele>
        <time>2024-10-22T09:57:53+00:00</time>
      </trkpt>
      <trkpt lat="55.69337" lon="14.21184">
        <ele>23</ele>
        <time>2024-10-22T09:57:56+00:00</time>
      </trkpt>
      <trkpt lat="55.69341" lon="14.21182">
        <ele>23</ele>
        <time>2024-10-22T09:57:59+00:00</time>
      </trkpt>
      <trkpt lat="55.69354" lon="14.21177">
        <ele>23</ele>
        <time>2024-10-22T09:58:02+00:00</time>
      </trkpt>
      <trkpt lat="55.69359" lon="14.21175">
        <ele>23</ele>
        <time>2024-10-22T09:58:05+00:00</time>
      </trkpt>
      <trkpt lat="55.69363" lon="14.21171">
        <ele>23</ele>
        <time>2024-10-22T09:58:08+00:00</time>
      </trkpt>
      <trkpt lat="55.69379" lon="14.2115">
        <ele>24</ele>
        <time>2024-10-22T09:58:11+00:00</time>
      </trkpt>
      <trkpt lat="55.69405" lon="14.21117">
        <ele>24</ele>
        <time>2024-10-22T09:58:14+00:00</time>
      </trkpt>
      <trkpt lat="55.69411" lon="14.21112">
        <ele>23</ele>
        <time>2024-10-22T09:58:17+00:00</time>
      </trkpt>
      <trkpt lat="55.69417" lon="14.21108">
        <ele>23</ele>
        <time>2024-10-22T09:58:20+00:00</time>
      </trkpt>
      <trkpt lat="55.69434" lon="14.21101">
        <ele>23</ele>
        <time>2024-10-22T09:58:23+00:00</time>
      </trkpt>
      <trkpt lat="55.69458" lon="14.21091">
        <ele>22</ele>
        <time>2024-10-22T09:58:26+00:00</time>
      </trkpt>
      <trkpt lat="55.69481" lon="14.21079">
        <ele>22</ele>
        <time>2024-10-22T09:58:29+00:00</time>
      </trkpt>
      <trkpt lat="55.69524" lon="14.21057">
        <ele>22</ele>
        <time>2024-10-22T09:58:32+00:00</time>
      </trkpt>
      <trkpt lat="55.69543" lon="14.21047">
        <ele>22</ele>
        <time>2024-10-22T09:58:35+00:00</time>
      </trkpt>
      <trkpt lat="55.69566" lon="14.21036">
        <ele>22</ele>
        <time>2024-10-22T09:58:38+00:00</time>
      </trkpt>
      <trkpt lat="55.69583" lon="14.21028">
        <ele>23</ele>
        <time>2024-10-22T09:58:41+00:00</time>
      </trkpt>
      <trkpt lat="55.69595" lon="14.21025">
        <ele>23</ele>
        <time>2024-10-22T09:58:44+00:00</time>
      </trkpt>
      <trkpt lat="55.69601" lon="14.21022">
        <ele>23</ele>
        <time>2024-10-22T09:58:47+00:00</time>
      </trkpt>
      <trkpt lat="55.69607" lon="14.21017">
        <ele>24</ele>
        <time>2024-10-22T09:58:50+00:00</time>
      </trkpt>
      <trkpt lat="55.69611" lon="14.21012">
        <ele>24</ele>
        <time>2024-10-22T09:58:53+00:00</time>
      </trkpt>
      <trkpt lat="55.69615" lon="14.21007">
        <ele>24</ele>
        <time>2024-10-22T09:58:56+00:00</time>
      </trkpt>
      <trkpt lat="55.69625" lon="14.21002">
        <ele>25</ele>
        <time>2024-10-22T09:58:59+00:00</time>
      </trkpt>
      <trkpt lat="55.69633" lon="14.21">
        <ele>25</ele>
        <time>2024-10-22T09:59:02+00:00</time>
      </trkpt>
      <trkpt lat="55.69636" lon="14.21">
        <ele>25</ele>
        <time>2024-10-22T09:59:05+00:00</time>
      </trkpt>
      <trkpt lat="55.69642" lon="14.21002">
        <ele>25</ele>
        <time>2024-10-22T09:59:08+00:00</time>
      </trkpt>
      <trkpt lat="55.69648" lon="14.21006">
        <ele>25</ele>
        <time>2024-10-22T09:59:11+00:00</time>
      </trkpt>
      <trkpt lat="55.69658" lon="14.21016">
        <ele>25</ele>
        <time>2024-10-22T09:59:14+00:00</time>
      </trkpt>
      <trkpt lat="55.69663" lon="14.21019">
        <ele>24</ele>
        <time>2024-10-22T09:59:17+00:00</time>
      </trkpt>
      <trkpt lat="55.69669" lon="14.2102">
        <ele>23</ele>
        <time>2024-10-22T09:59:20+00:00</time>
      </trkpt>
      <trkpt lat="55.69673" lon="14.21019">
        <ele>22</ele>
        <time>2024-10-22T09:59:23+00:00</time>
      </trkpt>
      <trkpt lat="55.69677" lon="14.21017">
        <ele>22</ele>
        <time>2024-10-22T09:59:26+00:00</time>
      </trkpt>
      <trkpt lat="55.69681" lon="14.21013">
        <ele>21</ele>
        <time>2024-10-22T09:59:29+00:00</time>
      </trkpt>
      <trkpt lat="55.69684" lon="14.21008">
        <ele>22</ele>
        <time>2024-10-22T09:59:32+00:00</time>
      </trkpt>
      <trkpt lat="55.69692" lon="14.20992">
        <ele>22</ele>
        <time>2024-10-22T09:59:35+00:00</time>
      </trkpt>
      <trkpt lat="55.69694" lon="14.20987">
        <ele>21</ele>
        <time>2024-10-22T09:59:38+00:00</time>
      </trkpt>
      <trkpt lat="55.69697" lon="14.2097">
        <ele>22</ele>
        <time>2024-10-22T09:59:41+00:00</time>
      </trkpt>
      <trkpt lat="55.697" lon="14.20957">
        <ele>23</ele>
        <time>2024-10-22T09:59:44+00:00</time>
      </trkpt>
      <trkpt lat="55.69704" lon="14.20938">
        <ele>23</ele>
        <time>2024-10-22T09:59:47+00:00</time>
      </trkpt>
      <trkpt lat="55.6971" lon="14.2091">
        <ele>23</ele>
        <time>2024-10-22T09:59:50+00:00</time>
      </trkpt>
      <trkpt lat="55.69715" lon="14.20879">
        <ele>26</ele>
        <time>2024-10-22T09:59:53+00:00</time>
      </trkpt>
      <trkpt lat="55.69717" lon="14.20857">
        <ele>26</ele>
        <time>2024-10-22T09:59:56+00:00</time>
      </trkpt>
      <trkpt lat="55.69719" lon="14.20846">
        <ele>27</ele>
        <time>2024-10-22T09:59:59+00:00</time>
      </trkpt>
      <trkpt lat="55.69724" lon="14.20816">
        <ele>27</ele>
        <time>2024-10-22T10:00:02+00:00</time>
      </trkpt>
      <trkpt lat="55.69726" lon="14.20808">
        <ele>28</ele>
        <time>2024-10-22T10:00:05+00:00</time>
      </trkpt>
      <trkpt lat="55.6973" lon="14.20801">
        <ele>27</ele>
        <time>2024-10-22T10:00:08+00:00</time>
      </trkpt>
      <trkpt lat="55.69735" lon="14.20796">
        <ele>27</ele>
        <time>2024-10-22T10:00:11+00:00</time>
      </trkpt>
      <trkpt lat="55.69749" lon="14.20783">
        <ele>25</ele>
        <time>2024-10-22T10:00:14+00:00</time>
      </trkpt>
      <trkpt lat="55.69769" lon="14.20763">
        <ele>23</ele>
        <time>2024-10-22T10:00:17+00:00</time>
      </trkpt>
      <trkpt lat="55.69774" lon="14.20758">
        <ele>21</ele>
        <time>2024-10-22T10:00:20+00:00</time>
      </trkpt>
      <trkpt lat="55.69779" lon="14.20756">
        <ele>21</ele>
        <time>2024-10-22T10:00:23+00:00</time>
      </trkpt>
      <trkpt lat="55.69782" lon="14.20758">
        <ele>20</ele>
        <time>2024-10-22T10:00:26+00:00</time>
      </trkpt>
      <trkpt lat="55.69784" lon="14.20764">
        <ele>20</ele>
        <time>2024-10-22T10:00:29+00:00</time>
      </trkpt>
      <trkpt lat="55.69787" lon="14.20779">
        <ele>20</ele>
        <time>2024-10-22T10:00:32+00:00</time>
      </trkpt>
      <trkpt lat="55.69788" lon="14.20796">
        <ele>19</ele>
        <time>2024-10-22T10:00:35+00:00</time>
      </trkpt>
      <trkpt lat="55.6979" lon="14.20804">
        <ele>17</ele>
        <time>2024-10-22T10:00:38+00:00</time>
      </trkpt>
      <trkpt lat="55.69791" lon="14.20815">
        <ele>17</ele>
        <time>2024-10-22T10:00:41+00:00</time>
      </trkpt>
      <trkpt lat="55.69791" lon="14.20828">
        <ele>17</ele>
        <time>2024-10-22T10:00:44+00:00</time>
      </trkpt>
      <trkpt lat="55.69789" lon="14.20842">
        <ele>17</ele>
        <time>2024-10-22T10:00:47+00:00</time>
      </trkpt>
      <trkpt lat="55.69787" lon="14.20855">
        <ele>17</ele>
        <time>2024-10-22T10:00:50+00:00</time>
      </trkpt>
      <trkpt lat="55.69787" lon="14.20866">
        <ele>16</ele>
        <time>2024-10-22T10:00:53+00:00</time>
      </trkpt>
      <trkpt lat="55.6979" lon="14.20874">
        <ele>14</ele>
        <time>2024-10-22T10:00:56+00:00</time>
      </trkpt>
      <trkpt lat="55.69797" lon="14.20879">
        <ele>14</ele>
        <time>2024-10-22T10:00:59+00:00</time>
      </trkpt>
      <trkpt lat="55.69811" lon="14.20889">
        <ele>11</ele>
        <time>2024-10-22T10:01:02+00:00</time>
      </trkpt>
      <trkpt lat="55.69831" lon="14.20905">
        <ele>8</ele>
        <time>2024-10-22T10:01:05+00:00</time>
      </trkpt>
      <trkpt lat="55.69845" lon="14.20918">
        <ele>6</ele>
        <time>2024-10-22T10:01:08+00:00</time>
      </trkpt>
      <trkpt lat="55.69855" lon="14.20925">
        <ele>5</ele>
        <time>2024-10-22T10:01:11+00:00</time>
      </trkpt>
      <trkpt lat="55.6987" lon="14.20934">
        <ele>4</ele>
        <time>2024-10-22T10:01:14+00:00</time>
      </trkpt>
      <trkpt lat="55.69888" lon="14.20944">
        <ele>3</ele>
        <time>2024-10-22T10:01:17+00:00</time>
      </trkpt>
      <trkpt lat="55.69891" lon="14.20945">
        <ele>2</ele>
        <time>2024-10-22T10:01:20+00:00</time>
      </trkpt>
      <trkpt lat="55.69897" lon="14.20945">
        <ele>2</ele>
        <time>2024-10-22T10:01:23+00:00</time>
      </trkpt>
      <trkpt lat="55.69901" lon="14.20939">
        <ele>2</ele>
        <time>2024-10-22T10:01:26+00:00</time>
      </trkpt>
      <trkpt lat="55.69904" lon="14.20929">
        <ele>3</ele>
        <time>2024-10-22T10:01:29+00:00</time>
      </trkpt>
      <trkpt lat="55.69909" lon="14.20896">
        <ele>3</ele>
        <time>2024-10-22T10:01:32+00:00</time>
      </trkpt>
      <trkpt lat="55.69914" lon="14.20855">
        <ele>3</ele>
        <time>2024-10-22T10:01:35+00:00</time>
      </trkpt>
      <trkpt lat="55.69916" lon="14.20834">
        <ele>3</ele>
        <time>2024-10-22T10:01:38+00:00</time>
      </trkpt>
      <trkpt lat="55.69919" lon="14.20822">
        <ele>3</ele>
        <time>2024-10-22T10:01:41+00:00</time>
      </trkpt>
      <trkpt lat="55.69925" lon="14.20797">
        <ele>4</ele>
        <time>2024-10-22T10:01:44+00:00</time>
      </trkpt>
      <trkpt lat="55.69928" lon="14.20784">
        <ele>4</ele>
        <time>2024-10-22T10:01:47+00:00</time>
      </trkpt>
      <trkpt lat="55.69935" lon="14.20732">
        <ele>5</ele>
        <time>2024-10-22T10:01:50+00:00</time>
      </trkpt>
      <trkpt lat="55.69945" lon="14.2067">
        <ele>5</ele>
        <time>2024-10-22T10:01:53+00:00</time>
      </trkpt>
      <trkpt lat="55.69949" lon="14.20652">
        <ele>6</ele>
        <time>2024-10-22T10:01:56+00:00</time>
      </trkpt>
      <trkpt lat="55.69951" lon="14.20646">
        <ele>6</ele>
        <time>2024-10-22T10:01:59+00:00</time>
      </trkpt>
      <trkpt lat="55.69955" lon="14.20634">
        <ele>7</ele>
        <time>2024-10-22T10:02:02+00:00</time>
      </trkpt>
      <trkpt lat="55.6996" lon="14.20625">
        <ele>7</ele>
        <time>2024-10-22T10:02:05+00:00</time>
      </trkpt>
      <trkpt lat="55.69965" lon="14.20616">
        <ele>7</ele>
        <time>2024-10-22T10:02:08+00:00</time>
      </trkpt>
      <trkpt lat="55.69977" lon="14.20602">
        <ele>7</ele>
        <time>2024-10-22T10:02:11+00:00</time>
      </trkpt>
      <trkpt lat="55.69995" lon="14.20583">
        <ele>6</ele>
        <time>2024-10-22T10:02:14+00:00</time>
      </trkpt>
      <trkpt lat="55.70016" lon="14.20561">
        <ele>5</ele>
        <time>2024-10-22T10:02:17+00:00</time>
      </trkpt>
      <trkpt lat="55.70046" lon="14.20533">
        <ele>4</ele>
        <time>2024-10-22T10:02:20+00:00</time>
      </trkpt>
      <trkpt lat="55.70049" lon="14.2053">
        <ele>4</ele>
        <time>2024-10-22T10:02:23+00:00</time>
      </trkpt>
      <trkpt lat="55.70055" lon="14.20522">
        <ele>4</ele>
        <time>2024-10-22T10:02:26+00:00</time>
      </trkpt>
      <trkpt lat="55.7006" lon="14.20513">
        <ele>4</ele>
        <time>2024-10-22T10:02:29+00:00</time>
      </trkpt>
      <trkpt lat="55.70064" lon="14.20503">
        <ele>3</ele>
        <time>2024-10-22T10:02:32+00:00</time>
      </trkpt>
      <trkpt lat="55.70078" lon="14.20457">
        <ele>4</ele>
        <time>2024-10-22T10:02:35+00:00</time>
      </trkpt>
      <trkpt lat="55.70082" lon="14.20446">
        <ele>4</ele>
        <time>2024-10-22T10:02:38+00:00</time>
      </trkpt>
      <trkpt lat="55.70087" lon="14.20437">
        <ele>4</ele>
        <time>2024-10-22T10:02:41+00:00</time>
      </trkpt>
      <trkpt lat="55.70093" lon="14.20431">
        <ele>4</ele>
        <time>2024-10-22T10:02:44+00:00</time>
      </trkpt>
      <trkpt lat="55.70114" lon="14.20417">
        <ele>4</ele>
        <time>2024-10-22T10:02:47+00:00</time>
      </trkpt>
      <trkpt lat="55.7012" lon="14.20412">
        <ele>4</ele>
        <time>2024-10-22T10:02:50+00:00</time>
      </trkpt>
      <trkpt lat="55.70126" lon="14.20405">
        <ele>4</ele>
        <time>2024-10-22T10:02:53+00:00</time>
      </trkpt>
      <trkpt lat="55.70137" lon="14.20388">
        <ele>4</ele>
        <time>2024-10-22T10:02:56+00:00</time>
      </trkpt>
      <trkpt lat="55.70142" lon="14.20379">
        <ele>4</ele>
        <time>2024-10-22T10:02:59+00:00</time>
      </trkpt>
      <trkpt lat="55.70146" lon="14.2037">
        <ele>4</ele>
        <time>2024-10-22T10:03:02+00:00</time>
      </trkpt>
      <trkpt lat="55.70155" lon="14.2035">
        <ele>4</ele>
        <time>2024-10-22T10:03:05+00:00</time>
      </trkpt>
      <trkpt lat="55.7016" lon="14.20341">
        <ele>4</ele>
        <time>2024-10-22T10:03:08+00:00</time>
      </trkpt>
      <trkpt lat="55.70165" lon="14.20334">
        <ele>3</ele>
        <time>2024-10-22T10:03:11+00:00</time>
      </trkpt>
      <trkpt lat="55.7017" lon="14.20327">
        <ele>4</ele>
        <time>2024-10-22T10:03:14+00:00</time>
      </trkpt>
      <trkpt lat="55.70176" lon="14.20321">
        <ele>4</ele>
        <time>2024-10-22T10:03:17+00:00</time>
      </trkpt>
      <trkpt lat="55.70183" lon="14.20316">
        <ele>4</ele>
        <time>2024-10-22T10:03:20+00:00</time>
      </trkpt>
      <trkpt lat="55.7019" lon="14.20312">
        <ele>4</ele>
        <time>2024-10-22T10:03:23+00:00</time>
      </trkpt>
      <trkpt lat="55.70197" lon="14.20311">
        <ele>3</ele>
        <time>2024-10-22T10:03:26+00:00</time>
      </trkpt>
      <trkpt lat="55.702" lon="14.20311">
        <ele>3</ele>
        <time>2024-10-22T10:03:29+00:00</time>
      </trkpt>
      <trkpt lat="55.70217" lon="14.20313">
        <ele>3</ele>
        <time>2024-10-22T10:03:32+00:00</time>
      </trkpt>
      <trkpt lat="55.7023" lon="14.20309">
        <ele>3</ele>
        <time>2024-10-22T10:03:35+00:00</time>
      </trkpt>
      <trkpt lat="55.70243" lon="14.20309">
        <ele>3</ele>
        <time>2024-10-22T10:03:38+00:00</time>
      </trkpt>
      <trkpt lat="55.70248" lon="14.20306">
        <ele>3</ele>
        <time>2024-10-22T10:03:41+00:00</time>
      </trkpt>
      <trkpt lat="55.70253" lon="14.20302">
        <ele>3</ele>
        <time>2024-10-22T10:03:44+00:00</time>
      </trkpt>
      <trkpt lat="55.70258" lon="14.20296">
        <ele>3</ele>
        <time>2024-10-22T10:03:47+00:00</time>
      </trkpt>
      <trkpt lat="55.70276" lon="14.20273">
        <ele>4</ele>
        <time>2024-10-22T10:03:50+00:00</time>
      </trkpt>
      <trkpt lat="55.70284" lon="14.20264">
        <ele>4</ele>
        <time>2024-10-22T10:03:53+00:00</time>
      </trkpt>
      <trkpt lat="55.70289" lon="14.20259">
        <ele>5</ele>
        <time>2024-10-22T10:03:56+00:00</time>
      </trkpt>
      <trkpt lat="55.70295" lon="14.20255">
        <ele>5</ele>
        <time>2024-10-22T10:03:59+00:00</time>
      </trkpt>
      <trkpt lat="55.70302" lon="14.20251">
        <ele>5</ele>
        <time>2024-10-22T10:04:02+00:00</time>
      </trkpt>
      <trkpt lat="55.70322" lon="14.20243">
        <ele>5</ele>
        <time>2024-10-22T10:04:05+00:00</time>
      </trkpt>
      <trkpt lat="55.70328" lon="14.2024">
        <ele>5</ele>
        <time>2024-10-22T10:04:08+00:00</time>
      </trkpt>
      <trkpt lat="55.70347" lon="14.20227">
        <ele>6</ele>
        <time>2024-10-22T10:04:11+00:00</time>
      </trkpt>
      <trkpt lat="55.70353" lon="14.20226">
        <ele>6</ele>
        <time>2024-10-22T10:04:14+00:00</time>
      </trkpt>
      <trkpt lat="55.7036" lon="14.20228">
        <ele>6</ele>
        <time>2024-10-22T10:04:17+00:00</time>
      </trkpt>
      <trkpt lat="55.70374" lon="14.20234">
        <ele>6</ele>
        <time>2024-10-22T10:04:20+00:00</time>
      </trkpt>
      <trkpt lat="55.70381" lon="14.20235">
        <ele>6</ele>
        <time>2024-10-22T10:04:23+00:00</time>
      </trkpt>
      <trkpt lat="55.70388" lon="14.20235">
        <ele>6</ele>
        <time>2024-10-22T10:04:26+00:00</time>
      </trkpt>
      <trkpt lat="55.70408" lon="14.20231">
        <ele>6</ele>
        <time>2024-10-22T10:04:29+00:00</time>
      </trkpt>
      <trkpt lat="55.70411" lon="14.20231">
        <ele>7</ele>
        <time>2024-10-22T10:04:32+00:00</time>
      </trkpt>
      <trkpt lat="55.70418" lon="14.20232">
        <ele>7</ele>
        <time>2024-10-22T10:04:35+00:00</time>
      </trkpt>
      <trkpt lat="55.70436" lon="14.20236">
        <ele>6</ele>
        <time>2024-10-22T10:04:38+00:00</time>
      </trkpt>
      <trkpt lat="55.70443" lon="14.20238">
        <ele>6</ele>
        <time>2024-10-22T10:04:41+00:00</time>
      </trkpt>
      <trkpt lat="55.7045" lon="14.20238">
        <ele>6</ele>
        <time>2024-10-22T10:04:44+00:00</time>
      </trkpt>
      <trkpt lat="55.70458" lon="14.20237">
        <ele>6</ele>
        <time>2024-10-22T10:04:47+00:00</time>
      </trkpt>
      <trkpt lat="55.70468" lon="14.20235">
        <ele>5</ele>
        <time>2024-10-22T10:04:50+00:00</time>
      </trkpt>
      <trkpt lat="55.70483" lon="14.2023">
        <ele>5</ele>
        <time>2024-10-22T10:04:53+00:00</time>
      </trkpt>
      <trkpt lat="55.70499" lon="14.20225">
        <ele>5</ele>
        <time>2024-10-22T10:04:56+00:00</time>
      </trkpt>
      <trkpt lat="55.70513" lon="14.20222">
        <ele>5</ele>
        <time>2024-10-22T10:04:59+00:00</time>
      </trkpt>
      <trkpt lat="55.70526" lon="14.20218">
        <ele>5</ele>
        <time>2024-10-22T10:05:02+00:00</time>
      </trkpt>
      <trkpt lat="55.7054" lon="14.20214">
        <ele>5</ele>
        <time>2024-10-22T10:05:05+00:00</time>
      </trkpt>
      <trkpt lat="55.70561" lon="14.2021">
        <ele>5</ele>
        <time>2024-10-22T10:05:08+00:00</time>
      </trkpt>
      <trkpt lat="55.70567" lon="14.20208">
        <ele>5</ele>
        <time>2024-10-22T10:05:11+00:00</time>
      </trkpt>
      <trkpt lat="55.70592" lon="14.20196">
        <ele>5</ele>
        <time>2024-10-22T10:05:14+00:00</time>
      </trkpt>
      <trkpt lat="55.70598" lon="14.20194">
        <ele>5</ele>
        <time>2024-10-22T10:05:17+00:00</time>
      </trkpt>
      <trkpt lat="55.70619" lon="14.20191">
        <ele>5</ele>
        <time>2024-10-22T10:05:20+00:00</time>
      </trkpt>
      <trkpt lat="55.70639" lon="14.20186">
        <ele>5</ele>
        <time>2024-10-22T10:05:23+00:00</time>
      </trkpt>
      <trkpt lat="55.70661" lon="14.20183">
        <ele>5</ele>
        <time>2024-10-22T10:05:26+00:00</time>
      </trkpt>
      <trkpt lat="55.70668" lon="14.20182">
        <ele>4</ele>
        <time>2024-10-22T10:05:29+00:00</time>
      </trkpt>
      <trkpt lat="55.70687" lon="14.20173">
        <ele>5</ele>
        <time>2024-10-22T10:05:32+00:00</time>
      </trkpt>
      <trkpt lat="55.70708" lon="14.20166">
        <ele>6</ele>
        <time>2024-10-22T10:05:35+00:00</time>
      </trkpt>
      <trkpt lat="55.70729" lon="14.20157">
        <ele>7</ele>
        <time>2024-10-22T10:05:38+00:00</time>
      </trkpt>
      <trkpt lat="55.70743" lon="14.20152">
        <ele>7</ele>
        <time>2024-10-22T10:05:41+00:00</time>
      </trkpt>
      <trkpt lat="55.70758" lon="14.20149">
        <ele>8</ele>
        <time>2024-10-22T10:05:44+00:00</time>
      </trkpt>
      <trkpt lat="55.70772" lon="14.20149">
        <ele>8</ele>
        <time>2024-10-22T10:05:47+00:00</time>
      </trkpt>
      <trkpt lat="55.70779" lon="14.20148">
        <ele>8</ele>
        <time>2024-10-22T10:05:50+00:00</time>
      </trkpt>
      <trkpt lat="55.70785" lon="14.20145">
        <ele>8</ele>
        <time>2024-10-22T10:05:53+00:00</time>
      </trkpt>
      <trkpt lat="55.70805" lon="14.20135">
        <ele>9</ele>
        <time>2024-10-22T10:05:56+00:00</time>
      </trkpt>
      <trkpt lat="55.70837" lon="14.20122">
        <ele>9</ele>
        <time>2024-10-22T10:05:59+00:00</time>
      </trkpt>
      <trkpt lat="55.70844" lon="14.2012">
        <ele>10</ele>
        <time>2024-10-22T10:06:02+00:00</time>
      </trkpt>
      <trkpt lat="55.70851" lon="14.20119">
        <ele>10</ele>
        <time>2024-10-22T10:06:05+00:00</time>
      </trkpt>
      <trkpt lat="55.70863" lon="14.2012">
        <ele>9</ele>
        <time>2024-10-22T10:06:08+00:00</time>
      </trkpt>
      <trkpt lat="55.70876" lon="14.2012">
        <ele>9</ele>
        <time>2024-10-22T10:06:11+00:00</time>
      </trkpt>
      <trkpt lat="55.70905" lon="14.20117">
        <ele>9</ele>
        <time>2024-10-22T10:06:14+00:00</time>
      </trkpt>
      <trkpt lat="55.70919" lon="14.20118">
        <ele>9</ele>
        <time>2024-10-22T10:06:17+00:00</time>
      </trkpt>
      <trkpt lat="55.70934" lon="14.20122">
        <ele>9</ele>
        <time>2024-10-22T10:06:20+00:00</time>
      </trkpt>
      <trkpt lat="55.70953" lon="14.20128">
        <ele>9</ele>
        <time>2024-10-22T10:06:23+00:00</time>
      </trkpt>
      <trkpt lat="55.7096" lon="14.20129">
        <ele>9</ele>
        <time>2024-10-22T10:06:26+00:00</time>
      </trkpt>
      <trkpt lat="55.70967" lon="14.20128">
        <ele>9</ele>
        <time>2024-10-22T10:06:29+00:00</time>
      </trkpt>
      <trkpt lat="55.70974" lon="14.20126">
        <ele>9</ele>
        <time>2024-10-22T10:06:32+00:00</time>
      </trkpt>
      <trkpt lat="55.70994" lon="14.20117">
        <ele>9</ele>
        <time>2024-10-22T10:06:35+00:00</time>
      </trkpt>
      <trkpt lat="55.71001" lon="14.20113">
        <ele>9</ele>
        <time>2024-10-22T10:06:38+00:00</time>
      </trkpt>
      <trkpt lat="55.71025" lon="14.20093">
        <ele>10</ele>
        <time>2024-10-22T10:06:41+00:00</time>
      </trkpt>
      <trkpt lat="55.71043" lon="14.20077">
        <ele>11</ele>
        <time>2024-10-22T10:06:44+00:00</time>
      </trkpt>
      <trkpt lat="55.71061" lon="14.20064">
        <ele>11</ele>
        <time>2024-10-22T10:06:47+00:00</time>
      </trkpt>
      <trkpt lat="55.71066" lon="14.20058">
        <ele>11</ele>
        <time>2024-10-22T10:06:50+00:00</time>
      </trkpt>
      <trkpt lat="55.71071" lon="14.20051">
        <ele>11</ele>
        <time>2024-10-22T10:06:53+00:00</time>
      </trkpt>
      <trkpt lat="55.71079" lon="14.20036">
        <ele>12</ele>
        <time>2024-10-22T10:06:56+00:00</time>
      </trkpt>
      <trkpt lat="55.71084" lon="14.20031">
        <ele>12</ele>
        <time>2024-10-22T10:06:59+00:00</time>
      </trkpt>
      <trkpt lat="55.71099" lon="14.20021">
        <ele>12</ele>
        <time>2024-10-22T10:07:02+00:00</time>
      </trkpt>
      <trkpt lat="55.71105" lon="14.2002">
        <ele>12</ele>
        <time>2024-10-22T10:07:05+00:00</time>
      </trkpt>
      <trkpt lat="55.71111" lon="14.2002">
        <ele>12</ele>
        <time>2024-10-22T10:07:08+00:00</time>
      </trkpt>
      <trkpt lat="55.71122" lon="14.20024">
        <ele>12</ele>
        <time>2024-10-22T10:07:11+00:00</time>
      </trkpt>
      <trkpt lat="55.71135" lon="14.20029">
        <ele>12</ele>
        <time>2024-10-22T10:07:14+00:00</time>
      </trkpt>
      <trkpt lat="55.71153" lon="14.20041">
        <ele>11</ele>
        <time>2024-10-22T10:07:17+00:00</time>
      </trkpt>
      <trkpt lat="55.7116" lon="14.20045">
        <ele>11</ele>
        <time>2024-10-22T10:07:20+00:00</time>
      </trkpt>
      <trkpt lat="55.71174" lon="14.2005">
        <ele>11</ele>
        <time>2024-10-22T10:07:23+00:00</time>
      </trkpt>
      <trkpt lat="55.71185" lon="14.20051">
        <ele>10</ele>
        <time>2024-10-22T10:07:26+00:00</time>
      </trkpt>
      <trkpt lat="55.71201" lon="14.20053">
        <ele>10</ele>
        <time>2024-10-22T10:07:29+00:00</time>
      </trkpt>
      <trkpt lat="55.71207" lon="14.20053">
        <ele>10</ele>
        <time>2024-10-22T10:07:32+00:00</time>
      </trkpt>
      <trkpt lat="55.71214" lon="14.20051">
        <ele>10</ele>
        <time>2024-10-22T10:07:35+00:00</time>
      </trkpt>
      <trkpt lat="55.7122" lon="14.20048">
        <ele>10</ele>
        <time>2024-10-22T10:07:38+00:00</time>
      </trkpt>
      <trkpt lat="55.71232" lon="14.20042">
        <ele>10</ele>
        <time>2024-10-22T10:07:41+00:00</time>
      </trkpt>
      <trkpt lat="55.71238" lon="14.2004">
        <ele>10</ele>
        <time>2024-10-22T10:07:44+00:00</time>
      </trkpt>
      <trkpt lat="55.71244" lon="14.20039">
        <ele>11</ele>
        <time>2024-10-22T10:07:47+00:00</time>
      </trkpt>
      <trkpt lat="55.71267" lon="14.2004">
        <ele>10</ele>
        <time>2024-10-22T10:07:50+00:00</time>
      </trkpt>
      <trkpt lat="55.71303" lon="14.20042">
        <ele>9</ele>
        <time>2024-10-22T10:07:53+00:00</time>
      </trkpt>
      <trkpt lat="55.71317" lon="14.20043">
        <ele>9</ele>
        <time>2024-10-22T10:07:56+00:00</time>
      </trkpt>
      <trkpt lat="55.71334" lon="14.20046">
        <ele>9</ele>
        <time>2024-10-22T10:07:59+00:00</time>
      </trkpt>
      <trkpt lat="55.71358" lon="14.2005">
        <ele>9</ele>
        <time>2024-10-22T10:08:02+00:00</time>
      </trkpt>
      <trkpt lat="55.71366" lon="14.20049">
        <ele>9</ele>
        <time>2024-10-22T10:08:05+00:00</time>
      </trkpt>
      <trkpt lat="55.71372" lon="14.20048">
        <ele>9</ele>
        <time>2024-10-22T10:08:08+00:00</time>
      </trkpt>
      <trkpt lat="55.71386" lon="14.20044">
        <ele>9</ele>
        <time>2024-10-22T10:08:11+00:00</time>
      </trkpt>
      <trkpt lat="55.71401" lon="14.20038">
        <ele>9</ele>
        <time>2024-10-22T10:08:14+00:00</time>
      </trkpt>
      <trkpt lat="55.71412" lon="14.20037">
        <ele>9</ele>
        <time>2024-10-22T10:08:17+00:00</time>
      </trkpt>
      <trkpt lat="55.71429" lon="14.20035">
        <ele>9</ele>
        <time>2024-10-22T10:08:20+00:00</time>
      </trkpt>
      <trkpt lat="55.71435" lon="14.20034">
        <ele>9</ele>
        <time>2024-10-22T10:08:23+00:00</time>
      </trkpt>
      <trkpt lat="55.71454" lon="14.20028">
        <ele>9</ele>
        <time>2024-10-22T10:08:26+00:00</time>
      </trkpt>
      <trkpt lat="55.71482" lon="14.20025">
        <ele>7</ele>
        <time>2024-10-22T10:08:29+00:00</time>
      </trkpt>
      <trkpt lat="55.71489" lon="14.20024">
        <ele>7</ele>
        <time>2024-10-22T10:08:32+00:00</time>
      </trkpt>
      <trkpt lat="55.71512" lon="14.20017">
        <ele>7</ele>
        <time>2024-10-22T10:08:35+00:00</time>
      </trkpt>
      <trkpt lat="55.71549" lon="14.20008">
        <ele>7</ele>
        <time>2024-10-22T10:08:38+00:00</time>
      </trkpt>
      <trkpt lat="55.71555" lon="14.20005">
        <ele>7</ele>
        <time>2024-10-22T10:08:41+00:00</time>
      </trkpt>
      <trkpt lat="55.71564" lon="14.2">
        <ele>7</ele>
        <time>2024-10-22T10:08:44+00:00</time>
      </trkpt>
      <trkpt lat="55.71584" lon="14.19987">
        <ele>8</ele>
        <time>2024-10-22T10:08:47+00:00</time>
      </trkpt>
      <trkpt lat="55.71604" lon="14.19977">
        <ele>8</ele>
        <time>2024-10-22T10:08:50+00:00</time>
      </trkpt>
      <trkpt lat="55.71629" lon="14.19965">
        <ele>9</ele>
        <time>2024-10-22T10:08:53+00:00</time>
      </trkpt>
      <trkpt lat="55.71643" lon="14.19961">
        <ele>8</ele>
        <time>2024-10-22T10:08:56+00:00</time>
      </trkpt>
      <trkpt lat="55.7165" lon="14.19959">
        <ele>9</ele>
        <time>2024-10-22T10:08:59+00:00</time>
      </trkpt>
      <trkpt lat="55.71664" lon="14.1996">
        <ele>9</ele>
        <time>2024-10-22T10:09:02+00:00</time>
      </trkpt>
      <trkpt lat="55.71671" lon="14.19958">
        <ele>9</ele>
        <time>2024-10-22T10:09:05+00:00</time>
      </trkpt>
      <trkpt lat="55.71678" lon="14.19956">
        <ele>9</ele>
        <time>2024-10-22T10:09:08+00:00</time>
      </trkpt>
      <trkpt lat="55.7169" lon="14.19947">
        <ele>9</ele>
        <time>2024-10-22T10:09:11+00:00</time>
      </trkpt>
      <trkpt lat="55.71697" lon="14.19943">
        <ele>9</ele>
        <time>2024-10-22T10:09:14+00:00</time>
      </trkpt>
      <trkpt lat="55.71703" lon="14.19941">
        <ele>9</ele>
        <time>2024-10-22T10:09:17+00:00</time>
      </trkpt>
      <trkpt lat="55.7171" lon="14.19941">
        <ele>9</ele>
        <time>2024-10-22T10:09:20+00:00</time>
      </trkpt>
      <trkpt lat="55.71724" lon="14.19942">
        <ele>9</ele>
        <time>2024-10-22T10:09:23+00:00</time>
      </trkpt>
      <trkpt lat="55.7173" lon="14.19941">
        <ele>9</ele>
        <time>2024-10-22T10:09:26+00:00</time>
      </trkpt>
      <trkpt lat="55.71737" lon="14.19939">
        <ele>9</ele>
        <time>2024-10-22T10:09:29+00:00</time>
      </trkpt>
      <trkpt lat="55.7175" lon="14.19934">
        <ele>9</ele>
        <time>2024-10-22T10:09:32+00:00</time>
      </trkpt>
      <trkpt lat="55.71762" lon="14.19926">
        <ele>9</ele>
        <time>2024-10-22T10:09:35+00:00</time>
      </trkpt>
      <trkpt lat="55.71776" lon="14.19916">
        <ele>9</ele>
        <time>2024-10-22T10:09:38+00:00</time>
      </trkpt>
      <trkpt lat="55.71794" lon="14.19903">
        <ele>9</ele>
        <time>2024-10-22T10:09:41+00:00</time>
      </trkpt>
      <trkpt lat="55.71822" lon="14.19888">
        <ele>9</ele>
        <time>2024-10-22T10:09:44+00:00</time>
      </trkpt>
      <trkpt lat="55.71828" lon="14.19883">
        <ele>9</ele>
        <time>2024-10-22T10:09:47+00:00</time>
      </trkpt>
      <trkpt lat="55.71839" lon="14.19867">
        <ele>9</ele>
        <time>2024-10-22T10:09:50+00:00</time>
      </trkpt>
      <trkpt lat="55.71845" lon="14.19861">
        <ele>9</ele>
        <time>2024-10-22T10:09:53+00:00</time>
      </trkpt>
      <trkpt lat="55.71851" lon="14.19856">
        <ele>9</ele>
        <time>2024-10-22T10:09:56+00:00</time>
      </trkpt>
      <trkpt lat="55.71858" lon="14.19854">
        <ele>9</ele>
        <time>2024-10-22T10:09:59+00:00</time>
      </trkpt>
      <trkpt lat="55.71878" lon="14.19848">
        <ele>9</ele>
        <time>2024-10-22T10:10:02+00:00</time>
      </trkpt>
      <trkpt lat="55.71885" lon="14.19845">
        <ele>8</ele>
        <time>2024-10-22T10:10:05+00:00</time>
      </trkpt>
      <trkpt lat="55.71905" lon="14.19834">
        <ele>7</ele>
        <time>2024-10-22T10:10:08+00:00</time>
      </trkpt>
      <trkpt lat="55.71932" lon="14.19825">
        <ele>7</ele>
        <time>2024-10-22T10:10:11+00:00</time>
      </trkpt>
      <trkpt lat="55.71939" lon="14.19822">
        <ele>6</ele>
        <time>2024-10-22T10:10:14+00:00</time>
      </trkpt>
      <trkpt lat="55.71945" lon="14.19818">
        <ele>7</ele>
        <time>2024-10-22T10:10:17+00:00</time>
      </trkpt>
      <trkpt lat="55.71958" lon="14.19809">
        <ele>7</ele>
        <time>2024-10-22T10:10:20+00:00</time>
      </trkpt>
      <trkpt lat="55.71976" lon="14.19793">
        <ele>7</ele>
        <time>2024-10-22T10:10:23+00:00</time>
      </trkpt>
      <trkpt lat="55.7199" lon="14.19779">
        <ele>7</ele>
        <time>2024-10-22T10:10:26+00:00</time>
      </trkpt>
      <trkpt lat="55.71996" lon="14.19773">
        <ele>8</ele>
        <time>2024-10-22T10:10:29+00:00</time>
      </trkpt>
      <trkpt lat="55.72011" lon="14.19763">
        <ele>7</ele>
        <time>2024-10-22T10:10:32+00:00</time>
      </trkpt>
      <trkpt lat="55.72026" lon="14.19753">
        <ele>7</ele>
        <time>2024-10-22T10:10:35+00:00</time>
      </trkpt>
      <trkpt lat="55.72045" lon="14.19739">
        <ele>7</ele>
        <time>2024-10-22T10:10:38+00:00</time>
      </trkpt>
      <trkpt lat="55.72065" lon="14.19726">
        <ele>6</ele>
        <time>2024-10-22T10:10:41+00:00</time>
      </trkpt>
      <trkpt lat="55.72088" lon="14.19711">
        <ele>6</ele>
        <time>2024-10-22T10:10:44+00:00</time>
      </trkpt>
      <trkpt lat="55.72098" lon="14.19707">
        <ele>6</ele>
        <time>2024-10-22T10:10:47+00:00</time>
      </trkpt>
      <trkpt lat="55.7211" lon="14.19702">
        <ele>6</ele>
        <time>2024-10-22T10:10:50+00:00</time>
      </trkpt>
      <trkpt lat="55.72122" lon="14.19695">
        <ele>6</ele>
        <time>2024-10-22T10:10:53+00:00</time>
      </trkpt>
      <trkpt lat="55.72135" lon="14.19689">
        <ele>6</ele>
        <time>2024-10-22T10:10:56+00:00</time>
      </trkpt>
      <trkpt lat="55.72148" lon="14.19682">
        <ele>5</ele>
        <time>2024-10-22T10:10:59+00:00</time>
      </trkpt>
      <trkpt lat="55.7218" lon="14.19663">
        <ele>5</ele>
        <time>2024-10-22T10:11:02+00:00</time>
      </trkpt>
      <trkpt lat="55.72193" lon="14.19656">
        <ele>4</ele>
        <time>2024-10-22T10:11:05+00:00</time>
      </trkpt>
      <trkpt lat="55.72209" lon="14.19649">
        <ele>4</ele>
        <time>2024-10-22T10:11:08+00:00</time>
      </trkpt>
      <trkpt lat="55.7223" lon="14.19639">
        <ele>4</ele>
        <time>2024-10-22T10:11:11+00:00</time>
      </trkpt>
      <trkpt lat="55.72261" lon="14.1962">
        <ele>4</ele>
        <time>2024-10-22T10:11:14+00:00</time>
      </trkpt>
      <trkpt lat="55.72281" lon="14.1961">
        <ele>4</ele>
        <time>2024-10-22T10:11:17+00:00</time>
      </trkpt>
      <trkpt lat="55.72304" lon="14.19597">
        <ele>4</ele>
        <time>2024-10-22T10:11:20+00:00</time>
      </trkpt>
      <trkpt lat="55.72333" lon="14.19582">
        <ele>4</ele>
        <time>2024-10-22T10:11:23+00:00</time>
      </trkpt>
      <trkpt lat="55.72352" lon="14.19572">
        <ele>4</ele>
        <time>2024-10-22T10:11:26+00:00</time>
      </trkpt>
      <trkpt lat="55.72367" lon="14.19562">
        <ele>4</ele>
        <time>2024-10-22T10:11:29+00:00</time>
      </trkpt>
      <trkpt lat="55.72385" lon="14.19546">
        <ele>4</ele>
        <time>2024-10-22T10:11:32+00:00</time>
      </trkpt>
      <trkpt lat="55.72394" lon="14.1954">
        <ele>4</ele>
        <time>2024-10-22T10:11:35+00:00</time>
      </trkpt>
      <trkpt lat="55.72397" lon="14.19539">
        <ele>5</ele>
        <time>2024-10-22T10:11:38+00:00</time>
      </trkpt>
      <trkpt lat="55.72403" lon="14.19537">
        <ele>5</ele>
        <time>2024-10-22T10:11:41+00:00</time>
      </trkpt>
      <trkpt lat="55.72415" lon="14.19537">
        <ele>5</ele>
        <time>2024-10-22T10:11:44+00:00</time>
      </trkpt>
      <trkpt lat="55.72425" lon="14.19536">
        <ele>5</ele>
        <time>2024-10-22T10:11:47+00:00</time>
      </trkpt>
      <trkpt lat="55.7244" lon="14.19538">
        <ele>6</ele>
        <time>2024-10-22T10:11:50+00:00</time>
      </trkpt>
      <trkpt lat="55.72445" lon="14.19535">
        <ele>6</ele>
        <time>2024-10-22T10:11:53+00:00</time>
      </trkpt>
      <trkpt lat="55.72449" lon="14.19529">
        <ele>6</ele>
        <time>2024-10-22T10:11:56+00:00</time>
      </trkpt>
      <trkpt lat="55.72452" lon="14.19521">
        <ele>7</ele>
        <time>2024-10-22T10:11:59+00:00</time>
      </trkpt>
      <trkpt lat="55.72454" lon="14.19512">
        <ele>7</ele>
        <time>2024-10-22T10:12:02+00:00</time>
      </trkpt>
      <trkpt lat="55.72461" lon="14.19481">
        <ele>9</ele>
        <time>2024-10-22T10:12:05+00:00</time>
      </trkpt>
      <trkpt lat="55.72465" lon="14.1946">
        <ele>9</ele>
        <time>2024-10-22T10:12:08+00:00</time>
      </trkpt>
      <trkpt lat="55.72468" lon="14.19434">
        <ele>10</ele>
        <time>2024-10-22T10:12:11+00:00</time>
      </trkpt>
      <trkpt lat="55.72473" lon="14.19402">
        <ele>12</ele>
        <time>2024-10-22T10:12:14+00:00</time>
      </trkpt>
      <trkpt lat="55.72474" lon="14.19394">
        <ele>12</ele>
        <time>2024-10-22T10:12:17+00:00</time>
      </trkpt>
      <trkpt lat="55.72473" lon="14.19387">
        <ele>13</ele>
        <time>2024-10-22T10:12:20+00:00</time>
      </trkpt>
      <trkpt lat="55.72472" lon="14.19379">
        <ele>13</ele>
        <time>2024-10-22T10:12:23+00:00</time>
      </trkpt>
      <trkpt lat="55.72466" lon="14.19356">
        <ele>13</ele>
        <time>2024-10-22T10:12:26+00:00</time>
      </trkpt>
      <trkpt lat="55.72458" lon="14.19328">
        <ele>14</ele>
        <time>2024-10-22T10:12:29+00:00</time>
      </trkpt>
      <trkpt lat="55.72456" lon="14.19322">
        <ele>14</ele>
        <time>2024-10-22T10:12:32+00:00</time>
      </trkpt>
      <trkpt lat="55.72455" lon="14.19316">
        <ele>14</ele>
        <time>2024-10-22T10:12:35+00:00</time>
      </trkpt>
      <trkpt lat="55.72453" lon="14.19296">
        <ele>14</ele>
        <time>2024-10-22T10:12:38+00:00</time>
      </trkpt>
      <trkpt lat="55.72452" lon="14.19286">
        <ele>14</ele>
        <time>2024-10-22T10:12:41+00:00</time>
      </trkpt>
      <trkpt lat="55.72446" lon="14.19257">
        <ele>13</ele>
        <time>2024-10-22T10:12:44+00:00</time>
      </trkpt>
      <trkpt lat="55.72442" lon="14.19231">
        <ele>13</ele>
        <time>2024-10-22T10:12:47+00:00</time>
      </trkpt>
      <trkpt lat="55.72438" lon="14.19192">
        <ele>13</ele>
        <time>2024-10-22T10:12:50+00:00</time>
      </trkpt>
      <trkpt lat="55.72433" lon="14.19155">
        <ele>12</ele>
        <time>2024-10-22T10:12:53+00:00</time>
      </trkpt>
      <trkpt lat="55.7243" lon="14.19131">
        <ele>12</ele>
        <time>2024-10-22T10:12:56+00:00</time>
      </trkpt>
      <trkpt lat="55.72429" lon="14.19119">
        <ele>12</ele>
        <time>2024-10-22T10:12:59+00:00</time>
      </trkpt>
      <trkpt lat="55.72429" lon="14.19107">
        <ele>12</ele>
        <time>2024-10-22T10:13:02+00:00</time>
      </trkpt>
      <trkpt lat="55.72429" lon="14.19077">
        <ele>12</ele>
        <time>2024-10-22T10:13:05+00:00</time>
      </trkpt>
      <trkpt lat="55.72429" lon="14.19066">
        <ele>12</ele>
        <time>2024-10-22T10:13:08+00:00</time>
      </trkpt>
      <trkpt lat="55.72427" lon="14.19051">
        <ele>12</ele>
        <time>2024-10-22T10:13:11+00:00</time>
      </trkpt>
      <trkpt lat="55.72427" lon="14.19046">
        <ele>12</ele>
        <time>2024-10-22T10:13:14+00:00</time>
      </trkpt>
      <trkpt lat="55.72425" lon="14.1904">
        <ele>12</ele>
        <time>2024-10-22T10:13:17+00:00</time>
      </trkpt>
      <trkpt lat="55.72422" lon="14.19037">
        <ele>12</ele>
        <time>2024-10-22T10:13:20+00:00</time>
      </trkpt>
      <trkpt lat="55.72417" lon="14.19037">
        <ele>12</ele>
        <time>2024-10-22T10:13:23+00:00</time>
      </trkpt>
      <trkpt lat="55.72394" lon="14.19039">
        <ele>11</ele>
        <time>2024-10-22T10:13:26+00:00</time>
      </trkpt>
      <trkpt lat="55.72372" lon="14.19042">
        <ele>10</ele>
        <time>2024-10-22T10:13:29+00:00</time>
      </trkpt>
      <trkpt lat="55.72342" lon="14.19045">
        <ele>8</ele>
        <time>2024-10-22T10:13:32+00:00</time>
      </trkpt>
      <trkpt lat="55.72337" lon="14.19045">
        <ele>7</ele>
        <time>2024-10-22T10:13:35+00:00</time>
      </trkpt>
      <trkpt lat="55.72326" lon="14.19042">
        <ele>7</ele>
        <time>2024-10-22T10:13:38+00:00</time>
      </trkpt>
      <trkpt lat="55.7232" lon="14.19041">
        <ele>7</ele>
        <time>2024-10-22T10:13:41+00:00</time>
      </trkpt>
      <trkpt lat="55.72314" lon="14.19042">
        <ele>7</ele>
        <time>2024-10-22T10:13:44+00:00</time>
      </trkpt>
      <trkpt lat="55.72302" lon="14.19048">
        <ele>6</ele>
        <time>2024-10-22T10:13:47+00:00</time>
      </trkpt>
      <trkpt lat="55.72296" lon="14.19054">
        <ele>6</ele>
        <time>2024-10-22T10:13:50+00:00</time>
      </trkpt>
      <trkpt lat="55.72292" lon="14.19062">
        <ele>6</ele>
        <time>2024-10-22T10:13:53+00:00</time>
      </trkpt>
      <trkpt lat="55.72289" lon="14.19064">
        <ele>6</ele>
        <time>2024-10-22T10:13:56+00:00</time>
      </trkpt>
      <trkpt lat="55.72287" lon="14.19063">
        <ele>6</ele>
        <time>2024-10-22T10:13:59+00:00</time>
      </trkpt>
      <trkpt lat="55.72269" lon="14.19047">
        <ele>5</ele>
        <time>2024-10-22T10:14:02+00:00</time>
      </trkpt>
      <trkpt lat="55.72246" lon="14.19026">
        <ele>5</ele>
        <time>2024-10-22T10:14:05+00:00</time>
      </trkpt>
      <trkpt lat="55.72233" lon="14.19017">
        <ele>5</ele>
        <time>2024-10-22T10:14:08+00:00</time>
      </trkpt>
      <trkpt lat="55.72219" lon="14.1901">
        <ele>5</ele>
        <time>2024-10-22T10:14:11+00:00</time>
      </trkpt>
      <trkpt lat="55.72199" lon="14.19002">
        <ele>5</ele>
        <time>2024-10-22T10:14:14+00:00</time>
      </trkpt>
      <trkpt lat="55.72176" lon="14.18993">
        <ele>5</ele>
        <time>2024-10-22T10:14:17+00:00</time>
      </trkpt>
      <trkpt lat="55.7217" lon="14.18992">
        <ele>5</ele>
        <time>2024-10-22T10:14:20+00:00</time>
      </trkpt>
      <trkpt lat="55.72166" lon="14.18994">
        <ele>5</ele>
        <time>2024-10-22T10:14:23+00:00</time>
      </trkpt>
      <trkpt lat="55.72162" lon="14.18998">
        <ele>5</ele>
        <time>2024-10-22T10:14:26+00:00</time>
      </trkpt>
      <trkpt lat="55.72159" lon="14.19005">
        <ele>5</ele>
        <time>2024-10-22T10:14:29+00:00</time>
      </trkpt>
      <trkpt lat="55.72154" lon="14.19019">
        <ele>5</ele>
        <time>2024-10-22T10:14:32+00:00</time>
      </trkpt>
      <trkpt lat="55.72149" lon="14.19028">
        <ele>5</ele>
        <time>2024-10-22T10:14:35+00:00</time>
      </trkpt>
      <trkpt lat="55.72143" lon="14.19036">
        <ele>6</ele>
        <time>2024-10-22T10:14:38+00:00</time>
      </trkpt>
      <trkpt lat="55.72129" lon="14.19046">
        <ele>7</ele>
        <time>2024-10-22T10:14:41+00:00</time>
      </trkpt>
      <trkpt lat="55.72115" lon="14.19055">
        <ele>8</ele>
        <time>2024-10-22T10:14:44+00:00</time>
      </trkpt>
      <trkpt lat="55.72108" lon="14.19059">
        <ele>8</ele>
        <time>2024-10-22T10:14:47+00:00</time>
      </trkpt>
      <trkpt lat="55.72101" lon="14.1906">
        <ele>9</ele>
        <time>2024-10-22T10:14:50+00:00</time>
      </trkpt>
      <trkpt lat="55.72094" lon="14.1906">
        <ele>9</ele>
        <time>2024-10-22T10:14:53+00:00</time>
      </trkpt>
      <trkpt lat="55.72086" lon="14.19057">
        <ele>9</ele>
        <time>2024-10-22T10:14:56+00:00</time>
      </trkpt>
      <trkpt lat="55.7208" lon="14.19052">
        <ele>10</ele>
        <time>2024-10-22T10:14:59+00:00</time>
      </trkpt>
      <trkpt lat="55.72074" lon="14.19044">
        <ele>9</ele>
        <time>2024-10-22T10:15:02+00:00</time>
      </trkpt>
      <trkpt lat="55.72057" lon="14.1902">
        <ele>9</ele>
        <time>2024-10-22T10:15:05+00:00</time>
      </trkpt>
      <trkpt lat="55.72052" lon="14.19012">
        <ele>9</ele>
        <time>2024-10-22T10:15:08+00:00</time>
      </trkpt>
      <trkpt lat="55.72043" lon="14.19003">
        <ele>10</ele>
        <time>2024-10-22T10:15:11+00:00</time>
      </trkpt>
      <trkpt lat="55.72037" lon="14.18997">
        <ele>11</ele>
        <time>2024-10-22T10:15:14+00:00</time>
      </trkpt>
      <trkpt lat="55.72027" lon="14.1899">
        <ele>12</ele>
        <time>2024-10-22T10:15:17+00:00</time>
      </trkpt>
      <trkpt lat="55.7202" lon="14.18986">
        <ele>11</ele>
        <time>2024-10-22T10:15:20+00:00</time>
      </trkpt>
      <trkpt lat="55.72007" lon="14.18981">
        <ele>13</ele>
        <time>2024-10-22T10:15:23+00:00</time>
      </trkpt>
      <trkpt lat="55.72001" lon="14.18977">
        <ele>13</ele>
        <time>2024-10-22T10:15:26+00:00</time>
      </trkpt>
      <trkpt lat="55.71996" lon="14.18971">
        <ele>14</ele>
        <time>2024-10-22T10:15:29+00:00</time>
      </trkpt>
      <trkpt lat="55.71992" lon="14.18963">
        <ele>14</ele>
        <time>2024-10-22T10:15:32+00:00</time>
      </trkpt>
      <trkpt lat="55.71991" lon="14.18957">
        <ele>14</ele>
        <time>2024-10-22T10:15:35+00:00</time>
      </trkpt>
      <trkpt lat="55.7199" lon="14.18952">
        <ele>16</ele>
        <time>2024-10-22T10:15:38+00:00</time>
      </trkpt>
      <trkpt lat="55.71987" lon="14.18935">
        <ele>14</ele>
        <time>2024-10-22T10:15:41+00:00</time>
      </trkpt>
      <trkpt lat="55.71985" lon="14.18911">
        <ele>15</ele>
        <time>2024-10-22T10:15:44+00:00</time>
      </trkpt>
      <trkpt lat="55.71983" lon="14.18876">
        <ele>14</ele>
        <time>2024-10-22T10:15:47+00:00</time>
      </trkpt>
      <trkpt lat="55.7198" lon="14.18812">
        <ele>14</ele>
        <time>2024-10-22T10:15:50+00:00</time>
      </trkpt>
      <trkpt lat="55.71976" lon="14.18759">
        <ele>14</ele>
        <time>2024-10-22T10:15:53+00:00</time>
      </trkpt>
      <trkpt lat="55.71975" lon="14.18734">
        <ele>14</ele>
        <time>2024-10-22T10:15:56+00:00</time>
      </trkpt>
      <trkpt lat="55.71975" lon="14.18709">
        <ele>13</ele>
        <time>2024-10-22T10:15:59+00:00</time>
      </trkpt>
      <trkpt lat="55.71974" lon="14.18697">
        <ele>13</ele>
        <time>2024-10-22T10:16:02+00:00</time>
      </trkpt>
      <trkpt lat="55.7197" lon="14.18665">
        <ele>13</ele>
        <time>2024-10-22T10:16:05+00:00</time>
      </trkpt>
      <trkpt lat="55.71965" lon="14.18626">
        <ele>14</ele>
        <time>2024-10-22T10:16:08+00:00</time>
      </trkpt>
      <trkpt lat="55.7196" lon="14.18591">
        <ele>14</ele>
        <time>2024-10-22T10:16:11+00:00</time>
      </trkpt>
      <trkpt lat="55.71955" lon="14.18564">
        <ele>14</ele>
        <time>2024-10-22T10:16:14+00:00</time>
      </trkpt>
      <trkpt lat="55.71946" lon="14.18533">
        <ele>15</ele>
        <time>2024-10-22T10:16:17+00:00</time>
      </trkpt>
      <trkpt lat="55.71937" lon="14.18495">
        <ele>15</ele>
        <time>2024-10-22T10:16:20+00:00</time>
      </trkpt>
      <trkpt lat="55.7193" lon="14.1847">
        <ele>15</ele>
        <time>2024-10-22T10:16:23+00:00</time>
      </trkpt>
      <trkpt lat="55.71924" lon="14.18452">
        <ele>15</ele>
        <time>2024-10-22T10:16:26+00:00</time>
      </trkpt>
      <trkpt lat="55.71912" lon="14.18421">
        <ele>15</ele>
        <time>2024-10-22T10:16:29+00:00</time>
      </trkpt>
      <trkpt lat="55.71907" lon="14.1841">
        <ele>14</ele>
        <time>2024-10-22T10:16:32+00:00</time>
      </trkpt>
      <trkpt lat="55.71894" lon="14.1838">
        <ele>14</ele>
        <time>2024-10-22T10:16:35+00:00</time>
      </trkpt>
      <trkpt lat="55.7189" lon="14.18371">
        <ele>14</ele>
        <time>2024-10-22T10:16:38+00:00</time>
      </trkpt>
      <trkpt lat="55.71884" lon="14.18351">
        <ele>14</ele>
        <time>2024-10-22T10:16:41+00:00</time>
      </trkpt>
      <trkpt lat="55.71881" lon="14.1834">
        <ele>14</ele>
        <time>2024-10-22T10:16:44+00:00</time>
      </trkpt>
      <trkpt lat="55.71877" lon="14.18317">
        <ele>14</ele>
        <time>2024-10-22T10:16:47+00:00</time>
      </trkpt>
      <trkpt lat="55.71874" lon="14.18293">
        <ele>13</ele>
        <time>2024-10-22T10:16:50+00:00</time>
      </trkpt>
      <trkpt lat="55.71872" lon="14.18266">
        <ele>13</ele>
        <time>2024-10-22T10:16:53+00:00</time>
      </trkpt>
      <trkpt lat="55.71869" lon="14.18231">
        <ele>13</ele>
        <time>2024-10-22T10:16:56+00:00</time>
      </trkpt>
      <trkpt lat="55.71868" lon="14.18219">
        <ele>12</ele>
        <time>2024-10-22T10:16:59+00:00</time>
      </trkpt>
      <trkpt lat="55.71867" lon="14.18179">
        <ele>12</ele>
        <time>2024-10-22T10:17:02+00:00</time>
      </trkpt>
      <trkpt lat="55.71865" lon="14.18104">
        <ele>11</ele>
        <time>2024-10-22T10:17:05+00:00</time>
      </trkpt>
      <trkpt lat="55.71863" lon="14.18069">
        <ele>10</ele>
        <time>2024-10-22T10:17:08+00:00</time>
      </trkpt>
      <trkpt lat="55.71861" lon="14.18032">
        <ele>10</ele>
        <time>2024-10-22T10:17:11+00:00</time>
      </trkpt>
      <trkpt lat="55.71859" lon="14.17972">
        <ele>10</ele>
        <time>2024-10-22T10:17:14+00:00</time>
      </trkpt>
      <trkpt lat="55.71856" lon="14.17919">
        <ele>9</ele>
        <time>2024-10-22T10:17:17+00:00</time>
      </trkpt>
      <trkpt lat="55.71854" lon="14.17885">
        <ele>9</ele>
        <time>2024-10-22T10:17:20+00:00</time>
      </trkpt>
      <trkpt lat="55.71852" lon="14.1785">
        <ele>9</ele>
        <time>2024-10-22T10:17:23+00:00</time>
      </trkpt>
      <trkpt lat="55.71852" lon="14.17814">
        <ele>9</ele>
        <time>2024-10-22T10:17:26+00:00</time>
      </trkpt>
      <trkpt lat="55.71851" lon="14.17789">
        <ele>9</ele>
        <time>2024-10-22T10:17:29+00:00</time>
      </trkpt>
      <trkpt lat="55.71849" lon="14.17777">
        <ele>9</ele>
        <time>2024-10-22T10:17:32+00:00</time>
      </trkpt>
      <trkpt lat="55.71842" lon="14.17741">
        <ele>9</ele>
        <time>2024-10-22T10:17:35+00:00</time>
      </trkpt>
      <trkpt lat="55.71838" lon="14.1771">
        <ele>10</ele>
        <time>2024-10-22T10:17:38+00:00</time>
      </trkpt>
      <trkpt lat="55.71832" lon="14.17677">
        <ele>10</ele>
        <time>2024-10-22T10:17:41+00:00</time>
      </trkpt>
      <trkpt lat="55.71826" lon="14.17642">
        <ele>11</ele>
        <time>2024-10-22T10:17:44+00:00</time>
      </trkpt>
      <trkpt lat="55.71821" lon="14.17619">
        <ele>12</ele>
        <time>2024-10-22T10:17:47+00:00</time>
      </trkpt>
      <trkpt lat="55.71814" lon="14.17585">
        <ele>13</ele>
        <time>2024-10-22T10:17:50+00:00</time>
      </trkpt>
      <trkpt lat="55.71812" lon="14.17573">
        <ele>13</ele>
        <time>2024-10-22T10:17:53+00:00</time>
      </trkpt>
      <trkpt lat="55.71807" lon="14.17545">
        <ele>14</ele>
        <time>2024-10-22T10:17:56+00:00</time>
      </trkpt>
      <trkpt lat="55.71803" lon="14.17515">
        <ele>14</ele>
        <time>2024-10-22T10:17:59+00:00</time>
      </trkpt>
      <trkpt lat="55.71799" lon="14.17492">
        <ele>15</ele>
        <time>2024-10-22T10:18:02+00:00</time>
      </trkpt>
      <trkpt lat="55.71794" lon="14.17468">
        <ele>16</ele>
        <time>2024-10-22T10:18:05+00:00</time>
      </trkpt>
      <trkpt lat="55.71788" lon="14.1744">
        <ele>17</ele>
        <time>2024-10-22T10:18:08+00:00</time>
      </trkpt>
      <trkpt lat="55.71776" lon="14.17391">
        <ele>19</ele>
        <time>2024-10-22T10:18:11+00:00</time>
      </trkpt>
      <trkpt lat="55.71775" lon="14.17382">
        <ele>20</ele>
        <time>2024-10-22T10:18:14+00:00</time>
      </trkpt>
      <trkpt lat="55.71776" lon="14.17373">
        <ele>20</ele>
        <time>2024-10-22T10:18:17+00:00</time>
      </trkpt>
      <trkpt lat="55.71779" lon="14.17346">
        <ele>21</ele>
        <time>2024-10-22T10:18:20+00:00</time>
      </trkpt>
      <trkpt lat="55.71783" lon="14.17287">
        <ele>22</ele>
        <time>2024-10-22T10:18:23+00:00</time>
      </trkpt>
      <trkpt lat="55.71784" lon="14.17278">
        <ele>22</ele>
        <time>2024-10-22T10:18:26+00:00</time>
      </trkpt>
      <trkpt lat="55.71783" lon="14.17237">
        <ele>22</ele>
        <time>2024-10-22T10:18:29+00:00</time>
      </trkpt>
      <trkpt lat="55.71785" lon="14.17226">
        <ele>22</ele>
        <time>2024-10-22T10:18:32+00:00</time>
      </trkpt>
      <trkpt lat="55.71787" lon="14.17217">
        <ele>22</ele>
        <time>2024-10-22T10:18:35+00:00</time>
      </trkpt>
      <trkpt lat="55.71792" lon="14.17208">
        <ele>22</ele>
        <time>2024-10-22T10:18:38+00:00</time>
      </trkpt>
      <trkpt lat="55.71795" lon="14.172">
        <ele>22</ele>
        <time>2024-10-22T10:18:41+00:00</time>
      </trkpt>
      <trkpt lat="55.71798" lon="14.1719">
        <ele>22</ele>
        <time>2024-10-22T10:18:44+00:00</time>
      </trkpt>
      <trkpt lat="55.71799" lon="14.17179">
        <ele>22</ele>
        <time>2024-10-22T10:18:47+00:00</time>
      </trkpt>
      <trkpt lat="55.71799" lon="14.17158">
        <ele>22</ele>
        <time>2024-10-22T10:18:50+00:00</time>
      </trkpt>
      <trkpt lat="55.718" lon="14.17147">
        <ele>22</ele>
        <time>2024-10-22T10:18:53+00:00</time>
      </trkpt>
      <trkpt lat="55.71803" lon="14.17125">
        <ele>22</ele>
        <time>2024-10-22T10:18:56+00:00</time>
      </trkpt>
      <trkpt lat="55.71803" lon="14.17114">
        <ele>22</ele>
        <time>2024-10-22T10:18:59+00:00</time>
      </trkpt>
      <trkpt lat="55.71803" lon="14.17104">
        <ele>22</ele>
        <time>2024-10-22T10:19:02+00:00</time>
      </trkpt>
      <trkpt lat="55.71802" lon="14.17094">
        <ele>22</ele>
        <time>2024-10-22T10:19:05+00:00</time>
      </trkpt>
      <trkpt lat="55.71797" lon="14.17064">
        <ele>24</ele>
        <time>2024-10-22T10:19:08+00:00</time>
      </trkpt>
      <trkpt lat="55.71794" lon="14.17045">
        <ele>24</ele>
        <time>2024-10-22T10:19:11+00:00</time>
      </trkpt>
      <trkpt lat="55.71789" lon="14.17015">
        <ele>25</ele>
        <time>2024-10-22T10:19:14+00:00</time>
      </trkpt>
      <trkpt lat="55.71782" lon="14.1697">
        <ele>26</ele>
        <time>2024-10-22T10:19:17+00:00</time>
      </trkpt>
      <trkpt lat="55.71778" lon="14.16942">
        <ele>27</ele>
        <time>2024-10-22T10:19:20+00:00</time>
      </trkpt>
      <trkpt lat="55.71772" lon="14.16912">
        <ele>28</ele>
        <time>2024-10-22T10:19:23+00:00</time>
      </trkpt>
      <trkpt lat="55.7177" lon="14.16904">
        <ele>28</ele>
        <time>2024-10-22T10:19:26+00:00</time>
      </trkpt>
      <trkpt lat="55.7177" lon="14.16897">
        <ele>29</ele>
        <time>2024-10-22T10:19:29+00:00</time>
      </trkpt>
      <trkpt lat="55.71769" lon="14.16856">
        <ele>30</ele>
        <time>2024-10-22T10:19:32+00:00</time>
      </trkpt>
      <trkpt lat="55.71769" lon="14.16844">
        <ele>30</ele>
        <time>2024-10-22T10:19:35+00:00</time>
      </trkpt>
      <trkpt lat="55.71772" lon="14.16798">
        <ele>30</ele>
        <time>2024-10-22T10:19:38+00:00</time>
      </trkpt>
      <trkpt lat="55.71772" lon="14.1674">
        <ele>30</ele>
        <time>2024-10-22T10:19:41+00:00</time>
      </trkpt>
      <trkpt lat="55.71773" lon="14.16728">
        <ele>30</ele>
        <time>2024-10-22T10:19:44+00:00</time>
      </trkpt>
      <trkpt lat="55.7178" lon="14.16676">
        <ele>29</ele>
        <time>2024-10-22T10:19:47+00:00</time>
      </trkpt>
      <trkpt lat="55.71785" lon="14.16641">
        <ele>29</ele>
        <time>2024-10-22T10:19:50+00:00</time>
      </trkpt>
      <trkpt lat="55.7179" lon="14.16602">
        <ele>29</ele>
        <time>2024-10-22T10:19:53+00:00</time>
      </trkpt>
      <trkpt lat="55.71797" lon="14.16543">
        <ele>29</ele>
        <time>2024-10-22T10:19:56+00:00</time>
      </trkpt>
      <trkpt lat="55.71801" lon="14.1651">
        <ele>29</ele>
        <time>2024-10-22T10:19:59+00:00</time>
      </trkpt>
      <trkpt lat="55.71803" lon="14.16474">
        <ele>29</ele>
        <time>2024-10-22T10:20:02+00:00</time>
      </trkpt>
      <trkpt lat="55.71806" lon="14.1645">
        <ele>30</ele>
        <time>2024-10-22T10:20:05+00:00</time>
      </trkpt>
      <trkpt lat="55.7181" lon="14.16427">
        <ele>29</ele>
        <time>2024-10-22T10:20:08+00:00</time>
      </trkpt>
      <trkpt lat="55.71815" lon="14.16402">
        <ele>29</ele>
        <time>2024-10-22T10:20:11+00:00</time>
      </trkpt>
      <trkpt lat="55.7182" lon="14.16379">
        <ele>30</ele>
        <time>2024-10-22T10:20:14+00:00</time>
      </trkpt>
      <trkpt lat="55.71823" lon="14.16356">
        <ele>29</ele>
        <time>2024-10-22T10:20:17+00:00</time>
      </trkpt>
      <trkpt lat="55.71827" lon="14.16332">
        <ele>30</ele>
        <time>2024-10-22T10:20:20+00:00</time>
      </trkpt>
      <trkpt lat="55.71831" lon="14.1631">
        <ele>29</ele>
        <time>2024-10-22T10:20:23+00:00</time>
      </trkpt>
      <trkpt lat="55.71837" lon="14.16288">
        <ele>30</ele>
        <time>2024-10-22T10:20:26+00:00</time>
      </trkpt>
      <trkpt lat="55.71839" lon="14.16277">
        <ele>30</ele>
        <time>2024-10-22T10:20:29+00:00</time>
      </trkpt>
      <trkpt lat="55.71841" lon="14.16265">
        <ele>29</ele>
        <time>2024-10-22T10:20:32+00:00</time>
      </trkpt>
      <trkpt lat="55.71841" lon="14.16253">
        <ele>30</ele>
        <time>2024-10-22T10:20:35+00:00</time>
      </trkpt>
      <trkpt lat="55.71841" lon="14.16241">
        <ele>30</ele>
        <time>2024-10-22T10:20:38+00:00</time>
      </trkpt>
      <trkpt lat="55.71839" lon="14.16218">
        <ele>31</ele>
        <time>2024-10-22T10:20:41+00:00</time>
      </trkpt>
      <trkpt lat="55.71838" lon="14.16179">
        <ele>31</ele>
        <time>2024-10-22T10:20:44+00:00</time>
      </trkpt>
      <trkpt lat="55.71838" lon="14.16162">
        <ele>32</ele>
        <time>2024-10-22T10:20:47+00:00</time>
      </trkpt>
      <trkpt lat="55.7184" lon="14.16151">
        <ele>31</ele>
        <time>2024-10-22T10:20:50+00:00</time>
      </trkpt>
      <trkpt lat="55.71847" lon="14.16119">
        <ele>31</ele>
        <time>2024-10-22T10:20:53+00:00</time>
      </trkpt>
      <trkpt lat="55.71851" lon="14.16097">
        <ele>30</ele>
        <time>2024-10-22T10:20:56+00:00</time>
      </trkpt>
      <trkpt lat="55.71858" lon="14.16065">
        <ele>30</ele>
        <time>2024-10-22T10:20:59+00:00</time>
      </trkpt>
      <trkpt lat="55.71865" lon="14.16021">
        <ele>28</ele>
        <time>2024-10-22T10:21:02+00:00</time>
      </trkpt>
      <trkpt lat="55.71876" lon="14.15962">
        <ele>26</ele>
        <time>2024-10-22T10:21:05+00:00</time>
      </trkpt>
      <trkpt lat="55.71879" lon="14.15952">
        <ele>26</ele>
        <time>2024-10-22T10:21:08+00:00</time>
      </trkpt>
      <trkpt lat="55.71884" lon="14.15933">
        <ele>25</ele>
        <time>2024-10-22T10:21:11+00:00</time>
      </trkpt>
      <trkpt lat="55.71887" lon="14.15923">
        <ele>25</ele>
        <time>2024-10-22T10:21:14+00:00</time>
      </trkpt>
      <trkpt lat="55.7189" lon="14.15894">
        <ele>23</ele>
        <time>2024-10-22T10:21:17+00:00</time>
      </trkpt>
      <trkpt lat="55.71892" lon="14.15889">
        <ele>23</ele>
        <time>2024-10-22T10:21:20+00:00</time>
      </trkpt>
      <trkpt lat="55.71893" lon="14.15887">
        <ele>23</ele>
        <time>2024-10-22T10:21:23+00:00</time>
      </trkpt>
      <trkpt lat="55.71902" lon="14.15878">
        <ele>22</ele>
        <time>2024-10-22T10:21:26+00:00</time>
      </trkpt>
      <trkpt lat="55.71907" lon="14.15872">
        <ele>22</ele>
        <time>2024-10-22T10:21:29+00:00</time>
      </trkpt>
      <trkpt lat="55.71911" lon="14.15866">
        <ele>20</ele>
        <time>2024-10-22T10:21:32+00:00</time>
      </trkpt>
      <trkpt lat="55.71917" lon="14.15853">
        <ele>20</ele>
        <time>2024-10-22T10:21:35+00:00</time>
      </trkpt>
      <trkpt lat="55.71919" lon="14.15846">
        <ele>20</ele>
        <time>2024-10-22T10:21:38+00:00</time>
      </trkpt>
      <trkpt lat="55.71923" lon="14.15828">
        <ele>18</ele>
        <time>2024-10-22T10:21:41+00:00</time>
      </trkpt>
      <trkpt lat="55.71925" lon="14.15818">
        <ele>18</ele>
        <time>2024-10-22T10:21:44+00:00</time>
      </trkpt>
      <trkpt lat="55.71925" lon="14.15807">
        <ele>18</ele>
        <time>2024-10-22T10:21:47+00:00</time>
      </trkpt>
      <trkpt lat="55.71924" lon="14.15795">
        <ele>18</ele>
        <time>2024-10-22T10:21:50+00:00</time>
      </trkpt>
      <trkpt lat="55.71924" lon="14.15783">
        <ele>17</ele>
        <time>2024-10-22T10:21:53+00:00</time>
      </trkpt>
      <trkpt lat="55.71926" lon="14.15771">
        <ele>17</ele>
        <time>2024-10-22T10:21:56+00:00</time>
      </trkpt>
      <trkpt lat="55.71928" lon="14.15759">
        <ele>17</ele>
        <time>2024-10-22T10:21:59+00:00</time>
      </trkpt>
      <trkpt lat="55.71934" lon="14.15734">
        <ele>15</ele>
        <time>2024-10-22T10:22:02+00:00</time>
      </trkpt>
      <trkpt lat="55.71943" lon="14.15703">
        <ele>14</ele>
        <time>2024-10-22T10:22:05+00:00</time>
      </trkpt>
      <trkpt lat="55.7195" lon="14.15674">
        <ele>14</ele>
        <time>2024-10-22T10:22:08+00:00</time>
      </trkpt>
      <trkpt lat="55.71958" lon="14.15649">
        <ele>15</ele>
        <time>2024-10-22T10:22:11+00:00</time>
      </trkpt>
      <trkpt lat="55.71961" lon="14.15638">
        <ele>14</ele>
        <time>2024-10-22T10:22:14+00:00</time>
      </trkpt>
      <trkpt lat="55.71963" lon="14.15627">
        <ele>15</ele>
        <time>2024-10-22T10:22:17+00:00</time>
      </trkpt>
      <trkpt lat="55.71965" lon="14.15616">
        <ele>15</ele>
        <time>2024-10-22T10:22:20+00:00</time>
      </trkpt>
      <trkpt lat="55.71966" lon="14.15605">
        <ele>15</ele>
        <time>2024-10-22T10:22:23+00:00</time>
      </trkpt>
      <trkpt lat="55.71966" lon="14.15583">
        <ele>16</ele>
        <time>2024-10-22T10:22:26+00:00</time>
      </trkpt>
      <trkpt lat="55.71965" lon="14.15562">
        <ele>17</ele>
        <time>2024-10-22T10:22:29+00:00</time>
      </trkpt>
      <trkpt lat="55.71962" lon="14.15541">
        <ele>17</ele>
        <time>2024-10-22T10:22:32+00:00</time>
      </trkpt>
      <trkpt lat="55.71961" lon="14.1553">
        <ele>18</ele>
        <time>2024-10-22T10:22:35+00:00</time>
      </trkpt>
      <trkpt lat="55.7196" lon="14.15498">
        <ele>19</ele>
        <time>2024-10-22T10:22:38+00:00</time>
      </trkpt>
      <trkpt lat="55.71959" lon="14.15494">
        <ele>20</ele>
        <time>2024-10-22T10:22:41+00:00</time>
      </trkpt>
      <trkpt lat="55.71956" lon="14.15483">
        <ele>21</ele>
        <time>2024-10-22T10:22:44+00:00</time>
      </trkpt>
      <trkpt lat="55.71955" lon="14.15477">
        <ele>21</ele>
        <time>2024-10-22T10:22:47+00:00</time>
      </trkpt>
      <trkpt lat="55.71955" lon="14.15473">
        <ele>21</ele>
        <time>2024-10-22T10:22:50+00:00</time>
      </trkpt>
      <trkpt lat="55.71954" lon="14.15461">
        <ele>21</ele>
        <time>2024-10-22T10:22:53+00:00</time>
      </trkpt>
      <trkpt lat="55.71953" lon="14.1545">
        <ele>22</ele>
        <time>2024-10-22T10:22:56+00:00</time>
      </trkpt>
      <trkpt lat="55.7195" lon="14.1544">
        <ele>22</ele>
        <time>2024-10-22T10:22:59+00:00</time>
      </trkpt>
      <trkpt lat="55.71944" lon="14.15426">
        <ele>24</ele>
        <time>2024-10-22T10:23:02+00:00</time>
      </trkpt>
      <trkpt lat="55.71939" lon="14.15407">
        <ele>26</ele>
        <time>2024-10-22T10:23:05+00:00</time>
      </trkpt>
      <trkpt lat="55.71931" lon="14.15388">
        <ele>27</ele>
        <time>2024-10-22T10:23:08+00:00</time>
      </trkpt>
      <trkpt lat="55.71929" lon="14.15379">
        <ele>29</ele>
        <time>2024-10-22T10:23:11+00:00</time>
      </trkpt>
      <trkpt lat="55.71927" lon="14.15373">
        <ele>29</ele>
        <time>2024-10-22T10:23:14+00:00</time>
      </trkpt>
      <trkpt lat="55.7192" lon="14.15333">
        <ele>31</ele>
        <time>2024-10-22T10:23:17+00:00</time>
      </trkpt>
      <trkpt lat="55.71919" lon="14.15322">
        <ele>32</ele>
        <time>2024-10-22T10:23:20+00:00</time>
      </trkpt>
      <trkpt lat="55.71919" lon="14.15312">
        <ele>32</ele>
        <time>2024-10-22T10:23:23+00:00</time>
      </trkpt>
      <trkpt lat="55.71921" lon="14.15302">
        <ele>31</ele>
        <time>2024-10-22T10:23:26+00:00</time>
      </trkpt>
      <trkpt lat="55.71925" lon="14.15292">
        <ele>32</ele>
        <time>2024-10-22T10:23:29+00:00</time>
      </trkpt>
      <trkpt lat="55.71929" lon="14.15282">
        <ele>32</ele>
        <time>2024-10-22T10:23:32+00:00</time>
      </trkpt>
      <trkpt lat="55.71938" lon="14.15262">
        <ele>31</ele>
        <time>2024-10-22T10:23:35+00:00</time>
      </trkpt>
      <trkpt lat="55.71949" lon="14.15238">
        <ele>30</ele>
        <time>2024-10-22T10:23:38+00:00</time>
      </trkpt>
      <trkpt lat="55.71972" lon="14.15187">
        <ele>28</ele>
        <time>2024-10-22T10:23:41+00:00</time>
      </trkpt>
      <trkpt lat="55.7198" lon="14.15167">
        <ele>27</ele>
        <time>2024-10-22T10:23:44+00:00</time>
      </trkpt>
      <trkpt lat="55.71992" lon="14.15137">
        <ele>28</ele>
        <time>2024-10-22T10:23:47+00:00</time>
      </trkpt>
      <trkpt lat="55.71996" lon="14.15127">
        <ele>28</ele>
        <time>2024-10-22T10:23:50+00:00</time>
      </trkpt>
      <trkpt lat="55.71998" lon="14.15116">
        <ele>28</ele>
        <time>2024-10-22T10:23:53+00:00</time>
      </trkpt>
      <trkpt lat="55.71998" lon="14.15105">
        <ele>29</ele>
        <time>2024-10-22T10:23:56+00:00</time>
      </trkpt>
      <trkpt lat="55.71998" lon="14.15093">
        <ele>29</ele>
        <time>2024-10-22T10:23:59+00:00</time>
      </trkpt>
      <trkpt lat="55.71999" lon="14.15081">
        <ele>29</ele>
        <time>2024-10-22T10:24:02+00:00</time>
      </trkpt>
      <trkpt lat="55.72002" lon="14.1507">
        <ele>29</ele>
        <time>2024-10-22T10:24:05+00:00</time>
      </trkpt>
      <trkpt lat="55.72005" lon="14.15062">
        <ele>29</ele>
        <time>2024-10-22T10:24:08+00:00</time>
      </trkpt>
      <trkpt lat="55.72011" lon="14.15049">
        <ele>29</ele>
        <time>2024-10-22T10:24:11+00:00</time>
      </trkpt>
      <trkpt lat="55.72014" lon="14.15041">
        <ele>29</ele>
        <time>2024-10-22T10:24:14+00:00</time>
      </trkpt>
      <trkpt lat="55.72017" lon="14.15032">
        <ele>29</ele>
        <time>2024-10-22T10:24:17+00:00</time>
      </trkpt>
      <trkpt lat="55.72021" lon="14.1501">
        <ele>29</ele>
        <time>2024-10-22T10:24:20+00:00</time>
      </trkpt>
      <trkpt lat="55.72024" lon="14.14999">
        <ele>30</ele>
        <time>2024-10-22T10:24:23+00:00</time>
      </trkpt>
      <trkpt lat="55.72028" lon="14.14988">
        <ele>30</ele>
        <time>2024-10-22T10:24:26+00:00</time>
      </trkpt>
      <trkpt lat="55.72032" lon="14.14978">
        <ele>29</ele>
        <time>2024-10-22T10:24:29+00:00</time>
      </trkpt>
      <trkpt lat="55.72037" lon="14.1497">
        <ele>30</ele>
        <time>2024-10-22T10:24:32+00:00</time>
      </trkpt>
      <trkpt lat="55.72042" lon="14.14965">
        <ele>30</ele>
        <time>2024-10-22T10:24:35+00:00</time>
      </trkpt>
      <trkpt lat="55.72054" lon="14.14958">
        <ele>29</ele>
        <time>2024-10-22T10:24:38+00:00</time>
      </trkpt>
      <trkpt lat="55.72058" lon="14.14954">
        <ele>29</ele>
        <time>2024-10-22T10:24:41+00:00</time>
      </trkpt>
      <trkpt lat="55.72063" lon="14.1495">
        <ele>29</ele>
        <time>2024-10-22T10:24:44+00:00</time>
      </trkpt>
      <trkpt lat="55.72072" lon="14.14939">
        <ele>29</ele>
        <time>2024-10-22T10:24:47+00:00</time>
      </trkpt>
      <trkpt lat="55.72086" lon="14.14919">
        <ele>28</ele>
        <time>2024-10-22T10:24:50+00:00</time>
      </trkpt>
      <trkpt lat="55.72091" lon="14.14912">
        <ele>27</ele>
        <time>2024-10-22T10:24:53+00:00</time>
      </trkpt>
      <trkpt lat="55.72099" lon="14.14896">
        <ele>28</ele>
        <time>2024-10-22T10:24:56+00:00</time>
      </trkpt>
      <trkpt lat="55.72115" lon="14.14871">
        <ele>26</ele>
        <time>2024-10-22T10:24:59+00:00</time>
      </trkpt>
      <trkpt lat="55.72124" lon="14.14853">
        <ele>26</ele>
        <time>2024-10-22T10:25:02+00:00</time>
      </trkpt>
      <trkpt lat="55.72135" lon="14.14838">
        <ele>25</ele>
        <time>2024-10-22T10:25:05+00:00</time>
      </trkpt>
      <trkpt lat="55.72154" lon="14.1481">
        <ele>24</ele>
        <time>2024-10-22T10:25:08+00:00</time>
      </trkpt>
      <trkpt lat="55.72158" lon="14.14805">
        <ele>24</ele>
        <time>2024-10-22T10:25:11+00:00</time>
      </trkpt>
      <trkpt lat="55.72184" lon="14.14776">
        <ele>21</ele>
        <time>2024-10-22T10:25:14+00:00</time>
      </trkpt>
      <trkpt lat="55.72209" lon="14.14745">
        <ele>20</ele>
        <time>2024-10-22T10:25:17+00:00</time>
      </trkpt>
      <trkpt lat="55.72224" lon="14.14729">
        <ele>19</ele>
        <time>2024-10-22T10:25:20+00:00</time>
      </trkpt>
      <trkpt lat="55.72229" lon="14.14723">
        <ele>19</ele>
        <time>2024-10-22T10:25:23+00:00</time>
      </trkpt>
      <trkpt lat="55.72237" lon="14.14711">
        <ele>19</ele>
        <time>2024-10-22T10:25:26+00:00</time>
      </trkpt>
      <trkpt lat="55.7224" lon="14.14705">
        <ele>19</ele>
        <time>2024-10-22T10:25:29+00:00</time>
      </trkpt>
      <trkpt lat="55.72242" lon="14.14699">
        <ele>18</ele>
        <time>2024-10-22T10:25:32+00:00</time>
      </trkpt>
      <trkpt lat="55.72242" lon="14.14693">
        <ele>18</ele>
        <time>2024-10-22T10:25:35+00:00</time>
      </trkpt>
      <trkpt lat="55.72242" lon="14.14685">
        <ele>19</ele>
        <time>2024-10-22T10:25:38+00:00</time>
      </trkpt>
      <trkpt lat="55.72242" lon="14.14678">
        <ele>19</ele>
        <time>2024-10-22T10:25:41+00:00</time>
      </trkpt>
      <trkpt lat="55.72244" lon="14.14674">
        <ele>19</ele>
        <time>2024-10-22T10:25:44+00:00</time>
      </trkpt>
      <trkpt lat="55.72248" lon="14.14673">
        <ele>19</ele>
        <time>2024-10-22T10:25:47+00:00</time>
      </trkpt>
      <trkpt lat="55.72257" lon="14.14681">
        <ele>18</ele>
        <time>2024-10-22T10:25:50+00:00</time>
      </trkpt>
      <trkpt lat="55.72261" lon="14.14683">
        <ele>17</ele>
        <time>2024-10-22T10:25:53+00:00</time>
      </trkpt>
      <trkpt lat="55.72265" lon="14.14684">
        <ele>17</ele>
        <time>2024-10-22T10:25:56+00:00</time>
      </trkpt>
      <trkpt lat="55.72267" lon="14.14682">
        <ele>17</ele>
        <time>2024-10-22T10:25:59+00:00</time>
      </trkpt>
      <trkpt lat="55.72269" lon="14.14677">
        <ele>17</ele>
        <time>2024-10-22T10:26:02+00:00</time>
      </trkpt>
      <trkpt lat="55.72269" lon="14.1467">
        <ele>18</ele>
        <time>2024-10-22T10:26:05+00:00</time>
      </trkpt>
      <trkpt lat="55.72268" lon="14.14654">
        <ele>18</ele>
        <time>2024-10-22T10:26:08+00:00</time>
      </trkpt>
      <trkpt lat="55.72269" lon="14.14646">
        <ele>18</ele>
        <time>2024-10-22T10:26:11+00:00</time>
      </trkpt>
      <trkpt lat="55.7227" lon="14.14639">
        <ele>18</ele>
        <time>2024-10-22T10:26:14+00:00</time>
      </trkpt>
      <trkpt lat="55.72276" lon="14.14617">
        <ele>18</ele>
        <time>2024-10-22T10:26:17+00:00</time>
      </trkpt>
      <trkpt lat="55.72278" lon="14.14608">
        <ele>18</ele>
        <time>2024-10-22T10:26:20+00:00</time>
      </trkpt>
      <trkpt lat="55.72279" lon="14.14598">
        <ele>18</ele>
        <time>2024-10-22T10:26:23+00:00</time>
      </trkpt>
      <trkpt lat="55.72282" lon="14.14564">
        <ele>19</ele>
        <time>2024-10-22T10:26:26+00:00</time>
      </trkpt>
      <trkpt lat="55.72286" lon="14.14539">
        <ele>20</ele>
        <time>2024-10-22T10:26:29+00:00</time>
      </trkpt>
      <trkpt lat="55.72291" lon="14.1451">
        <ele>20</ele>
        <time>2024-10-22T10:26:32+00:00</time>
      </trkpt>
      <trkpt lat="55.72293" lon="14.14489">
        <ele>20</ele>
        <time>2024-10-22T10:26:35+00:00</time>
      </trkpt>
      <trkpt lat="55.72299" lon="14.14459">
        <ele>21</ele>
        <time>2024-10-22T10:26:38+00:00</time>
      </trkpt>
      <trkpt lat="55.723" lon="14.14443">
        <ele>21</ele>
        <time>2024-10-22T10:26:41+00:00</time>
      </trkpt>
      <trkpt lat="55.723" lon="14.14437">
        <ele>21</ele>
        <time>2024-10-22T10:26:44+00:00</time>
      </trkpt>
      <trkpt lat="55.72301" lon="14.14435">
        <ele>21</ele>
        <time>2024-10-22T10:26:47+00:00</time>
      </trkpt>
      <trkpt lat="55.72303" lon="14.14433">
        <ele>21</ele>
        <time>2024-10-22T10:26:50+00:00</time>
      </trkpt>
      <trkpt lat="55.72305" lon="14.14431">
        <ele>21</ele>
        <time>2024-10-22T10:26:53+00:00</time>
      </trkpt>
      <trkpt lat="55.72305" lon="14.14429">
        <ele>21</ele>
        <time>2024-10-22T10:26:56+00:00</time>
      </trkpt>
      <trkpt lat="55.72306" lon="14.14415">
        <ele>21</ele>
        <time>2024-10-22T10:26:59+00:00</time>
      </trkpt>
      <trkpt lat="55.72307" lon="14.1441">
        <ele>21</ele>
        <time>2024-10-22T10:27:02+00:00</time>
      </trkpt>
      <trkpt lat="55.72308" lon="14.14406">
        <ele>21</ele>
        <time>2024-10-22T10:27:05+00:00</time>
      </trkpt>
      <trkpt lat="55.72314" lon="14.144">
        <ele>21</ele>
        <time>2024-10-22T10:27:08+00:00</time>
      </trkpt>
      <trkpt lat="55.72315" lon="14.14396">
        <ele>21</ele>
        <time>2024-10-22T10:27:11+00:00</time>
      </trkpt>
      <trkpt lat="55.72317" lon="14.14392">
        <ele>21</ele>
        <time>2024-10-22T10:27:14+00:00</time>
      </trkpt>
      <trkpt lat="55.72318" lon="14.14383">
        <ele>21</ele>
        <time>2024-10-22T10:27:17+00:00</time>
      </trkpt>
      <trkpt lat="55.72318" lon="14.14372">
        <ele>21</ele>
        <time>2024-10-22T10:27:20+00:00</time>
      </trkpt>
      <trkpt lat="55.72317" lon="14.1436">
        <ele>21</ele>
        <time>2024-10-22T10:27:23+00:00</time>
      </trkpt>
      <trkpt lat="55.72315" lon="14.14347">
        <ele>21</ele>
        <time>2024-10-22T10:27:26+00:00</time>
      </trkpt>
      <trkpt lat="55.72309" lon="14.14322">
        <ele>22</ele>
        <time>2024-10-22T10:27:29+00:00</time>
      </trkpt>
      <trkpt lat="55.72303" lon="14.14299">
        <ele>22</ele>
        <time>2024-10-22T10:27:32+00:00</time>
      </trkpt>
      <trkpt lat="55.72296" lon="14.1427">
        <ele>23</ele>
        <time>2024-10-22T10:27:35+00:00</time>
      </trkpt>
      <trkpt lat="55.72288" lon="14.14242">
        <ele>23</ele>
        <time>2024-10-22T10:27:38+00:00</time>
      </trkpt>
      <trkpt lat="55.72285" lon="14.14225">
        <ele>23</ele>
        <time>2024-10-22T10:27:41+00:00</time>
      </trkpt>
      <trkpt lat="55.7228" lon="14.14196">
        <ele>24</ele>
        <time>2024-10-22T10:27:44+00:00</time>
      </trkpt>
      <trkpt lat="55.72273" lon="14.14175">
        <ele>24</ele>
        <time>2024-10-22T10:27:47+00:00</time>
      </trkpt>
      <trkpt lat="55.72266" lon="14.14139">
        <ele>25</ele>
        <time>2024-10-22T10:27:50+00:00</time>
      </trkpt>
      <trkpt lat="55.72261" lon="14.14122">
        <ele>25</ele>
        <time>2024-10-22T10:27:53+00:00</time>
      </trkpt>
      <trkpt lat="55.72253" lon="14.14096">
        <ele>26</ele>
        <time>2024-10-22T10:27:56+00:00</time>
      </trkpt>
      <trkpt lat="55.72244" lon="14.14069">
        <ele>27</ele>
        <time>2024-10-22T10:27:59+00:00</time>
      </trkpt>
      <trkpt lat="55.72244" lon="14.1406">
        <ele>27</ele>
        <time>2024-10-22T10:28:02+00:00</time>
      </trkpt>
      <trkpt lat="55.72243" lon="14.1405">
        <ele>27</ele>
        <time>2024-10-22T10:28:05+00:00</time>
      </trkpt>
      <trkpt lat="55.72241" lon="14.1404">
        <ele>27</ele>
        <time>2024-10-22T10:28:08+00:00</time>
      </trkpt>
      <trkpt lat="55.72237" lon="14.14023">
        <ele>28</ele>
        <time>2024-10-22T10:28:11+00:00</time>
      </trkpt>
      <trkpt lat="55.72236" lon="14.14018">
        <ele>28</ele>
        <time>2024-10-22T10:28:14+00:00</time>
      </trkpt>
      <trkpt lat="55.72236" lon="14.14002">
        <ele>28</ele>
        <time>2024-10-22T10:28:17+00:00</time>
      </trkpt>
      <trkpt lat="55.72236" lon="14.13982">
        <ele>29</ele>
        <time>2024-10-22T10:28:20+00:00</time>
      </trkpt>
      <trkpt lat="55.72237" lon="14.13952">
        <ele>30</ele>
        <time>2024-10-22T10:28:23+00:00</time>
      </trkpt>
      <trkpt lat="55.72237" lon="14.1391">
        <ele>32</ele>
        <time>2024-10-22T10:28:26+00:00</time>
      </trkpt>
      <trkpt lat="55.72238" lon="14.13858">
        <ele>34</ele>
        <time>2024-10-22T10:28:29+00:00</time>
      </trkpt>
      <trkpt lat="55.72239" lon="14.13849">
        <ele>35</ele>
        <time>2024-10-22T10:28:32+00:00</time>
      </trkpt>
      <trkpt lat="55.72241" lon="14.13841">
        <ele>34</ele>
        <time>2024-10-22T10:28:35+00:00</time>
      </trkpt>
      <trkpt lat="55.72244" lon="14.13833">
        <ele>35</ele>
        <time>2024-10-22T10:28:38+00:00</time>
      </trkpt>
      <trkpt lat="55.72256" lon="14.13808">
        <ele>36</ele>
        <time>2024-10-22T10:28:41+00:00</time>
      </trkpt>
      <trkpt lat="55.72274" lon="14.13773">
        <ele>36</ele>
        <time>2024-10-22T10:28:44+00:00</time>
      </trkpt>
      <trkpt lat="55.72277" lon="14.13768">
        <ele>37</ele>
        <time>2024-10-22T10:28:47+00:00</time>
      </trkpt>
      <trkpt lat="55.7228" lon="14.13764">
        <ele>37</ele>
        <time>2024-10-22T10:28:50+00:00</time>
      </trkpt>
      <trkpt lat="55.72287" lon="14.1375">
        <ele>36</ele>
        <time>2024-10-22T10:28:53+00:00</time>
      </trkpt>
      <trkpt lat="55.72312" lon="14.13701">
        <ele>36</ele>
        <time>2024-10-22T10:28:56+00:00</time>
      </trkpt>
      <trkpt lat="55.72324" lon="14.13678">
        <ele>36</ele>
        <time>2024-10-22T10:28:59+00:00</time>
      </trkpt>
      <trkpt lat="55.72333" lon="14.13659">
        <ele>37</ele>
        <time>2024-10-22T10:29:02+00:00</time>
      </trkpt>
      <trkpt lat="55.72341" lon="14.1364">
        <ele>36</ele>
        <time>2024-10-22T10:29:05+00:00</time>
      </trkpt>
      <trkpt lat="55.7235" lon="14.13618">
        <ele>36</ele>
        <time>2024-10-22T10:29:08+00:00</time>
      </trkpt>
      <trkpt lat="55.72358" lon="14.13596">
        <ele>36</ele>
        <time>2024-10-22T10:29:11+00:00</time>
      </trkpt>
      <trkpt lat="55.72361" lon="14.13586">
        <ele>35</ele>
        <time>2024-10-22T10:29:14+00:00</time>
      </trkpt>
      <trkpt lat="55.72365" lon="14.1357">
        <ele>35</ele>
        <time>2024-10-22T10:29:17+00:00</time>
      </trkpt>
      <trkpt lat="55.72367" lon="14.13565">
        <ele>35</ele>
        <time>2024-10-22T10:29:20+00:00</time>
      </trkpt>
      <trkpt lat="55.72371" lon="14.13558">
        <ele>35</ele>
        <time>2024-10-22T10:29:23+00:00</time>
      </trkpt>
      <trkpt lat="55.72376" lon="14.13552">
        <ele>35</ele>
        <time>2024-10-22T10:29:26+00:00</time>
      </trkpt>
      <trkpt lat="55.72389" lon="14.13539">
        <ele>34</ele>
        <time>2024-10-22T10:29:29+00:00</time>
      </trkpt>
      <trkpt lat="55.72394" lon="14.13531">
        <ele>34</ele>
        <time>2024-10-22T10:29:32+00:00</time>
      </trkpt>
      <trkpt lat="55.72403" lon="14.13512">
        <ele>34</ele>
        <time>2024-10-22T10:29:35+00:00</time>
      </trkpt>
      <trkpt lat="55.72419" lon="14.13471">
        <ele>34</ele>
        <time>2024-10-22T10:29:38+00:00</time>
      </trkpt>
      <trkpt lat="55.72428" lon="14.13451">
        <ele>34</ele>
        <time>2024-10-22T10:29:41+00:00</time>
      </trkpt>
      <trkpt lat="55.72433" lon="14.13441">
        <ele>33</ele>
        <time>2024-10-22T10:29:44+00:00</time>
      </trkpt>
      <trkpt lat="55.72438" lon="14.13433">
        <ele>33</ele>
        <time>2024-10-22T10:29:47+00:00</time>
      </trkpt>
      <trkpt lat="55.72455" lon="14.1341">
        <ele>33</ele>
        <time>2024-10-22T10:29:50+00:00</time>
      </trkpt>
      <trkpt lat="55.72463" lon="14.13397">
        <ele>32</ele>
        <time>2024-10-22T10:29:53+00:00</time>
      </trkpt>
      <trkpt lat="55.7247" lon="14.13384">
        <ele>32</ele>
        <time>2024-10-22T10:29:56+00:00</time>
      </trkpt>
      <trkpt lat="55.72483" lon="14.13355">
        <ele>32</ele>
        <time>2024-10-22T10:29:59+00:00</time>
      </trkpt>
      <trkpt lat="55.72493" lon="14.13335">
        <ele>32</ele>
        <time>2024-10-22T10:30:02+00:00</time>
      </trkpt>
      <trkpt lat="55.72505" lon="14.13304">
        <ele>31</ele>
        <time>2024-10-22T10:30:05+00:00</time>
      </trkpt>
      <trkpt lat="55.72507" lon="14.13301">
        <ele>31</ele>
        <time>2024-10-22T10:30:08+00:00</time>
      </trkpt>
      <trkpt lat="55.72517" lon="14.13294">
        <ele>31</ele>
        <time>2024-10-22T10:30:11+00:00</time>
      </trkpt>
      <trkpt lat="55.72539" lon="14.13284">
        <ele>30</ele>
        <time>2024-10-22T10:30:14+00:00</time>
      </trkpt>
      <trkpt lat="55.72553" lon="14.13276">
        <ele>28</ele>
        <time>2024-10-22T10:30:17+00:00</time>
      </trkpt>
      <trkpt lat="55.7256" lon="14.13271">
        <ele>28</ele>
        <time>2024-10-22T10:30:20+00:00</time>
      </trkpt>
      <trkpt lat="55.72565" lon="14.13263">
        <ele>28</ele>
        <time>2024-10-22T10:30:23+00:00</time>
      </trkpt>
      <trkpt lat="55.72571" lon="14.13254">
        <ele>27</ele>
        <time>2024-10-22T10:30:26+00:00</time>
      </trkpt>
      <trkpt lat="55.72578" lon="14.13237">
        <ele>28</ele>
        <time>2024-10-22T10:30:29+00:00</time>
      </trkpt>
      <trkpt lat="55.72584" lon="14.13221">
        <ele>27</ele>
        <time>2024-10-22T10:30:32+00:00</time>
      </trkpt>
      <trkpt lat="55.72592" lon="14.13197">
        <ele>27</ele>
        <time>2024-10-22T10:30:35+00:00</time>
      </trkpt>
      <trkpt lat="55.72601" lon="14.1317">
        <ele>26</ele>
        <time>2024-10-22T10:30:38+00:00</time>
      </trkpt>
      <trkpt lat="55.72613" lon="14.13136">
        <ele>26</ele>
        <time>2024-10-22T10:30:41+00:00</time>
      </trkpt>
      <trkpt lat="55.72631" lon="14.13088">
        <ele>25</ele>
        <time>2024-10-22T10:30:44+00:00</time>
      </trkpt>
      <trkpt lat="55.72634" lon="14.13077">
        <ele>25</ele>
        <time>2024-10-22T10:30:47+00:00</time>
      </trkpt>
      <trkpt lat="55.72637" lon="14.13065">
        <ele>25</ele>
        <time>2024-10-22T10:30:50+00:00</time>
      </trkpt>
      <trkpt lat="55.72641" lon="14.13041">
        <ele>25</ele>
        <time>2024-10-22T10:30:53+00:00</time>
      </trkpt>
      <trkpt lat="55.72642" lon="14.1303">
        <ele>24</ele>
        <time>2024-10-22T10:30:56+00:00</time>
      </trkpt>
      <trkpt lat="55.72642" lon="14.13018">
        <ele>24</ele>
        <time>2024-10-22T10:30:59+00:00</time>
      </trkpt>
      <trkpt lat="55.72639" lon="14.13007">
        <ele>25</ele>
        <time>2024-10-22T10:31:02+00:00</time>
      </trkpt>
      <trkpt lat="55.72635" lon="14.12998">
        <ele>25</ele>
        <time>2024-10-22T10:31:05+00:00</time>
      </trkpt>
      <trkpt lat="55.7263" lon="14.12989">
        <ele>26</ele>
        <time>2024-10-22T10:31:08+00:00</time>
      </trkpt>
      <trkpt lat="55.72621" lon="14.12974">
        <ele>25</ele>
        <time>2024-10-22T10:31:11+00:00</time>
      </trkpt>
      <trkpt lat="55.72611" lon="14.12957">
        <ele>26</ele>
        <time>2024-10-22T10:31:14+00:00</time>
      </trkpt>
      <trkpt lat="55.72606" lon="14.12951">
        <ele>26</ele>
        <time>2024-10-22T10:31:17+00:00</time>
      </trkpt>
      <trkpt lat="55.72592" lon="14.1294">
        <ele>26</ele>
        <time>2024-10-22T10:31:20+00:00</time>
      </trkpt>
      <trkpt lat="55.72591" lon="14.12934">
        <ele>27</ele>
        <time>2024-10-22T10:31:23+00:00</time>
      </trkpt>
      <trkpt lat="55.72592" lon="14.12926">
        <ele>26</ele>
        <time>2024-10-22T10:31:26+00:00</time>
      </trkpt>
      <trkpt lat="55.72596" lon="14.12914">
        <ele>26</ele>
        <time>2024-10-22T10:31:29+00:00</time>
      </trkpt>
      <trkpt lat="55.72597" lon="14.12908">
        <ele>26</ele>
        <time>2024-10-22T10:31:32+00:00</time>
      </trkpt>
      <trkpt lat="55.72592" lon="14.12891">
        <ele>26</ele>
        <time>2024-10-22T10:31:35+00:00</time>
      </trkpt>
      <trkpt lat="55.7259" lon="14.12879">
        <ele>26</ele>
        <time>2024-10-22T10:31:38+00:00</time>
      </trkpt>
      <trkpt lat="55.7259" lon="14.12866">
        <ele>27</ele>
        <time>2024-10-22T10:31:41+00:00</time>
      </trkpt>
      <trkpt lat="55.7259" lon="14.12853">
        <ele>26</ele>
        <time>2024-10-22T10:31:44+00:00</time>
      </trkpt>
      <trkpt lat="55.72593" lon="14.12826">
        <ele>26</ele>
        <time>2024-10-22T10:31:47+00:00</time>
      </trkpt>
      <trkpt lat="55.72599" lon="14.12788">
        <ele>26</ele>
        <time>2024-10-22T10:31:50+00:00</time>
      </trkpt>
      <trkpt lat="55.72601" lon="14.12776">
        <ele>26</ele>
        <time>2024-10-22T10:31:53+00:00</time>
      </trkpt>
      <trkpt lat="55.72605" lon="14.12762">
        <ele>26</ele>
        <time>2024-10-22T10:31:56+00:00</time>
      </trkpt>
      <trkpt lat="55.72603" lon="14.12761">
        <ele>26</ele>
        <time>2024-10-22T10:31:59+00:00</time>
      </trkpt>
      <trkpt lat="55.72599" lon="14.12762">
        <ele>27</ele>
        <time>2024-10-22T10:32:02+00:00</time>
      </trkpt>
      <trkpt lat="55.72593" lon="14.12762">
        <ele>27</ele>
        <time>2024-10-22T10:32:05+00:00</time>
      </trkpt>
      <trkpt lat="55.72588" lon="14.12756">
        <ele>28</ele>
        <time>2024-10-22T10:32:08+00:00</time>
      </trkpt>
      <trkpt lat="55.72587" lon="14.12746">
        <ele>29</ele>
        <time>2024-10-22T10:32:11+00:00</time>
      </trkpt>
      <trkpt lat="55.72587" lon="14.12734">
        <ele>29</ele>
        <time>2024-10-22T10:32:14+00:00</time>
      </trkpt>
      <trkpt lat="55.72589" lon="14.12712">
        <ele>28</ele>
        <time>2024-10-22T10:32:17+00:00</time>
      </trkpt>
      <trkpt lat="55.72591" lon="14.12677">
        <ele>29</ele>
        <time>2024-10-22T10:32:20+00:00</time>
      </trkpt>
      <trkpt lat="55.72592" lon="14.12645">
        <ele>29</ele>
        <time>2024-10-22T10:32:23+00:00</time>
      </trkpt>
      <trkpt lat="55.72592" lon="14.12627">
        <ele>29</ele>
        <time>2024-10-22T10:32:26+00:00</time>
      </trkpt>
      <trkpt lat="55.72589" lon="14.12598">
        <ele>30</ele>
        <time>2024-10-22T10:32:29+00:00</time>
      </trkpt>
      <trkpt lat="55.72586" lon="14.12562">
        <ele>30</ele>
        <time>2024-10-22T10:32:32+00:00</time>
      </trkpt>
      <trkpt lat="55.72582" lon="14.12524">
        <ele>30</ele>
        <time>2024-10-22T10:32:35+00:00</time>
      </trkpt>
      <trkpt lat="55.72581" lon="14.12512">
        <ele>30</ele>
        <time>2024-10-22T10:32:38+00:00</time>
      </trkpt>
      <trkpt lat="55.72581" lon="14.125">
        <ele>29</ele>
        <time>2024-10-22T10:32:41+00:00</time>
      </trkpt>
      <trkpt lat="55.72581" lon="14.12488">
        <ele>29</ele>
        <time>2024-10-22T10:32:44+00:00</time>
      </trkpt>
      <trkpt lat="55.72583" lon="14.12475">
        <ele>29</ele>
        <time>2024-10-22T10:32:47+00:00</time>
      </trkpt>
      <trkpt lat="55.72592" lon="14.12429">
        <ele>27</ele>
        <time>2024-10-22T10:32:50+00:00</time>
      </trkpt>
      <trkpt lat="55.72596" lon="14.12406">
        <ele>27</ele>
        <time>2024-10-22T10:32:53+00:00</time>
      </trkpt>
      <trkpt lat="55.72597" lon="14.12395">
        <ele>27</ele>
        <time>2024-10-22T10:32:56+00:00</time>
      </trkpt>
      <trkpt lat="55.72597" lon="14.12372">
        <ele>27</ele>
        <time>2024-10-22T10:32:59+00:00</time>
      </trkpt>
      <trkpt lat="55.72596" lon="14.12349">
        <ele>27</ele>
        <time>2024-10-22T10:33:02+00:00</time>
      </trkpt>
      <trkpt lat="55.72596" lon="14.12327">
        <ele>27</ele>
        <time>2024-10-22T10:33:05+00:00</time>
      </trkpt>
      <trkpt lat="55.72593" lon="14.12305">
        <ele>27</ele>
        <time>2024-10-22T10:33:08+00:00</time>
      </trkpt>
      <trkpt lat="55.72587" lon="14.12268">
        <ele>29</ele>
        <time>2024-10-22T10:33:11+00:00</time>
      </trkpt>
      <trkpt lat="55.72585" lon="14.12256">
        <ele>29</ele>
        <time>2024-10-22T10:33:14+00:00</time>
      </trkpt>
      <trkpt lat="55.7258" lon="14.12232">
        <ele>30</ele>
        <time>2024-10-22T10:33:17+00:00</time>
      </trkpt>
      <trkpt lat="55.72575" lon="14.12211">
        <ele>32</ele>
        <time>2024-10-22T10:33:20+00:00</time>
      </trkpt>
      <trkpt lat="55.72571" lon="14.12202">
        <ele>32</ele>
        <time>2024-10-22T10:33:23+00:00</time>
      </trkpt>
      <trkpt lat="55.72561" lon="14.12186">
        <ele>34</ele>
        <time>2024-10-22T10:33:26+00:00</time>
      </trkpt>
      <trkpt lat="55.72559" lon="14.12181">
        <ele>35</ele>
        <time>2024-10-22T10:33:29+00:00</time>
      </trkpt>
      <trkpt lat="55.72559" lon="14.12177">
        <ele>36</ele>
        <time>2024-10-22T10:33:32+00:00</time>
      </trkpt>
      <trkpt lat="55.72558" lon="14.12172">
        <ele>36</ele>
        <time>2024-10-22T10:33:35+00:00</time>
      </trkpt>
      <trkpt lat="55.72553" lon="14.12152">
        <ele>36</ele>
        <time>2024-10-22T10:33:38+00:00</time>
      </trkpt>
      <trkpt lat="55.7255" lon="14.1214">
        <ele>36</ele>
        <time>2024-10-22T10:33:41+00:00</time>
      </trkpt>
      <trkpt lat="55.72549" lon="14.12128">
        <ele>38</ele>
        <time>2024-10-22T10:33:44+00:00</time>
      </trkpt>
      <trkpt lat="55.72549" lon="14.12115">
        <ele>36</ele>
        <time>2024-10-22T10:33:47+00:00</time>
      </trkpt>
      <trkpt lat="55.72552" lon="14.12102">
        <ele>37</ele>
        <time>2024-10-22T10:33:50+00:00</time>
      </trkpt>
      <trkpt lat="55.72556" lon="14.12088">
        <ele>36</ele>
        <time>2024-10-22T10:33:53+00:00</time>
      </trkpt>
      <trkpt lat="55.72561" lon="14.12075">
        <ele>36</ele>
        <time>2024-10-22T10:33:56+00:00</time>
      </trkpt>
      <trkpt lat="55.72572" lon="14.1205">
        <ele>36</ele>
        <time>2024-10-22T10:33:59+00:00</time>
      </trkpt>
      <trkpt lat="55.72581" lon="14.12026">
        <ele>36</ele>
        <time>2024-10-22T10:34:02+00:00</time>
      </trkpt>
      <trkpt lat="55.72585" lon="14.12017">
        <ele>36</ele>
        <time>2024-10-22T10:34:05+00:00</time>
      </trkpt>
      <trkpt lat="55.72591" lon="14.12014">
        <ele>35</ele>
        <time>2024-10-22T10:34:08+00:00</time>
      </trkpt>
      <trkpt lat="55.72597" lon="14.12015">
        <ele>35</ele>
        <time>2024-10-22T10:34:11+00:00</time>
      </trkpt>
      <trkpt lat="55.72611" lon="14.12022">
        <ele>33</ele>
        <time>2024-10-22T10:34:14+00:00</time>
      </trkpt>
      <trkpt lat="55.72618" lon="14.12023">
        <ele>33</ele>
        <time>2024-10-22T10:34:17+00:00</time>
      </trkpt>
      <trkpt lat="55.72625" lon="14.12022">
        <ele>32</ele>
        <time>2024-10-22T10:34:20+00:00</time>
      </trkpt>
      <trkpt lat="55.72632" lon="14.1202">
        <ele>32</ele>
        <time>2024-10-22T10:34:23+00:00</time>
      </trkpt>
      <trkpt lat="55.72638" lon="14.12016">
        <ele>32</ele>
        <time>2024-10-22T10:34:26+00:00</time>
      </trkpt>
      <trkpt lat="55.72643" lon="14.1201">
        <ele>32</ele>
        <time>2024-10-22T10:34:29+00:00</time>
      </trkpt>
      <trkpt lat="55.72648" lon="14.12002">
        <ele>32</ele>
        <time>2024-10-22T10:34:32+00:00</time>
      </trkpt>
      <trkpt lat="55.72653" lon="14.11992">
        <ele>32</ele>
        <time>2024-10-22T10:34:35+00:00</time>
      </trkpt>
      <trkpt lat="55.72666" lon="14.1196">
        <ele>33</ele>
        <time>2024-10-22T10:34:38+00:00</time>
      </trkpt>
      <trkpt lat="55.72671" lon="14.1195">
        <ele>35</ele>
        <time>2024-10-22T10:34:41+00:00</time>
      </trkpt>
      <trkpt lat="55.72677" lon="14.11941">
        <ele>35</ele>
        <time>2024-10-22T10:34:44+00:00</time>
      </trkpt>
      <trkpt lat="55.72692" lon="14.11924">
        <ele>33</ele>
        <time>2024-10-22T10:34:47+00:00</time>
      </trkpt>
      <trkpt lat="55.72718" lon="14.1189">
        <ele>33</ele>
        <time>2024-10-22T10:34:50+00:00</time>
      </trkpt>
      <trkpt lat="55.72735" lon="14.11865">
        <ele>30</ele>
        <time>2024-10-22T10:34:53+00:00</time>
      </trkpt>
      <trkpt lat="55.72741" lon="14.11861">
        <ele>28</ele>
        <time>2024-10-22T10:34:56+00:00</time>
      </trkpt>
      <trkpt lat="55.72745" lon="14.11865">
        <ele>28</ele>
        <time>2024-10-22T10:34:59+00:00</time>
      </trkpt>
      <trkpt lat="55.72748" lon="14.11876">
        <ele>28</ele>
        <time>2024-10-22T10:35:02+00:00</time>
      </trkpt>
      <trkpt lat="55.7275" lon="14.1189">
        <ele>28</ele>
        <time>2024-10-22T10:35:05+00:00</time>
      </trkpt>
      <trkpt lat="55.72749" lon="14.11918">
        <ele>27</ele>
        <time>2024-10-22T10:35:08+00:00</time>
      </trkpt>
      <trkpt lat="55.72748" lon="14.11949">
        <ele>26</ele>
        <time>2024-10-22T10:35:11+00:00</time>
      </trkpt>
      <trkpt lat="55.72748" lon="14.11961">
        <ele>25</ele>
        <time>2024-10-22T10:35:14+00:00</time>
      </trkpt>
      <trkpt lat="55.7275" lon="14.11974">
        <ele>25</ele>
        <time>2024-10-22T10:35:17+00:00</time>
      </trkpt>
      <trkpt lat="55.72752" lon="14.11985">
        <ele>24</ele>
        <time>2024-10-22T10:35:20+00:00</time>
      </trkpt>
      <trkpt lat="55.72755" lon="14.11994">
        <ele>23</ele>
        <time>2024-10-22T10:35:23+00:00</time>
      </trkpt>
      <trkpt lat="55.7276" lon="14.11997">
        <ele>24</ele>
        <time>2024-10-22T10:35:26+00:00</time>
      </trkpt>
      <trkpt lat="55.72766" lon="14.11995">
        <ele>24</ele>
        <time>2024-10-22T10:35:29+00:00</time>
      </trkpt>
      <trkpt lat="55.72773" lon="14.11989">
        <ele>24</ele>
        <time>2024-10-22T10:35:32+00:00</time>
      </trkpt>
      <trkpt lat="55.72785" lon="14.11976">
        <ele>24</ele>
        <time>2024-10-22T10:35:35+00:00</time>
      </trkpt>
      <trkpt lat="55.7279" lon="14.11971">
        <ele>24</ele>
        <time>2024-10-22T10:35:38+00:00</time>
      </trkpt>
      <trkpt lat="55.72795" lon="14.11969">
        <ele>25</ele>
        <time>2024-10-22T10:35:41+00:00</time>
      </trkpt>
      <trkpt lat="55.728" lon="14.1197">
        <ele>25</ele>
        <time>2024-10-22T10:35:44+00:00</time>
      </trkpt>
      <trkpt lat="55.72808" lon="14.11978">
        <ele>25</ele>
        <time>2024-10-22T10:35:47+00:00</time>
      </trkpt>
      <trkpt lat="55.72821" lon="14.11988">
        <ele>26</ele>
        <time>2024-10-22T10:35:50+00:00</time>
      </trkpt>
      <trkpt lat="55.72822" lon="14.1199">
        <ele>26</ele>
        <time>2024-10-22T10:35:53+00:00</time>
      </trkpt>
      <trkpt lat="55.72822" lon="14.11992">
        <ele>26</ele>
        <time>2024-10-22T10:35:56+00:00</time>
      </trkpt>
      <trkpt lat="55.72829" lon="14.1198">
        <ele>26</ele>
        <time>2024-10-22T10:35:59+00:00</time>
      </trkpt>
      <trkpt lat="55.7283" lon="14.11974">
        <ele>26</ele>
        <time>2024-10-22T10:36:02+00:00</time>
      </trkpt>
      <trkpt lat="55.72829" lon="14.11966">
        <ele>25</ele>
        <time>2024-10-22T10:36:05+00:00</time>
      </trkpt>
      <trkpt lat="55.72831" lon="14.11952">
        <ele>26</ele>
        <time>2024-10-22T10:36:08+00:00</time>
      </trkpt>
      <trkpt lat="55.72835" lon="14.11946">
        <ele>26</ele>
        <time>2024-10-22T10:36:11+00:00</time>
      </trkpt>
      <trkpt lat="55.72848" lon="14.11944">
        <ele>27</ele>
        <time>2024-10-22T10:36:14+00:00</time>
      </trkpt>
      <trkpt lat="55.72854" lon="14.11941">
        <ele>28</ele>
        <time>2024-10-22T10:36:17+00:00</time>
      </trkpt>
      <trkpt lat="55.72859" lon="14.11936">
        <ele>28</ele>
        <time>2024-10-22T10:36:20+00:00</time>
      </trkpt>
      <trkpt lat="55.72872" lon="14.11916">
        <ele>28</ele>
        <time>2024-10-22T10:36:23+00:00</time>
      </trkpt>
      <trkpt lat="55.72876" lon="14.11911">
        <ele>28</ele>
        <time>2024-10-22T10:36:26+00:00</time>
      </trkpt>
      <trkpt lat="55.72881" lon="14.11907">
        <ele>28</ele>
        <time>2024-10-22T10:36:29+00:00</time>
      </trkpt>
      <trkpt lat="55.72886" lon="14.11905">
        <ele>28</ele>
        <time>2024-10-22T10:36:32+00:00</time>
      </trkpt>
      <trkpt lat="55.72891" lon="14.11903">
        <ele>29</ele>
        <time>2024-10-22T10:36:35+00:00</time>
      </trkpt>
      <trkpt lat="55.72896" lon="14.11903">
        <ele>29</ele>
        <time>2024-10-22T10:36:38+00:00</time>
      </trkpt>
      <trkpt lat="55.72901" lon="14.11905">
        <ele>30</ele>
        <time>2024-10-22T10:36:41+00:00</time>
      </trkpt>
      <trkpt lat="55.72905" lon="14.11909">
        <ele>30</ele>
        <time>2024-10-22T10:36:44+00:00</time>
      </trkpt>
      <trkpt lat="55.72909" lon="14.11914">
        <ele>31</ele>
        <time>2024-10-22T10:36:47+00:00</time>
      </trkpt>
      <trkpt lat="55.72914" lon="14.11925">
        <ele>32</ele>
        <time>2024-10-22T10:36:50+00:00</time>
      </trkpt>
      <trkpt lat="55.72926" lon="14.11956">
        <ele>35</ele>
        <time>2024-10-22T10:36:53+00:00</time>
      </trkpt>
      <trkpt lat="55.72937" lon="14.11982">
        <ele>37</ele>
        <time>2024-10-22T10:36:56+00:00</time>
      </trkpt>
      <trkpt lat="55.72956" lon="14.12021">
        <ele>40</ele>
        <time>2024-10-22T10:36:59+00:00</time>
      </trkpt>
      <trkpt lat="55.72965" lon="14.12044">
        <ele>41</ele>
        <time>2024-10-22T10:37:02+00:00</time>
      </trkpt>
      <trkpt lat="55.72977" lon="14.12068">
        <ele>42</ele>
        <time>2024-10-22T10:37:05+00:00</time>
      </trkpt>
      <trkpt lat="55.72987" lon="14.12087">
        <ele>42</ele>
        <time>2024-10-22T10:37:08+00:00</time>
      </trkpt>
      <trkpt lat="55.72991" lon="14.12095">
        <ele>43</ele>
        <time>2024-10-22T10:37:11+00:00</time>
      </trkpt>
      <trkpt lat="55.73004" lon="14.12125">
        <ele>44</ele>
        <time>2024-10-22T10:37:14+00:00</time>
      </trkpt>
      <trkpt lat="55.7301" lon="14.12137">
        <ele>44</ele>
        <time>2024-10-22T10:37:17+00:00</time>
      </trkpt>
      <trkpt lat="55.7302" lon="14.12155">
        <ele>45</ele>
        <time>2024-10-22T10:37:20+00:00</time>
      </trkpt>
      <trkpt lat="55.73035" lon="14.12188">
        <ele>45</ele>
        <time>2024-10-22T10:37:23+00:00</time>
      </trkpt>
      <trkpt lat="55.73044" lon="14.12201">
        <ele>45</ele>
        <time>2024-10-22T10:37:26+00:00</time>
      </trkpt>
      <trkpt lat="55.73061" lon="14.12231">
        <ele>45</ele>
        <time>2024-10-22T10:37:29+00:00</time>
      </trkpt>
      <trkpt lat="55.73074" lon="14.1225">
        <ele>45</ele>
        <time>2024-10-22T10:37:32+00:00</time>
      </trkpt>
      <trkpt lat="55.7309" lon="14.12277">
        <ele>45</ele>
        <time>2024-10-22T10:37:35+00:00</time>
      </trkpt>
      <trkpt lat="55.73097" lon="14.12287">
        <ele>45</ele>
        <time>2024-10-22T10:37:38+00:00</time>
      </trkpt>
      <trkpt lat="55.73109" lon="14.12303">
        <ele>45</ele>
        <time>2024-10-22T10:37:41+00:00</time>
      </trkpt>
      <trkpt lat="55.73137" lon="14.12339">
        <ele>45</ele>
        <time>2024-10-22T10:37:44+00:00</time>
      </trkpt>
      <trkpt lat="55.73153" lon="14.1236">
        <ele>45</ele>
        <time>2024-10-22T10:37:47+00:00</time>
      </trkpt>
      <trkpt lat="55.73169" lon="14.12382">
        <ele>45</ele>
        <time>2024-10-22T10:37:50+00:00</time>
      </trkpt>
      <trkpt lat="55.73178" lon="14.12392">
        <ele>45</ele>
        <time>2024-10-22T10:37:53+00:00</time>
      </trkpt>
      <trkpt lat="55.73189" lon="14.12405">
        <ele>45</ele>
        <time>2024-10-22T10:37:56+00:00</time>
      </trkpt>
      <trkpt lat="55.73198" lon="14.12411">
        <ele>45</ele>
        <time>2024-10-22T10:37:59+00:00</time>
      </trkpt>
      <trkpt lat="55.73217" lon="14.12417">
        <ele>45</ele>
        <time>2024-10-22T10:38:02+00:00</time>
      </trkpt>
      <trkpt lat="55.73233" lon="14.12424">
        <ele>45</ele>
        <time>2024-10-22T10:38:05+00:00</time>
      </trkpt>
      <trkpt lat="55.73259" lon="14.12431">
        <ele>45</ele>
        <time>2024-10-22T10:38:08+00:00</time>
      </trkpt>
      <trkpt lat="55.73267" lon="14.12435">
        <ele>45</ele>
        <time>2024-10-22T10:38:11+00:00</time>
      </trkpt>
      <trkpt lat="55.73273" lon="14.12442">
        <ele>45</ele>
        <time>2024-10-22T10:38:14+00:00</time>
      </trkpt>
      <trkpt lat="55.73279" lon="14.12453">
        <ele>45</ele>
        <time>2024-10-22T10:38:17+00:00</time>
      </trkpt>
      <trkpt lat="55.73281" lon="14.12473">
        <ele>45</ele>
        <time>2024-10-22T10:38:20+00:00</time>
      </trkpt>
      <trkpt lat="55.7328" lon="14.12501">
        <ele>45</ele>
        <time>2024-10-22T10:38:23+00:00</time>
      </trkpt>
      <trkpt lat="55.73283" lon="14.12541">
        <ele>47</ele>
        <time>2024-10-22T10:38:26+00:00</time>
      </trkpt>
      <trkpt lat="55.73284" lon="14.12582">
        <ele>48</ele>
        <time>2024-10-22T10:38:29+00:00</time>
      </trkpt>
      <trkpt lat="55.73284" lon="14.12592">
        <ele>49</ele>
        <time>2024-10-22T10:38:32+00:00</time>
      </trkpt>
      <trkpt lat="55.73285" lon="14.12602">
        <ele>49</ele>
        <time>2024-10-22T10:38:35+00:00</time>
      </trkpt>
      <trkpt lat="55.73288" lon="14.12611">
        <ele>50</ele>
        <time>2024-10-22T10:38:38+00:00</time>
      </trkpt>
      <trkpt lat="55.73292" lon="14.12619">
        <ele>50</ele>
        <time>2024-10-22T10:38:41+00:00</time>
      </trkpt>
      <trkpt lat="55.73297" lon="14.12625">
        <ele>51</ele>
        <time>2024-10-22T10:38:44+00:00</time>
      </trkpt>
      <trkpt lat="55.73303" lon="14.1263">
        <ele>50</ele>
        <time>2024-10-22T10:38:47+00:00</time>
      </trkpt>
      <trkpt lat="55.73308" lon="14.12633">
        <ele>51</ele>
        <time>2024-10-22T10:38:50+00:00</time>
      </trkpt>
      <trkpt lat="55.73313" lon="14.12634">
        <ele>51</ele>
        <time>2024-10-22T10:38:53+00:00</time>
      </trkpt>
      <trkpt lat="55.73321" lon="14.12633">
        <ele>50</ele>
        <time>2024-10-22T10:38:56+00:00</time>
      </trkpt>
      <trkpt lat="55.7334" lon="14.12634">
        <ele>50</ele>
        <time>2024-10-22T10:38:59+00:00</time>
      </trkpt>
      <trkpt lat="55.73353" lon="14.12632">
        <ele>50</ele>
        <time>2024-10-22T10:39:02+00:00</time>
      </trkpt>
      <trkpt lat="55.73359" lon="14.12632">
        <ele>50</ele>
        <time>2024-10-22T10:39:05+00:00</time>
      </trkpt>
      <trkpt lat="55.73385" lon="14.12638">
        <ele>49</ele>
        <time>2024-10-22T10:39:08+00:00</time>
      </trkpt>
      <trkpt lat="55.73392" lon="14.12641">
        <ele>49</ele>
        <time>2024-10-22T10:39:11+00:00</time>
      </trkpt>
      <trkpt lat="55.734" lon="14.12646">
        <ele>49</ele>
        <time>2024-10-22T10:39:14+00:00</time>
      </trkpt>
      <trkpt lat="55.73423" lon="14.12668">
        <ele>48</ele>
        <time>2024-10-22T10:39:17+00:00</time>
      </trkpt>
      <trkpt lat="55.73443" lon="14.12689">
        <ele>48</ele>
        <time>2024-10-22T10:39:20+00:00</time>
      </trkpt>
      <trkpt lat="55.73449" lon="14.12695">
        <ele>48</ele>
        <time>2024-10-22T10:39:23+00:00</time>
      </trkpt>
      <trkpt lat="55.73464" lon="14.12707">
        <ele>48</ele>
        <time>2024-10-22T10:39:26+00:00</time>
      </trkpt>
      <trkpt lat="55.73479" lon="14.1272">
        <ele>49</ele>
        <time>2024-10-22T10:39:29+00:00</time>
      </trkpt>
      <trkpt lat="55.73507" lon="14.12737">
        <ele>50</ele>
        <time>2024-10-22T10:39:32+00:00</time>
      </trkpt>
      <trkpt lat="55.73526" lon="14.1275">
        <ele>50</ele>
        <time>2024-10-22T10:39:35+00:00</time>
      </trkpt>
      <trkpt lat="55.73548" lon="14.12766">
        <ele>51</ele>
        <time>2024-10-22T10:39:38+00:00</time>
      </trkpt>
      <trkpt lat="55.73566" lon="14.12776">
        <ele>51</ele>
        <time>2024-10-22T10:39:41+00:00</time>
      </trkpt>
      <trkpt lat="55.73582" lon="14.12783">
        <ele>52</ele>
        <time>2024-10-22T10:39:44+00:00</time>
      </trkpt>
      <trkpt lat="55.73603" lon="14.12799">
        <ele>52</ele>
        <time>2024-10-22T10:39:47+00:00</time>
      </trkpt>
      <trkpt lat="55.73624" lon="14.12813">
        <ele>52</ele>
        <time>2024-10-22T10:39:50+00:00</time>
      </trkpt>
      <trkpt lat="55.73638" lon="14.1282">
        <ele>52</ele>
        <time>2024-10-22T10:39:53+00:00</time>
      </trkpt>
      <trkpt lat="55.73652" lon="14.12826">
        <ele>51</ele>
        <time>2024-10-22T10:39:56+00:00</time>
      </trkpt>
      <trkpt lat="55.73659" lon="14.12827">
        <ele>51</ele>
        <time>2024-10-22T10:39:59+00:00</time>
      </trkpt>
      <trkpt lat="55.73676" lon="14.12828">
        <ele>51</ele>
        <time>2024-10-22T10:40:02+00:00</time>
      </trkpt>
      <trkpt lat="55.73694" lon="14.12829">
        <ele>50</ele>
        <time>2024-10-22T10:40:05+00:00</time>
      </trkpt>
      <trkpt lat="55.73715" lon="14.12831">
        <ele>49</ele>
        <time>2024-10-22T10:40:08+00:00</time>
      </trkpt>
      <trkpt lat="55.73736" lon="14.12831">
        <ele>48</ele>
        <time>2024-10-22T10:40:11+00:00</time>
      </trkpt>
      <trkpt lat="55.73743" lon="14.1283">
        <ele>48</ele>
        <time>2024-10-22T10:40:14+00:00</time>
      </trkpt>
      <trkpt lat="55.73749" lon="14.12828">
        <ele>47</ele>
        <time>2024-10-22T10:40:17+00:00</time>
      </trkpt>
      <trkpt lat="55.73754" lon="14.12824">
        <ele>47</ele>
        <time>2024-10-22T10:40:20+00:00</time>
      </trkpt>
      <trkpt lat="55.73774" lon="14.1281">
        <ele>46</ele>
        <time>2024-10-22T10:40:23+00:00</time>
      </trkpt>
      <trkpt lat="55.73796" lon="14.12792">
        <ele>44</ele>
        <time>2024-10-22T10:40:26+00:00</time>
      </trkpt>
      <trkpt lat="55.73829" lon="14.12771">
        <ele>42</ele>
        <time>2024-10-22T10:40:29+00:00</time>
      </trkpt>
      <trkpt lat="55.73836" lon="14.12769">
        <ele>42</ele>
        <time>2024-10-22T10:40:32+00:00</time>
      </trkpt>
      <trkpt lat="55.73844" lon="14.12772">
        <ele>41</ele>
        <time>2024-10-22T10:40:35+00:00</time>
      </trkpt>
      <trkpt lat="55.73852" lon="14.1278">
        <ele>40</ele>
        <time>2024-10-22T10:40:38+00:00</time>
      </trkpt>
      <trkpt lat="55.73858" lon="14.12792">
        <ele>40</ele>
        <time>2024-10-22T10:40:41+00:00</time>
      </trkpt>
      <trkpt lat="55.73864" lon="14.12805">
        <ele>40</ele>
        <time>2024-10-22T10:40:44+00:00</time>
      </trkpt>
      <trkpt lat="55.73875" lon="14.12829">
        <ele>40</ele>
        <time>2024-10-22T10:40:47+00:00</time>
      </trkpt>
      <trkpt lat="55.73885" lon="14.12851">
        <ele>39</ele>
        <time>2024-10-22T10:40:50+00:00</time>
      </trkpt>
      <trkpt lat="55.73897" lon="14.12883">
        <ele>39</ele>
        <time>2024-10-22T10:40:53+00:00</time>
      </trkpt>
      <trkpt lat="55.73905" lon="14.12904">
        <ele>39</ele>
        <time>2024-10-22T10:40:56+00:00</time>
      </trkpt>
      <trkpt lat="55.73913" lon="14.12922">
        <ele>39</ele>
        <time>2024-10-22T10:40:59+00:00</time>
      </trkpt>
      <trkpt lat="55.73922" lon="14.12943">
        <ele>39</ele>
        <time>2024-10-22T10:41:02+00:00</time>
      </trkpt>
      <trkpt lat="55.73926" lon="14.12953">
        <ele>39</ele>
        <time>2024-10-22T10:41:05+00:00</time>
      </trkpt>
      <trkpt lat="55.7394" lon="14.12994">
        <ele>39</ele>
        <time>2024-10-22T10:41:08+00:00</time>
      </trkpt>
      <trkpt lat="55.73956" lon="14.13034">
        <ele>39</ele>
        <time>2024-10-22T10:41:11+00:00</time>
      </trkpt>
      <trkpt lat="55.73962" lon="14.13048">
        <ele>39</ele>
        <time>2024-10-22T10:41:14+00:00</time>
      </trkpt>
      <trkpt lat="55.73974" lon="14.13068">
        <ele>39</ele>
        <time>2024-10-22T10:41:17+00:00</time>
      </trkpt>
      <trkpt lat="55.73979" lon="14.13075">
        <ele>39</ele>
        <time>2024-10-22T10:41:20+00:00</time>
      </trkpt>
      <trkpt lat="55.73991" lon="14.13089">
        <ele>38</ele>
        <time>2024-10-22T10:41:23+00:00</time>
      </trkpt>
      <trkpt lat="55.74009" lon="14.13107">
        <ele>38</ele>
        <time>2024-10-22T10:41:26+00:00</time>
      </trkpt>
      <trkpt lat="55.74033" lon="14.1313">
        <ele>37</ele>
        <time>2024-10-22T10:41:29+00:00</time>
      </trkpt>
      <trkpt lat="55.74059" lon="14.13152">
        <ele>37</ele>
        <time>2024-10-22T10:41:32+00:00</time>
      </trkpt>
      <trkpt lat="55.7408" lon="14.13167">
        <ele>35</ele>
        <time>2024-10-22T10:41:35+00:00</time>
      </trkpt>
      <trkpt lat="55.74112" lon="14.1319">
        <ele>35</ele>
        <time>2024-10-22T10:41:38+00:00</time>
      </trkpt>
      <trkpt lat="55.7414" lon="14.13207">
        <ele>35</ele>
        <time>2024-10-22T10:41:41+00:00</time>
      </trkpt>
      <trkpt lat="55.74153" lon="14.13218">
        <ele>35</ele>
        <time>2024-10-22T10:41:44+00:00</time>
      </trkpt>
      <trkpt lat="55.74166" lon="14.13226">
        <ele>36</ele>
        <time>2024-10-22T10:41:47+00:00</time>
      </trkpt>
      <trkpt lat="55.74181" lon="14.13236">
        <ele>36</ele>
        <time>2024-10-22T10:41:50+00:00</time>
      </trkpt>
      <trkpt lat="55.74188" lon="14.13241">
        <ele>36</ele>
        <time>2024-10-22T10:41:53+00:00</time>
      </trkpt>
      <trkpt lat="55.7421" lon="14.13261">
        <ele>37</ele>
        <time>2024-10-22T10:41:56+00:00</time>
      </trkpt>
      <trkpt lat="55.74224" lon="14.13278">
        <ele>38</ele>
        <time>2024-10-22T10:41:59+00:00</time>
      </trkpt>
      <trkpt lat="55.74257" lon="14.1331">
        <ele>39</ele>
        <time>2024-10-22T10:42:02+00:00</time>
      </trkpt>
      <trkpt lat="55.74263" lon="14.13315">
        <ele>39</ele>
        <time>2024-10-22T10:42:05+00:00</time>
      </trkpt>
      <trkpt lat="55.74276" lon="14.13325">
        <ele>40</ele>
        <time>2024-10-22T10:42:08+00:00</time>
      </trkpt>
      <trkpt lat="55.743" lon="14.13347">
        <ele>41</ele>
        <time>2024-10-22T10:42:11+00:00</time>
      </trkpt>
      <trkpt lat="55.74306" lon="14.13351">
        <ele>41</ele>
        <time>2024-10-22T10:42:14+00:00</time>
      </trkpt>
      <trkpt lat="55.7432" lon="14.13359">
        <ele>41</ele>
        <time>2024-10-22T10:42:17+00:00</time>
      </trkpt>
      <trkpt lat="55.74348" lon="14.13372">
        <ele>42</ele>
        <time>2024-10-22T10:42:20+00:00</time>
      </trkpt>
      <trkpt lat="55.74371" lon="14.13384">
        <ele>42</ele>
        <time>2024-10-22T10:42:23+00:00</time>
      </trkpt>
      <trkpt lat="55.74378" lon="14.13386">
        <ele>42</ele>
        <time>2024-10-22T10:42:26+00:00</time>
      </trkpt>
      <trkpt lat="55.74397" lon="14.13389">
        <ele>42</ele>
        <time>2024-10-22T10:42:29+00:00</time>
      </trkpt>
      <trkpt lat="55.74425" lon="14.13394">
        <ele>42</ele>
        <time>2024-10-22T10:42:32+00:00</time>
      </trkpt>
      <trkpt lat="55.74461" lon="14.13404">
        <ele>43</ele>
        <time>2024-10-22T10:42:35+00:00</time>
      </trkpt>
      <trkpt lat="55.7447" lon="14.13408">
        <ele>43</ele>
        <time>2024-10-22T10:42:38+00:00</time>
      </trkpt>
      <trkpt lat="55.74481" lon="14.13413">
        <ele>43</ele>
        <time>2024-10-22T10:42:41+00:00</time>
      </trkpt>
      <trkpt lat="55.74508" lon="14.13431">
        <ele>43</ele>
        <time>2024-10-22T10:42:44+00:00</time>
      </trkpt>
      <trkpt lat="55.74518" lon="14.13438">
        <ele>43</ele>
        <time>2024-10-22T10:42:47+00:00</time>
      </trkpt>
      <trkpt lat="55.74538" lon="14.13456">
        <ele>43</ele>
        <time>2024-10-22T10:42:50+00:00</time>
      </trkpt>
      <trkpt lat="55.74543" lon="14.13462">
        <ele>44</ele>
        <time>2024-10-22T10:42:53+00:00</time>
      </trkpt>
      <trkpt lat="55.74554" lon="14.13476">
        <ele>44</ele>
        <time>2024-10-22T10:42:56+00:00</time>
      </trkpt>
      <trkpt lat="55.74572" lon="14.13495">
        <ele>44</ele>
        <time>2024-10-22T10:42:59+00:00</time>
      </trkpt>
      <trkpt lat="55.74577" lon="14.13502">
        <ele>44</ele>
        <time>2024-10-22T10:43:02+00:00</time>
      </trkpt>
      <trkpt lat="55.74593" lon="14.13524">
        <ele>44</ele>
        <time>2024-10-22T10:43:05+00:00</time>
      </trkpt>
      <trkpt lat="55.74606" lon="14.13547">
        <ele>45</ele>
        <time>2024-10-22T10:43:08+00:00</time>
      </trkpt>
      <trkpt lat="55.7462" lon="14.13568">
        <ele>46</ele>
        <time>2024-10-22T10:43:11+00:00</time>
      </trkpt>
      <trkpt lat="55.74647" lon="14.13611">
        <ele>47</ele>
        <time>2024-10-22T10:43:14+00:00</time>
      </trkpt>
      <trkpt lat="55.74666" lon="14.13644">
        <ele>48</ele>
        <time>2024-10-22T10:43:17+00:00</time>
      </trkpt>
      <trkpt lat="55.74691" lon="14.13681">
        <ele>50</ele>
        <time>2024-10-22T10:43:20+00:00</time>
      </trkpt>
      <trkpt lat="55.747" lon="14.13695">
        <ele>50</ele>
        <time>2024-10-22T10:43:23+00:00</time>
      </trkpt>
      <trkpt lat="55.74712" lon="14.13718">
        <ele>51</ele>
        <time>2024-10-22T10:43:26+00:00</time>
      </trkpt>
      <trkpt lat="55.74719" lon="14.1373">
        <ele>51</ele>
        <time>2024-10-22T10:43:29+00:00</time>
      </trkpt>
      <trkpt lat="55.74729" lon="14.13748">
        <ele>52</ele>
        <time>2024-10-22T10:43:32+00:00</time>
      </trkpt>
      <trkpt lat="55.7474" lon="14.13773">
        <ele>53</ele>
        <time>2024-10-22T10:43:35+00:00</time>
      </trkpt>
      <trkpt lat="55.74756" lon="14.13805">
        <ele>53</ele>
        <time>2024-10-22T10:43:38+00:00</time>
      </trkpt>
      <trkpt lat="55.74766" lon="14.13821">
        <ele>53</ele>
        <time>2024-10-22T10:43:41+00:00</time>
      </trkpt>
      <trkpt lat="55.74773" lon="14.1383">
        <ele>53</ele>
        <time>2024-10-22T10:43:44+00:00</time>
      </trkpt>
      <trkpt lat="55.74784" lon="14.13842">
        <ele>53</ele>
        <time>2024-10-22T10:43:47+00:00</time>
      </trkpt>
      <trkpt lat="55.748" lon="14.13855">
        <ele>53</ele>
        <time>2024-10-22T10:43:50+00:00</time>
      </trkpt>
      <trkpt lat="55.74825" lon="14.13874">
        <ele>53</ele>
        <time>2024-10-22T10:43:53+00:00</time>
      </trkpt>
      <trkpt lat="55.74848" lon="14.13889">
        <ele>53</ele>
        <time>2024-10-22T10:43:56+00:00</time>
      </trkpt>
      <trkpt lat="55.74861" lon="14.13899">
        <ele>53</ele>
        <time>2024-10-22T10:43:59+00:00</time>
      </trkpt>
      <trkpt lat="55.74877" lon="14.13909">
        <ele>53</ele>
        <time>2024-10-22T10:44:02+00:00</time>
      </trkpt>
      <trkpt lat="55.74899" lon="14.13926">
        <ele>52</ele>
        <time>2024-10-22T10:44:05+00:00</time>
      </trkpt>
      <trkpt lat="55.74909" lon="14.13936">
        <ele>52</ele>
        <time>2024-10-22T10:44:08+00:00</time>
      </trkpt>
      <trkpt lat="55.74922" lon="14.1395">
        <ele>51</ele>
        <time>2024-10-22T10:44:11+00:00</time>
      </trkpt>
      <trkpt lat="55.74955" lon="14.13976">
        <ele>50</ele>
        <time>2024-10-22T10:44:14+00:00</time>
      </trkpt>
      <trkpt lat="55.74961" lon="14.13982">
        <ele>50</ele>
        <time>2024-10-22T10:44:17+00:00</time>
      </trkpt>
      <trkpt lat="55.74972" lon="14.13995">
        <ele>49</ele>
        <time>2024-10-22T10:44:20+00:00</time>
      </trkpt>
      <trkpt lat="55.74978" lon="14.14">
        <ele>49</ele>
        <time>2024-10-22T10:44:23+00:00</time>
      </trkpt>
      <trkpt lat="55.74984" lon="14.14005">
        <ele>49</ele>
        <time>2024-10-22T10:44:26+00:00</time>
      </trkpt>
      <trkpt lat="55.7499" lon="14.14009">
        <ele>49</ele>
        <time>2024-10-22T10:44:29+00:00</time>
      </trkpt>
      <trkpt lat="55.74999" lon="14.14012">
        <ele>49</ele>
        <time>2024-10-22T10:44:32+00:00</time>
      </trkpt>
      <trkpt lat="55.75014" lon="14.14014">
        <ele>49</ele>
        <time>2024-10-22T10:44:35+00:00</time>
      </trkpt>
      <trkpt lat="55.75024" lon="14.14016">
        <ele>48</ele>
        <time>2024-10-22T10:44:38+00:00</time>
      </trkpt>
      <trkpt lat="55.7505" lon="14.14026">
        <ele>48</ele>
        <time>2024-10-22T10:44:41+00:00</time>
      </trkpt>
      <trkpt lat="55.75071" lon="14.14033">
        <ele>48</ele>
        <time>2024-10-22T10:44:44+00:00</time>
      </trkpt>
      <trkpt lat="55.75096" lon="14.14041">
        <ele>48</ele>
        <time>2024-10-22T10:44:47+00:00</time>
      </trkpt>
      <trkpt lat="55.75124" lon="14.14051">
        <ele>48</ele>
        <time>2024-10-22T10:44:50+00:00</time>
      </trkpt>
      <trkpt lat="55.75131" lon="14.14053">
        <ele>47</ele>
        <time>2024-10-22T10:44:53+00:00</time>
      </trkpt>
      <trkpt lat="55.75148" lon="14.14057">
        <ele>47</ele>
        <time>2024-10-22T10:44:56+00:00</time>
      </trkpt>
      <trkpt lat="55.75158" lon="14.14058">
        <ele>47</ele>
        <time>2024-10-22T10:44:59+00:00</time>
      </trkpt>
      <trkpt lat="55.75172" lon="14.14057">
        <ele>47</ele>
        <time>2024-10-22T10:45:02+00:00</time>
      </trkpt>
      <trkpt lat="55.75179" lon="14.14057">
        <ele>47</ele>
        <time>2024-10-22T10:45:05+00:00</time>
      </trkpt>
      <trkpt lat="55.75205" lon="14.14059">
        <ele>47</ele>
        <time>2024-10-22T10:45:08+00:00</time>
      </trkpt>
      <trkpt lat="55.75225" lon="14.14062">
        <ele>47</ele>
        <time>2024-10-22T10:45:11+00:00</time>
      </trkpt>
      <trkpt lat="55.75246" lon="14.14061">
        <ele>47</ele>
        <time>2024-10-22T10:45:14+00:00</time>
      </trkpt>
      <trkpt lat="55.7526" lon="14.1406">
        <ele>47</ele>
        <time>2024-10-22T10:45:17+00:00</time>
      </trkpt>
      <trkpt lat="55.75271" lon="14.14061">
        <ele>47</ele>
        <time>2024-10-22T10:45:20+00:00</time>
      </trkpt>
      <trkpt lat="55.75281" lon="14.14066">
        <ele>47</ele>
        <time>2024-10-22T10:45:23+00:00</time>
      </trkpt>
      <trkpt lat="55.75288" lon="14.1407">
        <ele>47</ele>
        <time>2024-10-22T10:45:26+00:00</time>
      </trkpt>
      <trkpt lat="55.75317" lon="14.14092">
        <ele>47</ele>
        <time>2024-10-22T10:45:29+00:00</time>
      </trkpt>
      <trkpt lat="55.75334" lon="14.14103">
        <ele>47</ele>
        <time>2024-10-22T10:45:32+00:00</time>
      </trkpt>
      <trkpt lat="55.75358" lon="14.14114">
        <ele>47</ele>
        <time>2024-10-22T10:45:35+00:00</time>
      </trkpt>
      <trkpt lat="55.75378" lon="14.14129">
        <ele>46</ele>
        <time>2024-10-22T10:45:38+00:00</time>
      </trkpt>
      <trkpt lat="55.7539" lon="14.14138">
        <ele>46</ele>
        <time>2024-10-22T10:45:41+00:00</time>
      </trkpt>
      <trkpt lat="55.75397" lon="14.14141">
        <ele>46</ele>
        <time>2024-10-22T10:45:44+00:00</time>
      </trkpt>
      <trkpt lat="55.7542" lon="14.14152">
        <ele>46</ele>
        <time>2024-10-22T10:45:47+00:00</time>
      </trkpt>
      <trkpt lat="55.75427" lon="14.14158">
        <ele>46</ele>
        <time>2024-10-22T10:45:50+00:00</time>
      </trkpt>
      <trkpt lat="55.75442" lon="14.1417">
        <ele>46</ele>
        <time>2024-10-22T10:45:53+00:00</time>
      </trkpt>
      <trkpt lat="55.75457" lon="14.14183">
        <ele>46</ele>
        <time>2024-10-22T10:45:56+00:00</time>
      </trkpt>
      <trkpt lat="55.75476" lon="14.14198">
        <ele>46</ele>
        <time>2024-10-22T10:45:59+00:00</time>
      </trkpt>
      <trkpt lat="55.75502" lon="14.14219">
        <ele>45</ele>
        <time>2024-10-22T10:46:02+00:00</time>
      </trkpt>
      <trkpt lat="55.75534" lon="14.14242">
        <ele>45</ele>
        <time>2024-10-22T10:46:05+00:00</time>
      </trkpt>
      <trkpt lat="55.75562" lon="14.14262">
        <ele>44</ele>
        <time>2024-10-22T10:46:08+00:00</time>
      </trkpt>
      <trkpt lat="55.75578" lon="14.14275">
        <ele>44</ele>
        <time>2024-10-22T10:46:11+00:00</time>
      </trkpt>
      <trkpt lat="55.75597" lon="14.14286">
        <ele>44</ele>
        <time>2024-10-22T10:46:14+00:00</time>
      </trkpt>
      <trkpt lat="55.75612" lon="14.14298">
        <ele>45</ele>
        <time>2024-10-22T10:46:17+00:00</time>
      </trkpt>
      <trkpt lat="55.75634" lon="14.14312">
        <ele>45</ele>
        <time>2024-10-22T10:46:20+00:00</time>
      </trkpt>
      <trkpt lat="55.75649" lon="14.14322">
        <ele>45</ele>
        <time>2024-10-22T10:46:23+00:00</time>
      </trkpt>
      <trkpt lat="55.75684" lon="14.14344">
        <ele>45</ele>
        <time>2024-10-22T10:46:26+00:00</time>
      </trkpt>
      <trkpt lat="55.75706" lon="14.1436">
        <ele>45</ele>
        <time>2024-10-22T10:46:29+00:00</time>
      </trkpt>
      <trkpt lat="55.75728" lon="14.14377">
        <ele>44</ele>
        <time>2024-10-22T10:46:32+00:00</time>
      </trkpt>
      <trkpt lat="55.75746" lon="14.1439">
        <ele>43</ele>
        <time>2024-10-22T10:46:35+00:00</time>
      </trkpt>
      <trkpt lat="55.75767" lon="14.14404">
        <ele>43</ele>
        <time>2024-10-22T10:46:38+00:00</time>
      </trkpt>
      <trkpt lat="55.75794" lon="14.14426">
        <ele>43</ele>
        <time>2024-10-22T10:46:41+00:00</time>
      </trkpt>
      <trkpt lat="55.75814" lon="14.14439">
        <ele>42</ele>
        <time>2024-10-22T10:46:44+00:00</time>
      </trkpt>
      <trkpt lat="55.75845" lon="14.14458">
        <ele>42</ele>
        <time>2024-10-22T10:46:47+00:00</time>
      </trkpt>
      <trkpt lat="55.75865" lon="14.14471">
        <ele>42</ele>
        <time>2024-10-22T10:46:50+00:00</time>
      </trkpt>
      <trkpt lat="55.75892" lon="14.14489">
        <ele>42</ele>
        <time>2024-10-22T10:46:53+00:00</time>
      </trkpt>
      <trkpt lat="55.75927" lon="14.14512">
        <ele>42</ele>
        <time>2024-10-22T10:46:56+00:00</time>
      </trkpt>
      <trkpt lat="55.75952" lon="14.14531">
        <ele>41</ele>
        <time>2024-10-22T10:46:59+00:00</time>
      </trkpt>
      <trkpt lat="55.75971" lon="14.14543">
        <ele>41</ele>
        <time>2024-10-22T10:47:02+00:00</time>
      </trkpt>
      <trkpt lat="55.75995" lon="14.14558">
        <ele>41</ele>
        <time>2024-10-22T10:47:05+00:00</time>
      </trkpt>
      <trkpt lat="55.76015" lon="14.14571">
        <ele>40</ele>
        <time>2024-10-22T10:47:08+00:00</time>
      </trkpt>
      <trkpt lat="55.76039" lon="14.14588">
        <ele>40</ele>
        <time>2024-10-22T10:47:11+00:00</time>
      </trkpt>
      <trkpt lat="55.76059" lon="14.14599">
        <ele>39</ele>
        <time>2024-10-22T10:47:14+00:00</time>
      </trkpt>
      <trkpt lat="55.76092" lon="14.14615">
        <ele>39</ele>
        <time>2024-10-22T10:47:17+00:00</time>
      </trkpt>
      <trkpt lat="55.76098" lon="14.14619">
        <ele>39</ele>
        <time>2024-10-22T10:47:20+00:00</time>
      </trkpt>
      <trkpt lat="55.76123" lon="14.14637">
        <ele>38</ele>
        <time>2024-10-22T10:47:23+00:00</time>
      </trkpt>
      <trkpt lat="55.76144" lon="14.14653">
        <ele>38</ele>
        <time>2024-10-22T10:47:26+00:00</time>
      </trkpt>
      <trkpt lat="55.76176" lon="14.14679">
        <ele>37</ele>
        <time>2024-10-22T10:47:29+00:00</time>
      </trkpt>
      <trkpt lat="55.76197" lon="14.14696">
        <ele>36</ele>
        <time>2024-10-22T10:47:32+00:00</time>
      </trkpt>
      <trkpt lat="55.76222" lon="14.14714">
        <ele>34</ele>
        <time>2024-10-22T10:47:35+00:00</time>
      </trkpt>
      <trkpt lat="55.76256" lon="14.14741">
        <ele>34</ele>
        <time>2024-10-22T10:47:38+00:00</time>
      </trkpt>
      <trkpt lat="55.76276" lon="14.14756">
        <ele>34</ele>
        <time>2024-10-22T10:47:41+00:00</time>
      </trkpt>
      <trkpt lat="55.76306" lon="14.14776">
        <ele>34</ele>
        <time>2024-10-22T10:47:44+00:00</time>
      </trkpt>
      <trkpt lat="55.76327" lon="14.14793">
        <ele>34</ele>
        <time>2024-10-22T10:47:47+00:00</time>
      </trkpt>
      <trkpt lat="55.76349" lon="14.14808">
        <ele>35</ele>
        <time>2024-10-22T10:47:50+00:00</time>
      </trkpt>
      <trkpt lat="55.76384" lon="14.14833">
        <ele>35</ele>
        <time>2024-10-22T10:47:53+00:00</time>
      </trkpt>
      <trkpt lat="55.76405" lon="14.14848">
        <ele>35</ele>
        <time>2024-10-22T10:47:56+00:00</time>
      </trkpt>
      <trkpt lat="55.76436" lon="14.1487">
        <ele>35</ele>
        <time>2024-10-22T10:47:59+00:00</time>
      </trkpt>
      <trkpt lat="55.76461" lon="14.14887">
        <ele>36</ele>
        <time>2024-10-22T10:48:02+00:00</time>
      </trkpt>
      <trkpt lat="55.7648" lon="14.14901">
        <ele>36</ele>
        <time>2024-10-22T10:48:05+00:00</time>
      </trkpt>
      <trkpt lat="55.76501" lon="14.14916">
        <ele>37</ele>
        <time>2024-10-22T10:48:08+00:00</time>
      </trkpt>
      <trkpt lat="55.76524" lon="14.14931">
        <ele>38</ele>
        <time>2024-10-22T10:48:11+00:00</time>
      </trkpt>
      <trkpt lat="55.76561" lon="14.14956">
        <ele>39</ele>
        <time>2024-10-22T10:48:14+00:00</time>
      </trkpt>
      <trkpt lat="55.76583" lon="14.14971">
        <ele>40</ele>
        <time>2024-10-22T10:48:17+00:00</time>
      </trkpt>
      <trkpt lat="55.76619" lon="14.14996">
        <ele>41</ele>
        <time>2024-10-22T10:48:20+00:00</time>
      </trkpt>
      <trkpt lat="55.7664" lon="14.1501">
        <ele>41</ele>
        <time>2024-10-22T10:48:23+00:00</time>
      </trkpt>
      <trkpt lat="55.7667" lon="14.15031">
        <ele>41</ele>
        <time>2024-10-22T10:48:26+00:00</time>
      </trkpt>
      <trkpt lat="55.767" lon="14.15052">
        <ele>42</ele>
        <time>2024-10-22T10:48:29+00:00</time>
      </trkpt>
      <trkpt lat="55.76718" lon="14.15067">
        <ele>42</ele>
        <time>2024-10-22T10:48:32+00:00</time>
      </trkpt>
      <trkpt lat="55.76724" lon="14.15072">
        <ele>43</ele>
        <time>2024-10-22T10:48:35+00:00</time>
      </trkpt>
      <trkpt lat="55.7674" lon="14.1509">
        <ele>43</ele>
        <time>2024-10-22T10:48:38+00:00</time>
      </trkpt>
      <trkpt lat="55.76762" lon="14.15114">
        <ele>44</ele>
        <time>2024-10-22T10:48:41+00:00</time>
      </trkpt>
      <trkpt lat="55.76773" lon="14.15127">
        <ele>44</ele>
        <time>2024-10-22T10:48:44+00:00</time>
      </trkpt>
      <trkpt lat="55.76784" lon="14.15141">
        <ele>44</ele>
        <time>2024-10-22T10:48:47+00:00</time>
      </trkpt>
      <trkpt lat="55.7681" lon="14.15178">
        <ele>44</ele>
        <time>2024-10-22T10:48:50+00:00</time>
      </trkpt>
      <trkpt lat="55.7683" lon="14.1521">
        <ele>44</ele>
        <time>2024-10-22T10:48:53+00:00</time>
      </trkpt>
      <trkpt lat="55.76843" lon="14.15234">
        <ele>45</ele>
        <time>2024-10-22T10:48:56+00:00</time>
      </trkpt>
      <trkpt lat="55.76847" lon="14.15237">
        <ele>45</ele>
        <time>2024-10-22T10:48:59+00:00</time>
      </trkpt>
      <trkpt lat="55.76852" lon="14.15235">
        <ele>46</ele>
        <time>2024-10-22T10:49:02+00:00</time>
      </trkpt>
      <trkpt lat="55.76858" lon="14.15228">
        <ele>46</ele>
        <time>2024-10-22T10:49:05+00:00</time>
      </trkpt>
      <trkpt lat="55.76873" lon="14.15205">
        <ele>47</ele>
        <time>2024-10-22T10:49:08+00:00</time>
      </trkpt>
      <trkpt lat="55.76889" lon="14.15179">
        <ele>48</ele>
        <time>2024-10-22T10:49:11+00:00</time>
      </trkpt>
      <trkpt lat="55.76904" lon="14.15158">
        <ele>50</ele>
        <time>2024-10-22T10:49:14+00:00</time>
      </trkpt>
      <trkpt lat="55.76921" lon="14.15135">
        <ele>51</ele>
        <time>2024-10-22T10:49:17+00:00</time>
      </trkpt>
      <trkpt lat="55.76926" lon="14.15129">
        <ele>51</ele>
        <time>2024-10-22T10:49:20+00:00</time>
      </trkpt>
      <trkpt lat="55.76931" lon="14.15126">
        <ele>52</ele>
        <time>2024-10-22T10:49:23+00:00</time>
      </trkpt>
      <trkpt lat="55.76937" lon="14.15126">
        <ele>52</ele>
        <time>2024-10-22T10:49:26+00:00</time>
      </trkpt>
      <trkpt lat="55.76943" lon="14.15128">
        <ele>53</ele>
        <time>2024-10-22T10:49:29+00:00</time>
      </trkpt>
      <trkpt lat="55.7696" lon="14.15138">
        <ele>53</ele>
        <time>2024-10-22T10:49:32+00:00</time>
      </trkpt>
      <trkpt lat="55.76978" lon="14.15148">
        <ele>54</ele>
        <time>2024-10-22T10:49:35+00:00</time>
      </trkpt>
      <trkpt lat="55.76989" lon="14.15153">
        <ele>54</ele>
        <time>2024-10-22T10:49:38+00:00</time>
      </trkpt>
      <trkpt lat="55.77" lon="14.15156">
        <ele>55</ele>
        <time>2024-10-22T10:49:41+00:00</time>
      </trkpt>
      <trkpt lat="55.77005" lon="14.15159">
        <ele>55</ele>
        <time>2024-10-22T10:49:44+00:00</time>
      </trkpt>
      <trkpt lat="55.77008" lon="14.15162">
        <ele>55</ele>
        <time>2024-10-22T10:49:47+00:00</time>
      </trkpt>
      <trkpt lat="55.7701" lon="14.15165">
        <ele>55</ele>
        <time>2024-10-22T10:49:50+00:00</time>
      </trkpt>
      <trkpt lat="55.77029" lon="14.15155">
        <ele>55</ele>
        <time>2024-10-22T10:49:53+00:00</time>
      </trkpt>
      <trkpt lat="55.77064" lon="14.15141">
        <ele>56</ele>
        <time>2024-10-22T10:49:56+00:00</time>
      </trkpt>
      <trkpt lat="55.77085" lon="14.15136">
        <ele>56</ele>
        <time>2024-10-22T10:49:59+00:00</time>
      </trkpt>
      <trkpt lat="55.77111" lon="14.1513">
        <ele>57</ele>
        <time>2024-10-22T10:50:02+00:00</time>
      </trkpt>
      <trkpt lat="55.77136" lon="14.15121">
        <ele>57</ele>
        <time>2024-10-22T10:50:05+00:00</time>
      </trkpt>
      <trkpt lat="55.77141" lon="14.15117">
        <ele>57</ele>
        <time>2024-10-22T10:50:08+00:00</time>
      </trkpt>
      <trkpt lat="55.77146" lon="14.15111">
        <ele>57</ele>
        <time>2024-10-22T10:50:11+00:00</time>
      </trkpt>
      <trkpt lat="55.77149" lon="14.15102">
        <ele>58</ele>
        <time>2024-10-22T10:50:14+00:00</time>
      </trkpt>
      <trkpt lat="55.77159" lon="14.15072">
        <ele>58</ele>
        <time>2024-10-22T10:50:17+00:00</time>
      </trkpt>
      <trkpt lat="55.77162" lon="14.15064">
        <ele>59</ele>
        <time>2024-10-22T10:50:20+00:00</time>
      </trkpt>
      <trkpt lat="55.77166" lon="14.15056">
        <ele>59</ele>
        <time>2024-10-22T10:50:23+00:00</time>
      </trkpt>
      <trkpt lat="55.77181" lon="14.15035">
        <ele>60</ele>
        <time>2024-10-22T10:50:26+00:00</time>
      </trkpt>
      <trkpt lat="55.77185" lon="14.15027">
        <ele>60</ele>
        <time>2024-10-22T10:50:29+00:00</time>
      </trkpt>
      <trkpt lat="55.77187" lon="14.15019">
        <ele>61</ele>
        <time>2024-10-22T10:50:32+00:00</time>
      </trkpt>
      <trkpt lat="55.77189" lon="14.1501">
        <ele>61</ele>
        <time>2024-10-22T10:50:35+00:00</time>
      </trkpt>
      <trkpt lat="55.7719" lon="14.15001">
        <ele>61</ele>
        <time>2024-10-22T10:50:38+00:00</time>
      </trkpt>
      <trkpt lat="55.7719" lon="14.14992">
        <ele>61</ele>
        <time>2024-10-22T10:50:41+00:00</time>
      </trkpt>
      <trkpt lat="55.77189" lon="14.14983">
        <ele>61</ele>
        <time>2024-10-22T10:50:44+00:00</time>
      </trkpt>
      <trkpt lat="55.77187" lon="14.14972">
        <ele>61</ele>
        <time>2024-10-22T10:50:47+00:00</time>
      </trkpt>
      <trkpt lat="55.77179" lon="14.14941">
        <ele>61</ele>
        <time>2024-10-22T10:50:50+00:00</time>
      </trkpt>
      <trkpt lat="55.77174" lon="14.14919">
        <ele>62</ele>
        <time>2024-10-22T10:50:53+00:00</time>
      </trkpt>
      <trkpt lat="55.77173" lon="14.14908">
        <ele>62</ele>
        <time>2024-10-22T10:50:56+00:00</time>
      </trkpt>
      <trkpt lat="55.77171" lon="14.14891">
        <ele>62</ele>
        <time>2024-10-22T10:50:59+00:00</time>
      </trkpt>
      <trkpt lat="55.77169" lon="14.14869">
        <ele>62</ele>
        <time>2024-10-22T10:51:02+00:00</time>
      </trkpt>
      <trkpt lat="55.7717" lon="14.14853">
        <ele>63</ele>
        <time>2024-10-22T10:51:05+00:00</time>
      </trkpt>
      <trkpt lat="55.77172" lon="14.1482">
        <ele>64</ele>
        <time>2024-10-22T10:51:08+00:00</time>
      </trkpt>
      <trkpt lat="55.77173" lon="14.14808">
        <ele>64</ele>
        <time>2024-10-22T10:51:11+00:00</time>
      </trkpt>
      <trkpt lat="55.77176" lon="14.14776">
        <ele>65</ele>
        <time>2024-10-22T10:51:14+00:00</time>
      </trkpt>
      <trkpt lat="55.77177" lon="14.14765">
        <ele>65</ele>
        <time>2024-10-22T10:51:17+00:00</time>
      </trkpt>
      <trkpt lat="55.77178" lon="14.14743">
        <ele>65</ele>
        <time>2024-10-22T10:51:20+00:00</time>
      </trkpt>
      <trkpt lat="55.77178" lon="14.1472">
        <ele>66</ele>
        <time>2024-10-22T10:51:23+00:00</time>
      </trkpt>
      <trkpt lat="55.77176" lon="14.14677">
        <ele>67</ele>
        <time>2024-10-22T10:51:26+00:00</time>
      </trkpt>
      <trkpt lat="55.77174" lon="14.14657">
        <ele>67</ele>
        <time>2024-10-22T10:51:29+00:00</time>
      </trkpt>
      <trkpt lat="55.77169" lon="14.14621">
        <ele>68</ele>
        <time>2024-10-22T10:51:32+00:00</time>
      </trkpt>
      <trkpt lat="55.77165" lon="14.14595">
        <ele>68</ele>
        <time>2024-10-22T10:51:35+00:00</time>
      </trkpt>
      <trkpt lat="55.77161" lon="14.1457">
        <ele>68</ele>
        <time>2024-10-22T10:51:38+00:00</time>
      </trkpt>
      <trkpt lat="55.77156" lon="14.14538">
        <ele>68</ele>
        <time>2024-10-22T10:51:41+00:00</time>
      </trkpt>
      <trkpt lat="55.77152" lon="14.14523">
        <ele>68</ele>
        <time>2024-10-22T10:51:44+00:00</time>
      </trkpt>
      <trkpt lat="55.7714" lon="14.14497">
        <ele>68</ele>
        <time>2024-10-22T10:51:47+00:00</time>
      </trkpt>
      <trkpt lat="55.77137" lon="14.14487">
        <ele>69</ele>
        <time>2024-10-22T10:51:50+00:00</time>
      </trkpt>
      <trkpt lat="55.77131" lon="14.14466">
        <ele>69</ele>
        <time>2024-10-22T10:51:53+00:00</time>
      </trkpt>
      <trkpt lat="55.77123" lon="14.14433">
        <ele>70</ele>
        <time>2024-10-22T10:51:56+00:00</time>
      </trkpt>
      <trkpt lat="55.77115" lon="14.1439">
        <ele>71</ele>
        <time>2024-10-22T10:51:59+00:00</time>
      </trkpt>
      <trkpt lat="55.77105" lon="14.14343">
        <ele>72</ele>
        <time>2024-10-22T10:52:02+00:00</time>
      </trkpt>
      <trkpt lat="55.77098" lon="14.14311">
        <ele>73</ele>
        <time>2024-10-22T10:52:05+00:00</time>
      </trkpt>
      <trkpt lat="55.77091" lon="14.14276">
        <ele>74</ele>
        <time>2024-10-22T10:52:08+00:00</time>
      </trkpt>
      <trkpt lat="55.77078" lon="14.14219">
        <ele>74</ele>
        <time>2024-10-22T10:52:11+00:00</time>
      </trkpt>
      <trkpt lat="55.7707" lon="14.14171">
        <ele>74</ele>
        <time>2024-10-22T10:52:14+00:00</time>
      </trkpt>
      <trkpt lat="55.77071" lon="14.14163">
        <ele>74</ele>
        <time>2024-10-22T10:52:17+00:00</time>
      </trkpt>
      <trkpt lat="55.77075" lon="14.14157">
        <ele>74</ele>
        <time>2024-10-22T10:52:20+00:00</time>
      </trkpt>
      <trkpt lat="55.77086" lon="14.1415">
        <ele>75</ele>
        <time>2024-10-22T10:52:23+00:00</time>
      </trkpt>
      <trkpt lat="55.77089" lon="14.14147">
        <ele>75</ele>
        <time>2024-10-22T10:52:26+00:00</time>
      </trkpt>
      <trkpt lat="55.77091" lon="14.14144">
        <ele>75</ele>
        <time>2024-10-22T10:52:29+00:00</time>
      </trkpt>
      <trkpt lat="55.77094" lon="14.14136">
        <ele>76</ele>
        <time>2024-10-22T10:52:32+00:00</time>
      </trkpt>
      <trkpt lat="55.77094" lon="14.14126">
        <ele>76</ele>
        <time>2024-10-22T10:52:35+00:00</time>
      </trkpt>
      <trkpt lat="55.77092" lon="14.14116">
        <ele>76</ele>
        <time>2024-10-22T10:52:38+00:00</time>
      </trkpt>
      <trkpt lat="55.77087" lon="14.14095">
        <ele>77</ele>
        <time>2024-10-22T10:52:41+00:00</time>
      </trkpt>
      <trkpt lat="55.77085" lon="14.14084">
        <ele>77</ele>
        <time>2024-10-22T10:52:44+00:00</time>
      </trkpt>
      <trkpt lat="55.77079" lon="14.1405">
        <ele>77</ele>
        <time>2024-10-22T10:52:47+00:00</time>
      </trkpt>
      <trkpt lat="55.77076" lon="14.14029">
        <ele>78</ele>
        <time>2024-10-22T10:52:50+00:00</time>
      </trkpt>
      <trkpt lat="55.77074" lon="14.14003">
        <ele>79</ele>
        <time>2024-10-22T10:52:53+00:00</time>
      </trkpt>
      <trkpt lat="55.77072" lon="14.13972">
        <ele>79</ele>
        <time>2024-10-22T10:52:56+00:00</time>
      </trkpt>
      <trkpt lat="55.7707" lon="14.13948">
        <ele>79</ele>
        <time>2024-10-22T10:52:59+00:00</time>
      </trkpt>
      <trkpt lat="55.7707" lon="14.13913">
        <ele>79</ele>
        <time>2024-10-22T10:53:02+00:00</time>
      </trkpt>
      <trkpt lat="55.77069" lon="14.13902">
        <ele>79</ele>
        <time>2024-10-22T10:53:05+00:00</time>
      </trkpt>
      <trkpt lat="55.77063" lon="14.13882">
        <ele>79</ele>
        <time>2024-10-22T10:53:08+00:00</time>
      </trkpt>
      <trkpt lat="55.7706" lon="14.13871">
        <ele>79</ele>
        <time>2024-10-22T10:53:11+00:00</time>
      </trkpt>
      <trkpt lat="55.77054" lon="14.13862">
        <ele>78</ele>
        <time>2024-10-22T10:53:14+00:00</time>
      </trkpt>
      <trkpt lat="55.7705" lon="14.13855">
        <ele>78</ele>
        <time>2024-10-22T10:53:17+00:00</time>
      </trkpt>
      <trkpt lat="55.77044" lon="14.13841">
        <ele>78</ele>
        <time>2024-10-22T10:53:20+00:00</time>
      </trkpt>
      <trkpt lat="55.77037" lon="14.13821">
        <ele>77</ele>
        <time>2024-10-22T10:53:23+00:00</time>
      </trkpt>
      <trkpt lat="55.77027" lon="14.13789">
        <ele>77</ele>
        <time>2024-10-22T10:53:26+00:00</time>
      </trkpt>
      <trkpt lat="55.77022" lon="14.13766">
        <ele>77</ele>
        <time>2024-10-22T10:53:29+00:00</time>
      </trkpt>
      <trkpt lat="55.77012" lon="14.13732">
        <ele>76</ele>
        <time>2024-10-22T10:53:32+00:00</time>
      </trkpt>
      <trkpt lat="55.77001" lon="14.13693">
        <ele>76</ele>
        <time>2024-10-22T10:53:35+00:00</time>
      </trkpt>
      <trkpt lat="55.7699" lon="14.13645">
        <ele>76</ele>
        <time>2024-10-22T10:53:38+00:00</time>
      </trkpt>
      <trkpt lat="55.76982" lon="14.13614">
        <ele>76</ele>
        <time>2024-10-22T10:53:41+00:00</time>
      </trkpt>
      <trkpt lat="55.76974" lon="14.13582">
        <ele>77</ele>
        <time>2024-10-22T10:53:44+00:00</time>
      </trkpt>
      <trkpt lat="55.76966" lon="14.13546">
        <ele>78</ele>
        <time>2024-10-22T10:53:47+00:00</time>
      </trkpt>
      <trkpt lat="55.76954" lon="14.13504">
        <ele>79</ele>
        <time>2024-10-22T10:53:50+00:00</time>
      </trkpt>
      <trkpt lat="55.76939" lon="14.13446">
        <ele>79</ele>
        <time>2024-10-22T10:53:53+00:00</time>
      </trkpt>
      <trkpt lat="55.76929" lon="14.13398">
        <ele>79</ele>
        <time>2024-10-22T10:53:56+00:00</time>
      </trkpt>
      <trkpt lat="55.76923" lon="14.13376">
        <ele>79</ele>
        <time>2024-10-22T10:53:59+00:00</time>
      </trkpt>
      <trkpt lat="55.7692" lon="14.13365">
        <ele>79</ele>
        <time>2024-10-22T10:54:02+00:00</time>
      </trkpt>
      <trkpt lat="55.76917" lon="14.13354">
        <ele>79</ele>
        <time>2024-10-22T10:54:05+00:00</time>
      </trkpt>
      <trkpt lat="55.76909" lon="14.13335">
        <ele>80</ele>
        <time>2024-10-22T10:54:08+00:00</time>
      </trkpt>
      <trkpt lat="55.76886" lon="14.13288">
        <ele>80</ele>
        <time>2024-10-22T10:54:11+00:00</time>
      </trkpt>
      <trkpt lat="55.76875" lon="14.13261">
        <ele>80</ele>
        <time>2024-10-22T10:54:14+00:00</time>
      </trkpt>
      <trkpt lat="55.76863" lon="14.13234">
        <ele>80</ele>
        <time>2024-10-22T10:54:17+00:00</time>
      </trkpt>
      <trkpt lat="55.76849" lon="14.13201">
        <ele>80</ele>
        <time>2024-10-22T10:54:20+00:00</time>
      </trkpt>
      <trkpt lat="55.76842" lon="14.13182">
        <ele>80</ele>
        <time>2024-10-22T10:54:23+00:00</time>
      </trkpt>
      <trkpt lat="55.76829" lon="14.13149">
        <ele>80</ele>
        <time>2024-10-22T10:54:26+00:00</time>
      </trkpt>
      <trkpt lat="55.76812" lon="14.13108">
        <ele>81</ele>
        <time>2024-10-22T10:54:29+00:00</time>
      </trkpt>
      <trkpt lat="55.76808" lon="14.13101">
        <ele>81</ele>
        <time>2024-10-22T10:54:32+00:00</time>
      </trkpt>
      <trkpt lat="55.76803" lon="14.13094">
        <ele>81</ele>
        <time>2024-10-22T10:54:35+00:00</time>
      </trkpt>
      <trkpt lat="55.76798" lon="14.1309">
        <ele>81</ele>
        <time>2024-10-22T10:54:38+00:00</time>
      </trkpt>
      <trkpt lat="55.76792" lon="14.13089">
        <ele>81</ele>
        <time>2024-10-22T10:54:41+00:00</time>
      </trkpt>
      <trkpt lat="55.76785" lon="14.13092">
        <ele>81</ele>
        <time>2024-10-22T10:54:44+00:00</time>
      </trkpt>
      <trkpt lat="55.76779" lon="14.13097">
        <ele>80</ele>
        <time>2024-10-22T10:54:47+00:00</time>
      </trkpt>
      <trkpt lat="55.76762" lon="14.13117">
        <ele>80</ele>
        <time>2024-10-22T10:54:50+00:00</time>
      </trkpt>
      <trkpt lat="55.76742" lon="14.13136">
        <ele>80</ele>
        <time>2024-10-22T10:54:53+00:00</time>
      </trkpt>
      <trkpt lat="55.76729" lon="14.13152">
        <ele>80</ele>
        <time>2024-10-22T10:54:56+00:00</time>
      </trkpt>
      <trkpt lat="55.76724" lon="14.1316">
        <ele>80</ele>
        <time>2024-10-22T10:54:59+00:00</time>
      </trkpt>
      <trkpt lat="55.76713" lon="14.13181">
        <ele>80</ele>
        <time>2024-10-22T10:55:02+00:00</time>
      </trkpt>
      <trkpt lat="55.76702" lon="14.13203">
        <ele>81</ele>
        <time>2024-10-22T10:55:05+00:00</time>
      </trkpt>
      <trkpt lat="55.76696" lon="14.13218">
        <ele>81</ele>
        <time>2024-10-22T10:55:08+00:00</time>
      </trkpt>
      <trkpt lat="55.76691" lon="14.13231">
        <ele>81</ele>
        <time>2024-10-22T10:55:11+00:00</time>
      </trkpt>
      <trkpt lat="55.76682" lon="14.1326">
        <ele>81</ele>
        <time>2024-10-22T10:55:14+00:00</time>
      </trkpt>
      <trkpt lat="55.76679" lon="14.13268">
        <ele>81</ele>
        <time>2024-10-22T10:55:17+00:00</time>
      </trkpt>
      <trkpt lat="55.76674" lon="14.13274">
        <ele>81</ele>
        <time>2024-10-22T10:55:20+00:00</time>
      </trkpt>
      <trkpt lat="55.76668" lon="14.13278">
        <ele>81</ele>
        <time>2024-10-22T10:55:23+00:00</time>
      </trkpt>
      <trkpt lat="55.76662" lon="14.1328">
        <ele>81</ele>
        <time>2024-10-22T10:55:26+00:00</time>
      </trkpt>
      <trkpt lat="55.76637" lon="14.13284">
        <ele>79</ele>
        <time>2024-10-22T10:55:29+00:00</time>
      </trkpt>
      <trkpt lat="55.76631" lon="14.13283">
        <ele>79</ele>
        <time>2024-10-22T10:55:32+00:00</time>
      </trkpt>
      <trkpt lat="55.76619" lon="14.1328">
        <ele>77</ele>
        <time>2024-10-22T10:55:35+00:00</time>
      </trkpt>
      <trkpt lat="55.76613" lon="14.13279">
        <ele>77</ele>
        <time>2024-10-22T10:55:38+00:00</time>
      </trkpt>
      <trkpt lat="55.76596" lon="14.13284">
        <ele>76</ele>
        <time>2024-10-22T10:55:41+00:00</time>
      </trkpt>
      <trkpt lat="55.76578" lon="14.13289">
        <ele>73</ele>
        <time>2024-10-22T10:55:44+00:00</time>
      </trkpt>
      <trkpt lat="55.76574" lon="14.13293">
        <ele>73</ele>
        <time>2024-10-22T10:55:47+00:00</time>
      </trkpt>
      <trkpt lat="55.76569" lon="14.13298">
        <ele>72</ele>
        <time>2024-10-22T10:55:50+00:00</time>
      </trkpt>
      <trkpt lat="55.76564" lon="14.13302">
        <ele>72</ele>
        <time>2024-10-22T10:55:53+00:00</time>
      </trkpt>
      <trkpt lat="55.7656" lon="14.13304">
        <ele>72</ele>
        <time>2024-10-22T10:55:56+00:00</time>
      </trkpt>
      <trkpt lat="55.76555" lon="14.13305">
        <ele>71</ele>
        <time>2024-10-22T10:55:59+00:00</time>
      </trkpt>
      <trkpt lat="55.76553" lon="14.13304">
        <ele>71</ele>
        <time>2024-10-22T10:56:02+00:00</time>
      </trkpt>
      <trkpt lat="55.76548" lon="14.13298">
        <ele>69</ele>
        <time>2024-10-22T10:56:05+00:00</time>
      </trkpt>
      <trkpt lat="55.76544" lon="14.13292">
        <ele>69</ele>
        <time>2024-10-22T10:56:08+00:00</time>
      </trkpt>
      <trkpt lat="55.76533" lon="14.13266">
        <ele>68</ele>
        <time>2024-10-22T10:56:11+00:00</time>
      </trkpt>
      <trkpt lat="55.76528" lon="14.13261">
        <ele>67</ele>
        <time>2024-10-22T10:56:14+00:00</time>
      </trkpt>
      <trkpt lat="55.76522" lon="14.13258">
        <ele>67</ele>
        <time>2024-10-22T10:56:17+00:00</time>
      </trkpt>
      <trkpt lat="55.765" lon="14.13256">
        <ele>65</ele>
        <time>2024-10-22T10:56:20+00:00</time>
      </trkpt>
      <trkpt lat="55.76493" lon="14.13254">
        <ele>63</ele>
        <time>2024-10-22T10:56:23+00:00</time>
      </trkpt>
      <trkpt lat="55.76475" lon="14.13245">
        <ele>61</ele>
        <time>2024-10-22T10:56:26+00:00</time>
      </trkpt>
      <trkpt lat="55.76469" lon="14.13243">
        <ele>59</ele>
        <time>2024-10-22T10:56:29+00:00</time>
      </trkpt>
      <trkpt lat="55.76449" lon="14.13239">
        <ele>57</ele>
        <time>2024-10-22T10:56:32+00:00</time>
      </trkpt>
      <trkpt lat="55.76431" lon="14.1323">
        <ele>56</ele>
        <time>2024-10-22T10:56:35+00:00</time>
      </trkpt>
      <trkpt lat="55.76422" lon="14.13223">
        <ele>55</ele>
        <time>2024-10-22T10:56:38+00:00</time>
      </trkpt>
      <trkpt lat="55.76415" lon="14.13217">
        <ele>54</ele>
        <time>2024-10-22T10:56:41+00:00</time>
      </trkpt>
      <trkpt lat="55.7641" lon="14.1321">
        <ele>52</ele>
        <time>2024-10-22T10:56:44+00:00</time>
      </trkpt>
      <trkpt lat="55.76405" lon="14.13201">
        <ele>52</ele>
        <time>2024-10-22T10:56:47+00:00</time>
      </trkpt>
      <trkpt lat="55.76401" lon="14.1319">
        <ele>52</ele>
        <time>2024-10-22T10:56:50+00:00</time>
      </trkpt>
      <trkpt lat="55.76398" lon="14.13179">
        <ele>52</ele>
        <time>2024-10-22T10:56:53+00:00</time>
      </trkpt>
      <trkpt lat="55.76395" lon="14.13168">
        <ele>52</ele>
        <time>2024-10-22T10:56:56+00:00</time>
      </trkpt>
      <trkpt lat="55.76392" lon="14.13145">
        <ele>52</ele>
        <time>2024-10-22T10:56:59+00:00</time>
      </trkpt>
      <trkpt lat="55.76389" lon="14.13109">
        <ele>53</ele>
        <time>2024-10-22T10:57:02+00:00</time>
      </trkpt>
      <trkpt lat="55.76385" lon="14.13072">
        <ele>54</ele>
        <time>2024-10-22T10:57:05+00:00</time>
      </trkpt>
      <trkpt lat="55.76381" lon="14.13027">
        <ele>54</ele>
        <time>2024-10-22T10:57:08+00:00</time>
      </trkpt>
      <trkpt lat="55.76379" lon="14.13">
        <ele>54</ele>
        <time>2024-10-22T10:57:11+00:00</time>
      </trkpt>
      <trkpt lat="55.76379" lon="14.12976">
        <ele>54</ele>
        <time>2024-10-22T10:57:14+00:00</time>
      </trkpt>
      <trkpt lat="55.7638" lon="14.12961">
        <ele>56</ele>
        <time>2024-10-22T10:57:17+00:00</time>
      </trkpt>
      <trkpt lat="55.76382" lon="14.12951">
        <ele>56</ele>
        <time>2024-10-22T10:57:20+00:00</time>
      </trkpt>
      <trkpt lat="55.76384" lon="14.12945">
        <ele>56</ele>
        <time>2024-10-22T10:57:23+00:00</time>
      </trkpt>
      <trkpt lat="55.76384" lon="14.12941">
        <ele>56</ele>
        <time>2024-10-22T10:57:26+00:00</time>
      </trkpt>
      <trkpt lat="55.76382" lon="14.12916">
        <ele>56</ele>
        <time>2024-10-22T10:57:29+00:00</time>
      </trkpt>
      <trkpt lat="55.76381" lon="14.12882">
        <ele>55</ele>
        <time>2024-10-22T10:57:32+00:00</time>
      </trkpt>
      <trkpt lat="55.7638" lon="14.12843">
        <ele>55</ele>
        <time>2024-10-22T10:57:35+00:00</time>
      </trkpt>
      <trkpt lat="55.76379" lon="14.12788">
        <ele>53</ele>
        <time>2024-10-22T10:57:38+00:00</time>
      </trkpt>
      <trkpt lat="55.76376" lon="14.12771">
        <ele>53</ele>
        <time>2024-10-22T10:57:41+00:00</time>
      </trkpt>
      <trkpt lat="55.76374" lon="14.12763">
        <ele>52</ele>
        <time>2024-10-22T10:57:44+00:00</time>
      </trkpt>
      <trkpt lat="55.76372" lon="14.12756">
        <ele>52</ele>
        <time>2024-10-22T10:57:47+00:00</time>
      </trkpt>
      <trkpt lat="55.76361" lon="14.12726">
        <ele>51</ele>
        <time>2024-10-22T10:57:50+00:00</time>
      </trkpt>
      <trkpt lat="55.7636" lon="14.12717">
        <ele>51</ele>
        <time>2024-10-22T10:57:53+00:00</time>
      </trkpt>
      <trkpt lat="55.76358" lon="14.12705">
        <ele>51</ele>
        <time>2024-10-22T10:57:56+00:00</time>
      </trkpt>
      <trkpt lat="55.76357" lon="14.12692">
        <ele>51</ele>
        <time>2024-10-22T10:57:59+00:00</time>
      </trkpt>
      <trkpt lat="55.76357" lon="14.12679">
        <ele>51</ele>
        <time>2024-10-22T10:58:02+00:00</time>
      </trkpt>
      <trkpt lat="55.76358" lon="14.12666">
        <ele>51</ele>
        <time>2024-10-22T10:58:05+00:00</time>
      </trkpt>
      <trkpt lat="55.76361" lon="14.12626">
        <ele>52</ele>
        <time>2024-10-22T10:58:08+00:00</time>
      </trkpt>
      <trkpt lat="55.76362" lon="14.12613">
        <ele>52</ele>
        <time>2024-10-22T10:58:11+00:00</time>
      </trkpt>
      <trkpt lat="55.76363" lon="14.12576">
        <ele>54</ele>
        <time>2024-10-22T10:58:14+00:00</time>
      </trkpt>
      <trkpt lat="55.76365" lon="14.12552">
        <ele>55</ele>
        <time>2024-10-22T10:58:17+00:00</time>
      </trkpt>
      <trkpt lat="55.76365" lon="14.12541">
        <ele>55</ele>
        <time>2024-10-22T10:58:20+00:00</time>
      </trkpt>
      <trkpt lat="55.76364" lon="14.12532">
        <ele>55</ele>
        <time>2024-10-22T10:58:23+00:00</time>
      </trkpt>
      <trkpt lat="55.76362" lon="14.12524">
        <ele>55</ele>
        <time>2024-10-22T10:58:26+00:00</time>
      </trkpt>
      <trkpt lat="55.76359" lon="14.12516">
        <ele>55</ele>
        <time>2024-10-22T10:58:29+00:00</time>
      </trkpt>
      <trkpt lat="55.76365" lon="14.12494">
        <ele>56</ele>
        <time>2024-10-22T10:58:32+00:00</time>
      </trkpt>
      <trkpt lat="55.76376" lon="14.12468">
        <ele>56</ele>
        <time>2024-10-22T10:58:35+00:00</time>
      </trkpt>
      <trkpt lat="55.7638" lon="14.12458">
        <ele>55</ele>
        <time>2024-10-22T10:58:38+00:00</time>
      </trkpt>
      <trkpt lat="55.76383" lon="14.12449">
        <ele>56</ele>
        <time>2024-10-22T10:58:41+00:00</time>
      </trkpt>
      <trkpt lat="55.76385" lon="14.12441">
        <ele>56</ele>
        <time>2024-10-22T10:58:44+00:00</time>
      </trkpt>
      <trkpt lat="55.76386" lon="14.12434">
        <ele>56</ele>
        <time>2024-10-22T10:58:47+00:00</time>
      </trkpt>
      <trkpt lat="55.76386" lon="14.12428">
        <ele>56</ele>
        <time>2024-10-22T10:58:50+00:00</time>
      </trkpt>
      <trkpt lat="55.76381" lon="14.12412">
        <ele>57</ele>
        <time>2024-10-22T10:58:53+00:00</time>
      </trkpt>
      <trkpt lat="55.76375" lon="14.12402">
        <ele>58</ele>
        <time>2024-10-22T10:58:56+00:00</time>
      </trkpt>
      <trkpt lat="55.76373" lon="14.12396">
        <ele>58</ele>
        <time>2024-10-22T10:58:59+00:00</time>
      </trkpt>
      <trkpt lat="55.76368" lon="14.12372">
        <ele>59</ele>
        <time>2024-10-22T10:59:02+00:00</time>
      </trkpt>
      <trkpt lat="55.76363" lon="14.12355">
        <ele>60</ele>
        <time>2024-10-22T10:59:05+00:00</time>
      </trkpt>
      <trkpt lat="55.76359" lon="14.12347">
        <ele>61</ele>
        <time>2024-10-22T10:59:08+00:00</time>
      </trkpt>
      <trkpt lat="55.76356" lon="14.12341">
        <ele>61</ele>
        <time>2024-10-22T10:59:11+00:00</time>
      </trkpt>
      <trkpt lat="55.76351" lon="14.12336">
        <ele>61</ele>
        <time>2024-10-22T10:59:14+00:00</time>
      </trkpt>
      <trkpt lat="55.76346" lon="14.12332">
        <ele>61</ele>
        <time>2024-10-22T10:59:17+00:00</time>
      </trkpt>
      <trkpt lat="55.7634" lon="14.12331">
        <ele>61</ele>
        <time>2024-10-22T10:59:20+00:00</time>
      </trkpt>
      <trkpt lat="55.76323" lon="14.1233">
        <ele>63</ele>
        <time>2024-10-22T10:59:23+00:00</time>
      </trkpt>
      <trkpt lat="55.76306" lon="14.12326">
        <ele>65</ele>
        <time>2024-10-22T10:59:26+00:00</time>
      </trkpt>
      <trkpt lat="55.763" lon="14.12326">
        <ele>65</ele>
        <time>2024-10-22T10:59:29+00:00</time>
      </trkpt>
      <trkpt lat="55.76291" lon="14.12327">
        <ele>65</ele>
        <time>2024-10-22T10:59:32+00:00</time>
      </trkpt>
      <trkpt lat="55.76283" lon="14.1233">
        <ele>66</ele>
        <time>2024-10-22T10:59:35+00:00</time>
      </trkpt>
      <trkpt lat="55.76279" lon="14.12334">
        <ele>67</ele>
        <time>2024-10-22T10:59:38+00:00</time>
      </trkpt>
      <trkpt lat="55.76275" lon="14.12339">
        <ele>67</ele>
        <time>2024-10-22T10:59:41+00:00</time>
      </trkpt>
      <trkpt lat="55.76272" lon="14.12347">
        <ele>67</ele>
        <time>2024-10-22T10:59:44+00:00</time>
      </trkpt>
      <trkpt lat="55.7627" lon="14.12357">
        <ele>67</ele>
        <time>2024-10-22T10:59:47+00:00</time>
      </trkpt>
      <trkpt lat="55.7627" lon="14.12363">
        <ele>67</ele>
        <time>2024-10-22T10:59:50+00:00</time>
      </trkpt>
      <trkpt lat="55.76267" lon="14.1239">
        <ele>67</ele>
        <time>2024-10-22T10:59:53+00:00</time>
      </trkpt>
      <trkpt lat="55.76266" lon="14.124">
        <ele>67</ele>
        <time>2024-10-22T10:59:56+00:00</time>
      </trkpt>
      <trkpt lat="55.76263" lon="14.12411">
        <ele>67</ele>
        <time>2024-10-22T10:59:59+00:00</time>
      </trkpt>
      <trkpt lat="55.7626" lon="14.1242">
        <ele>67</ele>
        <time>2024-10-22T11:00:02+00:00</time>
      </trkpt>
      <trkpt lat="55.76257" lon="14.12429">
        <ele>67</ele>
        <time>2024-10-22T11:00:05+00:00</time>
      </trkpt>
      <trkpt lat="55.76252" lon="14.12437">
        <ele>67</ele>
        <time>2024-10-22T11:00:08+00:00</time>
      </trkpt>
      <trkpt lat="55.76249" lon="14.1244">
        <ele>67</ele>
        <time>2024-10-22T11:00:11+00:00</time>
      </trkpt>
      <trkpt lat="55.7623" lon="14.12463">
        <ele>67</ele>
        <time>2024-10-22T11:00:14+00:00</time>
      </trkpt>
      <trkpt lat="55.76197" lon="14.12493">
        <ele>66</ele>
        <time>2024-10-22T11:00:17+00:00</time>
      </trkpt>
      <trkpt lat="55.76179" lon="14.12512">
        <ele>65</ele>
        <time>2024-10-22T11:00:20+00:00</time>
      </trkpt>
      <trkpt lat="55.76166" lon="14.12531">
        <ele>64</ele>
        <time>2024-10-22T11:00:23+00:00</time>
      </trkpt>
      <trkpt lat="55.76146" lon="14.12568">
        <ele>63</ele>
        <time>2024-10-22T11:00:26+00:00</time>
      </trkpt>
      <trkpt lat="55.76142" lon="14.12578">
        <ele>62</ele>
        <time>2024-10-22T11:00:29+00:00</time>
      </trkpt>
      <trkpt lat="55.76138" lon="14.1259">
        <ele>61</ele>
        <time>2024-10-22T11:00:32+00:00</time>
      </trkpt>
      <trkpt lat="55.76133" lon="14.12617">
        <ele>59</ele>
        <time>2024-10-22T11:00:35+00:00</time>
      </trkpt>
      <trkpt lat="55.76125" lon="14.12655">
        <ele>57</ele>
        <time>2024-10-22T11:00:38+00:00</time>
      </trkpt>
      <trkpt lat="55.76119" lon="14.1268">
        <ele>57</ele>
        <time>2024-10-22T11:00:41+00:00</time>
      </trkpt>
      <trkpt lat="55.76116" lon="14.12691">
        <ele>56</ele>
        <time>2024-10-22T11:00:44+00:00</time>
      </trkpt>
      <trkpt lat="55.76112" lon="14.12703">
        <ele>56</ele>
        <time>2024-10-22T11:00:47+00:00</time>
      </trkpt>
      <trkpt lat="55.76107" lon="14.12712">
        <ele>55</ele>
        <time>2024-10-22T11:00:50+00:00</time>
      </trkpt>
      <trkpt lat="55.76087" lon="14.12741">
        <ele>55</ele>
        <time>2024-10-22T11:00:53+00:00</time>
      </trkpt>
      <trkpt lat="55.76079" lon="14.12752">
        <ele>55</ele>
        <time>2024-10-22T11:00:56+00:00</time>
      </trkpt>
      <trkpt lat="55.76071" lon="14.12761">
        <ele>55</ele>
        <time>2024-10-22T11:00:59+00:00</time>
      </trkpt>
      <trkpt lat="55.76056" lon="14.12774">
        <ele>55</ele>
        <time>2024-10-22T11:01:02+00:00</time>
      </trkpt>
      <trkpt lat="55.7605" lon="14.12778">
        <ele>55</ele>
        <time>2024-10-22T11:01:05+00:00</time>
      </trkpt>
      <trkpt lat="55.76037" lon="14.12785">
        <ele>54</ele>
        <time>2024-10-22T11:01:08+00:00</time>
      </trkpt>
      <trkpt lat="55.7603" lon="14.12789">
        <ele>54</ele>
        <time>2024-10-22T11:01:11+00:00</time>
      </trkpt>
      <trkpt lat="55.76024" lon="14.12797">
        <ele>53</ele>
        <time>2024-10-22T11:01:14+00:00</time>
      </trkpt>
      <trkpt lat="55.76019" lon="14.12807">
        <ele>53</ele>
        <time>2024-10-22T11:01:17+00:00</time>
      </trkpt>
      <trkpt lat="55.76017" lon="14.1282">
        <ele>52</ele>
        <time>2024-10-22T11:01:20+00:00</time>
      </trkpt>
      <trkpt lat="55.7601" lon="14.1286">
        <ele>52</ele>
        <time>2024-10-22T11:01:23+00:00</time>
      </trkpt>
      <trkpt lat="55.76007" lon="14.12871">
        <ele>52</ele>
        <time>2024-10-22T11:01:26+00:00</time>
      </trkpt>
      <trkpt lat="55.76002" lon="14.12878">
        <ele>52</ele>
        <time>2024-10-22T11:01:29+00:00</time>
      </trkpt>
      <trkpt lat="55.75996" lon="14.12881">
        <ele>51</ele>
        <time>2024-10-22T11:01:32+00:00</time>
      </trkpt>
      <trkpt lat="55.75988" lon="14.12882">
        <ele>51</ele>
        <time>2024-10-22T11:01:35+00:00</time>
      </trkpt>
      <trkpt lat="55.7598" lon="14.12884">
        <ele>51</ele>
        <time>2024-10-22T11:01:38+00:00</time>
      </trkpt>
      <trkpt lat="55.75975" lon="14.1289">
        <ele>50</ele>
        <time>2024-10-22T11:01:41+00:00</time>
      </trkpt>
      <trkpt lat="55.75972" lon="14.129">
        <ele>50</ele>
        <time>2024-10-22T11:01:44+00:00</time>
      </trkpt>
      <trkpt lat="55.75972" lon="14.12906">
        <ele>51</ele>
        <time>2024-10-22T11:01:47+00:00</time>
      </trkpt>
      <trkpt lat="55.7597" lon="14.12954">
        <ele>53</ele>
        <time>2024-10-22T11:01:50+00:00</time>
      </trkpt>
      <trkpt lat="55.75968" lon="14.1298">
        <ele>53</ele>
        <time>2024-10-22T11:01:53+00:00</time>
      </trkpt>
      <trkpt lat="55.75967" lon="14.13001">
        <ele>52</ele>
        <time>2024-10-22T11:01:56+00:00</time>
      </trkpt>
      <trkpt lat="55.75966" lon="14.13011">
        <ele>54</ele>
        <time>2024-10-22T11:01:59+00:00</time>
      </trkpt>
      <trkpt lat="55.75962" lon="14.13021">
        <ele>54</ele>
        <time>2024-10-22T11:02:02+00:00</time>
      </trkpt>
      <trkpt lat="55.75946" lon="14.13043">
        <ele>52</ele>
        <time>2024-10-22T11:02:05+00:00</time>
      </trkpt>
      <trkpt lat="55.7594" lon="14.13057">
        <ele>51</ele>
        <time>2024-10-22T11:02:08+00:00</time>
      </trkpt>
      <trkpt lat="55.75935" lon="14.13073">
        <ele>52</ele>
        <time>2024-10-22T11:02:11+00:00</time>
      </trkpt>
      <trkpt lat="55.75933" lon="14.13084">
        <ele>51</ele>
        <time>2024-10-22T11:02:14+00:00</time>
      </trkpt>
      <trkpt lat="55.75933" lon="14.13096">
        <ele>52</ele>
        <time>2024-10-22T11:02:17+00:00</time>
      </trkpt>
      <trkpt lat="55.75933" lon="14.13124">
        <ele>52</ele>
        <time>2024-10-22T11:02:20+00:00</time>
      </trkpt>
      <trkpt lat="55.75932" lon="14.13162">
        <ele>52</ele>
        <time>2024-10-22T11:02:23+00:00</time>
      </trkpt>
      <trkpt lat="55.75932" lon="14.13173">
        <ele>52</ele>
        <time>2024-10-22T11:02:26+00:00</time>
      </trkpt>
      <trkpt lat="55.7593" lon="14.13184">
        <ele>53</ele>
        <time>2024-10-22T11:02:29+00:00</time>
      </trkpt>
      <trkpt lat="55.75926" lon="14.13194">
        <ele>51</ele>
        <time>2024-10-22T11:02:32+00:00</time>
      </trkpt>
      <trkpt lat="55.75915" lon="14.13217">
        <ele>49</ele>
        <time>2024-10-22T11:02:35+00:00</time>
      </trkpt>
      <trkpt lat="55.75907" lon="14.13233">
        <ele>47</ele>
        <time>2024-10-22T11:02:38+00:00</time>
      </trkpt>
      <trkpt lat="55.75905" lon="14.13238">
        <ele>47</ele>
        <time>2024-10-22T11:02:41+00:00</time>
      </trkpt>
      <trkpt lat="55.75901" lon="14.13249">
        <ele>47</ele>
        <time>2024-10-22T11:02:44+00:00</time>
      </trkpt>
      <trkpt lat="55.75898" lon="14.13261">
        <ele>46</ele>
        <time>2024-10-22T11:02:47+00:00</time>
      </trkpt>
      <trkpt lat="55.75896" lon="14.13274">
        <ele>46</ele>
        <time>2024-10-22T11:02:50+00:00</time>
      </trkpt>
      <trkpt lat="55.75893" lon="14.13308">
        <ele>46</ele>
        <time>2024-10-22T11:02:53+00:00</time>
      </trkpt>
      <trkpt lat="55.75889" lon="14.13345">
        <ele>46</ele>
        <time>2024-10-22T11:02:56+00:00</time>
      </trkpt>
      <trkpt lat="55.75887" lon="14.1336">
        <ele>46</ele>
        <time>2024-10-22T11:02:59+00:00</time>
      </trkpt>
      <trkpt lat="55.75885" lon="14.13374">
        <ele>46</ele>
        <time>2024-10-22T11:03:02+00:00</time>
      </trkpt>
      <trkpt lat="55.75882" lon="14.13386">
        <ele>46</ele>
        <time>2024-10-22T11:03:05+00:00</time>
      </trkpt>
      <trkpt lat="55.75877" lon="14.13396">
        <ele>46</ele>
        <time>2024-10-22T11:03:08+00:00</time>
      </trkpt>
      <trkpt lat="55.7587" lon="14.13401">
        <ele>46</ele>
        <time>2024-10-22T11:03:11+00:00</time>
      </trkpt>
      <trkpt lat="55.75862" lon="14.13403">
        <ele>46</ele>
        <time>2024-10-22T11:03:14+00:00</time>
      </trkpt>
      <trkpt lat="55.75854" lon="14.13401">
        <ele>46</ele>
        <time>2024-10-22T11:03:17+00:00</time>
      </trkpt>
      <trkpt lat="55.75847" lon="14.13397">
        <ele>46</ele>
        <time>2024-10-22T11:03:20+00:00</time>
      </trkpt>
      <trkpt lat="55.7584" lon="14.13391">
        <ele>46</ele>
        <time>2024-10-22T11:03:23+00:00</time>
      </trkpt>
      <trkpt lat="55.75833" lon="14.13382">
        <ele>46</ele>
        <time>2024-10-22T11:03:26+00:00</time>
      </trkpt>
      <trkpt lat="55.75817" lon="14.13357">
        <ele>47</ele>
        <time>2024-10-22T11:03:29+00:00</time>
      </trkpt>
      <trkpt lat="55.75802" lon="14.13334">
        <ele>47</ele>
        <time>2024-10-22T11:03:32+00:00</time>
      </trkpt>
      <trkpt lat="55.75784" lon="14.133">
        <ele>48</ele>
        <time>2024-10-22T11:03:35+00:00</time>
      </trkpt>
      <trkpt lat="55.7578" lon="14.13291">
        <ele>48</ele>
        <time>2024-10-22T11:03:38+00:00</time>
      </trkpt>
      <trkpt lat="55.7577" lon="14.13262">
        <ele>48</ele>
        <time>2024-10-22T11:03:41+00:00</time>
      </trkpt>
      <trkpt lat="55.75762" lon="14.13241">
        <ele>48</ele>
        <time>2024-10-22T11:03:44+00:00</time>
      </trkpt>
      <trkpt lat="55.7576" lon="14.13229">
        <ele>48</ele>
        <time>2024-10-22T11:03:47+00:00</time>
      </trkpt>
      <trkpt lat="55.75759" lon="14.13217">
        <ele>48</ele>
        <time>2024-10-22T11:03:50+00:00</time>
      </trkpt>
      <trkpt lat="55.75759" lon="14.13205">
        <ele>48</ele>
        <time>2024-10-22T11:03:53+00:00</time>
      </trkpt>
      <trkpt lat="55.7576" lon="14.13197">
        <ele>48</ele>
        <time>2024-10-22T11:03:56+00:00</time>
      </trkpt>
      <trkpt lat="55.75761" lon="14.13189">
        <ele>46</ele>
        <time>2024-10-22T11:03:59+00:00</time>
      </trkpt>
      <trkpt lat="55.7576" lon="14.13183">
        <ele>46</ele>
        <time>2024-10-22T11:04:02+00:00</time>
      </trkpt>
      <trkpt lat="55.75757" lon="14.13175">
        <ele>47</ele>
        <time>2024-10-22T11:04:05+00:00</time>
      </trkpt>
      <trkpt lat="55.75749" lon="14.13158">
        <ele>49</ele>
        <time>2024-10-22T11:04:08+00:00</time>
      </trkpt>
      <trkpt lat="55.7574" lon="14.1314">
        <ele>50</ele>
        <time>2024-10-22T11:04:11+00:00</time>
      </trkpt>
      <trkpt lat="55.75713" lon="14.13094">
        <ele>51</ele>
        <time>2024-10-22T11:04:14+00:00</time>
      </trkpt>
      <trkpt lat="55.75705" lon="14.13077">
        <ele>51</ele>
        <time>2024-10-22T11:04:17+00:00</time>
      </trkpt>
      <trkpt lat="55.757" lon="14.13069">
        <ele>51</ele>
        <time>2024-10-22T11:04:20+00:00</time>
      </trkpt>
      <trkpt lat="55.75696" lon="14.13062">
        <ele>52</ele>
        <time>2024-10-22T11:04:23+00:00</time>
      </trkpt>
      <trkpt lat="55.7569" lon="14.13056">
        <ele>52</ele>
        <time>2024-10-22T11:04:26+00:00</time>
      </trkpt>
      <trkpt lat="55.75679" lon="14.13047">
        <ele>55</ele>
        <time>2024-10-22T11:04:29+00:00</time>
      </trkpt>
      <trkpt lat="55.75675" lon="14.13043">
        <ele>55</ele>
        <time>2024-10-22T11:04:32+00:00</time>
      </trkpt>
      <trkpt lat="55.75673" lon="14.13038">
        <ele>55</ele>
        <time>2024-10-22T11:04:35+00:00</time>
      </trkpt>
      <trkpt lat="55.75667" lon="14.13022">
        <ele>56</ele>
        <time>2024-10-22T11:04:38+00:00</time>
      </trkpt>
      <trkpt lat="55.75655" lon="14.12992">
        <ele>55</ele>
        <time>2024-10-22T11:04:41+00:00</time>
      </trkpt>
      <trkpt lat="55.75652" lon="14.12981">
        <ele>57</ele>
        <time>2024-10-22T11:04:44+00:00</time>
      </trkpt>
      <trkpt lat="55.75642" lon="14.12943">
        <ele>55</ele>
        <time>2024-10-22T11:04:47+00:00</time>
      </trkpt>
      <trkpt lat="55.75637" lon="14.12928">
        <ele>55</ele>
        <time>2024-10-22T11:04:50+00:00</time>
      </trkpt>
      <trkpt lat="55.75633" lon="14.12918">
        <ele>55</ele>
        <time>2024-10-22T11:04:53+00:00</time>
      </trkpt>
      <trkpt lat="55.75624" lon="14.12901">
        <ele>55</ele>
        <time>2024-10-22T11:04:56+00:00</time>
      </trkpt>
      <trkpt lat="55.75615" lon="14.12884">
        <ele>56</ele>
        <time>2024-10-22T11:04:59+00:00</time>
      </trkpt>
      <trkpt lat="55.7561" lon="14.12875">
        <ele>55</ele>
        <time>2024-10-22T11:05:02+00:00</time>
      </trkpt>
      <trkpt lat="55.75598" lon="14.12849">
        <ele>56</ele>
        <time>2024-10-22T11:05:05+00:00</time>
      </trkpt>
      <trkpt lat="55.75586" lon="14.12822">
        <ele>56</ele>
        <time>2024-10-22T11:05:08+00:00</time>
      </trkpt>
      <trkpt lat="55.7557" lon="14.12789">
        <ele>56</ele>
        <time>2024-10-22T11:05:11+00:00</time>
      </trkpt>
      <trkpt lat="55.75561" lon="14.12773">
        <ele>55</ele>
        <time>2024-10-22T11:05:14+00:00</time>
      </trkpt>
      <trkpt lat="55.75542" lon="14.12742">
        <ele>56</ele>
        <time>2024-10-22T11:05:17+00:00</time>
      </trkpt>
      <trkpt lat="55.75537" lon="14.12734">
        <ele>56</ele>
        <time>2024-10-22T11:05:20+00:00</time>
      </trkpt>
      <trkpt lat="55.75527" lon="14.1272">
        <ele>57</ele>
        <time>2024-10-22T11:05:23+00:00</time>
      </trkpt>
      <trkpt lat="55.75522" lon="14.12714">
        <ele>56</ele>
        <time>2024-10-22T11:05:26+00:00</time>
      </trkpt>
      <trkpt lat="55.75512" lon="14.12706">
        <ele>57</ele>
        <time>2024-10-22T11:05:29+00:00</time>
      </trkpt>
      <trkpt lat="55.7551" lon="14.12701">
        <ele>58</ele>
        <time>2024-10-22T11:05:32+00:00</time>
      </trkpt>
      <trkpt lat="55.7551" lon="14.12692">
        <ele>57</ele>
        <time>2024-10-22T11:05:35+00:00</time>
      </trkpt>
      <trkpt lat="55.7551" lon="14.12686">
        <ele>56</ele>
        <time>2024-10-22T11:05:38+00:00</time>
      </trkpt>
      <trkpt lat="55.75512" lon="14.12655">
        <ele>54</ele>
        <time>2024-10-22T11:05:41+00:00</time>
      </trkpt>
      <trkpt lat="55.75516" lon="14.12608">
        <ele>52</ele>
        <time>2024-10-22T11:05:44+00:00</time>
      </trkpt>
      <trkpt lat="55.75517" lon="14.12574">
        <ele>51</ele>
        <time>2024-10-22T11:05:47+00:00</time>
      </trkpt>
      <trkpt lat="55.7552" lon="14.12538">
        <ele>51</ele>
        <time>2024-10-22T11:05:50+00:00</time>
      </trkpt>
      <trkpt lat="55.75521" lon="14.12501">
        <ele>52</ele>
        <time>2024-10-22T11:05:53+00:00</time>
      </trkpt>
      <trkpt lat="55.75527" lon="14.12453">
        <ele>53</ele>
        <time>2024-10-22T11:05:56+00:00</time>
      </trkpt>
      <trkpt lat="55.75528" lon="14.12443">
        <ele>53</ele>
        <time>2024-10-22T11:05:59+00:00</time>
      </trkpt>
      <trkpt lat="55.75531" lon="14.12433">
        <ele>54</ele>
        <time>2024-10-22T11:06:02+00:00</time>
      </trkpt>
      <trkpt lat="55.75535" lon="14.12425">
        <ele>55</ele>
        <time>2024-10-22T11:06:05+00:00</time>
      </trkpt>
      <trkpt lat="55.75546" lon="14.12409">
        <ele>56</ele>
        <time>2024-10-22T11:06:08+00:00</time>
      </trkpt>
      <trkpt lat="55.75557" lon="14.12391">
        <ele>57</ele>
        <time>2024-10-22T11:06:11+00:00</time>
      </trkpt>
      <trkpt lat="55.7557" lon="14.12368">
        <ele>60</ele>
        <time>2024-10-22T11:06:14+00:00</time>
      </trkpt>
      <trkpt lat="55.75572" lon="14.12365">
        <ele>60</ele>
        <time>2024-10-22T11:06:17+00:00</time>
      </trkpt>
      <trkpt lat="55.75576" lon="14.12356">
        <ele>61</ele>
        <time>2024-10-22T11:06:20+00:00</time>
      </trkpt>
      <trkpt lat="55.7559" lon="14.12335">
        <ele>64</ele>
        <time>2024-10-22T11:06:23+00:00</time>
      </trkpt>
      <trkpt lat="55.75595" lon="14.12326">
        <ele>66</ele>
        <time>2024-10-22T11:06:26+00:00</time>
      </trkpt>
      <trkpt lat="55.75606" lon="14.12305">
        <ele>69</ele>
        <time>2024-10-22T11:06:29+00:00</time>
      </trkpt>
      <trkpt lat="55.75618" lon="14.12282">
        <ele>72</ele>
        <time>2024-10-22T11:06:32+00:00</time>
      </trkpt>
      <trkpt lat="55.7564" lon="14.12233">
        <ele>80</ele>
        <time>2024-10-22T11:06:35+00:00</time>
      </trkpt>
      <trkpt lat="55.75646" lon="14.12216">
        <ele>82</ele>
        <time>2024-10-22T11:06:38+00:00</time>
      </trkpt>
      <trkpt lat="55.75649" lon="14.12196">
        <ele>83</ele>
        <time>2024-10-22T11:06:41+00:00</time>
      </trkpt>
      <trkpt lat="55.75652" lon="14.12188">
        <ele>85</ele>
        <time>2024-10-22T11:06:44+00:00</time>
      </trkpt>
      <trkpt lat="55.75655" lon="14.12184">
        <ele>85</ele>
        <time>2024-10-22T11:06:47+00:00</time>
      </trkpt>
      <trkpt lat="55.75658" lon="14.12181">
        <ele>85</ele>
        <time>2024-10-22T11:06:50+00:00</time>
      </trkpt>
      <trkpt lat="55.75663" lon="14.12173">
        <ele>87</ele>
        <time>2024-10-22T11:06:53+00:00</time>
      </trkpt>
      <trkpt lat="55.75665" lon="14.12172">
        <ele>87</ele>
        <time>2024-10-22T11:06:56+00:00</time>
      </trkpt>
      <trkpt lat="55.75678" lon="14.12164">
        <ele>88</ele>
        <time>2024-10-22T11:06:59+00:00</time>
      </trkpt>
      <trkpt lat="55.75684" lon="14.12163">
        <ele>89</ele>
        <time>2024-10-22T11:07:02+00:00</time>
      </trkpt>
      <trkpt lat="55.75688" lon="14.1216">
        <ele>89</ele>
        <time>2024-10-22T11:07:05+00:00</time>
      </trkpt>
      <trkpt lat="55.75693" lon="14.12154">
        <ele>90</ele>
        <time>2024-10-22T11:07:08+00:00</time>
      </trkpt>
      <trkpt lat="55.75701" lon="14.12142">
        <ele>91</ele>
        <time>2024-10-22T11:07:11+00:00</time>
      </trkpt>
      <trkpt lat="55.75712" lon="14.12129">
        <ele>92</ele>
        <time>2024-10-22T11:07:14+00:00</time>
      </trkpt>
      <trkpt lat="55.75715" lon="14.12123">
        <ele>92</ele>
        <time>2024-10-22T11:07:17+00:00</time>
      </trkpt>
      <trkpt lat="55.75718" lon="14.12113">
        <ele>92</ele>
        <time>2024-10-22T11:07:20+00:00</time>
      </trkpt>
      <trkpt lat="55.75719" lon="14.12111">
        <ele>92</ele>
        <time>2024-10-22T11:07:23+00:00</time>
      </trkpt>
      <trkpt lat="55.75717" lon="14.12085">
        <ele>93</ele>
        <time>2024-10-22T11:07:26+00:00</time>
      </trkpt>
      <trkpt lat="55.75715" lon="14.1206">
        <ele>93</ele>
        <time>2024-10-22T11:07:29+00:00</time>
      </trkpt>
      <trkpt lat="55.75713" lon="14.12034">
        <ele>93</ele>
        <time>2024-10-22T11:07:32+00:00</time>
      </trkpt>
      <trkpt lat="55.75712" lon="14.12022">
        <ele>94</ele>
        <time>2024-10-22T11:07:35+00:00</time>
      </trkpt>
      <trkpt lat="55.75713" lon="14.12009">
        <ele>93</ele>
        <time>2024-10-22T11:07:38+00:00</time>
      </trkpt>
      <trkpt lat="55.75713" lon="14.11997">
        <ele>93</ele>
        <time>2024-10-22T11:07:41+00:00</time>
      </trkpt>
      <trkpt lat="55.75715" lon="14.11985">
        <ele>92</ele>
        <time>2024-10-22T11:07:44+00:00</time>
      </trkpt>
      <trkpt lat="55.75717" lon="14.11975">
        <ele>92</ele>
        <time>2024-10-22T11:07:47+00:00</time>
      </trkpt>
      <trkpt lat="55.75722" lon="14.11956">
        <ele>91</ele>
        <time>2024-10-22T11:07:50+00:00</time>
      </trkpt>
      <trkpt lat="55.75724" lon="14.11946">
        <ele>91</ele>
        <time>2024-10-22T11:07:53+00:00</time>
      </trkpt>
      <trkpt lat="55.75724" lon="14.11935">
        <ele>90</ele>
        <time>2024-10-22T11:07:56+00:00</time>
      </trkpt>
      <trkpt lat="55.75725" lon="14.1191">
        <ele>89</ele>
        <time>2024-10-22T11:07:59+00:00</time>
      </trkpt>
      <trkpt lat="55.75725" lon="14.11897">
        <ele>88</ele>
        <time>2024-10-22T11:08:02+00:00</time>
      </trkpt>
      <trkpt lat="55.75729" lon="14.11868">
        <ele>87</ele>
        <time>2024-10-22T11:08:05+00:00</time>
      </trkpt>
      <trkpt lat="55.75733" lon="14.11837">
        <ele>85</ele>
        <time>2024-10-22T11:08:08+00:00</time>
      </trkpt>
      <trkpt lat="55.75733" lon="14.11824">
        <ele>84</ele>
        <time>2024-10-22T11:08:11+00:00</time>
      </trkpt>
      <trkpt lat="55.75733" lon="14.11811">
        <ele>84</ele>
        <time>2024-10-22T11:08:14+00:00</time>
      </trkpt>
      <trkpt lat="55.75732" lon="14.11797">
        <ele>83</ele>
        <time>2024-10-22T11:08:17+00:00</time>
      </trkpt>
      <trkpt lat="55.75729" lon="14.11771">
        <ele>83</ele>
        <time>2024-10-22T11:08:20+00:00</time>
      </trkpt>
      <trkpt lat="55.75728" lon="14.11757">
        <ele>82</ele>
        <time>2024-10-22T11:08:23+00:00</time>
      </trkpt>
      <trkpt lat="55.75728" lon="14.11744">
        <ele>82</ele>
        <time>2024-10-22T11:08:26+00:00</time>
      </trkpt>
      <trkpt lat="55.75728" lon="14.1173">
        <ele>81</ele>
        <time>2024-10-22T11:08:29+00:00</time>
      </trkpt>
      <trkpt lat="55.7573" lon="14.11698">
        <ele>79</ele>
        <time>2024-10-22T11:08:32+00:00</time>
      </trkpt>
      <trkpt lat="55.75731" lon="14.11685">
        <ele>79</ele>
        <time>2024-10-22T11:08:35+00:00</time>
      </trkpt>
      <trkpt lat="55.75731" lon="14.11666">
        <ele>79</ele>
        <time>2024-10-22T11:08:38+00:00</time>
      </trkpt>
      <trkpt lat="55.7573" lon="14.11646">
        <ele>79</ele>
        <time>2024-10-22T11:08:41+00:00</time>
      </trkpt>
      <trkpt lat="55.75728" lon="14.11603">
        <ele>80</ele>
        <time>2024-10-22T11:08:44+00:00</time>
      </trkpt>
      <trkpt lat="55.75726" lon="14.11561">
        <ele>80</ele>
        <time>2024-10-22T11:08:47+00:00</time>
      </trkpt>
      <trkpt lat="55.75721" lon="14.1149">
        <ele>81</ele>
        <time>2024-10-22T11:08:50+00:00</time>
      </trkpt>
      <trkpt lat="55.75719" lon="14.11467">
        <ele>81</ele>
        <time>2024-10-22T11:08:53+00:00</time>
      </trkpt>
      <trkpt lat="55.75715" lon="14.11435">
        <ele>82</ele>
        <time>2024-10-22T11:08:56+00:00</time>
      </trkpt>
      <trkpt lat="55.75713" lon="14.11393">
        <ele>83</ele>
        <time>2024-10-22T11:08:59+00:00</time>
      </trkpt>
      <trkpt lat="55.75706" lon="14.1133">
        <ele>84</ele>
        <time>2024-10-22T11:09:02+00:00</time>
      </trkpt>
      <trkpt lat="55.75706" lon="14.11307">
        <ele>85</ele>
        <time>2024-10-22T11:09:05+00:00</time>
      </trkpt>
      <trkpt lat="55.75706" lon="14.11295">
        <ele>85</ele>
        <time>2024-10-22T11:09:08+00:00</time>
      </trkpt>
      <trkpt lat="55.75708" lon="14.11273">
        <ele>85</ele>
        <time>2024-10-22T11:09:11+00:00</time>
      </trkpt>
      <trkpt lat="55.75708" lon="14.11268">
        <ele>86</ele>
        <time>2024-10-22T11:09:14+00:00</time>
      </trkpt>
      <trkpt lat="55.75707" lon="14.11263">
        <ele>86</ele>
        <time>2024-10-22T11:09:17+00:00</time>
      </trkpt>
      <trkpt lat="55.75704" lon="14.11254">
        <ele>86</ele>
        <time>2024-10-22T11:09:20+00:00</time>
      </trkpt>
      <trkpt lat="55.75701" lon="14.11245">
        <ele>86</ele>
        <time>2024-10-22T11:09:23+00:00</time>
      </trkpt>
      <trkpt lat="55.75697" lon="14.11238">
        <ele>86</ele>
        <time>2024-10-22T11:09:26+00:00</time>
      </trkpt>
      <trkpt lat="55.75694" lon="14.11233">
        <ele>86</ele>
        <time>2024-10-22T11:09:29+00:00</time>
      </trkpt>
      <trkpt lat="55.75691" lon="14.11231">
        <ele>86</ele>
        <time>2024-10-22T11:09:32+00:00</time>
      </trkpt>
      <trkpt lat="55.75676" lon="14.11225">
        <ele>88</ele>
        <time>2024-10-22T11:09:35+00:00</time>
      </trkpt>
      <trkpt lat="55.75667" lon="14.1122">
        <ele>88</ele>
        <time>2024-10-22T11:09:38+00:00</time>
      </trkpt>
      <trkpt lat="55.75655" lon="14.11211">
        <ele>89</ele>
        <time>2024-10-22T11:09:41+00:00</time>
      </trkpt>
      <trkpt lat="55.75648" lon="14.11207">
        <ele>89</ele>
        <time>2024-10-22T11:09:44+00:00</time>
      </trkpt>
      <trkpt lat="55.75642" lon="14.11204">
        <ele>89</ele>
        <time>2024-10-22T11:09:47+00:00</time>
      </trkpt>
      <trkpt lat="55.7563" lon="14.11201">
        <ele>90</ele>
        <time>2024-10-22T11:09:50+00:00</time>
      </trkpt>
      <trkpt lat="55.75609" lon="14.11199">
        <ele>92</ele>
        <time>2024-10-22T11:09:53+00:00</time>
      </trkpt>
      <trkpt lat="55.75582" lon="14.11196">
        <ele>93</ele>
        <time>2024-10-22T11:09:56+00:00</time>
      </trkpt>
      <trkpt lat="55.75561" lon="14.11195">
        <ele>95</ele>
        <time>2024-10-22T11:09:59+00:00</time>
      </trkpt>
      <trkpt lat="55.7554" lon="14.11195">
        <ele>96</ele>
        <time>2024-10-22T11:10:02+00:00</time>
      </trkpt>
      <trkpt lat="55.75517" lon="14.11195">
        <ele>98</ele>
        <time>2024-10-22T11:10:05+00:00</time>
      </trkpt>
      <trkpt lat="55.75495" lon="14.11197">
        <ele>100</ele>
        <time>2024-10-22T11:10:08+00:00</time>
      </trkpt>
      <trkpt lat="55.75488" lon="14.11196">
        <ele>100</ele>
        <time>2024-10-22T11:10:11+00:00</time>
      </trkpt>
      <trkpt lat="55.75486" lon="14.11197">
        <ele>100</ele>
        <time>2024-10-22T11:10:14+00:00</time>
      </trkpt>
      <trkpt lat="55.75484" lon="14.11197">
        <ele>100</ele>
        <time>2024-10-22T11:10:17+00:00</time>
      </trkpt>
      <trkpt lat="55.75479" lon="14.11201">
        <ele>101</ele>
        <time>2024-10-22T11:10:20+00:00</time>
      </trkpt>
      <trkpt lat="55.75462" lon="14.11215">
        <ele>102</ele>
        <time>2024-10-22T11:10:23+00:00</time>
      </trkpt>
      <trkpt lat="55.75445" lon="14.11227">
        <ele>104</ele>
        <time>2024-10-22T11:10:26+00:00</time>
      </trkpt>
      <trkpt lat="55.75424" lon="14.11245">
        <ele>105</ele>
        <time>2024-10-22T11:10:29+00:00</time>
      </trkpt>
      <trkpt lat="55.75396" lon="14.11267">
        <ele>106</ele>
        <time>2024-10-22T11:10:32+00:00</time>
      </trkpt>
      <trkpt lat="55.7538" lon="14.11279">
        <ele>106</ele>
        <time>2024-10-22T11:10:35+00:00</time>
      </trkpt>
      <trkpt lat="55.75353" lon="14.11302">
        <ele>107</ele>
        <time>2024-10-22T11:10:38+00:00</time>
      </trkpt>
      <trkpt lat="55.75337" lon="14.11317">
        <ele>107</ele>
        <time>2024-10-22T11:10:41+00:00</time>
      </trkpt>
      <trkpt lat="55.75332" lon="14.11321">
        <ele>107</ele>
        <time>2024-10-22T11:10:44+00:00</time>
      </trkpt>
      <trkpt lat="55.75326" lon="14.11324">
        <ele>107</ele>
        <time>2024-10-22T11:10:47+00:00</time>
      </trkpt>
      <trkpt lat="55.75313" lon="14.11329">
        <ele>107</ele>
        <time>2024-10-22T11:10:50+00:00</time>
      </trkpt>
      <trkpt lat="55.75301" lon="14.11335">
        <ele>107</ele>
        <time>2024-10-22T11:10:53+00:00</time>
      </trkpt>
      <trkpt lat="55.75265" lon="14.11344">
        <ele>109</ele>
        <time>2024-10-22T11:10:56+00:00</time>
      </trkpt>
      <trkpt lat="55.75246" lon="14.11353">
        <ele>109</ele>
        <time>2024-10-22T11:10:59+00:00</time>
      </trkpt>
      <trkpt lat="55.75215" lon="14.11364">
        <ele>110</ele>
        <time>2024-10-22T11:11:02+00:00</time>
      </trkpt>
      <trkpt lat="55.75209" lon="14.11367">
        <ele>111</ele>
        <time>2024-10-22T11:11:05+00:00</time>
      </trkpt>
      <trkpt lat="55.75202" lon="14.11373">
        <ele>110</ele>
        <time>2024-10-22T11:11:08+00:00</time>
      </trkpt>
      <trkpt lat="55.75196" lon="14.1138">
        <ele>111</ele>
        <time>2024-10-22T11:11:11+00:00</time>
      </trkpt>
      <trkpt lat="55.75191" lon="14.11388">
        <ele>111</ele>
        <time>2024-10-22T11:11:14+00:00</time>
      </trkpt>
      <trkpt lat="55.75187" lon="14.11397">
        <ele>111</ele>
        <time>2024-10-22T11:11:17+00:00</time>
      </trkpt>
      <trkpt lat="55.75174" lon="14.11428">
        <ele>111</ele>
        <time>2024-10-22T11:11:20+00:00</time>
      </trkpt>
      <trkpt lat="55.7516" lon="14.11457">
        <ele>111</ele>
        <time>2024-10-22T11:11:23+00:00</time>
      </trkpt>
      <trkpt lat="55.7515" lon="14.11482">
        <ele>110</ele>
        <time>2024-10-22T11:11:26+00:00</time>
      </trkpt>
      <trkpt lat="55.75134" lon="14.11522">
        <ele>109</ele>
        <time>2024-10-22T11:11:29+00:00</time>
      </trkpt>
      <trkpt lat="55.75129" lon="14.1153">
        <ele>109</ele>
        <time>2024-10-22T11:11:32+00:00</time>
      </trkpt>
      <trkpt lat="55.75124" lon="14.11537">
        <ele>109</ele>
        <time>2024-10-22T11:11:35+00:00</time>
      </trkpt>
      <trkpt lat="55.75118" lon="14.11541">
        <ele>108</ele>
        <time>2024-10-22T11:11:38+00:00</time>
      </trkpt>
      <trkpt lat="55.75112" lon="14.11543">
        <ele>108</ele>
        <time>2024-10-22T11:11:41+00:00</time>
      </trkpt>
      <trkpt lat="55.75089" lon="14.11546">
        <ele>107</ele>
        <time>2024-10-22T11:11:44+00:00</time>
      </trkpt>
      <trkpt lat="55.75074" lon="14.11551">
        <ele>107</ele>
        <time>2024-10-22T11:11:47+00:00</time>
      </trkpt>
      <trkpt lat="55.75068" lon="14.11555">
        <ele>107</ele>
        <time>2024-10-22T11:11:50+00:00</time>
      </trkpt>
      <trkpt lat="55.75061" lon="14.1156">
        <ele>106</ele>
        <time>2024-10-22T11:11:53+00:00</time>
      </trkpt>
      <trkpt lat="55.75055" lon="14.11566">
        <ele>106</ele>
        <time>2024-10-22T11:11:56+00:00</time>
      </trkpt>
      <trkpt lat="55.75027" lon="14.116">
        <ele>103</ele>
        <time>2024-10-22T11:11:59+00:00</time>
      </trkpt>
      <trkpt lat="55.75015" lon="14.11612">
        <ele>102</ele>
        <time>2024-10-22T11:12:02+00:00</time>
      </trkpt>
      <trkpt lat="55.75005" lon="14.1162">
        <ele>101</ele>
        <time>2024-10-22T11:12:05+00:00</time>
      </trkpt>
      <trkpt lat="55.74976" lon="14.1164">
        <ele>100</ele>
        <time>2024-10-22T11:12:08+00:00</time>
      </trkpt>
      <trkpt lat="55.74964" lon="14.1165">
        <ele>99</ele>
        <time>2024-10-22T11:12:11+00:00</time>
      </trkpt>
      <trkpt lat="55.74958" lon="14.11656">
        <ele>98</ele>
        <time>2024-10-22T11:12:14+00:00</time>
      </trkpt>
      <trkpt lat="55.74953" lon="14.11664">
        <ele>98</ele>
        <time>2024-10-22T11:12:17+00:00</time>
      </trkpt>
      <trkpt lat="55.74936" lon="14.11688">
        <ele>98</ele>
        <time>2024-10-22T11:12:20+00:00</time>
      </trkpt>
      <trkpt lat="55.74907" lon="14.11728">
        <ele>98</ele>
        <time>2024-10-22T11:12:23+00:00</time>
      </trkpt>
      <trkpt lat="55.74892" lon="14.11746">
        <ele>98</ele>
        <time>2024-10-22T11:12:26+00:00</time>
      </trkpt>
      <trkpt lat="55.74881" lon="14.11757">
        <ele>98</ele>
        <time>2024-10-22T11:12:29+00:00</time>
      </trkpt>
      <trkpt lat="55.74876" lon="14.11763">
        <ele>99</ele>
        <time>2024-10-22T11:12:32+00:00</time>
      </trkpt>
      <trkpt lat="55.74871" lon="14.1177">
        <ele>99</ele>
        <time>2024-10-22T11:12:35+00:00</time>
      </trkpt>
      <trkpt lat="55.74868" lon="14.11777">
        <ele>99</ele>
        <time>2024-10-22T11:12:38+00:00</time>
      </trkpt>
      <trkpt lat="55.74859" lon="14.11804">
        <ele>100</ele>
        <time>2024-10-22T11:12:41+00:00</time>
      </trkpt>
      <trkpt lat="55.74856" lon="14.11813">
        <ele>100</ele>
        <time>2024-10-22T11:12:44+00:00</time>
      </trkpt>
      <trkpt lat="55.74838" lon="14.1185">
        <ele>101</ele>
        <time>2024-10-22T11:12:47+00:00</time>
      </trkpt>
      <trkpt lat="55.74835" lon="14.11856">
        <ele>101</ele>
        <time>2024-10-22T11:12:50+00:00</time>
      </trkpt>
      <trkpt lat="55.7483" lon="14.11861">
        <ele>102</ele>
        <time>2024-10-22T11:12:53+00:00</time>
      </trkpt>
      <trkpt lat="55.74825" lon="14.11865">
        <ele>102</ele>
        <time>2024-10-22T11:12:56+00:00</time>
      </trkpt>
      <trkpt lat="55.74802" lon="14.11879">
        <ele>104</ele>
        <time>2024-10-22T11:12:59+00:00</time>
      </trkpt>
      <trkpt lat="55.74783" lon="14.11896">
        <ele>105</ele>
        <time>2024-10-22T11:13:02+00:00</time>
      </trkpt>
      <trkpt lat="55.74753" lon="14.11918">
        <ele>106</ele>
        <time>2024-10-22T11:13:05+00:00</time>
      </trkpt>
      <trkpt lat="55.7474" lon="14.11931">
        <ele>106</ele>
        <time>2024-10-22T11:13:08+00:00</time>
      </trkpt>
      <trkpt lat="55.7473" lon="14.11938">
        <ele>106</ele>
        <time>2024-10-22T11:13:11+00:00</time>
      </trkpt>
      <trkpt lat="55.74707" lon="14.11961">
        <ele>106</ele>
        <time>2024-10-22T11:13:14+00:00</time>
      </trkpt>
      <trkpt lat="55.74701" lon="14.11964">
        <ele>106</ele>
        <time>2024-10-22T11:13:17+00:00</time>
      </trkpt>
      <trkpt lat="55.74695" lon="14.11964">
        <ele>106</ele>
        <time>2024-10-22T11:13:20+00:00</time>
      </trkpt>
      <trkpt lat="55.74688" lon="14.11959">
        <ele>106</ele>
        <time>2024-10-22T11:13:23+00:00</time>
      </trkpt>
      <trkpt lat="55.74682" lon="14.11952">
        <ele>106</ele>
        <time>2024-10-22T11:13:26+00:00</time>
      </trkpt>
      <trkpt lat="55.74666" lon="14.1193">
        <ele>105</ele>
        <time>2024-10-22T11:13:29+00:00</time>
      </trkpt>
      <trkpt lat="55.74643" lon="14.11898">
        <ele>105</ele>
        <time>2024-10-22T11:13:32+00:00</time>
      </trkpt>
      <trkpt lat="55.74638" lon="14.11892">
        <ele>104</ele>
        <time>2024-10-22T11:13:35+00:00</time>
      </trkpt>
      <trkpt lat="55.74626" lon="14.11883">
        <ele>104</ele>
        <time>2024-10-22T11:13:38+00:00</time>
      </trkpt>
      <trkpt lat="55.7462" lon="14.11878">
        <ele>104</ele>
        <time>2024-10-22T11:13:41+00:00</time>
      </trkpt>
      <trkpt lat="55.74606" lon="14.11858">
        <ele>103</ele>
        <time>2024-10-22T11:13:44+00:00</time>
      </trkpt>
      <trkpt lat="55.74588" lon="14.11834">
        <ele>102</ele>
        <time>2024-10-22T11:13:47+00:00</time>
      </trkpt>
      <trkpt lat="55.74582" lon="14.11828">
        <ele>102</ele>
        <time>2024-10-22T11:13:50+00:00</time>
      </trkpt>
      <trkpt lat="55.74576" lon="14.11823">
        <ele>102</ele>
        <time>2024-10-22T11:13:53+00:00</time>
      </trkpt>
      <trkpt lat="55.74562" lon="14.11814">
        <ele>101</ele>
        <time>2024-10-22T11:13:56+00:00</time>
      </trkpt>
      <trkpt lat="55.74545" lon="14.11802">
        <ele>100</ele>
        <time>2024-10-22T11:13:59+00:00</time>
      </trkpt>
      <trkpt lat="55.74532" lon="14.11789">
        <ele>99</ele>
        <time>2024-10-22T11:14:02+00:00</time>
      </trkpt>
      <trkpt lat="55.74526" lon="14.1178">
        <ele>99</ele>
        <time>2024-10-22T11:14:05+00:00</time>
      </trkpt>
      <trkpt lat="55.7452" lon="14.11771">
        <ele>99</ele>
        <time>2024-10-22T11:14:08+00:00</time>
      </trkpt>
      <trkpt lat="55.74512" lon="14.11751">
        <ele>98</ele>
        <time>2024-10-22T11:14:11+00:00</time>
      </trkpt>
      <trkpt lat="55.74507" lon="14.11743">
        <ele>97</ele>
        <time>2024-10-22T11:14:14+00:00</time>
      </trkpt>
      <trkpt lat="55.74491" lon="14.11723">
        <ele>96</ele>
        <time>2024-10-22T11:14:17+00:00</time>
      </trkpt>
      <trkpt lat="55.74486" lon="14.11718">
        <ele>95</ele>
        <time>2024-10-22T11:14:20+00:00</time>
      </trkpt>
      <trkpt lat="55.74481" lon="14.11716">
        <ele>95</ele>
        <time>2024-10-22T11:14:23+00:00</time>
      </trkpt>
      <trkpt lat="55.74473" lon="14.11714">
        <ele>94</ele>
        <time>2024-10-22T11:14:26+00:00</time>
      </trkpt>
      <trkpt lat="55.74446" lon="14.1171">
        <ele>92</ele>
        <time>2024-10-22T11:14:29+00:00</time>
      </trkpt>
      <trkpt lat="55.74437" lon="14.1171">
        <ele>91</ele>
        <time>2024-10-22T11:14:32+00:00</time>
      </trkpt>
      <trkpt lat="55.74423" lon="14.11712">
        <ele>90</ele>
        <time>2024-10-22T11:14:35+00:00</time>
      </trkpt>
      <trkpt lat="55.74398" lon="14.11719">
        <ele>88</ele>
        <time>2024-10-22T11:14:38+00:00</time>
      </trkpt>
      <trkpt lat="55.74392" lon="14.11721">
        <ele>88</ele>
        <time>2024-10-22T11:14:41+00:00</time>
      </trkpt>
      <trkpt lat="55.74386" lon="14.11725">
        <ele>88</ele>
        <time>2024-10-22T11:14:44+00:00</time>
      </trkpt>
      <trkpt lat="55.7438" lon="14.1173">
        <ele>88</ele>
        <time>2024-10-22T11:14:47+00:00</time>
      </trkpt>
      <trkpt lat="55.74369" lon="14.11741">
        <ele>86</ele>
        <time>2024-10-22T11:14:50+00:00</time>
      </trkpt>
      <trkpt lat="55.74364" lon="14.11746">
        <ele>86</ele>
        <time>2024-10-22T11:14:53+00:00</time>
      </trkpt>
      <trkpt lat="55.74358" lon="14.11749">
        <ele>85</ele>
        <time>2024-10-22T11:14:56+00:00</time>
      </trkpt>
      <trkpt lat="55.74344" lon="14.11756">
        <ele>84</ele>
        <time>2024-10-22T11:14:59+00:00</time>
      </trkpt>
      <trkpt lat="55.74323" lon="14.11762">
        <ele>83</ele>
        <time>2024-10-22T11:15:02+00:00</time>
      </trkpt>
      <trkpt lat="55.74302" lon="14.11768">
        <ele>81</ele>
        <time>2024-10-22T11:15:05+00:00</time>
      </trkpt>
      <trkpt lat="55.74295" lon="14.1177">
        <ele>80</ele>
        <time>2024-10-22T11:15:08+00:00</time>
      </trkpt>
      <trkpt lat="55.74281" lon="14.11771">
        <ele>80</ele>
        <time>2024-10-22T11:15:11+00:00</time>
      </trkpt>
      <trkpt lat="55.74275" lon="14.11773">
        <ele>79</ele>
        <time>2024-10-22T11:15:14+00:00</time>
      </trkpt>
      <trkpt lat="55.74268" lon="14.11777">
        <ele>78</ele>
        <time>2024-10-22T11:15:17+00:00</time>
      </trkpt>
      <trkpt lat="55.74257" lon="14.11789">
        <ele>78</ele>
        <time>2024-10-22T11:15:20+00:00</time>
      </trkpt>
      <trkpt lat="55.74252" lon="14.11795">
        <ele>77</ele>
        <time>2024-10-22T11:15:23+00:00</time>
      </trkpt>
      <trkpt lat="55.74242" lon="14.1181">
        <ele>76</ele>
        <time>2024-10-22T11:15:26+00:00</time>
      </trkpt>
      <trkpt lat="55.74224" lon="14.11833">
        <ele>76</ele>
        <time>2024-10-22T11:15:29+00:00</time>
      </trkpt>
      <trkpt lat="55.74219" lon="14.11839">
        <ele>76</ele>
        <time>2024-10-22T11:15:32+00:00</time>
      </trkpt>
      <trkpt lat="55.74214" lon="14.11842">
        <ele>76</ele>
        <time>2024-10-22T11:15:35+00:00</time>
      </trkpt>
      <trkpt lat="55.74209" lon="14.1184">
        <ele>76</ele>
        <time>2024-10-22T11:15:38+00:00</time>
      </trkpt>
      <trkpt lat="55.74205" lon="14.11835">
        <ele>77</ele>
        <time>2024-10-22T11:15:41+00:00</time>
      </trkpt>
      <trkpt lat="55.742" lon="14.11828">
        <ele>77</ele>
        <time>2024-10-22T11:15:44+00:00</time>
      </trkpt>
      <trkpt lat="55.74195" lon="14.1182">
        <ele>77</ele>
        <time>2024-10-22T11:15:47+00:00</time>
      </trkpt>
      <trkpt lat="55.74179" lon="14.11804">
        <ele>79</ele>
        <time>2024-10-22T11:15:50+00:00</time>
      </trkpt>
      <trkpt lat="55.74172" lon="14.11799">
        <ele>80</ele>
        <time>2024-10-22T11:15:53+00:00</time>
      </trkpt>
      <trkpt lat="55.74169" lon="14.11798">
        <ele>80</ele>
        <time>2024-10-22T11:15:56+00:00</time>
      </trkpt>
      <trkpt lat="55.74166" lon="14.11798">
        <ele>80</ele>
        <time>2024-10-22T11:15:59+00:00</time>
      </trkpt>
      <trkpt lat="55.74156" lon="14.11802">
        <ele>81</ele>
        <time>2024-10-22T11:16:02+00:00</time>
      </trkpt>
      <trkpt lat="55.74146" lon="14.11809">
        <ele>81</ele>
        <time>2024-10-22T11:16:05+00:00</time>
      </trkpt>
      <trkpt lat="55.74138" lon="14.11809">
        <ele>82</ele>
        <time>2024-10-22T11:16:08+00:00</time>
      </trkpt>
      <trkpt lat="55.74131" lon="14.11806">
        <ele>82</ele>
        <time>2024-10-22T11:16:11+00:00</time>
      </trkpt>
      <trkpt lat="55.74115" lon="14.11804">
        <ele>82</ele>
        <time>2024-10-22T11:16:14+00:00</time>
      </trkpt>
      <trkpt lat="55.7411" lon="14.11801">
        <ele>82</ele>
        <time>2024-10-22T11:16:17+00:00</time>
      </trkpt>
      <trkpt lat="55.74098" lon="14.11794">
        <ele>82</ele>
        <time>2024-10-22T11:16:20+00:00</time>
      </trkpt>
      <trkpt lat="55.74091" lon="14.1179">
        <ele>82</ele>
        <time>2024-10-22T11:16:23+00:00</time>
      </trkpt>
      <trkpt lat="55.74087" lon="14.11789">
        <ele>82</ele>
        <time>2024-10-22T11:16:26+00:00</time>
      </trkpt>
      <trkpt lat="55.74083" lon="14.11788">
        <ele>82</ele>
        <time>2024-10-22T11:16:29+00:00</time>
      </trkpt>
      <trkpt lat="55.7408" lon="14.1179">
        <ele>82</ele>
        <time>2024-10-22T11:16:32+00:00</time>
      </trkpt>
      <trkpt lat="55.74079" lon="14.11791">
        <ele>82</ele>
        <time>2024-10-22T11:16:35+00:00</time>
      </trkpt>
      <trkpt lat="55.74078" lon="14.11794">
        <ele>82</ele>
        <time>2024-10-22T11:16:38+00:00</time>
      </trkpt>
      <trkpt lat="55.74078" lon="14.1181">
        <ele>82</ele>
        <time>2024-10-22T11:16:41+00:00</time>
      </trkpt>
      <trkpt lat="55.74076" lon="14.11816">
        <ele>82</ele>
        <time>2024-10-22T11:16:44+00:00</time>
      </trkpt>
      <trkpt lat="55.74072" lon="14.1183">
        <ele>82</ele>
        <time>2024-10-22T11:16:47+00:00</time>
      </trkpt>
      <trkpt lat="55.74066" lon="14.11846">
        <ele>82</ele>
        <time>2024-10-22T11:16:50+00:00</time>
      </trkpt>
      <trkpt lat="55.74062" lon="14.11854">
        <ele>82</ele>
        <time>2024-10-22T11:16:53+00:00</time>
      </trkpt>
      <trkpt lat="55.74058" lon="14.1186">
        <ele>81</ele>
        <time>2024-10-22T11:16:56+00:00</time>
      </trkpt>
      <trkpt lat="55.74051" lon="14.11869">
        <ele>81</ele>
        <time>2024-10-22T11:16:59+00:00</time>
      </trkpt>
      <trkpt lat="55.74045" lon="14.11873">
        <ele>80</ele>
        <time>2024-10-22T11:17:02+00:00</time>
      </trkpt>
      <trkpt lat="55.7404" lon="14.11877">
        <ele>80</ele>
        <time>2024-10-22T11:17:05+00:00</time>
      </trkpt>
      <trkpt lat="55.74034" lon="14.11879">
        <ele>79</ele>
        <time>2024-10-22T11:17:08+00:00</time>
      </trkpt>
      <trkpt lat="55.74016" lon="14.11885">
        <ele>76</ele>
        <time>2024-10-22T11:17:11+00:00</time>
      </trkpt>
      <trkpt lat="55.74006" lon="14.11886">
        <ele>74</ele>
        <time>2024-10-22T11:17:14+00:00</time>
      </trkpt>
      <trkpt lat="55.73995" lon="14.11887">
        <ele>73</ele>
        <time>2024-10-22T11:17:17+00:00</time>
      </trkpt>
      <trkpt lat="55.73988" lon="14.11886">
        <ele>71</ele>
        <time>2024-10-22T11:17:20+00:00</time>
      </trkpt>
      <trkpt lat="55.73981" lon="14.11884">
        <ele>71</ele>
        <time>2024-10-22T11:17:23+00:00</time>
      </trkpt>
      <trkpt lat="55.73971" lon="14.11875">
        <ele>69</ele>
        <time>2024-10-22T11:17:26+00:00</time>
      </trkpt>
      <trkpt lat="55.73966" lon="14.11872">
        <ele>67</ele>
        <time>2024-10-22T11:17:29+00:00</time>
      </trkpt>
      <trkpt lat="55.73956" lon="14.11868">
        <ele>65</ele>
        <time>2024-10-22T11:17:32+00:00</time>
      </trkpt>
      <trkpt lat="55.73945" lon="14.11866">
        <ele>63</ele>
        <time>2024-10-22T11:17:35+00:00</time>
      </trkpt>
      <trkpt lat="55.7394" lon="14.11864">
        <ele>63</ele>
        <time>2024-10-22T11:17:38+00:00</time>
      </trkpt>
      <trkpt lat="55.73921" lon="14.11853">
        <ele>59</ele>
        <time>2024-10-22T11:17:41+00:00</time>
      </trkpt>
      <trkpt lat="55.73916" lon="14.11847">
        <ele>58</ele>
        <time>2024-10-22T11:17:44+00:00</time>
      </trkpt>
      <trkpt lat="55.73912" lon="14.11841">
        <ele>58</ele>
        <time>2024-10-22T11:17:47+00:00</time>
      </trkpt>
      <trkpt lat="55.73908" lon="14.11837">
        <ele>57</ele>
        <time>2024-10-22T11:17:50+00:00</time>
      </trkpt>
      <trkpt lat="55.73904" lon="14.11836">
        <ele>57</ele>
        <time>2024-10-22T11:17:53+00:00</time>
      </trkpt>
      <trkpt lat="55.73894" lon="14.11838">
        <ele>56</ele>
        <time>2024-10-22T11:17:56+00:00</time>
      </trkpt>
      <trkpt lat="55.73888" lon="14.11838">
        <ele>55</ele>
        <time>2024-10-22T11:17:59+00:00</time>
      </trkpt>
      <trkpt lat="55.73882" lon="14.11837">
        <ele>55</ele>
        <time>2024-10-22T11:18:02+00:00</time>
      </trkpt>
      <trkpt lat="55.73875" lon="14.1183">
        <ele>54</ele>
        <time>2024-10-22T11:18:05+00:00</time>
      </trkpt>
      <trkpt lat="55.73869" lon="14.1182">
        <ele>53</ele>
        <time>2024-10-22T11:18:08+00:00</time>
      </trkpt>
      <trkpt lat="55.73863" lon="14.11809">
        <ele>53</ele>
        <time>2024-10-22T11:18:11+00:00</time>
      </trkpt>
      <trkpt lat="55.7385" lon="14.11776">
        <ele>52</ele>
        <time>2024-10-22T11:18:14+00:00</time>
      </trkpt>
      <trkpt lat="55.73846" lon="14.11767">
        <ele>51</ele>
        <time>2024-10-22T11:18:17+00:00</time>
      </trkpt>
      <trkpt lat="55.7384" lon="14.11759">
        <ele>51</ele>
        <time>2024-10-22T11:18:20+00:00</time>
      </trkpt>
      <trkpt lat="55.73837" lon="14.11756">
        <ele>51</ele>
        <time>2024-10-22T11:18:23+00:00</time>
      </trkpt>
      <trkpt lat="55.73834" lon="14.11753">
        <ele>51</ele>
        <time>2024-10-22T11:18:26+00:00</time>
      </trkpt>
      <trkpt lat="55.73827" lon="14.1175">
        <ele>51</ele>
        <time>2024-10-22T11:18:29+00:00</time>
      </trkpt>
      <trkpt lat="55.73821" lon="14.11751">
        <ele>51</ele>
        <time>2024-10-22T11:18:32+00:00</time>
      </trkpt>
      <trkpt lat="55.73802" lon="14.11757">
        <ele>51</ele>
        <time>2024-10-22T11:18:35+00:00</time>
      </trkpt>
      <trkpt lat="55.73795" lon="14.1176">
        <ele>51</ele>
        <time>2024-10-22T11:18:38+00:00</time>
      </trkpt>
      <trkpt lat="55.73774" lon="14.11776">
        <ele>51</ele>
        <time>2024-10-22T11:18:41+00:00</time>
      </trkpt>
      <trkpt lat="55.73768" lon="14.11779">
        <ele>51</ele>
        <time>2024-10-22T11:18:44+00:00</time>
      </trkpt>
      <trkpt lat="55.7376" lon="14.11782">
        <ele>50</ele>
        <time>2024-10-22T11:18:47+00:00</time>
      </trkpt>
      <trkpt lat="55.73753" lon="14.11783">
        <ele>50</ele>
        <time>2024-10-22T11:18:50+00:00</time>
      </trkpt>
      <trkpt lat="55.7373" lon="14.11786">
        <ele>50</ele>
        <time>2024-10-22T11:18:53+00:00</time>
      </trkpt>
      <trkpt lat="55.7372" lon="14.1179">
        <ele>50</ele>
        <time>2024-10-22T11:18:56+00:00</time>
      </trkpt>
      <trkpt lat="55.7371" lon="14.11794">
        <ele>49</ele>
        <time>2024-10-22T11:18:59+00:00</time>
      </trkpt>
      <trkpt lat="55.73697" lon="14.11804">
        <ele>49</ele>
        <time>2024-10-22T11:19:02+00:00</time>
      </trkpt>
      <trkpt lat="55.73691" lon="14.11808">
        <ele>49</ele>
        <time>2024-10-22T11:19:05+00:00</time>
      </trkpt>
      <trkpt lat="55.73685" lon="14.11807">
        <ele>49</ele>
        <time>2024-10-22T11:19:08+00:00</time>
      </trkpt>
      <trkpt lat="55.73681" lon="14.11802">
        <ele>49</ele>
        <time>2024-10-22T11:19:11+00:00</time>
      </trkpt>
      <trkpt lat="55.73678" lon="14.11793">
        <ele>49</ele>
        <time>2024-10-22T11:19:14+00:00</time>
      </trkpt>
      <trkpt lat="55.73677" lon="14.11766">
        <ele>51</ele>
        <time>2024-10-22T11:19:17+00:00</time>
      </trkpt>
      <trkpt lat="55.73676" lon="14.11751">
        <ele>51</ele>
        <time>2024-10-22T11:19:20+00:00</time>
      </trkpt>
      <trkpt lat="55.73674" lon="14.11738">
        <ele>52</ele>
        <time>2024-10-22T11:19:23+00:00</time>
      </trkpt>
      <trkpt lat="55.73671" lon="14.11726">
        <ele>52</ele>
        <time>2024-10-22T11:19:26+00:00</time>
      </trkpt>
      <trkpt lat="55.73663" lon="14.11707">
        <ele>52</ele>
        <time>2024-10-22T11:19:29+00:00</time>
      </trkpt>
      <trkpt lat="55.73659" lon="14.11698">
        <ele>52</ele>
        <time>2024-10-22T11:19:32+00:00</time>
      </trkpt>
      <trkpt lat="55.73651" lon="14.11669">
        <ele>53</ele>
        <time>2024-10-22T11:19:35+00:00</time>
      </trkpt>
      <trkpt lat="55.73637" lon="14.11635">
        <ele>54</ele>
        <time>2024-10-22T11:19:38+00:00</time>
      </trkpt>
      <trkpt lat="55.73634" lon="14.11625">
        <ele>54</ele>
        <time>2024-10-22T11:19:41+00:00</time>
      </trkpt>
      <trkpt lat="55.73631" lon="14.11604">
        <ele>55</ele>
        <time>2024-10-22T11:19:44+00:00</time>
      </trkpt>
      <trkpt lat="55.73628" lon="14.11595">
        <ele>55</ele>
        <time>2024-10-22T11:19:47+00:00</time>
      </trkpt>
      <trkpt lat="55.73621" lon="14.11578">
        <ele>55</ele>
        <time>2024-10-22T11:19:50+00:00</time>
      </trkpt>
      <trkpt lat="55.73618" lon="14.11568">
        <ele>55</ele>
        <time>2024-10-22T11:19:53+00:00</time>
      </trkpt>
      <trkpt lat="55.73611" lon="14.11541">
        <ele>55</ele>
        <time>2024-10-22T11:19:56+00:00</time>
      </trkpt>
      <trkpt lat="55.73603" lon="14.11513">
        <ele>56</ele>
        <time>2024-10-22T11:19:59+00:00</time>
      </trkpt>
      <trkpt lat="55.73601" lon="14.11501">
        <ele>56</ele>
        <time>2024-10-22T11:20:02+00:00</time>
      </trkpt>
      <trkpt lat="55.736" lon="14.1149">
        <ele>56</ele>
        <time>2024-10-22T11:20:05+00:00</time>
      </trkpt>
      <trkpt lat="55.736" lon="14.1148">
        <ele>56</ele>
        <time>2024-10-22T11:20:08+00:00</time>
      </trkpt>
      <trkpt lat="55.73598" lon="14.11471">
        <ele>56</ele>
        <time>2024-10-22T11:20:11+00:00</time>
      </trkpt>
      <trkpt lat="55.73595" lon="14.11463">
        <ele>56</ele>
        <time>2024-10-22T11:20:14+00:00</time>
      </trkpt>
      <trkpt lat="55.73587" lon="14.11446">
        <ele>56</ele>
        <time>2024-10-22T11:20:17+00:00</time>
      </trkpt>
      <trkpt lat="55.73584" lon="14.11437">
        <ele>57</ele>
        <time>2024-10-22T11:20:20+00:00</time>
      </trkpt>
      <trkpt lat="55.73576" lon="14.11406">
        <ele>56</ele>
        <time>2024-10-22T11:20:23+00:00</time>
      </trkpt>
      <trkpt lat="55.73572" lon="14.114">
        <ele>57</ele>
        <time>2024-10-22T11:20:26+00:00</time>
      </trkpt>
      <trkpt lat="55.73562" lon="14.1139">
        <ele>56</ele>
        <time>2024-10-22T11:20:29+00:00</time>
      </trkpt>
      <trkpt lat="55.73553" lon="14.11379">
        <ele>56</ele>
        <time>2024-10-22T11:20:32+00:00</time>
      </trkpt>
      <trkpt lat="55.73547" lon="14.11374">
        <ele>55</ele>
        <time>2024-10-22T11:20:35+00:00</time>
      </trkpt>
      <trkpt lat="55.73536" lon="14.11367">
        <ele>54</ele>
        <time>2024-10-22T11:20:38+00:00</time>
      </trkpt>
      <trkpt lat="55.73531" lon="14.11361">
        <ele>54</ele>
        <time>2024-10-22T11:20:41+00:00</time>
      </trkpt>
      <trkpt lat="55.73523" lon="14.11352">
        <ele>54</ele>
        <time>2024-10-22T11:20:44+00:00</time>
      </trkpt>
      <trkpt lat="55.73505" lon="14.11328">
        <ele>53</ele>
        <time>2024-10-22T11:20:47+00:00</time>
      </trkpt>
      <trkpt lat="55.73493" lon="14.11316">
        <ele>52</ele>
        <time>2024-10-22T11:20:50+00:00</time>
      </trkpt>
      <trkpt lat="55.73488" lon="14.11307">
        <ele>52</ele>
        <time>2024-10-22T11:20:53+00:00</time>
      </trkpt>
      <trkpt lat="55.73484" lon="14.11297">
        <ele>52</ele>
        <time>2024-10-22T11:20:56+00:00</time>
      </trkpt>
      <trkpt lat="55.73475" lon="14.11258">
        <ele>52</ele>
        <time>2024-10-22T11:20:59+00:00</time>
      </trkpt>
      <trkpt lat="55.73467" lon="14.11235">
        <ele>51</ele>
        <time>2024-10-22T11:21:02+00:00</time>
      </trkpt>
      <trkpt lat="55.73463" lon="14.11225">
        <ele>51</ele>
        <time>2024-10-22T11:21:05+00:00</time>
      </trkpt>
      <trkpt lat="55.73449" lon="14.11201">
        <ele>50</ele>
        <time>2024-10-22T11:21:08+00:00</time>
      </trkpt>
      <trkpt lat="55.73444" lon="14.1119">
        <ele>50</ele>
        <time>2024-10-22T11:21:11+00:00</time>
      </trkpt>
      <trkpt lat="55.73437" lon="14.11168">
        <ele>50</ele>
        <time>2024-10-22T11:21:14+00:00</time>
      </trkpt>
      <trkpt lat="55.73431" lon="14.11149">
        <ele>50</ele>
        <time>2024-10-22T11:21:17+00:00</time>
      </trkpt>
      <trkpt lat="55.73428" lon="14.1114">
        <ele>50</ele>
        <time>2024-10-22T11:21:20+00:00</time>
      </trkpt>
      <trkpt lat="55.73423" lon="14.1112">
        <ele>50</ele>
        <time>2024-10-22T11:21:23+00:00</time>
      </trkpt>
      <trkpt lat="55.73421" lon="14.11108">
        <ele>50</ele>
        <time>2024-10-22T11:21:26+00:00</time>
      </trkpt>
      <trkpt lat="55.7342" lon="14.11096">
        <ele>50</ele>
        <time>2024-10-22T11:21:29+00:00</time>
      </trkpt>
      <trkpt lat="55.73419" lon="14.11084">
        <ele>50</ele>
        <time>2024-10-22T11:21:32+00:00</time>
      </trkpt>
      <trkpt lat="55.73419" lon="14.11052">
        <ele>51</ele>
        <time>2024-10-22T11:21:35+00:00</time>
      </trkpt>
      <trkpt lat="55.7342" lon="14.11024">
        <ele>51</ele>
        <time>2024-10-22T11:21:38+00:00</time>
      </trkpt>
      <trkpt lat="55.73419" lon="14.10991">
        <ele>51</ele>
        <time>2024-10-22T11:21:41+00:00</time>
      </trkpt>
      <trkpt lat="55.73419" lon="14.1098">
        <ele>51</ele>
        <time>2024-10-22T11:21:44+00:00</time>
      </trkpt>
      <trkpt lat="55.73417" lon="14.10973">
        <ele>51</ele>
        <time>2024-10-22T11:21:47+00:00</time>
      </trkpt>
      <trkpt lat="55.73413" lon="14.10968">
        <ele>51</ele>
        <time>2024-10-22T11:21:50+00:00</time>
      </trkpt>
      <trkpt lat="55.73404" lon="14.10962">
        <ele>50</ele>
        <time>2024-10-22T11:21:53+00:00</time>
      </trkpt>
      <trkpt lat="55.73402" lon="14.10956">
        <ele>50</ele>
        <time>2024-10-22T11:21:56+00:00</time>
      </trkpt>
      <trkpt lat="55.73401" lon="14.10948">
        <ele>51</ele>
        <time>2024-10-22T11:21:59+00:00</time>
      </trkpt>
      <trkpt lat="55.73401" lon="14.10937">
        <ele>51</ele>
        <time>2024-10-22T11:22:02+00:00</time>
      </trkpt>
      <trkpt lat="55.73409" lon="14.10885">
        <ele>51</ele>
        <time>2024-10-22T11:22:05+00:00</time>
      </trkpt>
      <trkpt lat="55.73415" lon="14.1086">
        <ele>51</ele>
        <time>2024-10-22T11:22:08+00:00</time>
      </trkpt>
      <trkpt lat="55.73419" lon="14.10841">
        <ele>51</ele>
        <time>2024-10-22T11:22:11+00:00</time>
      </trkpt>
      <trkpt lat="55.73425" lon="14.1082">
        <ele>51</ele>
        <time>2024-10-22T11:22:14+00:00</time>
      </trkpt>
      <trkpt lat="55.73426" lon="14.10809">
        <ele>50</ele>
        <time>2024-10-22T11:22:17+00:00</time>
      </trkpt>
      <trkpt lat="55.73426" lon="14.10797">
        <ele>49</ele>
        <time>2024-10-22T11:22:20+00:00</time>
      </trkpt>
      <trkpt lat="55.73425" lon="14.10785">
        <ele>48</ele>
        <time>2024-10-22T11:22:23+00:00</time>
      </trkpt>
      <trkpt lat="55.73424" lon="14.10772">
        <ele>48</ele>
        <time>2024-10-22T11:22:26+00:00</time>
      </trkpt>
      <trkpt lat="55.73419" lon="14.10747">
        <ele>45</ele>
        <time>2024-10-22T11:22:29+00:00</time>
      </trkpt>
      <trkpt lat="55.73417" lon="14.10736">
        <ele>44</ele>
        <time>2024-10-22T11:22:32+00:00</time>
      </trkpt>
      <trkpt lat="55.7341" lon="14.10712">
        <ele>43</ele>
        <time>2024-10-22T11:22:35+00:00</time>
      </trkpt>
      <trkpt lat="55.73406" lon="14.10688">
        <ele>40</ele>
        <time>2024-10-22T11:22:38+00:00</time>
      </trkpt>
      <trkpt lat="55.73404" lon="14.10676">
        <ele>40</ele>
        <time>2024-10-22T11:22:41+00:00</time>
      </trkpt>
      <trkpt lat="55.73402" lon="14.10663">
        <ele>39</ele>
        <time>2024-10-22T11:22:44+00:00</time>
      </trkpt>
      <trkpt lat="55.73401" lon="14.1065">
        <ele>38</ele>
        <time>2024-10-22T11:22:47+00:00</time>
      </trkpt>
      <trkpt lat="55.73401" lon="14.10611">
        <ele>37</ele>
        <time>2024-10-22T11:22:50+00:00</time>
      </trkpt>
      <trkpt lat="55.734" lon="14.10598">
        <ele>37</ele>
        <time>2024-10-22T11:22:53+00:00</time>
      </trkpt>
      <trkpt lat="55.73399" lon="14.10587">
        <ele>36</ele>
        <time>2024-10-22T11:22:56+00:00</time>
      </trkpt>
      <trkpt lat="55.73394" lon="14.10563">
        <ele>36</ele>
        <time>2024-10-22T11:22:59+00:00</time>
      </trkpt>
      <trkpt lat="55.73391" lon="14.10552">
        <ele>36</ele>
        <time>2024-10-22T11:23:02+00:00</time>
      </trkpt>
      <trkpt lat="55.73379" lon="14.10519">
        <ele>35</ele>
        <time>2024-10-22T11:23:05+00:00</time>
      </trkpt>
      <trkpt lat="55.73375" lon="14.10507">
        <ele>33</ele>
        <time>2024-10-22T11:23:08+00:00</time>
      </trkpt>
      <trkpt lat="55.73372" lon="14.10496">
        <ele>34</ele>
        <time>2024-10-22T11:23:11+00:00</time>
      </trkpt>
      <trkpt lat="55.7337" lon="14.10483">
        <ele>34</ele>
        <time>2024-10-22T11:23:14+00:00</time>
      </trkpt>
      <trkpt lat="55.73367" lon="14.10446">
        <ele>34</ele>
        <time>2024-10-22T11:23:17+00:00</time>
      </trkpt>
      <trkpt lat="55.73364" lon="14.10428">
        <ele>34</ele>
        <time>2024-10-22T11:23:20+00:00</time>
      </trkpt>
      <trkpt lat="55.73364" lon="14.1042">
        <ele>34</ele>
        <time>2024-10-22T11:23:23+00:00</time>
      </trkpt>
      <trkpt lat="55.73364" lon="14.10405">
        <ele>35</ele>
        <time>2024-10-22T11:23:26+00:00</time>
      </trkpt>
      <trkpt lat="55.73363" lon="14.10384">
        <ele>35</ele>
        <time>2024-10-22T11:23:29+00:00</time>
      </trkpt>
      <trkpt lat="55.73365" lon="14.10356">
        <ele>35</ele>
        <time>2024-10-22T11:23:32+00:00</time>
      </trkpt>
      <trkpt lat="55.73364" lon="14.10346">
        <ele>35</ele>
        <time>2024-10-22T11:23:35+00:00</time>
      </trkpt>
      <trkpt lat="55.73364" lon="14.10339">
        <ele>36</ele>
        <time>2024-10-22T11:23:38+00:00</time>
      </trkpt>
      <trkpt lat="55.73364" lon="14.10331">
        <ele>36</ele>
        <time>2024-10-22T11:23:41+00:00</time>
      </trkpt>
      <trkpt lat="55.73366" lon="14.10318">
        <ele>36</ele>
        <time>2024-10-22T11:23:44+00:00</time>
      </trkpt>
      <trkpt lat="55.73371" lon="14.10295">
        <ele>37</ele>
        <time>2024-10-22T11:23:47+00:00</time>
      </trkpt>
      <trkpt lat="55.7338" lon="14.10256">
        <ele>38</ele>
        <time>2024-10-22T11:23:50+00:00</time>
      </trkpt>
      <trkpt lat="55.73383" lon="14.1024">
        <ele>40</ele>
        <time>2024-10-22T11:23:53+00:00</time>
      </trkpt>
      <trkpt lat="55.73385" lon="14.1023">
        <ele>40</ele>
        <time>2024-10-22T11:23:56+00:00</time>
      </trkpt>
      <trkpt lat="55.73387" lon="14.10211">
        <ele>40</ele>
        <time>2024-10-22T11:23:59+00:00</time>
      </trkpt>
      <trkpt lat="55.73393" lon="14.1017">
        <ele>42</ele>
        <time>2024-10-22T11:24:02+00:00</time>
      </trkpt>
      <trkpt lat="55.73396" lon="14.10144">
        <ele>41</ele>
        <time>2024-10-22T11:24:05+00:00</time>
      </trkpt>
      <trkpt lat="55.73403" lon="14.1012">
        <ele>43</ele>
        <time>2024-10-22T11:24:08+00:00</time>
      </trkpt>
      <trkpt lat="55.73409" lon="14.10087">
        <ele>43</ele>
        <time>2024-10-22T11:24:11+00:00</time>
      </trkpt>
      <trkpt lat="55.73411" lon="14.10078">
        <ele>44</ele>
        <time>2024-10-22T11:24:14+00:00</time>
      </trkpt>
      <trkpt lat="55.73412" lon="14.10067">
        <ele>44</ele>
        <time>2024-10-22T11:24:17+00:00</time>
      </trkpt>
      <trkpt lat="55.73412" lon="14.10057">
        <ele>43</ele>
        <time>2024-10-22T11:24:20+00:00</time>
      </trkpt>
      <trkpt lat="55.73408" lon="14.10023">
        <ele>43</ele>
        <time>2024-10-22T11:24:23+00:00</time>
      </trkpt>
      <trkpt lat="55.73407" lon="14.09989">
        <ele>41</ele>
        <time>2024-10-22T11:24:26+00:00</time>
      </trkpt>
      <trkpt lat="55.73405" lon="14.0997">
        <ele>41</ele>
        <time>2024-10-22T11:24:29+00:00</time>
      </trkpt>
      <trkpt lat="55.73401" lon="14.09942">
        <ele>40</ele>
        <time>2024-10-22T11:24:32+00:00</time>
      </trkpt>
      <trkpt lat="55.73394" lon="14.09906">
        <ele>38</ele>
        <time>2024-10-22T11:24:35+00:00</time>
      </trkpt>
      <trkpt lat="55.7339" lon="14.09889">
        <ele>36</ele>
        <time>2024-10-22T11:24:38+00:00</time>
      </trkpt>
      <trkpt lat="55.73383" lon="14.09867">
        <ele>36</ele>
        <time>2024-10-22T11:24:41+00:00</time>
      </trkpt>
      <trkpt lat="55.7338" lon="14.09855">
        <ele>34</ele>
        <time>2024-10-22T11:24:44+00:00</time>
      </trkpt>
      <trkpt lat="55.73378" lon="14.09843">
        <ele>34</ele>
        <time>2024-10-22T11:24:47+00:00</time>
      </trkpt>
      <trkpt lat="55.73374" lon="14.09816">
        <ele>33</ele>
        <time>2024-10-22T11:24:50+00:00</time>
      </trkpt>
      <trkpt lat="55.73369" lon="14.09781">
        <ele>32</ele>
        <time>2024-10-22T11:24:53+00:00</time>
      </trkpt>
      <trkpt lat="55.73365" lon="14.0974">
        <ele>31</ele>
        <time>2024-10-22T11:24:56+00:00</time>
      </trkpt>
      <trkpt lat="55.73363" lon="14.09733">
        <ele>31</ele>
        <time>2024-10-22T11:24:59+00:00</time>
      </trkpt>
      <trkpt lat="55.73356" lon="14.09709">
        <ele>30</ele>
        <time>2024-10-22T11:25:02+00:00</time>
      </trkpt>
      <trkpt lat="55.7335" lon="14.09687">
        <ele>30</ele>
        <time>2024-10-22T11:25:05+00:00</time>
      </trkpt>
      <trkpt lat="55.73345" lon="14.09667">
        <ele>29</ele>
        <time>2024-10-22T11:25:08+00:00</time>
      </trkpt>
      <trkpt lat="55.7334" lon="14.09646">
        <ele>29</ele>
        <time>2024-10-22T11:25:11+00:00</time>
      </trkpt>
      <trkpt lat="55.73337" lon="14.09634">
        <ele>29</ele>
        <time>2024-10-22T11:25:14+00:00</time>
      </trkpt>
      <trkpt lat="55.73335" lon="14.09622">
        <ele>29</ele>
        <time>2024-10-22T11:25:17+00:00</time>
      </trkpt>
      <trkpt lat="55.73332" lon="14.09598">
        <ele>30</ele>
        <time>2024-10-22T11:25:20+00:00</time>
      </trkpt>
      <trkpt lat="55.73331" lon="14.09587">
        <ele>30</ele>
        <time>2024-10-22T11:25:23+00:00</time>
      </trkpt>
      <trkpt lat="55.7333" lon="14.09565">
        <ele>30</ele>
        <time>2024-10-22T11:25:26+00:00</time>
      </trkpt>
      <trkpt lat="55.73331" lon="14.09534">
        <ele>31</ele>
        <time>2024-10-22T11:25:29+00:00</time>
      </trkpt>
      <trkpt lat="55.73333" lon="14.095">
        <ele>31</ele>
        <time>2024-10-22T11:25:32+00:00</time>
      </trkpt>
      <trkpt lat="55.73332" lon="14.09489">
        <ele>31</ele>
        <time>2024-10-22T11:25:35+00:00</time>
      </trkpt>
      <trkpt lat="55.73331" lon="14.09479">
        <ele>31</ele>
        <time>2024-10-22T11:25:38+00:00</time>
      </trkpt>
      <trkpt lat="55.73324" lon="14.09448">
        <ele>31</ele>
        <time>2024-10-22T11:25:41+00:00</time>
      </trkpt>
      <trkpt lat="55.73313" lon="14.094">
        <ele>30</ele>
        <time>2024-10-22T11:25:44+00:00</time>
      </trkpt>
      <trkpt lat="55.73311" lon="14.0939">
        <ele>31</ele>
        <time>2024-10-22T11:25:47+00:00</time>
      </trkpt>
      <trkpt lat="55.73301" lon="14.09358">
        <ele>30</ele>
        <time>2024-10-22T11:25:50+00:00</time>
      </trkpt>
      <trkpt lat="55.73294" lon="14.09326">
        <ele>29</ele>
        <time>2024-10-22T11:25:53+00:00</time>
      </trkpt>
      <trkpt lat="55.73288" lon="14.09305">
        <ele>29</ele>
        <time>2024-10-22T11:25:56+00:00</time>
      </trkpt>
      <trkpt lat="55.73283" lon="14.09284">
        <ele>29</ele>
        <time>2024-10-22T11:25:59+00:00</time>
      </trkpt>
      <trkpt lat="55.73278" lon="14.09261">
        <ele>29</ele>
        <time>2024-10-22T11:26:02+00:00</time>
      </trkpt>
      <trkpt lat="55.73275" lon="14.0925">
        <ele>29</ele>
        <time>2024-10-22T11:26:05+00:00</time>
      </trkpt>
      <trkpt lat="55.73272" lon="14.0922">
        <ele>30</ele>
        <time>2024-10-22T11:26:08+00:00</time>
      </trkpt>
      <trkpt lat="55.73268" lon="14.09206">
        <ele>29</ele>
        <time>2024-10-22T11:26:11+00:00</time>
      </trkpt>
      <trkpt lat="55.73265" lon="14.09196">
        <ele>29</ele>
        <time>2024-10-22T11:26:14+00:00</time>
      </trkpt>
      <trkpt lat="55.73264" lon="14.09185">
        <ele>30</ele>
        <time>2024-10-22T11:26:17+00:00</time>
      </trkpt>
      <trkpt lat="55.73261" lon="14.09175">
        <ele>30</ele>
        <time>2024-10-22T11:26:20+00:00</time>
      </trkpt>
      <trkpt lat="55.73254" lon="14.09155">
        <ele>29</ele>
        <time>2024-10-22T11:26:23+00:00</time>
      </trkpt>
      <trkpt lat="55.73251" lon="14.09145">
        <ele>30</ele>
        <time>2024-10-22T11:26:26+00:00</time>
      </trkpt>
      <trkpt lat="55.73249" lon="14.09134">
        <ele>29</ele>
        <time>2024-10-22T11:26:29+00:00</time>
      </trkpt>
      <trkpt lat="55.73246" lon="14.09112">
        <ele>29</ele>
        <time>2024-10-22T11:26:32+00:00</time>
      </trkpt>
      <trkpt lat="55.73242" lon="14.09074">
        <ele>31</ele>
        <time>2024-10-22T11:26:35+00:00</time>
      </trkpt>
      <trkpt lat="55.73241" lon="14.09068">
        <ele>31</ele>
        <time>2024-10-22T11:26:38+00:00</time>
      </trkpt>
      <trkpt lat="55.73239" lon="14.09061">
        <ele>30</ele>
        <time>2024-10-22T11:26:41+00:00</time>
      </trkpt>
      <trkpt lat="55.73236" lon="14.09054">
        <ele>30</ele>
        <time>2024-10-22T11:26:44+00:00</time>
      </trkpt>
      <trkpt lat="55.73221" lon="14.09027">
        <ele>31</ele>
        <time>2024-10-22T11:26:47+00:00</time>
      </trkpt>
      <trkpt lat="55.73215" lon="14.09017">
        <ele>31</ele>
        <time>2024-10-22T11:26:50+00:00</time>
      </trkpt>
      <trkpt lat="55.7321" lon="14.09011">
        <ele>31</ele>
        <time>2024-10-22T11:26:53+00:00</time>
      </trkpt>
      <trkpt lat="55.73205" lon="14.09007">
        <ele>30</ele>
        <time>2024-10-22T11:26:56+00:00</time>
      </trkpt>
      <trkpt lat="55.73194" lon="14.09007">
        <ele>30</ele>
        <time>2024-10-22T11:26:59+00:00</time>
      </trkpt>
      <trkpt lat="55.73188" lon="14.09004">
        <ele>29</ele>
        <time>2024-10-22T11:27:02+00:00</time>
      </trkpt>
      <trkpt lat="55.73182" lon="14.08999">
        <ele>29</ele>
        <time>2024-10-22T11:27:05+00:00</time>
      </trkpt>
      <trkpt lat="55.73177" lon="14.08991">
        <ele>28</ele>
        <time>2024-10-22T11:27:08+00:00</time>
      </trkpt>
      <trkpt lat="55.73173" lon="14.08984">
        <ele>29</ele>
        <time>2024-10-22T11:27:11+00:00</time>
      </trkpt>
      <trkpt lat="55.73171" lon="14.08979">
        <ele>29</ele>
        <time>2024-10-22T11:27:14+00:00</time>
      </trkpt>
      <trkpt lat="55.7317" lon="14.08972">
        <ele>29</ele>
        <time>2024-10-22T11:27:17+00:00</time>
      </trkpt>
      <trkpt lat="55.7317" lon="14.08964">
        <ele>28</ele>
        <time>2024-10-22T11:27:20+00:00</time>
      </trkpt>
      <trkpt lat="55.73171" lon="14.08947">
        <ele>29</ele>
        <time>2024-10-22T11:27:23+00:00</time>
      </trkpt>
      <trkpt lat="55.73176" lon="14.08896">
        <ele>30</ele>
        <time>2024-10-22T11:27:26+00:00</time>
      </trkpt>
      <trkpt lat="55.73173" lon="14.0887">
        <ele>31</ele>
        <time>2024-10-22T11:27:29+00:00</time>
      </trkpt>
      <trkpt lat="55.73175" lon="14.08842">
        <ele>32</ele>
        <time>2024-10-22T11:27:32+00:00</time>
      </trkpt>
      <trkpt lat="55.73176" lon="14.08821">
        <ele>32</ele>
        <time>2024-10-22T11:27:35+00:00</time>
      </trkpt>
      <trkpt lat="55.7318" lon="14.08804">
        <ele>33</ele>
        <time>2024-10-22T11:27:38+00:00</time>
      </trkpt>
      <trkpt lat="55.7318" lon="14.08797">
        <ele>35</ele>
        <time>2024-10-22T11:27:41+00:00</time>
      </trkpt>
      <trkpt lat="55.73183" lon="14.08789">
        <ele>35</ele>
        <time>2024-10-22T11:27:44+00:00</time>
      </trkpt>
      <trkpt lat="55.73183" lon="14.08786">
        <ele>35</ele>
        <time>2024-10-22T11:27:47+00:00</time>
      </trkpt>
      <trkpt lat="55.73179" lon="14.08765">
        <ele>34</ele>
        <time>2024-10-22T11:27:50+00:00</time>
      </trkpt>
      <trkpt lat="55.73178" lon="14.08755">
        <ele>34</ele>
        <time>2024-10-22T11:27:53+00:00</time>
      </trkpt>
      <trkpt lat="55.73178" lon="14.08735">
        <ele>35</ele>
        <time>2024-10-22T11:27:56+00:00</time>
      </trkpt>
      <trkpt lat="55.7318" lon="14.08682">
        <ele>36</ele>
        <time>2024-10-22T11:27:59+00:00</time>
      </trkpt>
      <trkpt lat="55.7318" lon="14.08673">
        <ele>38</ele>
        <time>2024-10-22T11:28:02+00:00</time>
      </trkpt>
      <trkpt lat="55.73186" lon="14.08644">
        <ele>39</ele>
        <time>2024-10-22T11:28:05+00:00</time>
      </trkpt>
      <trkpt lat="55.73188" lon="14.0863">
        <ele>39</ele>
        <time>2024-10-22T11:28:08+00:00</time>
      </trkpt>
      <trkpt lat="55.73189" lon="14.08616">
        <ele>39</ele>
        <time>2024-10-22T11:28:11+00:00</time>
      </trkpt>
      <trkpt lat="55.73189" lon="14.08607">
        <ele>39</ele>
        <time>2024-10-22T11:28:14+00:00</time>
      </trkpt>
      <trkpt lat="55.73186" lon="14.08579">
        <ele>40</ele>
        <time>2024-10-22T11:28:17+00:00</time>
      </trkpt>
      <trkpt lat="55.73186" lon="14.08558">
        <ele>40</ele>
        <time>2024-10-22T11:28:20+00:00</time>
      </trkpt>
      <trkpt lat="55.73187" lon="14.08541">
        <ele>40</ele>
        <time>2024-10-22T11:28:23+00:00</time>
      </trkpt>
      <trkpt lat="55.73191" lon="14.08515">
        <ele>42</ele>
        <time>2024-10-22T11:28:26+00:00</time>
      </trkpt>
      <trkpt lat="55.73196" lon="14.08494">
        <ele>42</ele>
        <time>2024-10-22T11:28:29+00:00</time>
      </trkpt>
      <trkpt lat="55.73202" lon="14.08472">
        <ele>43</ele>
        <time>2024-10-22T11:28:32+00:00</time>
      </trkpt>
      <trkpt lat="55.73213" lon="14.08439">
        <ele>45</ele>
        <time>2024-10-22T11:28:35+00:00</time>
      </trkpt>
      <trkpt lat="55.73219" lon="14.08417">
        <ele>44</ele>
        <time>2024-10-22T11:28:38+00:00</time>
      </trkpt>
      <trkpt lat="55.73221" lon="14.08406">
        <ele>45</ele>
        <time>2024-10-22T11:28:41+00:00</time>
      </trkpt>
      <trkpt lat="55.73224" lon="14.08372">
        <ele>45</ele>
        <time>2024-10-22T11:28:44+00:00</time>
      </trkpt>
      <trkpt lat="55.73225" lon="14.0836">
        <ele>45</ele>
        <time>2024-10-22T11:28:47+00:00</time>
      </trkpt>
      <trkpt lat="55.73227" lon="14.08348">
        <ele>44</ele>
        <time>2024-10-22T11:28:50+00:00</time>
      </trkpt>
      <trkpt lat="55.73232" lon="14.08325">
        <ele>45</ele>
        <time>2024-10-22T11:28:53+00:00</time>
      </trkpt>
      <trkpt lat="55.73233" lon="14.08315">
        <ele>45</ele>
        <time>2024-10-22T11:28:56+00:00</time>
      </trkpt>
      <trkpt lat="55.73233" lon="14.08305">
        <ele>44</ele>
        <time>2024-10-22T11:28:59+00:00</time>
      </trkpt>
      <trkpt lat="55.73232" lon="14.08296">
        <ele>44</ele>
        <time>2024-10-22T11:29:02+00:00</time>
      </trkpt>
      <trkpt lat="55.73229" lon="14.08276">
        <ele>41</ele>
        <time>2024-10-22T11:29:05+00:00</time>
      </trkpt>
      <trkpt lat="55.73224" lon="14.08234">
        <ele>39</ele>
        <time>2024-10-22T11:29:08+00:00</time>
      </trkpt>
      <trkpt lat="55.73223" lon="14.08226">
        <ele>38</ele>
        <time>2024-10-22T11:29:11+00:00</time>
      </trkpt>
      <trkpt lat="55.73221" lon="14.08218">
        <ele>38</ele>
        <time>2024-10-22T11:29:14+00:00</time>
      </trkpt>
      <trkpt lat="55.73219" lon="14.08209">
        <ele>36</ele>
        <time>2024-10-22T11:29:17+00:00</time>
      </trkpt>
      <trkpt lat="55.7322" lon="14.082">
        <ele>37</ele>
        <time>2024-10-22T11:29:20+00:00</time>
      </trkpt>
      <trkpt lat="55.73223" lon="14.0819">
        <ele>36</ele>
        <time>2024-10-22T11:29:23+00:00</time>
      </trkpt>
      <trkpt lat="55.73225" lon="14.08184">
        <ele>36</ele>
        <time>2024-10-22T11:29:26+00:00</time>
      </trkpt>
      <trkpt lat="55.73233" lon="14.08162">
        <ele>36</ele>
        <time>2024-10-22T11:29:29+00:00</time>
      </trkpt>
      <trkpt lat="55.73243" lon="14.08136">
        <ele>35</ele>
        <time>2024-10-22T11:29:32+00:00</time>
      </trkpt>
      <trkpt lat="55.73254" lon="14.08105">
        <ele>34</ele>
        <time>2024-10-22T11:29:35+00:00</time>
      </trkpt>
      <trkpt lat="55.73267" lon="14.08067">
        <ele>32</ele>
        <time>2024-10-22T11:29:38+00:00</time>
      </trkpt>
      <trkpt lat="55.73272" lon="14.08058">
        <ele>31</ele>
        <time>2024-10-22T11:29:41+00:00</time>
      </trkpt>
      <trkpt lat="55.73282" lon="14.08046">
        <ele>32</ele>
        <time>2024-10-22T11:29:44+00:00</time>
      </trkpt>
      <trkpt lat="55.73287" lon="14.08039">
        <ele>31</ele>
        <time>2024-10-22T11:29:47+00:00</time>
      </trkpt>
      <trkpt lat="55.73291" lon="14.0803">
        <ele>31</ele>
        <time>2024-10-22T11:29:50+00:00</time>
      </trkpt>
      <trkpt lat="55.733" lon="14.08009">
        <ele>32</ele>
        <time>2024-10-22T11:29:53+00:00</time>
      </trkpt>
      <trkpt lat="55.73303" lon="14.08002">
        <ele>32</ele>
        <time>2024-10-22T11:29:56+00:00</time>
      </trkpt>
      <trkpt lat="55.73303" lon="14.07996">
        <ele>32</ele>
        <time>2024-10-22T11:29:59+00:00</time>
      </trkpt>
      <trkpt lat="55.73302" lon="14.07991">
        <ele>32</ele>
        <time>2024-10-22T11:30:02+00:00</time>
      </trkpt>
      <trkpt lat="55.73301" lon="14.07988">
        <ele>32</ele>
        <time>2024-10-22T11:30:05+00:00</time>
      </trkpt>
      <trkpt lat="55.73297" lon="14.07984">
        <ele>31</ele>
        <time>2024-10-22T11:30:08+00:00</time>
      </trkpt>
      <trkpt lat="55.73271" lon="14.07957">
        <ele>31</ele>
        <time>2024-10-22T11:30:11+00:00</time>
      </trkpt>
      <trkpt lat="55.73265" lon="14.07948">
        <ele>30</ele>
        <time>2024-10-22T11:30:14+00:00</time>
      </trkpt>
      <trkpt lat="55.7326" lon="14.07937">
        <ele>30</ele>
        <time>2024-10-22T11:30:17+00:00</time>
      </trkpt>
      <trkpt lat="55.73256" lon="14.07926">
        <ele>30</ele>
        <time>2024-10-22T11:30:20+00:00</time>
      </trkpt>
      <trkpt lat="55.7325" lon="14.07908">
        <ele>30</ele>
        <time>2024-10-22T11:30:23+00:00</time>
      </trkpt>
      <trkpt lat="55.73242" lon="14.07877">
        <ele>30</ele>
        <time>2024-10-22T11:30:26+00:00</time>
      </trkpt>
      <trkpt lat="55.73233" lon="14.07843">
        <ele>30</ele>
        <time>2024-10-22T11:30:29+00:00</time>
      </trkpt>
      <trkpt lat="55.73227" lon="14.0782">
        <ele>30</ele>
        <time>2024-10-22T11:30:32+00:00</time>
      </trkpt>
      <trkpt lat="55.73217" lon="14.07784">
        <ele>31</ele>
        <time>2024-10-22T11:30:35+00:00</time>
      </trkpt>
      <trkpt lat="55.73208" lon="14.07749">
        <ele>32</ele>
        <time>2024-10-22T11:30:38+00:00</time>
      </trkpt>
      <trkpt lat="55.73204" lon="14.07738">
        <ele>32</ele>
        <time>2024-10-22T11:30:41+00:00</time>
      </trkpt>
      <trkpt lat="55.73201" lon="14.07734">
        <ele>32</ele>
        <time>2024-10-22T11:30:44+00:00</time>
      </trkpt>
      <trkpt lat="55.73197" lon="14.07729">
        <ele>32</ele>
        <time>2024-10-22T11:30:47+00:00</time>
      </trkpt>
      <trkpt lat="55.73192" lon="14.07727">
        <ele>32</ele>
        <time>2024-10-22T11:30:50+00:00</time>
      </trkpt>
      <trkpt lat="55.73185" lon="14.07728">
        <ele>31</ele>
        <time>2024-10-22T11:30:53+00:00</time>
      </trkpt>
      <trkpt lat="55.73178" lon="14.07731">
        <ele>31</ele>
        <time>2024-10-22T11:30:56+00:00</time>
      </trkpt>
      <trkpt lat="55.7316" lon="14.07739">
        <ele>30</ele>
        <time>2024-10-22T11:30:59+00:00</time>
      </trkpt>
      <trkpt lat="55.73141" lon="14.07747">
        <ele>30</ele>
        <time>2024-10-22T11:31:02+00:00</time>
      </trkpt>
      <trkpt lat="55.73123" lon="14.07755">
        <ele>29</ele>
        <time>2024-10-22T11:31:05+00:00</time>
      </trkpt>
      <trkpt lat="55.73089" lon="14.07767">
        <ele>28</ele>
        <time>2024-10-22T11:31:08+00:00</time>
      </trkpt>
      <trkpt lat="55.73067" lon="14.07778">
        <ele>27</ele>
        <time>2024-10-22T11:31:11+00:00</time>
      </trkpt>
      <trkpt lat="55.73059" lon="14.0778">
        <ele>27</ele>
        <time>2024-10-22T11:31:14+00:00</time>
      </trkpt>
      <trkpt lat="55.73052" lon="14.07778">
        <ele>27</ele>
        <time>2024-10-22T11:31:17+00:00</time>
      </trkpt>
      <trkpt lat="55.73046" lon="14.07772">
        <ele>27</ele>
        <time>2024-10-22T11:31:20+00:00</time>
      </trkpt>
      <trkpt lat="55.73042" lon="14.07761">
        <ele>27</ele>
        <time>2024-10-22T11:31:23+00:00</time>
      </trkpt>
      <trkpt lat="55.73041" lon="14.07748">
        <ele>27</ele>
        <time>2024-10-22T11:31:26+00:00</time>
      </trkpt>
      <trkpt lat="55.73041" lon="14.07719">
        <ele>27</ele>
        <time>2024-10-22T11:31:29+00:00</time>
      </trkpt>
      <trkpt lat="55.73042" lon="14.07677">
        <ele>27</ele>
        <time>2024-10-22T11:31:32+00:00</time>
      </trkpt>
      <trkpt lat="55.73043" lon="14.07636">
        <ele>27</ele>
        <time>2024-10-22T11:31:35+00:00</time>
      </trkpt>
      <trkpt lat="55.73044" lon="14.0761">
        <ele>27</ele>
        <time>2024-10-22T11:31:38+00:00</time>
      </trkpt>
      <trkpt lat="55.73044" lon="14.07571">
        <ele>27</ele>
        <time>2024-10-22T11:31:41+00:00</time>
      </trkpt>
      <trkpt lat="55.73042" lon="14.07531">
        <ele>26</ele>
        <time>2024-10-22T11:31:44+00:00</time>
      </trkpt>
      <trkpt lat="55.73041" lon="14.07491">
        <ele>26</ele>
        <time>2024-10-22T11:31:47+00:00</time>
      </trkpt>
      <trkpt lat="55.73039" lon="14.07436">
        <ele>26</ele>
        <time>2024-10-22T11:31:50+00:00</time>
      </trkpt>
      <trkpt lat="55.73036" lon="14.07391">
        <ele>26</ele>
        <time>2024-10-22T11:31:53+00:00</time>
      </trkpt>
      <trkpt lat="55.73035" lon="14.07348">
        <ele>26</ele>
        <time>2024-10-22T11:31:56+00:00</time>
      </trkpt>
      <trkpt lat="55.7303" lon="14.07286">
        <ele>27</ele>
        <time>2024-10-22T11:31:59+00:00</time>
      </trkpt>
      <trkpt lat="55.7303" lon="14.07224">
        <ele>27</ele>
        <time>2024-10-22T11:32:02+00:00</time>
      </trkpt>
      <trkpt lat="55.73028" lon="14.07212">
        <ele>27</ele>
        <time>2024-10-22T11:32:05+00:00</time>
      </trkpt>
      <trkpt lat="55.73025" lon="14.07188">
        <ele>27</ele>
        <time>2024-10-22T11:32:08+00:00</time>
      </trkpt>
      <trkpt lat="55.73023" lon="14.07176">
        <ele>27</ele>
        <time>2024-10-22T11:32:11+00:00</time>
      </trkpt>
      <trkpt lat="55.73017" lon="14.07154">
        <ele>27</ele>
        <time>2024-10-22T11:32:14+00:00</time>
      </trkpt>
      <trkpt lat="55.73005" lon="14.07109">
        <ele>27</ele>
        <time>2024-10-22T11:32:17+00:00</time>
      </trkpt>
      <trkpt lat="55.73001" lon="14.07098">
        <ele>27</ele>
        <time>2024-10-22T11:32:20+00:00</time>
      </trkpt>
      <trkpt lat="55.72997" lon="14.07089">
        <ele>27</ele>
        <time>2024-10-22T11:32:23+00:00</time>
      </trkpt>
      <trkpt lat="55.72993" lon="14.0708">
        <ele>28</ele>
        <time>2024-10-22T11:32:26+00:00</time>
      </trkpt>
      <trkpt lat="55.72979" lon="14.07056">
        <ele>28</ele>
        <time>2024-10-22T11:32:29+00:00</time>
      </trkpt>
      <trkpt lat="55.72966" lon="14.07027">
        <ele>28</ele>
        <time>2024-10-22T11:32:32+00:00</time>
      </trkpt>
      <trkpt lat="55.72954" lon="14.06997">
        <ele>30</ele>
        <time>2024-10-22T11:32:35+00:00</time>
      </trkpt>
      <trkpt lat="55.72938" lon="14.0696">
        <ele>31</ele>
        <time>2024-10-22T11:32:38+00:00</time>
      </trkpt>
      <trkpt lat="55.72925" lon="14.06921">
        <ele>34</ele>
        <time>2024-10-22T11:32:41+00:00</time>
      </trkpt>
      <trkpt lat="55.72917" lon="14.06902">
        <ele>35</ele>
        <time>2024-10-22T11:32:44+00:00</time>
      </trkpt>
      <trkpt lat="55.72912" lon="14.06893">
        <ele>36</ele>
        <time>2024-10-22T11:32:47+00:00</time>
      </trkpt>
      <trkpt lat="55.72896" lon="14.06868">
        <ele>37</ele>
        <time>2024-10-22T11:32:50+00:00</time>
      </trkpt>
      <trkpt lat="55.72891" lon="14.06859">
        <ele>38</ele>
        <time>2024-10-22T11:32:53+00:00</time>
      </trkpt>
      <trkpt lat="55.72889" lon="14.06849">
        <ele>39</ele>
        <time>2024-10-22T11:32:56+00:00</time>
      </trkpt>
      <trkpt lat="55.72888" lon="14.06839">
        <ele>39</ele>
        <time>2024-10-22T11:32:59+00:00</time>
      </trkpt>
      <trkpt lat="55.72889" lon="14.06831">
        <ele>39</ele>
        <time>2024-10-22T11:33:02+00:00</time>
      </trkpt>
      <trkpt lat="55.7289" lon="14.06824">
        <ele>40</ele>
        <time>2024-10-22T11:33:05+00:00</time>
      </trkpt>
      <trkpt lat="55.72892" lon="14.06816">
        <ele>42</ele>
        <time>2024-10-22T11:33:08+00:00</time>
      </trkpt>
      <trkpt lat="55.72893" lon="14.06813">
        <ele>42</ele>
        <time>2024-10-22T11:33:11+00:00</time>
      </trkpt>
      <trkpt lat="55.72892" lon="14.0681">
        <ele>43</ele>
        <time>2024-10-22T11:33:14+00:00</time>
      </trkpt>
      <trkpt lat="55.72885" lon="14.06793">
        <ele>43</ele>
        <time>2024-10-22T11:33:17+00:00</time>
      </trkpt>
      <trkpt lat="55.72873" lon="14.06772">
        <ele>44</ele>
        <time>2024-10-22T11:33:20+00:00</time>
      </trkpt>
      <trkpt lat="55.72869" lon="14.06763">
        <ele>44</ele>
        <time>2024-10-22T11:33:23+00:00</time>
      </trkpt>
      <trkpt lat="55.72867" lon="14.06754">
        <ele>45</ele>
        <time>2024-10-22T11:33:26+00:00</time>
      </trkpt>
      <trkpt lat="55.72865" lon="14.06746">
        <ele>45</ele>
        <time>2024-10-22T11:33:29+00:00</time>
      </trkpt>
      <trkpt lat="55.72861" lon="14.06725">
        <ele>47</ele>
        <time>2024-10-22T11:33:32+00:00</time>
      </trkpt>
      <trkpt lat="55.72856" lon="14.06712">
        <ele>47</ele>
        <time>2024-10-22T11:33:35+00:00</time>
      </trkpt>
      <trkpt lat="55.72853" lon="14.06698">
        <ele>48</ele>
        <time>2024-10-22T11:33:38+00:00</time>
      </trkpt>
      <trkpt lat="55.72851" lon="14.06692">
        <ele>48</ele>
        <time>2024-10-22T11:33:41+00:00</time>
      </trkpt>
      <trkpt lat="55.72848" lon="14.06688">
        <ele>46</ele>
        <time>2024-10-22T11:33:44+00:00</time>
      </trkpt>
      <trkpt lat="55.72845" lon="14.06686">
        <ele>48</ele>
        <time>2024-10-22T11:33:47+00:00</time>
      </trkpt>
      <trkpt lat="55.72835" lon="14.06683">
        <ele>46</ele>
        <time>2024-10-22T11:33:50+00:00</time>
      </trkpt>
      <trkpt lat="55.72826" lon="14.06678">
        <ele>46</ele>
        <time>2024-10-22T11:33:53+00:00</time>
      </trkpt>
      <trkpt lat="55.72823" lon="14.06677">
        <ele>46</ele>
        <time>2024-10-22T11:33:56+00:00</time>
      </trkpt>
      <trkpt lat="55.72814" lon="14.06677">
        <ele>44</ele>
        <time>2024-10-22T11:33:59+00:00</time>
      </trkpt>
      <trkpt lat="55.72808" lon="14.06675">
        <ele>42</ele>
        <time>2024-10-22T11:34:02+00:00</time>
      </trkpt>
      <trkpt lat="55.72802" lon="14.0667">
        <ele>42</ele>
        <time>2024-10-22T11:34:05+00:00</time>
      </trkpt>
      <trkpt lat="55.72797" lon="14.06662">
        <ele>41</ele>
        <time>2024-10-22T11:34:08+00:00</time>
      </trkpt>
      <trkpt lat="55.72791" lon="14.06653">
        <ele>42</ele>
        <time>2024-10-22T11:34:11+00:00</time>
      </trkpt>
      <trkpt lat="55.72772" lon="14.06607">
        <ele>39</ele>
        <time>2024-10-22T11:34:14+00:00</time>
      </trkpt>
      <trkpt lat="55.72761" lon="14.06579">
        <ele>38</ele>
        <time>2024-10-22T11:34:17+00:00</time>
      </trkpt>
      <trkpt lat="55.72749" lon="14.0655">
        <ele>35</ele>
        <time>2024-10-22T11:34:20+00:00</time>
      </trkpt>
      <trkpt lat="55.72738" lon="14.06524">
        <ele>35</ele>
        <time>2024-10-22T11:34:23+00:00</time>
      </trkpt>
      <trkpt lat="55.72727" lon="14.06494">
        <ele>36</ele>
        <time>2024-10-22T11:34:26+00:00</time>
      </trkpt>
      <trkpt lat="55.72714" lon="14.0646">
        <ele>37</ele>
        <time>2024-10-22T11:34:29+00:00</time>
      </trkpt>
      <trkpt lat="55.72707" lon="14.06437">
        <ele>37</ele>
        <time>2024-10-22T11:34:32+00:00</time>
      </trkpt>
      <trkpt lat="55.727" lon="14.06408">
        <ele>38</ele>
        <time>2024-10-22T11:34:35+00:00</time>
      </trkpt>
      <trkpt lat="55.72688" lon="14.0637">
        <ele>38</ele>
        <time>2024-10-22T11:34:38+00:00</time>
      </trkpt>
      <trkpt lat="55.72677" lon="14.0634">
        <ele>38</ele>
        <time>2024-10-22T11:34:41+00:00</time>
      </trkpt>
      <trkpt lat="55.72666" lon="14.06308">
        <ele>39</ele>
        <time>2024-10-22T11:34:44+00:00</time>
      </trkpt>
      <trkpt lat="55.72662" lon="14.06301">
        <ele>39</ele>
        <time>2024-10-22T11:34:47+00:00</time>
      </trkpt>
      <trkpt lat="55.72656" lon="14.06294">
        <ele>39</ele>
        <time>2024-10-22T11:34:50+00:00</time>
      </trkpt>
      <trkpt lat="55.7265" lon="14.0629">
        <ele>39</ele>
        <time>2024-10-22T11:34:53+00:00</time>
      </trkpt>
      <trkpt lat="55.72643" lon="14.06287">
        <ele>39</ele>
        <time>2024-10-22T11:34:56+00:00</time>
      </trkpt>
      <trkpt lat="55.72636" lon="14.06285">
        <ele>38</ele>
        <time>2024-10-22T11:34:59+00:00</time>
      </trkpt>
      <trkpt lat="55.72613" lon="14.06287">
        <ele>37</ele>
        <time>2024-10-22T11:35:02+00:00</time>
      </trkpt>
      <trkpt lat="55.72602" lon="14.06285">
        <ele>37</ele>
        <time>2024-10-22T11:35:05+00:00</time>
      </trkpt>
      <trkpt lat="55.72595" lon="14.06282">
        <ele>37</ele>
        <time>2024-10-22T11:35:08+00:00</time>
      </trkpt>
      <trkpt lat="55.72588" lon="14.06278">
        <ele>37</ele>
        <time>2024-10-22T11:35:11+00:00</time>
      </trkpt>
      <trkpt lat="55.72574" lon="14.06265">
        <ele>37</ele>
        <time>2024-10-22T11:35:14+00:00</time>
      </trkpt>
      <trkpt lat="55.72567" lon="14.06257">
        <ele>36</ele>
        <time>2024-10-22T11:35:17+00:00</time>
      </trkpt>
      <trkpt lat="55.72545" lon="14.06226">
        <ele>36</ele>
        <time>2024-10-22T11:35:20+00:00</time>
      </trkpt>
      <trkpt lat="55.72536" lon="14.06211">
        <ele>36</ele>
        <time>2024-10-22T11:35:23+00:00</time>
      </trkpt>
      <trkpt lat="55.72527" lon="14.06194">
        <ele>36</ele>
        <time>2024-10-22T11:35:26+00:00</time>
      </trkpt>
      <trkpt lat="55.72517" lon="14.06177">
        <ele>36</ele>
        <time>2024-10-22T11:35:29+00:00</time>
      </trkpt>
      <trkpt lat="55.72513" lon="14.06169">
        <ele>36</ele>
        <time>2024-10-22T11:35:32+00:00</time>
      </trkpt>
      <trkpt lat="55.72497" lon="14.06145">
        <ele>36</ele>
        <time>2024-10-22T11:35:35+00:00</time>
      </trkpt>
      <trkpt lat="55.72482" lon="14.0612">
        <ele>36</ele>
        <time>2024-10-22T11:35:38+00:00</time>
      </trkpt>
      <trkpt lat="55.72465" lon="14.06098">
        <ele>36</ele>
        <time>2024-10-22T11:35:41+00:00</time>
      </trkpt>
      <trkpt lat="55.72454" lon="14.06084">
        <ele>36</ele>
        <time>2024-10-22T11:35:44+00:00</time>
      </trkpt>
      <trkpt lat="55.72449" lon="14.06078">
        <ele>37</ele>
        <time>2024-10-22T11:35:47+00:00</time>
      </trkpt>
      <trkpt lat="55.72438" lon="14.06068">
        <ele>37</ele>
        <time>2024-10-22T11:35:50+00:00</time>
      </trkpt>
      <trkpt lat="55.72417" lon="14.06046">
        <ele>38</ele>
        <time>2024-10-22T11:35:53+00:00</time>
      </trkpt>
      <trkpt lat="55.72411" lon="14.0604">
        <ele>38</ele>
        <time>2024-10-22T11:35:56+00:00</time>
      </trkpt>
      <trkpt lat="55.72395" lon="14.06028">
        <ele>38</ele>
        <time>2024-10-22T11:35:59+00:00</time>
      </trkpt>
      <trkpt lat="55.72374" lon="14.06011">
        <ele>38</ele>
        <time>2024-10-22T11:36:02+00:00</time>
      </trkpt>
      <trkpt lat="55.72342" lon="14.05991">
        <ele>37</ele>
        <time>2024-10-22T11:36:05+00:00</time>
      </trkpt>
      <trkpt lat="55.72338" lon="14.05987">
        <ele>37</ele>
        <time>2024-10-22T11:36:08+00:00</time>
      </trkpt>
      <trkpt lat="55.72334" lon="14.05979">
        <ele>38</ele>
        <time>2024-10-22T11:36:11+00:00</time>
      </trkpt>
      <trkpt lat="55.72325" lon="14.05971">
        <ele>37</ele>
        <time>2024-10-22T11:36:14+00:00</time>
      </trkpt>
      <trkpt lat="55.72318" lon="14.05966">
        <ele>38</ele>
        <time>2024-10-22T11:36:17+00:00</time>
      </trkpt>
      <trkpt lat="55.72311" lon="14.05961">
        <ele>38</ele>
        <time>2024-10-22T11:36:20+00:00</time>
      </trkpt>
      <trkpt lat="55.72304" lon="14.05957">
        <ele>37</ele>
        <time>2024-10-22T11:36:23+00:00</time>
      </trkpt>
      <trkpt lat="55.72289" lon="14.05954">
        <ele>37</ele>
        <time>2024-10-22T11:36:26+00:00</time>
      </trkpt>
      <trkpt lat="55.72281" lon="14.05952">
        <ele>37</ele>
        <time>2024-10-22T11:36:29+00:00</time>
      </trkpt>
      <trkpt lat="55.72265" lon="14.05941">
        <ele>37</ele>
        <time>2024-10-22T11:36:32+00:00</time>
      </trkpt>
      <trkpt lat="55.72258" lon="14.05936">
        <ele>37</ele>
        <time>2024-10-22T11:36:35+00:00</time>
      </trkpt>
      <trkpt lat="55.72252" lon="14.05928">
        <ele>38</ele>
        <time>2024-10-22T11:36:38+00:00</time>
      </trkpt>
      <trkpt lat="55.72247" lon="14.05919">
        <ele>38</ele>
        <time>2024-10-22T11:36:41+00:00</time>
      </trkpt>
      <trkpt lat="55.72243" lon="14.05909">
        <ele>38</ele>
        <time>2024-10-22T11:36:44+00:00</time>
      </trkpt>
      <trkpt lat="55.72231" lon="14.05877">
        <ele>38</ele>
        <time>2024-10-22T11:36:47+00:00</time>
      </trkpt>
      <trkpt lat="55.72222" lon="14.05856">
        <ele>38</ele>
        <time>2024-10-22T11:36:50+00:00</time>
      </trkpt>
      <trkpt lat="55.72218" lon="14.05843">
        <ele>38</ele>
        <time>2024-10-22T11:36:53+00:00</time>
      </trkpt>
      <trkpt lat="55.72215" lon="14.0583">
        <ele>38</ele>
        <time>2024-10-22T11:36:56+00:00</time>
      </trkpt>
      <trkpt lat="55.72213" lon="14.0582">
        <ele>39</ele>
        <time>2024-10-22T11:36:59+00:00</time>
      </trkpt>
      <trkpt lat="55.7221" lon="14.05801">
        <ele>39</ele>
        <time>2024-10-22T11:37:02+00:00</time>
      </trkpt>
      <trkpt lat="55.72208" lon="14.05793">
        <ele>39</ele>
        <time>2024-10-22T11:37:05+00:00</time>
      </trkpt>
      <trkpt lat="55.72205" lon="14.05785">
        <ele>39</ele>
        <time>2024-10-22T11:37:08+00:00</time>
      </trkpt>
      <trkpt lat="55.72202" lon="14.05777">
        <ele>39</ele>
        <time>2024-10-22T11:37:11+00:00</time>
      </trkpt>
      <trkpt lat="55.72199" lon="14.05769">
        <ele>39</ele>
        <time>2024-10-22T11:37:14+00:00</time>
      </trkpt>
      <trkpt lat="55.72184" lon="14.05729">
        <ele>39</ele>
        <time>2024-10-22T11:37:17+00:00</time>
      </trkpt>
      <trkpt lat="55.7218" lon="14.05717">
        <ele>39</ele>
        <time>2024-10-22T11:37:20+00:00</time>
      </trkpt>
      <trkpt lat="55.72174" lon="14.05694">
        <ele>39</ele>
        <time>2024-10-22T11:37:23+00:00</time>
      </trkpt>
      <trkpt lat="55.72171" lon="14.05683">
        <ele>40</ele>
        <time>2024-10-22T11:37:26+00:00</time>
      </trkpt>
      <trkpt lat="55.72163" lon="14.05662">
        <ele>40</ele>
        <time>2024-10-22T11:37:29+00:00</time>
      </trkpt>
      <trkpt lat="55.72158" lon="14.05651">
        <ele>40</ele>
        <time>2024-10-22T11:37:32+00:00</time>
      </trkpt>
      <trkpt lat="55.7215" lon="14.05634">
        <ele>41</ele>
        <time>2024-10-22T11:37:35+00:00</time>
      </trkpt>
      <trkpt lat="55.72143" lon="14.05604">
        <ele>42</ele>
        <time>2024-10-22T11:37:38+00:00</time>
      </trkpt>
      <trkpt lat="55.72137" lon="14.05589">
        <ele>43</ele>
        <time>2024-10-22T11:37:41+00:00</time>
      </trkpt>
      <trkpt lat="55.72133" lon="14.05579">
        <ele>44</ele>
        <time>2024-10-22T11:37:44+00:00</time>
      </trkpt>
      <trkpt lat="55.72125" lon="14.05558">
        <ele>45</ele>
        <time>2024-10-22T11:37:47+00:00</time>
      </trkpt>
      <trkpt lat="55.72119" lon="14.05545">
        <ele>45</ele>
        <time>2024-10-22T11:37:50+00:00</time>
      </trkpt>
      <trkpt lat="55.72105" lon="14.05514">
        <ele>46</ele>
        <time>2024-10-22T11:37:53+00:00</time>
      </trkpt>
      <trkpt lat="55.72089" lon="14.05478">
        <ele>46</ele>
        <time>2024-10-22T11:37:56+00:00</time>
      </trkpt>
      <trkpt lat="55.72087" lon="14.05469">
        <ele>47</ele>
        <time>2024-10-22T11:37:59+00:00</time>
      </trkpt>
      <trkpt lat="55.72085" lon="14.05447">
        <ele>48</ele>
        <time>2024-10-22T11:38:02+00:00</time>
      </trkpt>
      <trkpt lat="55.72083" lon="14.05437">
        <ele>48</ele>
        <time>2024-10-22T11:38:05+00:00</time>
      </trkpt>
      <trkpt lat="55.7208" lon="14.05429">
        <ele>48</ele>
        <time>2024-10-22T11:38:08+00:00</time>
      </trkpt>
      <trkpt lat="55.72073" lon="14.05416">
        <ele>48</ele>
        <time>2024-10-22T11:38:11+00:00</time>
      </trkpt>
      <trkpt lat="55.7207" lon="14.05408">
        <ele>48</ele>
        <time>2024-10-22T11:38:14+00:00</time>
      </trkpt>
      <trkpt lat="55.72068" lon="14.05399">
        <ele>47</ele>
        <time>2024-10-22T11:38:17+00:00</time>
      </trkpt>
      <trkpt lat="55.72062" lon="14.05366">
        <ele>47</ele>
        <time>2024-10-22T11:38:20+00:00</time>
      </trkpt>
      <trkpt lat="55.7206" lon="14.05356">
        <ele>47</ele>
        <time>2024-10-22T11:38:23+00:00</time>
      </trkpt>
      <trkpt lat="55.72055" lon="14.05342">
        <ele>47</ele>
        <time>2024-10-22T11:38:26+00:00</time>
      </trkpt>
      <trkpt lat="55.72054" lon="14.05333">
        <ele>47</ele>
        <time>2024-10-22T11:38:29+00:00</time>
      </trkpt>
      <trkpt lat="55.7205" lon="14.05301">
        <ele>49</ele>
        <time>2024-10-22T11:38:32+00:00</time>
      </trkpt>
      <trkpt lat="55.72048" lon="14.05284">
        <ele>48</ele>
        <time>2024-10-22T11:38:35+00:00</time>
      </trkpt>
      <trkpt lat="55.72043" lon="14.05243">
        <ele>50</ele>
        <time>2024-10-22T11:38:38+00:00</time>
      </trkpt>
      <trkpt lat="55.72042" lon="14.0523">
        <ele>51</ele>
        <time>2024-10-22T11:38:41+00:00</time>
      </trkpt>
      <trkpt lat="55.72043" lon="14.05196">
        <ele>53</ele>
        <time>2024-10-22T11:38:44+00:00</time>
      </trkpt>
      <trkpt lat="55.72043" lon="14.05185">
        <ele>53</ele>
        <time>2024-10-22T11:38:47+00:00</time>
      </trkpt>
      <trkpt lat="55.72042" lon="14.05167">
        <ele>54</ele>
        <time>2024-10-22T11:38:50+00:00</time>
      </trkpt>
      <trkpt lat="55.7204" lon="14.0515">
        <ele>55</ele>
        <time>2024-10-22T11:38:53+00:00</time>
      </trkpt>
      <trkpt lat="55.7204" lon="14.05143">
        <ele>53</ele>
        <time>2024-10-22T11:38:56+00:00</time>
      </trkpt>
      <trkpt lat="55.72041" lon="14.05137">
        <ele>56</ele>
        <time>2024-10-22T11:38:59+00:00</time>
      </trkpt>
      <trkpt lat="55.72044" lon="14.05121">
        <ele>56</ele>
        <time>2024-10-22T11:39:02+00:00</time>
      </trkpt>
      <trkpt lat="55.72047" lon="14.0511">
        <ele>57</ele>
        <time>2024-10-22T11:39:05+00:00</time>
      </trkpt>
      <trkpt lat="55.72048" lon="14.05106">
        <ele>57</ele>
        <time>2024-10-22T11:39:08+00:00</time>
      </trkpt>
      <trkpt lat="55.72047" lon="14.05093">
        <ele>58</ele>
        <time>2024-10-22T11:39:11+00:00</time>
      </trkpt>
      <trkpt lat="55.72047" lon="14.05077">
        <ele>59</ele>
        <time>2024-10-22T11:39:14+00:00</time>
      </trkpt>
      <trkpt lat="55.72045" lon="14.05049">
        <ele>60</ele>
        <time>2024-10-22T11:39:17+00:00</time>
      </trkpt>
      <trkpt lat="55.72042" lon="14.05029">
        <ele>61</ele>
        <time>2024-10-22T11:39:20+00:00</time>
      </trkpt>
      <trkpt lat="55.72043" lon="14.05021">
        <ele>61</ele>
        <time>2024-10-22T11:39:23+00:00</time>
      </trkpt>
      <trkpt lat="55.72047" lon="14.04987">
        <ele>62</ele>
        <time>2024-10-22T11:39:26+00:00</time>
      </trkpt>
      <trkpt lat="55.72048" lon="14.04973">
        <ele>62</ele>
        <time>2024-10-22T11:39:29+00:00</time>
      </trkpt>
      <trkpt lat="55.72048" lon="14.04966">
        <ele>62</ele>
        <time>2024-10-22T11:39:32+00:00</time>
      </trkpt>
      <trkpt lat="55.72047" lon="14.04952">
        <ele>63</ele>
        <time>2024-10-22T11:39:35+00:00</time>
      </trkpt>
      <trkpt lat="55.72047" lon="14.04935">
        <ele>63</ele>
        <time>2024-10-22T11:39:38+00:00</time>
      </trkpt>
      <trkpt lat="55.72045" lon="14.04911">
        <ele>64</ele>
        <time>2024-10-22T11:39:41+00:00</time>
      </trkpt>
      <trkpt lat="55.72045" lon="14.04902">
        <ele>64</ele>
        <time>2024-10-22T11:39:44+00:00</time>
      </trkpt>
      <trkpt lat="55.72047" lon="14.04886">
        <ele>65</ele>
        <time>2024-10-22T11:39:47+00:00</time>
      </trkpt>
      <trkpt lat="55.72048" lon="14.04878">
        <ele>65</ele>
        <time>2024-10-22T11:39:50+00:00</time>
      </trkpt>
      <trkpt lat="55.72048" lon="14.04847">
        <ele>66</ele>
        <time>2024-10-22T11:39:53+00:00</time>
      </trkpt>
      <trkpt lat="55.72048" lon="14.04836">
        <ele>66</ele>
        <time>2024-10-22T11:39:56+00:00</time>
      </trkpt>
      <trkpt lat="55.72044" lon="14.04793">
        <ele>68</ele>
        <time>2024-10-22T11:39:59+00:00</time>
      </trkpt>
      <trkpt lat="55.72044" lon="14.04783">
        <ele>69</ele>
        <time>2024-10-22T11:40:02+00:00</time>
      </trkpt>
      <trkpt lat="55.72046" lon="14.04766">
        <ele>67</ele>
        <time>2024-10-22T11:40:05+00:00</time>
      </trkpt>
      <trkpt lat="55.72045" lon="14.04762">
        <ele>70</ele>
        <time>2024-10-22T11:40:08+00:00</time>
      </trkpt>
      <trkpt lat="55.72029" lon="14.04741">
        <ele>67</ele>
        <time>2024-10-22T11:40:11+00:00</time>
      </trkpt>
      <trkpt lat="55.72009" lon="14.04716">
        <ele>65</ele>
        <time>2024-10-22T11:40:14+00:00</time>
      </trkpt>
      <trkpt lat="55.72004" lon="14.04711">
        <ele>65</ele>
        <time>2024-10-22T11:40:17+00:00</time>
      </trkpt>
      <trkpt lat="55.71999" lon="14.04709">
        <ele>64</ele>
        <time>2024-10-22T11:40:20+00:00</time>
      </trkpt>
      <trkpt lat="55.71984" lon="14.04706">
        <ele>62</ele>
        <time>2024-10-22T11:40:23+00:00</time>
      </trkpt>
      <trkpt lat="55.71953" lon="14.04692">
        <ele>57</ele>
        <time>2024-10-22T11:40:26+00:00</time>
      </trkpt>
      <trkpt lat="55.71943" lon="14.04685">
        <ele>55</ele>
        <time>2024-10-22T11:40:29+00:00</time>
      </trkpt>
      <trkpt lat="55.71938" lon="14.04679">
        <ele>56</ele>
        <time>2024-10-22T11:40:32+00:00</time>
      </trkpt>
      <trkpt lat="55.71933" lon="14.0467">
        <ele>55</ele>
        <time>2024-10-22T11:40:35+00:00</time>
      </trkpt>
      <trkpt lat="55.71928" lon="14.04658">
        <ele>56</ele>
        <time>2024-10-22T11:40:38+00:00</time>
      </trkpt>
      <trkpt lat="55.71917" lon="14.04629">
        <ele>56</ele>
        <time>2024-10-22T11:40:41+00:00</time>
      </trkpt>
      <trkpt lat="55.71915" lon="14.04625">
        <ele>57</ele>
        <time>2024-10-22T11:40:44+00:00</time>
      </trkpt>
      <trkpt lat="55.71911" lon="14.04619">
        <ele>58</ele>
        <time>2024-10-22T11:40:47+00:00</time>
      </trkpt>
      <trkpt lat="55.71908" lon="14.04618">
        <ele>56</ele>
        <time>2024-10-22T11:40:50+00:00</time>
      </trkpt>
      <trkpt lat="55.71903" lon="14.04619">
        <ele>56</ele>
        <time>2024-10-22T11:40:53+00:00</time>
      </trkpt>
      <trkpt lat="55.71901" lon="14.04619">
        <ele>56</ele>
        <time>2024-10-22T11:40:56+00:00</time>
      </trkpt>
      <trkpt lat="55.71891" lon="14.04617">
        <ele>55</ele>
        <time>2024-10-22T11:40:59+00:00</time>
      </trkpt>
      <trkpt lat="55.71875" lon="14.04615">
        <ele>52</ele>
        <time>2024-10-22T11:41:02+00:00</time>
      </trkpt>
      <trkpt lat="55.71852" lon="14.04612">
        <ele>50</ele>
        <time>2024-10-22T11:41:05+00:00</time>
      </trkpt>
      <trkpt lat="55.71846" lon="14.04609">
        <ele>50</ele>
        <time>2024-10-22T11:41:08+00:00</time>
      </trkpt>
      <trkpt lat="55.7184" lon="14.04606">
        <ele>49</ele>
        <time>2024-10-22T11:41:11+00:00</time>
      </trkpt>
      <trkpt lat="55.71824" lon="14.04592">
        <ele>49</ele>
        <time>2024-10-22T11:41:14+00:00</time>
      </trkpt>
      <trkpt lat="55.71801" lon="14.04571">
        <ele>49</ele>
        <time>2024-10-22T11:41:17+00:00</time>
      </trkpt>
      <trkpt lat="55.71794" lon="14.04564">
        <ele>49</ele>
        <time>2024-10-22T11:41:20+00:00</time>
      </trkpt>
      <trkpt lat="55.71785" lon="14.04552">
        <ele>49</ele>
        <time>2024-10-22T11:41:23+00:00</time>
      </trkpt>
      <trkpt lat="55.71777" lon="14.0454">
        <ele>49</ele>
        <time>2024-10-22T11:41:26+00:00</time>
      </trkpt>
      <trkpt lat="55.71768" lon="14.04521">
        <ele>50</ele>
        <time>2024-10-22T11:41:29+00:00</time>
      </trkpt>
      <trkpt lat="55.71763" lon="14.04512">
        <ele>50</ele>
        <time>2024-10-22T11:41:32+00:00</time>
      </trkpt>
      <trkpt lat="55.71757" lon="14.04504">
        <ele>51</ele>
        <time>2024-10-22T11:41:35+00:00</time>
      </trkpt>
      <trkpt lat="55.71752" lon="14.045">
        <ele>50</ele>
        <time>2024-10-22T11:41:38+00:00</time>
      </trkpt>
      <trkpt lat="55.71747" lon="14.04498">
        <ele>51</ele>
        <time>2024-10-22T11:41:41+00:00</time>
      </trkpt>
      <trkpt lat="55.71742" lon="14.04498">
        <ele>51</ele>
        <time>2024-10-22T11:41:44+00:00</time>
      </trkpt>
      <trkpt lat="55.71725" lon="14.04501">
        <ele>50</ele>
        <time>2024-10-22T11:41:47+00:00</time>
      </trkpt>
      <trkpt lat="55.71702" lon="14.04501">
        <ele>50</ele>
        <time>2024-10-22T11:41:50+00:00</time>
      </trkpt>
      <trkpt lat="55.71694" lon="14.04499">
        <ele>50</ele>
        <time>2024-10-22T11:41:53+00:00</time>
      </trkpt>
      <trkpt lat="55.7168" lon="14.04494">
        <ele>50</ele>
        <time>2024-10-22T11:41:56+00:00</time>
      </trkpt>
      <trkpt lat="55.71675" lon="14.04494">
        <ele>50</ele>
        <time>2024-10-22T11:41:59+00:00</time>
      </trkpt>
      <trkpt lat="55.71656" lon="14.04501">
        <ele>50</ele>
        <time>2024-10-22T11:42:02+00:00</time>
      </trkpt>
      <trkpt lat="55.7165" lon="14.04502">
        <ele>49</ele>
        <time>2024-10-22T11:42:05+00:00</time>
      </trkpt>
      <trkpt lat="55.71645" lon="14.04502">
        <ele>50</ele>
        <time>2024-10-22T11:42:08+00:00</time>
      </trkpt>
      <trkpt lat="55.7164" lon="14.045">
        <ele>50</ele>
        <time>2024-10-22T11:42:11+00:00</time>
      </trkpt>
      <trkpt lat="55.71632" lon="14.04495">
        <ele>50</ele>
        <time>2024-10-22T11:42:14+00:00</time>
      </trkpt>
      <trkpt lat="55.71627" lon="14.04493">
        <ele>50</ele>
        <time>2024-10-22T11:42:17+00:00</time>
      </trkpt>
      <trkpt lat="55.71615" lon="14.0449">
        <ele>51</ele>
        <time>2024-10-22T11:42:20+00:00</time>
      </trkpt>
      <trkpt lat="55.71608" lon="14.04486">
        <ele>51</ele>
        <time>2024-10-22T11:42:23+00:00</time>
      </trkpt>
      <trkpt lat="55.716" lon="14.04476">
        <ele>51</ele>
        <time>2024-10-22T11:42:26+00:00</time>
      </trkpt>
      <trkpt lat="55.71593" lon="14.04464">
        <ele>51</ele>
        <time>2024-10-22T11:42:29+00:00</time>
      </trkpt>
      <trkpt lat="55.71589" lon="14.04451">
        <ele>52</ele>
        <time>2024-10-22T11:42:32+00:00</time>
      </trkpt>
      <trkpt lat="55.71585" lon="14.04439">
        <ele>52</ele>
        <time>2024-10-22T11:42:35+00:00</time>
      </trkpt>
      <trkpt lat="55.71584" lon="14.04427">
        <ele>52</ele>
        <time>2024-10-22T11:42:38+00:00</time>
      </trkpt>
      <trkpt lat="55.71584" lon="14.04415">
        <ele>52</ele>
        <time>2024-10-22T11:42:41+00:00</time>
      </trkpt>
      <trkpt lat="55.71586" lon="14.04404">
        <ele>52</ele>
        <time>2024-10-22T11:42:44+00:00</time>
      </trkpt>
      <trkpt lat="55.71589" lon="14.04384">
        <ele>53</ele>
        <time>2024-10-22T11:42:47+00:00</time>
      </trkpt>
      <trkpt lat="55.71591" lon="14.04363">
        <ele>53</ele>
        <time>2024-10-22T11:42:50+00:00</time>
      </trkpt>
      <trkpt lat="55.71592" lon="14.04352">
        <ele>53</ele>
        <time>2024-10-22T11:42:53+00:00</time>
      </trkpt>
      <trkpt lat="55.71591" lon="14.04342">
        <ele>53</ele>
        <time>2024-10-22T11:42:56+00:00</time>
      </trkpt>
      <trkpt lat="55.71589" lon="14.04333">
        <ele>53</ele>
        <time>2024-10-22T11:42:59+00:00</time>
      </trkpt>
      <trkpt lat="55.71587" lon="14.04326">
        <ele>54</ele>
        <time>2024-10-22T11:43:02+00:00</time>
      </trkpt>
      <trkpt lat="55.71585" lon="14.04322">
        <ele>54</ele>
        <time>2024-10-22T11:43:05+00:00</time>
      </trkpt>
      <trkpt lat="55.71582" lon="14.04321">
        <ele>54</ele>
        <time>2024-10-22T11:43:08+00:00</time>
      </trkpt>
      <trkpt lat="55.71568" lon="14.04314">
        <ele>55</ele>
        <time>2024-10-22T11:43:11+00:00</time>
      </trkpt>
      <trkpt lat="55.71558" lon="14.04312">
        <ele>55</ele>
        <time>2024-10-22T11:43:14+00:00</time>
      </trkpt>
      <trkpt lat="55.71538" lon="14.04315">
        <ele>55</ele>
        <time>2024-10-22T11:43:17+00:00</time>
      </trkpt>
      <trkpt lat="55.71534" lon="14.04318">
        <ele>56</ele>
        <time>2024-10-22T11:43:20+00:00</time>
      </trkpt>
      <trkpt lat="55.71529" lon="14.04324">
        <ele>55</ele>
        <time>2024-10-22T11:43:23+00:00</time>
      </trkpt>
      <trkpt lat="55.71525" lon="14.04333">
        <ele>55</ele>
        <time>2024-10-22T11:43:26+00:00</time>
      </trkpt>
      <trkpt lat="55.7151" lon="14.04379">
        <ele>55</ele>
        <time>2024-10-22T11:43:29+00:00</time>
      </trkpt>
      <trkpt lat="55.71506" lon="14.04388">
        <ele>55</ele>
        <time>2024-10-22T11:43:32+00:00</time>
      </trkpt>
      <trkpt lat="55.715" lon="14.04394">
        <ele>54</ele>
        <time>2024-10-22T11:43:35+00:00</time>
      </trkpt>
      <trkpt lat="55.71494" lon="14.04397">
        <ele>55</ele>
        <time>2024-10-22T11:43:38+00:00</time>
      </trkpt>
      <trkpt lat="55.71487" lon="14.04395">
        <ele>56</ele>
        <time>2024-10-22T11:43:41+00:00</time>
      </trkpt>
      <trkpt lat="55.7148" lon="14.0439">
        <ele>56</ele>
        <time>2024-10-22T11:43:44+00:00</time>
      </trkpt>
      <trkpt lat="55.71474" lon="14.04383">
        <ele>56</ele>
        <time>2024-10-22T11:43:47+00:00</time>
      </trkpt>
      <trkpt lat="55.71469" lon="14.04375">
        <ele>57</ele>
        <time>2024-10-22T11:43:50+00:00</time>
      </trkpt>
      <trkpt lat="55.71465" lon="14.04365">
        <ele>57</ele>
        <time>2024-10-22T11:43:53+00:00</time>
      </trkpt>
      <trkpt lat="55.71462" lon="14.04355">
        <ele>57</ele>
        <time>2024-10-22T11:43:56+00:00</time>
      </trkpt>
      <trkpt lat="55.71461" lon="14.04344">
        <ele>57</ele>
        <time>2024-10-22T11:43:59+00:00</time>
      </trkpt>
      <trkpt lat="55.71461" lon="14.043">
        <ele>57</ele>
        <time>2024-10-22T11:44:02+00:00</time>
      </trkpt>
      <trkpt lat="55.71461" lon="14.0429">
        <ele>58</ele>
        <time>2024-10-22T11:44:05+00:00</time>
      </trkpt>
      <trkpt lat="55.71464" lon="14.0428">
        <ele>58</ele>
        <time>2024-10-22T11:44:08+00:00</time>
      </trkpt>
      <trkpt lat="55.71469" lon="14.04265">
        <ele>58</ele>
        <time>2024-10-22T11:44:11+00:00</time>
      </trkpt>
      <trkpt lat="55.71469" lon="14.04258">
        <ele>58</ele>
        <time>2024-10-22T11:44:14+00:00</time>
      </trkpt>
      <trkpt lat="55.71467" lon="14.04231">
        <ele>59</ele>
        <time>2024-10-22T11:44:17+00:00</time>
      </trkpt>
      <trkpt lat="55.71467" lon="14.04207">
        <ele>59</ele>
        <time>2024-10-22T11:44:20+00:00</time>
      </trkpt>
      <trkpt lat="55.71466" lon="14.04198">
        <ele>60</ele>
        <time>2024-10-22T11:44:23+00:00</time>
      </trkpt>
      <trkpt lat="55.71462" lon="14.0419">
        <ele>60</ele>
        <time>2024-10-22T11:44:26+00:00</time>
      </trkpt>
      <trkpt lat="55.71451" lon="14.04176">
        <ele>60</ele>
        <time>2024-10-22T11:44:29+00:00</time>
      </trkpt>
      <trkpt lat="55.71446" lon="14.04166">
        <ele>61</ele>
        <time>2024-10-22T11:44:32+00:00</time>
      </trkpt>
      <trkpt lat="55.71438" lon="14.04141">
        <ele>63</ele>
        <time>2024-10-22T11:44:35+00:00</time>
      </trkpt>
      <trkpt lat="55.71433" lon="14.0413">
        <ele>63</ele>
        <time>2024-10-22T11:44:38+00:00</time>
      </trkpt>
      <trkpt lat="55.71418" lon="14.04102">
        <ele>66</ele>
        <time>2024-10-22T11:44:41+00:00</time>
      </trkpt>
      <trkpt lat="55.7141" lon="14.04085">
        <ele>67</ele>
        <time>2024-10-22T11:44:44+00:00</time>
      </trkpt>
      <trkpt lat="55.71401" lon="14.04068">
        <ele>68</ele>
        <time>2024-10-22T11:44:47+00:00</time>
      </trkpt>
      <trkpt lat="55.71397" lon="14.04059">
        <ele>69</ele>
        <time>2024-10-22T11:44:50+00:00</time>
      </trkpt>
      <trkpt lat="55.71394" lon="14.04049">
        <ele>69</ele>
        <time>2024-10-22T11:44:53+00:00</time>
      </trkpt>
      <trkpt lat="55.71382" lon="14.0402">
        <ele>69</ele>
        <time>2024-10-22T11:44:56+00:00</time>
      </trkpt>
      <trkpt lat="55.71374" lon="14.03999">
        <ele>69</ele>
        <time>2024-10-22T11:44:59+00:00</time>
      </trkpt>
      <trkpt lat="55.71372" lon="14.03986">
        <ele>69</ele>
        <time>2024-10-22T11:45:02+00:00</time>
      </trkpt>
      <trkpt lat="55.71371" lon="14.03979">
        <ele>68</ele>
        <time>2024-10-22T11:45:05+00:00</time>
      </trkpt>
      <trkpt lat="55.71368" lon="14.03953">
        <ele>68</ele>
        <time>2024-10-22T11:45:08+00:00</time>
      </trkpt>
      <trkpt lat="55.71366" lon="14.03926">
        <ele>66</ele>
        <time>2024-10-22T11:45:11+00:00</time>
      </trkpt>
      <trkpt lat="55.71364" lon="14.03918">
        <ele>66</ele>
        <time>2024-10-22T11:45:14+00:00</time>
      </trkpt>
      <trkpt lat="55.71362" lon="14.03909">
        <ele>65</ele>
        <time>2024-10-22T11:45:17+00:00</time>
      </trkpt>
      <trkpt lat="55.71361" lon="14.03899">
        <ele>65</ele>
        <time>2024-10-22T11:45:20+00:00</time>
      </trkpt>
      <trkpt lat="55.71361" lon="14.03888">
        <ele>65</ele>
        <time>2024-10-22T11:45:23+00:00</time>
      </trkpt>
      <trkpt lat="55.71361" lon="14.03879">
        <ele>64</ele>
        <time>2024-10-22T11:45:26+00:00</time>
      </trkpt>
      <trkpt lat="55.71357" lon="14.03861">
        <ele>64</ele>
        <time>2024-10-22T11:45:29+00:00</time>
      </trkpt>
      <trkpt lat="55.71352" lon="14.03822">
        <ele>63</ele>
        <time>2024-10-22T11:45:32+00:00</time>
      </trkpt>
      <trkpt lat="55.7135" lon="14.03813">
        <ele>63</ele>
        <time>2024-10-22T11:45:35+00:00</time>
      </trkpt>
      <trkpt lat="55.71347" lon="14.03805">
        <ele>63</ele>
        <time>2024-10-22T11:45:38+00:00</time>
      </trkpt>
      <trkpt lat="55.71343" lon="14.03797">
        <ele>63</ele>
        <time>2024-10-22T11:45:41+00:00</time>
      </trkpt>
      <trkpt lat="55.71335" lon="14.03783">
        <ele>63</ele>
        <time>2024-10-22T11:45:44+00:00</time>
      </trkpt>
      <trkpt lat="55.71331" lon="14.03775">
        <ele>63</ele>
        <time>2024-10-22T11:45:47+00:00</time>
      </trkpt>
      <trkpt lat="55.71328" lon="14.03768">
        <ele>62</ele>
        <time>2024-10-22T11:45:50+00:00</time>
      </trkpt>
      <trkpt lat="55.71321" lon="14.03748">
        <ele>63</ele>
        <time>2024-10-22T11:45:53+00:00</time>
      </trkpt>
      <trkpt lat="55.71317" lon="14.03736">
        <ele>62</ele>
        <time>2024-10-22T11:45:56+00:00</time>
      </trkpt>
      <trkpt lat="55.71313" lon="14.0373">
        <ele>62</ele>
        <time>2024-10-22T11:45:59+00:00</time>
      </trkpt>
      <trkpt lat="55.71308" lon="14.03724">
        <ele>61</ele>
        <time>2024-10-22T11:46:02+00:00</time>
      </trkpt>
      <trkpt lat="55.71304" lon="14.03716">
        <ele>61</ele>
        <time>2024-10-22T11:46:05+00:00</time>
      </trkpt>
      <trkpt lat="55.71301" lon="14.03707">
        <ele>61</ele>
        <time>2024-10-22T11:46:08+00:00</time>
      </trkpt>
      <trkpt lat="55.71299" lon="14.03697">
        <ele>61</ele>
        <time>2024-10-22T11:46:11+00:00</time>
      </trkpt>
      <trkpt lat="55.71296" lon="14.03689">
        <ele>61</ele>
        <time>2024-10-22T11:46:14+00:00</time>
      </trkpt>
      <trkpt lat="55.71286" lon="14.03666">
        <ele>59</ele>
        <time>2024-10-22T11:46:17+00:00</time>
      </trkpt>
      <trkpt lat="55.71276" lon="14.03641">
        <ele>58</ele>
        <time>2024-10-22T11:46:20+00:00</time>
      </trkpt>
      <trkpt lat="55.71273" lon="14.03632">
        <ele>59</ele>
        <time>2024-10-22T11:46:23+00:00</time>
      </trkpt>
      <trkpt lat="55.71268" lon="14.03614">
        <ele>58</ele>
        <time>2024-10-22T11:46:26+00:00</time>
      </trkpt>
      <trkpt lat="55.71263" lon="14.03594">
        <ele>59</ele>
        <time>2024-10-22T11:46:29+00:00</time>
      </trkpt>
      <trkpt lat="55.7126" lon="14.03574">
        <ele>60</ele>
        <time>2024-10-22T11:46:32+00:00</time>
      </trkpt>
      <trkpt lat="55.7126" lon="14.03564">
        <ele>58</ele>
        <time>2024-10-22T11:46:35+00:00</time>
      </trkpt>
      <trkpt lat="55.71262" lon="14.03517">
        <ele>60</ele>
        <time>2024-10-22T11:46:38+00:00</time>
      </trkpt>
      <trkpt lat="55.71262" lon="14.03505">
        <ele>62</ele>
        <time>2024-10-22T11:46:41+00:00</time>
      </trkpt>
      <trkpt lat="55.7126" lon="14.03493">
        <ele>61</ele>
        <time>2024-10-22T11:46:44+00:00</time>
      </trkpt>
      <trkpt lat="55.71256" lon="14.03483">
        <ele>61</ele>
        <time>2024-10-22T11:46:47+00:00</time>
      </trkpt>
      <trkpt lat="55.71252" lon="14.03472">
        <ele>62</ele>
        <time>2024-10-22T11:46:50+00:00</time>
      </trkpt>
      <trkpt lat="55.71243" lon="14.0345">
        <ele>61</ele>
        <time>2024-10-22T11:46:53+00:00</time>
      </trkpt>
      <trkpt lat="55.71233" lon="14.03429">
        <ele>61</ele>
        <time>2024-10-22T11:46:56+00:00</time>
      </trkpt>
      <trkpt lat="55.71229" lon="14.03417">
        <ele>59</ele>
        <time>2024-10-22T11:46:59+00:00</time>
      </trkpt>
      <trkpt lat="55.71228" lon="14.03404">
        <ele>60</ele>
        <time>2024-10-22T11:47:02+00:00</time>
      </trkpt>
      <trkpt lat="55.71226" lon="14.03368">
        <ele>61</ele>
        <time>2024-10-22T11:47:05+00:00</time>
      </trkpt>
      <trkpt lat="55.71225" lon="14.03329">
        <ele>63</ele>
        <time>2024-10-22T11:47:08+00:00</time>
      </trkpt>
      <trkpt lat="55.71223" lon="14.03274">
        <ele>65</ele>
        <time>2024-10-22T11:47:11+00:00</time>
      </trkpt>
      <trkpt lat="55.71222" lon="14.03256">
        <ele>66</ele>
        <time>2024-10-22T11:47:14+00:00</time>
      </trkpt>
      <trkpt lat="55.7122" lon="14.03244">
        <ele>65</ele>
        <time>2024-10-22T11:47:17+00:00</time>
      </trkpt>
      <trkpt lat="55.71217" lon="14.03233">
        <ele>65</ele>
        <time>2024-10-22T11:47:20+00:00</time>
      </trkpt>
      <trkpt lat="55.71214" lon="14.03223">
        <ele>66</ele>
        <time>2024-10-22T11:47:23+00:00</time>
      </trkpt>
      <trkpt lat="55.71209" lon="14.03208">
        <ele>64</ele>
        <time>2024-10-22T11:47:26+00:00</time>
      </trkpt>
      <trkpt lat="55.71203" lon="14.03195">
        <ele>65</ele>
        <time>2024-10-22T11:47:29+00:00</time>
      </trkpt>
      <trkpt lat="55.71198" lon="14.03187">
        <ele>63</ele>
        <time>2024-10-22T11:47:32+00:00</time>
      </trkpt>
      <trkpt lat="55.71187" lon="14.03173">
        <ele>62</ele>
        <time>2024-10-22T11:47:35+00:00</time>
      </trkpt>
      <trkpt lat="55.71181" lon="14.03167">
        <ele>62</ele>
        <time>2024-10-22T11:47:38+00:00</time>
      </trkpt>
      <trkpt lat="55.71169" lon="14.03156">
        <ele>60</ele>
        <time>2024-10-22T11:47:41+00:00</time>
      </trkpt>
      <trkpt lat="55.71163" lon="14.0315">
        <ele>62</ele>
        <time>2024-10-22T11:47:44+00:00</time>
      </trkpt>
      <trkpt lat="55.71159" lon="14.03144">
        <ele>61</ele>
        <time>2024-10-22T11:47:47+00:00</time>
      </trkpt>
      <trkpt lat="55.71155" lon="14.03136">
        <ele>62</ele>
        <time>2024-10-22T11:47:50+00:00</time>
      </trkpt>
      <trkpt lat="55.71152" lon="14.03126">
        <ele>62</ele>
        <time>2024-10-22T11:47:53+00:00</time>
      </trkpt>
      <trkpt lat="55.7115" lon="14.03117">
        <ele>63</ele>
        <time>2024-10-22T11:47:56+00:00</time>
      </trkpt>
      <trkpt lat="55.71148" lon="14.03107">
        <ele>63</ele>
        <time>2024-10-22T11:47:59+00:00</time>
      </trkpt>
      <trkpt lat="55.71144" lon="14.03075">
        <ele>64</ele>
        <time>2024-10-22T11:48:02+00:00</time>
      </trkpt>
      <trkpt lat="55.71142" lon="14.03064">
        <ele>65</ele>
        <time>2024-10-22T11:48:05+00:00</time>
      </trkpt>
      <trkpt lat="55.71134" lon="14.03034">
        <ele>65</ele>
        <time>2024-10-22T11:48:08+00:00</time>
      </trkpt>
      <trkpt lat="55.71131" lon="14.03023">
        <ele>65</ele>
        <time>2024-10-22T11:48:11+00:00</time>
      </trkpt>
      <trkpt lat="55.7113" lon="14.03011">
        <ele>65</ele>
        <time>2024-10-22T11:48:14+00:00</time>
      </trkpt>
      <trkpt lat="55.7113" lon="14.03001">
        <ele>65</ele>
        <time>2024-10-22T11:48:17+00:00</time>
      </trkpt>
      <trkpt lat="55.7113" lon="14.02995">
        <ele>65</ele>
        <time>2024-10-22T11:48:20+00:00</time>
      </trkpt>
      <trkpt lat="55.71132" lon="14.02978">
        <ele>65</ele>
        <time>2024-10-22T11:48:23+00:00</time>
      </trkpt>
      <trkpt lat="55.71136" lon="14.0295">
        <ele>65</ele>
        <time>2024-10-22T11:48:26+00:00</time>
      </trkpt>
      <trkpt lat="55.71144" lon="14.02912">
        <ele>64</ele>
        <time>2024-10-22T11:48:29+00:00</time>
      </trkpt>
      <trkpt lat="55.71154" lon="14.02878">
        <ele>64</ele>
        <time>2024-10-22T11:48:32+00:00</time>
      </trkpt>
      <trkpt lat="55.71159" lon="14.02856">
        <ele>64</ele>
        <time>2024-10-22T11:48:35+00:00</time>
      </trkpt>
      <trkpt lat="55.71166" lon="14.0282">
        <ele>64</ele>
        <time>2024-10-22T11:48:38+00:00</time>
      </trkpt>
      <trkpt lat="55.7118" lon="14.02759">
        <ele>66</ele>
        <time>2024-10-22T11:48:41+00:00</time>
      </trkpt>
      <trkpt lat="55.71182" lon="14.02748">
        <ele>68</ele>
        <time>2024-10-22T11:48:44+00:00</time>
      </trkpt>
      <trkpt lat="55.71183" lon="14.02737">
        <ele>69</ele>
        <time>2024-10-22T11:48:47+00:00</time>
      </trkpt>
      <trkpt lat="55.71183" lon="14.02727">
        <ele>66</ele>
        <time>2024-10-22T11:48:50+00:00</time>
      </trkpt>
      <trkpt lat="55.71181" lon="14.02713">
        <ele>69</ele>
        <time>2024-10-22T11:48:53+00:00</time>
      </trkpt>
      <trkpt lat="55.71178" lon="14.02699">
        <ele>67</ele>
        <time>2024-10-22T11:48:56+00:00</time>
      </trkpt>
      <trkpt lat="55.71164" lon="14.0266">
        <ele>67</ele>
        <time>2024-10-22T11:48:59+00:00</time>
      </trkpt>
      <trkpt lat="55.71153" lon="14.02631">
        <ele>67</ele>
        <time>2024-10-22T11:49:02+00:00</time>
      </trkpt>
      <trkpt lat="55.7115" lon="14.0262">
        <ele>68</ele>
        <time>2024-10-22T11:49:05+00:00</time>
      </trkpt>
      <trkpt lat="55.71148" lon="14.0261">
        <ele>68</ele>
        <time>2024-10-22T11:49:08+00:00</time>
      </trkpt>
      <trkpt lat="55.71144" lon="14.02586">
        <ele>68</ele>
        <time>2024-10-22T11:49:11+00:00</time>
      </trkpt>
      <trkpt lat="55.71142" lon="14.02567">
        <ele>69</ele>
        <time>2024-10-22T11:49:14+00:00</time>
      </trkpt>
      <trkpt lat="55.7114" lon="14.02527">
        <ele>69</ele>
        <time>2024-10-22T11:49:17+00:00</time>
      </trkpt>
      <trkpt lat="55.71137" lon="14.02504">
        <ele>70</ele>
        <time>2024-10-22T11:49:20+00:00</time>
      </trkpt>
      <trkpt lat="55.71136" lon="14.02494">
        <ele>70</ele>
        <time>2024-10-22T11:49:23+00:00</time>
      </trkpt>
      <trkpt lat="55.71134" lon="14.02483">
        <ele>71</ele>
        <time>2024-10-22T11:49:26+00:00</time>
      </trkpt>
      <trkpt lat="55.71131" lon="14.02474">
        <ele>71</ele>
        <time>2024-10-22T11:49:29+00:00</time>
      </trkpt>
      <trkpt lat="55.71123" lon="14.02443">
        <ele>72</ele>
        <time>2024-10-22T11:49:32+00:00</time>
      </trkpt>
      <trkpt lat="55.71114" lon="14.02416">
        <ele>72</ele>
        <time>2024-10-22T11:49:35+00:00</time>
      </trkpt>
      <trkpt lat="55.71103" lon="14.02391">
        <ele>71</ele>
        <time>2024-10-22T11:49:38+00:00</time>
      </trkpt>
      <trkpt lat="55.71088" lon="14.02361">
        <ele>71</ele>
        <time>2024-10-22T11:49:41+00:00</time>
      </trkpt>
      <trkpt lat="55.71073" lon="14.02339">
        <ele>71</ele>
        <time>2024-10-22T11:49:44+00:00</time>
      </trkpt>
      <trkpt lat="55.71057" lon="14.02319">
        <ele>71</ele>
        <time>2024-10-22T11:49:47+00:00</time>
      </trkpt>
      <trkpt lat="55.71037" lon="14.02285">
        <ele>72</ele>
        <time>2024-10-22T11:49:50+00:00</time>
      </trkpt>
      <trkpt lat="55.71032" lon="14.02277">
        <ele>73</ele>
        <time>2024-10-22T11:49:53+00:00</time>
      </trkpt>
      <trkpt lat="55.71007" lon="14.02245">
        <ele>74</ele>
        <time>2024-10-22T11:49:56+00:00</time>
      </trkpt>
      <trkpt lat="55.71003" lon="14.02239">
        <ele>75</ele>
        <time>2024-10-22T11:49:59+00:00</time>
      </trkpt>
      <trkpt lat="55.70993" lon="14.0223">
        <ele>74</ele>
        <time>2024-10-22T11:50:02+00:00</time>
      </trkpt>
      <trkpt lat="55.70984" lon="14.02218">
        <ele>74</ele>
        <time>2024-10-22T11:50:05+00:00</time>
      </trkpt>
      <trkpt lat="55.70969" lon="14.02195">
        <ele>73</ele>
        <time>2024-10-22T11:50:08+00:00</time>
      </trkpt>
      <trkpt lat="55.70944" lon="14.02165">
        <ele>72</ele>
        <time>2024-10-22T11:50:11+00:00</time>
      </trkpt>
      <trkpt lat="55.7094" lon="14.02158">
        <ele>71</ele>
        <time>2024-10-22T11:50:14+00:00</time>
      </trkpt>
      <trkpt lat="55.70932" lon="14.02144">
        <ele>72</ele>
        <time>2024-10-22T11:50:17+00:00</time>
      </trkpt>
      <trkpt lat="55.70929" lon="14.02136">
        <ele>71</ele>
        <time>2024-10-22T11:50:20+00:00</time>
      </trkpt>
      <trkpt lat="55.70923" lon="14.02095">
        <ele>73</ele>
        <time>2024-10-22T11:50:23+00:00</time>
      </trkpt>
      <trkpt lat="55.70918" lon="14.02064">
        <ele>73</ele>
        <time>2024-10-22T11:50:26+00:00</time>
      </trkpt>
      <trkpt lat="55.70911" lon="14.02035">
        <ele>73</ele>
        <time>2024-10-22T11:50:29+00:00</time>
      </trkpt>
      <trkpt lat="55.709" lon="14.02002">
        <ele>74</ele>
        <time>2024-10-22T11:50:32+00:00</time>
      </trkpt>
      <trkpt lat="55.70888" lon="14.01968">
        <ele>74</ele>
        <time>2024-10-22T11:50:35+00:00</time>
      </trkpt>
      <trkpt lat="55.70881" lon="14.01953">
        <ele>77</ele>
        <time>2024-10-22T11:50:38+00:00</time>
      </trkpt>
      <trkpt lat="55.70869" lon="14.01931">
        <ele>75</ele>
        <time>2024-10-22T11:50:41+00:00</time>
      </trkpt>
      <trkpt lat="55.70865" lon="14.01924">
        <ele>76</ele>
        <time>2024-10-22T11:50:44+00:00</time>
      </trkpt>
      <trkpt lat="55.70851" lon="14.01907">
        <ele>76</ele>
        <time>2024-10-22T11:50:47+00:00</time>
      </trkpt>
      <trkpt lat="55.70847" lon="14.019">
        <ele>74</ele>
        <time>2024-10-22T11:50:50+00:00</time>
      </trkpt>
      <trkpt lat="55.70845" lon="14.01892">
        <ele>75</ele>
        <time>2024-10-22T11:50:53+00:00</time>
      </trkpt>
      <trkpt lat="55.70843" lon="14.01884">
        <ele>76</ele>
        <time>2024-10-22T11:50:56+00:00</time>
      </trkpt>
      <trkpt lat="55.70839" lon="14.01856">
        <ele>76</ele>
        <time>2024-10-22T11:50:59+00:00</time>
      </trkpt>
      <trkpt lat="55.70834" lon="14.01825">
        <ele>77</ele>
        <time>2024-10-22T11:51:02+00:00</time>
      </trkpt>
      <trkpt lat="55.70833" lon="14.01814">
        <ele>78</ele>
        <time>2024-10-22T11:51:05+00:00</time>
      </trkpt>
      <trkpt lat="55.70833" lon="14.01795">
        <ele>78</ele>
        <time>2024-10-22T11:51:08+00:00</time>
      </trkpt>
      <trkpt lat="55.70832" lon="14.01778">
        <ele>79</ele>
        <time>2024-10-22T11:51:11+00:00</time>
      </trkpt>
      <trkpt lat="55.70833" lon="14.01769">
        <ele>79</ele>
        <time>2024-10-22T11:51:14+00:00</time>
      </trkpt>
      <trkpt lat="55.70834" lon="14.01759">
        <ele>79</ele>
        <time>2024-10-22T11:51:17+00:00</time>
      </trkpt>
      <trkpt lat="55.70838" lon="14.01743">
        <ele>79</ele>
        <time>2024-10-22T11:51:20+00:00</time>
      </trkpt>
      <trkpt lat="55.7084" lon="14.01732">
        <ele>79</ele>
        <time>2024-10-22T11:51:23+00:00</time>
      </trkpt>
      <trkpt lat="55.70838" lon="14.01717">
        <ele>80</ele>
        <time>2024-10-22T11:51:26+00:00</time>
      </trkpt>
      <trkpt lat="55.70838" lon="14.01708">
        <ele>80</ele>
        <time>2024-10-22T11:51:29+00:00</time>
      </trkpt>
      <trkpt lat="55.70839" lon="14.017">
        <ele>80</ele>
        <time>2024-10-22T11:51:32+00:00</time>
      </trkpt>
      <trkpt lat="55.70842" lon="14.01696">
        <ele>81</ele>
        <time>2024-10-22T11:51:35+00:00</time>
      </trkpt>
      <trkpt lat="55.70844" lon="14.01698">
        <ele>81</ele>
        <time>2024-10-22T11:51:38+00:00</time>
      </trkpt>
      <trkpt lat="55.70847" lon="14.01704">
        <ele>81</ele>
        <time>2024-10-22T11:51:41+00:00</time>
      </trkpt>
      <trkpt lat="55.70857" lon="14.01736">
        <ele>83</ele>
        <time>2024-10-22T11:51:44+00:00</time>
      </trkpt>
      <trkpt lat="55.7086" lon="14.01741">
        <ele>83</ele>
        <time>2024-10-22T11:51:47+00:00</time>
      </trkpt>
      <trkpt lat="55.70863" lon="14.01741">
        <ele>84</ele>
        <time>2024-10-22T11:51:50+00:00</time>
      </trkpt>
      <trkpt lat="55.70865" lon="14.01735">
        <ele>84</ele>
        <time>2024-10-22T11:51:53+00:00</time>
      </trkpt>
      <trkpt lat="55.7087" lon="14.01693">
        <ele>85</ele>
        <time>2024-10-22T11:51:56+00:00</time>
      </trkpt>
      <trkpt lat="55.70877" lon="14.01655">
        <ele>87</ele>
        <time>2024-10-22T11:51:59+00:00</time>
      </trkpt>
      <trkpt lat="55.70883" lon="14.01637">
        <ele>88</ele>
        <time>2024-10-22T11:52:02+00:00</time>
      </trkpt>
      <trkpt lat="55.70887" lon="14.01629">
        <ele>88</ele>
        <time>2024-10-22T11:52:05+00:00</time>
      </trkpt>
      <trkpt lat="55.70899" lon="14.01609">
        <ele>89</ele>
        <time>2024-10-22T11:52:08+00:00</time>
      </trkpt>
      <trkpt lat="55.70901" lon="14.01602">
        <ele>91</ele>
        <time>2024-10-22T11:52:11+00:00</time>
      </trkpt>
      <trkpt lat="55.70902" lon="14.01594">
        <ele>91</ele>
        <time>2024-10-22T11:52:14+00:00</time>
      </trkpt>
      <trkpt lat="55.70901" lon="14.01586">
        <ele>91</ele>
        <time>2024-10-22T11:52:17+00:00</time>
      </trkpt>
      <trkpt lat="55.70895" lon="14.01561">
        <ele>89</ele>
        <time>2024-10-22T11:52:20+00:00</time>
      </trkpt>
      <trkpt lat="55.70894" lon="14.01551">
        <ele>89</ele>
        <time>2024-10-22T11:52:23+00:00</time>
      </trkpt>
      <trkpt lat="55.70893" lon="14.01519">
        <ele>89</ele>
        <time>2024-10-22T11:52:26+00:00</time>
      </trkpt>
      <trkpt lat="55.70892" lon="14.01481">
        <ele>90</ele>
        <time>2024-10-22T11:52:29+00:00</time>
      </trkpt>
      <trkpt lat="55.70892" lon="14.0147">
        <ele>90</ele>
        <time>2024-10-22T11:52:32+00:00</time>
      </trkpt>
      <trkpt lat="55.70893" lon="14.01453">
        <ele>90</ele>
        <time>2024-10-22T11:52:35+00:00</time>
      </trkpt>
      <trkpt lat="55.70896" lon="14.01425">
        <ele>91</ele>
        <time>2024-10-22T11:52:38+00:00</time>
      </trkpt>
      <trkpt lat="55.70897" lon="14.01414">
        <ele>91</ele>
        <time>2024-10-22T11:52:41+00:00</time>
      </trkpt>
      <trkpt lat="55.70901" lon="14.01392">
        <ele>93</ele>
        <time>2024-10-22T11:52:44+00:00</time>
      </trkpt>
      <trkpt lat="55.70902" lon="14.01381">
        <ele>94</ele>
        <time>2024-10-22T11:52:47+00:00</time>
      </trkpt>
      <trkpt lat="55.70903" lon="14.01369">
        <ele>94</ele>
        <time>2024-10-22T11:52:50+00:00</time>
      </trkpt>
      <trkpt lat="55.70903" lon="14.01358">
        <ele>94</ele>
        <time>2024-10-22T11:52:53+00:00</time>
      </trkpt>
      <trkpt lat="55.70902" lon="14.01348">
        <ele>95</ele>
        <time>2024-10-22T11:52:56+00:00</time>
      </trkpt>
      <trkpt lat="55.70901" lon="14.01338">
        <ele>95</ele>
        <time>2024-10-22T11:52:59+00:00</time>
      </trkpt>
      <trkpt lat="55.709" lon="14.01334">
        <ele>94</ele>
        <time>2024-10-22T11:53:02+00:00</time>
      </trkpt>
      <trkpt lat="55.70894" lon="14.01311">
        <ele>94</ele>
        <time>2024-10-22T11:53:05+00:00</time>
      </trkpt>
      <trkpt lat="55.70886" lon="14.01284">
        <ele>93</ele>
        <time>2024-10-22T11:53:08+00:00</time>
      </trkpt>
      <trkpt lat="55.70881" lon="14.01264">
        <ele>93</ele>
        <time>2024-10-22T11:53:11+00:00</time>
      </trkpt>
      <trkpt lat="55.70879" lon="14.01254">
        <ele>92</ele>
        <time>2024-10-22T11:53:14+00:00</time>
      </trkpt>
      <trkpt lat="55.70878" lon="14.01243">
        <ele>92</ele>
        <time>2024-10-22T11:53:17+00:00</time>
      </trkpt>
      <trkpt lat="55.70877" lon="14.01232">
        <ele>92</ele>
        <time>2024-10-22T11:53:20+00:00</time>
      </trkpt>
      <trkpt lat="55.70878" lon="14.01222">
        <ele>92</ele>
        <time>2024-10-22T11:53:23+00:00</time>
      </trkpt>
      <trkpt lat="55.70879" lon="14.01192">
        <ele>91</ele>
        <time>2024-10-22T11:53:26+00:00</time>
      </trkpt>
      <trkpt lat="55.70879" lon="14.01182">
        <ele>91</ele>
        <time>2024-10-22T11:53:29+00:00</time>
      </trkpt>
      <trkpt lat="55.70879" lon="14.01172">
        <ele>91</ele>
        <time>2024-10-22T11:53:32+00:00</time>
      </trkpt>
      <trkpt lat="55.70875" lon="14.01133">
        <ele>90</ele>
        <time>2024-10-22T11:53:35+00:00</time>
      </trkpt>
      <trkpt lat="55.70875" lon="14.01128">
        <ele>89</ele>
        <time>2024-10-22T11:53:38+00:00</time>
      </trkpt>
      <trkpt lat="55.70872" lon="14.01118">
        <ele>89</ele>
        <time>2024-10-22T11:53:41+00:00</time>
      </trkpt>
      <trkpt lat="55.70868" lon="14.01109">
        <ele>87</ele>
        <time>2024-10-22T11:53:44+00:00</time>
      </trkpt>
      <trkpt lat="55.70864" lon="14.01103">
        <ele>87</ele>
        <time>2024-10-22T11:53:47+00:00</time>
      </trkpt>
      <trkpt lat="55.70845" lon="14.01097">
        <ele>84</ele>
        <time>2024-10-22T11:53:50+00:00</time>
      </trkpt>
      <trkpt lat="55.70838" lon="14.01093">
        <ele>83</ele>
        <time>2024-10-22T11:53:53+00:00</time>
      </trkpt>
      <trkpt lat="55.70831" lon="14.01087">
        <ele>83</ele>
        <time>2024-10-22T11:53:56+00:00</time>
      </trkpt>
      <trkpt lat="55.70826" lon="14.01079">
        <ele>82</ele>
        <time>2024-10-22T11:53:59+00:00</time>
      </trkpt>
      <trkpt lat="55.70822" lon="14.01068">
        <ele>82</ele>
        <time>2024-10-22T11:54:02+00:00</time>
      </trkpt>
      <trkpt lat="55.7082" lon="14.01055">
        <ele>81</ele>
        <time>2024-10-22T11:54:05+00:00</time>
      </trkpt>
      <trkpt lat="55.7082" lon="14.01042">
        <ele>82</ele>
        <time>2024-10-22T11:54:08+00:00</time>
      </trkpt>
      <trkpt lat="55.7082" lon="14.01015">
        <ele>81</ele>
        <time>2024-10-22T11:54:11+00:00</time>
      </trkpt>
      <trkpt lat="55.70822" lon="14.00992">
        <ele>81</ele>
        <time>2024-10-22T11:54:14+00:00</time>
      </trkpt>
      <trkpt lat="55.70823" lon="14.00965">
        <ele>81</ele>
        <time>2024-10-22T11:54:17+00:00</time>
      </trkpt>
      <trkpt lat="55.70826" lon="14.0093">
        <ele>82</ele>
        <time>2024-10-22T11:54:20+00:00</time>
      </trkpt>
      <trkpt lat="55.70829" lon="14.00907">
        <ele>83</ele>
        <time>2024-10-22T11:54:23+00:00</time>
      </trkpt>
      <trkpt lat="55.70833" lon="14.00883">
        <ele>83</ele>
        <time>2024-10-22T11:54:26+00:00</time>
      </trkpt>
      <trkpt lat="55.70841" lon="14.0085">
        <ele>83</ele>
        <time>2024-10-22T11:54:29+00:00</time>
      </trkpt>
      <trkpt lat="55.70848" lon="14.00805">
        <ele>84</ele>
        <time>2024-10-22T11:54:32+00:00</time>
      </trkpt>
      <trkpt lat="55.70852" lon="14.00778">
        <ele>85</ele>
        <time>2024-10-22T11:54:35+00:00</time>
      </trkpt>
      <trkpt lat="55.70854" lon="14.00755">
        <ele>86</ele>
        <time>2024-10-22T11:54:38+00:00</time>
      </trkpt>
      <trkpt lat="55.70854" lon="14.00733">
        <ele>86</ele>
        <time>2024-10-22T11:54:41+00:00</time>
      </trkpt>
      <trkpt lat="55.70852" lon="14.00703">
        <ele>87</ele>
        <time>2024-10-22T11:54:44+00:00</time>
      </trkpt>
      <trkpt lat="55.70852" lon="14.00672">
        <ele>88</ele>
        <time>2024-10-22T11:54:47+00:00</time>
      </trkpt>
      <trkpt lat="55.70851" lon="14.00661">
        <ele>88</ele>
        <time>2024-10-22T11:54:50+00:00</time>
      </trkpt>
      <trkpt lat="55.70849" lon="14.00638">
        <ele>88</ele>
        <time>2024-10-22T11:54:53+00:00</time>
      </trkpt>
      <trkpt lat="55.70846" lon="14.00604">
        <ele>87</ele>
        <time>2024-10-22T11:54:56+00:00</time>
      </trkpt>
      <trkpt lat="55.70842" lon="14.00583">
        <ele>87</ele>
        <time>2024-10-22T11:54:59+00:00</time>
      </trkpt>
      <trkpt lat="55.70833" lon="14.00548">
        <ele>86</ele>
        <time>2024-10-22T11:55:02+00:00</time>
      </trkpt>
      <trkpt lat="55.70821" lon="14.00499">
        <ele>86</ele>
        <time>2024-10-22T11:55:05+00:00</time>
      </trkpt>
      <trkpt lat="55.70816" lon="14.00468">
        <ele>88</ele>
        <time>2024-10-22T11:55:08+00:00</time>
      </trkpt>
      <trkpt lat="55.70813" lon="14.00461">
        <ele>88</ele>
        <time>2024-10-22T11:55:11+00:00</time>
      </trkpt>
      <trkpt lat="55.70804" lon="14.00439">
        <ele>89</ele>
        <time>2024-10-22T11:55:14+00:00</time>
      </trkpt>
      <trkpt lat="55.70801" lon="14.00431">
        <ele>89</ele>
        <time>2024-10-22T11:55:17+00:00</time>
      </trkpt>
      <trkpt lat="55.70799" lon="14.00423">
        <ele>90</ele>
        <time>2024-10-22T11:55:20+00:00</time>
      </trkpt>
      <trkpt lat="55.70796" lon="14.00405">
        <ele>90</ele>
        <time>2024-10-22T11:55:23+00:00</time>
      </trkpt>
      <trkpt lat="55.70793" lon="14.00383">
        <ele>90</ele>
        <time>2024-10-22T11:55:26+00:00</time>
      </trkpt>
      <trkpt lat="55.70791" lon="14.00372">
        <ele>90</ele>
        <time>2024-10-22T11:55:29+00:00</time>
      </trkpt>
      <trkpt lat="55.70788" lon="14.00353">
        <ele>91</ele>
        <time>2024-10-22T11:55:32+00:00</time>
      </trkpt>
      <trkpt lat="55.70783" lon="14.00335">
        <ele>91</ele>
        <time>2024-10-22T11:55:35+00:00</time>
      </trkpt>
      <trkpt lat="55.70777" lon="14.00319">
        <ele>92</ele>
        <time>2024-10-22T11:55:38+00:00</time>
      </trkpt>
      <trkpt lat="55.70772" lon="14.003">
        <ele>92</ele>
        <time>2024-10-22T11:55:41+00:00</time>
      </trkpt>
      <trkpt lat="55.7077" lon="14.00289">
        <ele>92</ele>
        <time>2024-10-22T11:55:44+00:00</time>
      </trkpt>
      <trkpt lat="55.70767" lon="14.00262">
        <ele>92</ele>
        <time>2024-10-22T11:55:47+00:00</time>
      </trkpt>
      <trkpt lat="55.70765" lon="14.00252">
        <ele>92</ele>
        <time>2024-10-22T11:55:50+00:00</time>
      </trkpt>
      <trkpt lat="55.70763" lon="14.00244">
        <ele>92</ele>
        <time>2024-10-22T11:55:53+00:00</time>
      </trkpt>
      <trkpt lat="55.70757" lon="14.0023">
        <ele>93</ele>
        <time>2024-10-22T11:55:56+00:00</time>
      </trkpt>
      <trkpt lat="55.70746" lon="14.00212">
        <ele>94</ele>
        <time>2024-10-22T11:55:59+00:00</time>
      </trkpt>
      <trkpt lat="55.70742" lon="14.00205">
        <ele>94</ele>
        <time>2024-10-22T11:56:02+00:00</time>
      </trkpt>
      <trkpt lat="55.70736" lon="14.00186">
        <ele>95</ele>
        <time>2024-10-22T11:56:05+00:00</time>
      </trkpt>
      <trkpt lat="55.70731" lon="14.00165">
        <ele>95</ele>
        <time>2024-10-22T11:56:08+00:00</time>
      </trkpt>
      <trkpt lat="55.70727" lon="14.00145">
        <ele>97</ele>
        <time>2024-10-22T11:56:11+00:00</time>
      </trkpt>
      <trkpt lat="55.70723" lon="14.00099">
        <ele>97</ele>
        <time>2024-10-22T11:56:14+00:00</time>
      </trkpt>
      <trkpt lat="55.70719" lon="14.00077">
        <ele>98</ele>
        <time>2024-10-22T11:56:17+00:00</time>
      </trkpt>
      <trkpt lat="55.70718" lon="14.00066">
        <ele>98</ele>
        <time>2024-10-22T11:56:20+00:00</time>
      </trkpt>
      <trkpt lat="55.70718" lon="14.00044">
        <ele>98</ele>
        <time>2024-10-22T11:56:23+00:00</time>
      </trkpt>
      <trkpt lat="55.70718" lon="14.00034">
        <ele>98</ele>
        <time>2024-10-22T11:56:26+00:00</time>
      </trkpt>
      <trkpt lat="55.70722" lon="14.00002">
        <ele>97</ele>
        <time>2024-10-22T11:56:29+00:00</time>
      </trkpt>
      <trkpt lat="55.70724" lon="13.99991">
        <ele>97</ele>
        <time>2024-10-22T11:56:32+00:00</time>
      </trkpt>
      <trkpt lat="55.70728" lon="13.99972">
        <ele>97</ele>
        <time>2024-10-22T11:56:35+00:00</time>
      </trkpt>
      <trkpt lat="55.70729" lon="13.99961">
        <ele>97</ele>
        <time>2024-10-22T11:56:38+00:00</time>
      </trkpt>
      <trkpt lat="55.70731" lon="13.9994">
        <ele>96</ele>
        <time>2024-10-22T11:56:41+00:00</time>
      </trkpt>
      <trkpt lat="55.70731" lon="13.99907">
        <ele>96</ele>
        <time>2024-10-22T11:56:44+00:00</time>
      </trkpt>
      <trkpt lat="55.70731" lon="13.99873">
        <ele>96</ele>
        <time>2024-10-22T11:56:47+00:00</time>
      </trkpt>
      <trkpt lat="55.70726" lon="13.99821">
        <ele>97</ele>
        <time>2024-10-22T11:56:50+00:00</time>
      </trkpt>
      <trkpt lat="55.70726" lon="13.99814">
        <ele>97</ele>
        <time>2024-10-22T11:56:53+00:00</time>
      </trkpt>
      <trkpt lat="55.70728" lon="13.99806">
        <ele>97</ele>
        <time>2024-10-22T11:56:56+00:00</time>
      </trkpt>
      <trkpt lat="55.70728" lon="13.99794">
        <ele>97</ele>
        <time>2024-10-22T11:56:59+00:00</time>
      </trkpt>
      <trkpt lat="55.7073" lon="13.99787">
        <ele>96</ele>
        <time>2024-10-22T11:57:02+00:00</time>
      </trkpt>
      <trkpt lat="55.70733" lon="13.99771">
        <ele>96</ele>
        <time>2024-10-22T11:57:05+00:00</time>
      </trkpt>
      <trkpt lat="55.70734" lon="13.99765">
        <ele>96</ele>
        <time>2024-10-22T11:57:08+00:00</time>
      </trkpt>
      <trkpt lat="55.70733" lon="13.99758">
        <ele>96</ele>
        <time>2024-10-22T11:57:11+00:00</time>
      </trkpt>
      <trkpt lat="55.70733" lon="13.99755">
        <ele>96</ele>
        <time>2024-10-22T11:57:14+00:00</time>
      </trkpt>
      <trkpt lat="55.70738" lon="13.99736">
        <ele>96</ele>
        <time>2024-10-22T11:57:17+00:00</time>
      </trkpt>
      <trkpt lat="55.7074" lon="13.99722">
        <ele>96</ele>
        <time>2024-10-22T11:57:20+00:00</time>
      </trkpt>
      <trkpt lat="55.7074" lon="13.99719">
        <ele>96</ele>
        <time>2024-10-22T11:57:23+00:00</time>
      </trkpt>
      <trkpt lat="55.70737" lon="13.99714">
        <ele>96</ele>
        <time>2024-10-22T11:57:26+00:00</time>
      </trkpt>
      <trkpt lat="55.70735" lon="13.9971">
        <ele>96</ele>
        <time>2024-10-22T11:57:29+00:00</time>
      </trkpt>
      <trkpt lat="55.70735" lon="13.99704">
        <ele>96</ele>
        <time>2024-10-22T11:57:32+00:00</time>
      </trkpt>
      <trkpt lat="55.70735" lon="13.99699">
        <ele>96</ele>
        <time>2024-10-22T11:57:35+00:00</time>
      </trkpt>
      <trkpt lat="55.70736" lon="13.99684">
        <ele>96</ele>
        <time>2024-10-22T11:57:38+00:00</time>
      </trkpt>
      <trkpt lat="55.70738" lon="13.99666">
        <ele>96</ele>
        <time>2024-10-22T11:57:41+00:00</time>
      </trkpt>
      <trkpt lat="55.70741" lon="13.9965">
        <ele>96</ele>
        <time>2024-10-22T11:57:44+00:00</time>
      </trkpt>
      <trkpt lat="55.70747" lon="13.99619">
        <ele>97</ele>
        <time>2024-10-22T11:57:47+00:00</time>
      </trkpt>
      <trkpt lat="55.70759" lon="13.99573">
        <ele>98</ele>
        <time>2024-10-22T11:57:50+00:00</time>
      </trkpt>
      <trkpt lat="55.70765" lon="13.9955">
        <ele>99</ele>
        <time>2024-10-22T11:57:53+00:00</time>
      </trkpt>
      <trkpt lat="55.70771" lon="13.99521">
        <ele>99</ele>
        <time>2024-10-22T11:57:56+00:00</time>
      </trkpt>
      <trkpt lat="55.70774" lon="13.99512">
        <ele>99</ele>
        <time>2024-10-22T11:57:59+00:00</time>
      </trkpt>
      <trkpt lat="55.7078" lon="13.99493">
        <ele>99</ele>
        <time>2024-10-22T11:58:02+00:00</time>
      </trkpt>
      <trkpt lat="55.70784" lon="13.99475">
        <ele>98</ele>
        <time>2024-10-22T11:58:05+00:00</time>
      </trkpt>
      <trkpt lat="55.70792" lon="13.99444">
        <ele>99</ele>
        <time>2024-10-22T11:58:08+00:00</time>
      </trkpt>
      <trkpt lat="55.70796" lon="13.99424">
        <ele>99</ele>
        <time>2024-10-22T11:58:11+00:00</time>
      </trkpt>
      <trkpt lat="55.70799" lon="13.99415">
        <ele>99</ele>
        <time>2024-10-22T11:58:14+00:00</time>
      </trkpt>
      <trkpt lat="55.70812" lon="13.99379">
        <ele>99</ele>
        <time>2024-10-22T11:58:17+00:00</time>
      </trkpt>
      <trkpt lat="55.70818" lon="13.99362">
        <ele>99</ele>
        <time>2024-10-22T11:58:20+00:00</time>
      </trkpt>
      <trkpt lat="55.70821" lon="13.99352">
        <ele>100</ele>
        <time>2024-10-22T11:58:23+00:00</time>
      </trkpt>
      <trkpt lat="55.70823" lon="13.99341">
        <ele>100</ele>
        <time>2024-10-22T11:58:26+00:00</time>
      </trkpt>
      <trkpt lat="55.70826" lon="13.99308">
        <ele>100</ele>
        <time>2024-10-22T11:58:29+00:00</time>
      </trkpt>
      <trkpt lat="55.70828" lon="13.99297">
        <ele>101</ele>
        <time>2024-10-22T11:58:32+00:00</time>
      </trkpt>
      <trkpt lat="55.70833" lon="13.99278">
        <ele>100</ele>
        <time>2024-10-22T11:58:35+00:00</time>
      </trkpt>
      <trkpt lat="55.70836" lon="13.99269">
        <ele>100</ele>
        <time>2024-10-22T11:58:38+00:00</time>
      </trkpt>
      <trkpt lat="55.70839" lon="13.99243">
        <ele>100</ele>
        <time>2024-10-22T11:58:41+00:00</time>
      </trkpt>
      <trkpt lat="55.7084" lon="13.99227">
        <ele>99</ele>
        <time>2024-10-22T11:58:44+00:00</time>
      </trkpt>
      <trkpt lat="55.70841" lon="13.99215">
        <ele>99</ele>
        <time>2024-10-22T11:58:47+00:00</time>
      </trkpt>
      <trkpt lat="55.7084" lon="13.99188">
        <ele>99</ele>
        <time>2024-10-22T11:58:50+00:00</time>
      </trkpt>
      <trkpt lat="55.7084" lon="13.99161">
        <ele>101</ele>
        <time>2024-10-22T11:58:53+00:00</time>
      </trkpt>
      <trkpt lat="55.7084" lon="13.99151">
        <ele>99</ele>
        <time>2024-10-22T11:58:56+00:00</time>
      </trkpt>
      <trkpt lat="55.70841" lon="13.99141">
        <ele>100</ele>
        <time>2024-10-22T11:58:59+00:00</time>
      </trkpt>
      <trkpt lat="55.70846" lon="13.99121">
        <ele>99</ele>
        <time>2024-10-22T11:59:02+00:00</time>
      </trkpt>
      <trkpt lat="55.70854" lon="13.99093">
        <ele>99</ele>
        <time>2024-10-22T11:59:05+00:00</time>
      </trkpt>
      <trkpt lat="55.70857" lon="13.99086">
        <ele>99</ele>
        <time>2024-10-22T11:59:08+00:00</time>
      </trkpt>
      <trkpt lat="55.70862" lon="13.9908">
        <ele>98</ele>
        <time>2024-10-22T11:59:11+00:00</time>
      </trkpt>
      <trkpt lat="55.70867" lon="13.99076">
        <ele>98</ele>
        <time>2024-10-22T11:59:14+00:00</time>
      </trkpt>
      <trkpt lat="55.70872" lon="13.99074">
        <ele>97</ele>
        <time>2024-10-22T11:59:17+00:00</time>
      </trkpt>
      <trkpt lat="55.70878" lon="13.99075">
        <ele>97</ele>
        <time>2024-10-22T11:59:20+00:00</time>
      </trkpt>
      <trkpt lat="55.70884" lon="13.99076">
        <ele>96</ele>
        <time>2024-10-22T11:59:23+00:00</time>
      </trkpt>
      <trkpt lat="55.70906" lon="13.99084">
        <ele>94</ele>
        <time>2024-10-22T11:59:26+00:00</time>
      </trkpt>
      <trkpt lat="55.70911" lon="13.99088">
        <ele>92</ele>
        <time>2024-10-22T11:59:29+00:00</time>
      </trkpt>
      <trkpt lat="55.70914" lon="13.99092">
        <ele>92</ele>
        <time>2024-10-22T11:59:32+00:00</time>
      </trkpt>
      <trkpt lat="55.70916" lon="13.99093">
        <ele>92</ele>
        <time>2024-10-22T11:59:35+00:00</time>
      </trkpt>
      <trkpt lat="55.70918" lon="13.99091">
        <ele>92</ele>
        <time>2024-10-22T11:59:38+00:00</time>
      </trkpt>
      <trkpt lat="55.70922" lon="13.99087">
        <ele>91</ele>
        <time>2024-10-22T11:59:41+00:00</time>
      </trkpt>
      <trkpt lat="55.70932" lon="13.99069">
        <ele>91</ele>
        <time>2024-10-22T11:59:44+00:00</time>
      </trkpt>
      <trkpt lat="55.70934" lon="13.99068">
        <ele>91</ele>
        <time>2024-10-22T11:59:47+00:00</time>
      </trkpt>
      <trkpt lat="55.70937" lon="13.9907">
        <ele>91</ele>
        <time>2024-10-22T11:59:50+00:00</time>
      </trkpt>
      <trkpt lat="55.70939" lon="13.99072">
        <ele>90</ele>
        <time>2024-10-22T11:59:53+00:00</time>
      </trkpt>
      <trkpt lat="55.70938" lon="13.99071">
        <ele>90</ele>
        <time>2024-10-22T11:59:56+00:00</time>
      </trkpt>
      <trkpt lat="55.70936" lon="13.99067">
        <ele>91</ele>
        <time>2024-10-22T11:59:59+00:00</time>
      </trkpt>
      <trkpt lat="55.70934" lon="13.9906">
        <ele>91</ele>
        <time>2024-10-22T12:00:02+00:00</time>
      </trkpt>
      <trkpt lat="55.70934" lon="13.99055">
        <ele>91</ele>
        <time>2024-10-22T12:00:05+00:00</time>
      </trkpt>
      <trkpt lat="55.70935" lon="13.99051">
        <ele>91</ele>
        <time>2024-10-22T12:00:08+00:00</time>
      </trkpt>
      <trkpt lat="55.70936" lon="13.99048">
        <ele>91</ele>
        <time>2024-10-22T12:00:11+00:00</time>
      </trkpt>
      <trkpt lat="55.70939" lon="13.99044">
        <ele>91</ele>
        <time>2024-10-22T12:00:14+00:00</time>
      </trkpt>
      <trkpt lat="55.70955" lon="13.99024">
        <ele>89</ele>
        <time>2024-10-22T12:00:17+00:00</time>
      </trkpt>
      <trkpt lat="55.70963" lon="13.99012">
        <ele>88</ele>
        <time>2024-10-22T12:00:20+00:00</time>
      </trkpt>
      <trkpt lat="55.70973" lon="13.9899">
        <ele>88</ele>
        <time>2024-10-22T12:00:23+00:00</time>
      </trkpt>
      <trkpt lat="55.70993" lon="13.98947">
        <ele>87</ele>
        <time>2024-10-22T12:00:26+00:00</time>
      </trkpt>
      <trkpt lat="55.71006" lon="13.98914">
        <ele>86</ele>
        <time>2024-10-22T12:00:29+00:00</time>
      </trkpt>
      <trkpt lat="55.71025" lon="13.98871">
        <ele>85</ele>
        <time>2024-10-22T12:00:32+00:00</time>
      </trkpt>
      <trkpt lat="55.71036" lon="13.98841">
        <ele>85</ele>
        <time>2024-10-22T12:00:35+00:00</time>
      </trkpt>
      <trkpt lat="55.71048" lon="13.98812">
        <ele>85</ele>
        <time>2024-10-22T12:00:38+00:00</time>
      </trkpt>
      <trkpt lat="55.71057" lon="13.98793">
        <ele>86</ele>
        <time>2024-10-22T12:00:41+00:00</time>
      </trkpt>
      <trkpt lat="55.71069" lon="13.98765">
        <ele>87</ele>
        <time>2024-10-22T12:00:44+00:00</time>
      </trkpt>
      <trkpt lat="55.71073" lon="13.98758">
        <ele>87</ele>
        <time>2024-10-22T12:00:47+00:00</time>
      </trkpt>
      <trkpt lat="55.71078" lon="13.98752">
        <ele>87</ele>
        <time>2024-10-22T12:00:50+00:00</time>
      </trkpt>
      <trkpt lat="55.71084" lon="13.98748">
        <ele>87</ele>
        <time>2024-10-22T12:00:53+00:00</time>
      </trkpt>
      <trkpt lat="55.71091" lon="13.98746">
        <ele>87</ele>
        <time>2024-10-22T12:00:56+00:00</time>
      </trkpt>
      <trkpt lat="55.71098" lon="13.98745">
        <ele>87</ele>
        <time>2024-10-22T12:00:59+00:00</time>
      </trkpt>
      <trkpt lat="55.71111" lon="13.98746">
        <ele>87</ele>
        <time>2024-10-22T12:01:02+00:00</time>
      </trkpt>
      <trkpt lat="55.71126" lon="13.98746">
        <ele>87</ele>
        <time>2024-10-22T12:01:05+00:00</time>
      </trkpt>
      <trkpt lat="55.71132" lon="13.98745">
        <ele>87</ele>
        <time>2024-10-22T12:01:08+00:00</time>
      </trkpt>
      <trkpt lat="55.71146" lon="13.98742">
        <ele>87</ele>
        <time>2024-10-22T12:01:11+00:00</time>
      </trkpt>
      <trkpt lat="55.71152" lon="13.98741">
        <ele>88</ele>
        <time>2024-10-22T12:01:14+00:00</time>
      </trkpt>
      <trkpt lat="55.71159" lon="13.98738">
        <ele>88</ele>
        <time>2024-10-22T12:01:17+00:00</time>
      </trkpt>
      <trkpt lat="55.71172" lon="13.98731">
        <ele>88</ele>
        <time>2024-10-22T12:01:20+00:00</time>
      </trkpt>
      <trkpt lat="55.71178" lon="13.98729">
        <ele>88</ele>
        <time>2024-10-22T12:01:23+00:00</time>
      </trkpt>
      <trkpt lat="55.71188" lon="13.98729">
        <ele>88</ele>
        <time>2024-10-22T12:01:26+00:00</time>
      </trkpt>
      <trkpt lat="55.71208" lon="13.98729">
        <ele>89</ele>
        <time>2024-10-22T12:01:29+00:00</time>
      </trkpt>
      <trkpt lat="55.71232" lon="13.9873">
        <ele>91</ele>
        <time>2024-10-22T12:01:32+00:00</time>
      </trkpt>
      <trkpt lat="55.71245" lon="13.98727">
        <ele>91</ele>
        <time>2024-10-22T12:01:35+00:00</time>
      </trkpt>
      <trkpt lat="55.71258" lon="13.98724">
        <ele>92</ele>
        <time>2024-10-22T12:01:38+00:00</time>
      </trkpt>
      <trkpt lat="55.71278" lon="13.98723">
        <ele>93</ele>
        <time>2024-10-22T12:01:41+00:00</time>
      </trkpt>
      <trkpt lat="55.71302" lon="13.98721">
        <ele>94</ele>
        <time>2024-10-22T12:01:44+00:00</time>
      </trkpt>
      <trkpt lat="55.71315" lon="13.98719">
        <ele>95</ele>
        <time>2024-10-22T12:01:47+00:00</time>
      </trkpt>
      <trkpt lat="55.7132" lon="13.98718">
        <ele>95</ele>
        <time>2024-10-22T12:01:50+00:00</time>
      </trkpt>
      <trkpt lat="55.71325" lon="13.98716">
        <ele>95</ele>
        <time>2024-10-22T12:01:53+00:00</time>
      </trkpt>
      <trkpt lat="55.7133" lon="13.98712">
        <ele>95</ele>
        <time>2024-10-22T12:01:56+00:00</time>
      </trkpt>
      <trkpt lat="55.71333" lon="13.98707">
        <ele>96</ele>
        <time>2024-10-22T12:01:59+00:00</time>
      </trkpt>
      <trkpt lat="55.71336" lon="13.98701">
        <ele>96</ele>
        <time>2024-10-22T12:02:02+00:00</time>
      </trkpt>
      <trkpt lat="55.71337" lon="13.98695">
        <ele>96</ele>
        <time>2024-10-22T12:02:05+00:00</time>
      </trkpt>
      <trkpt lat="55.71337" lon="13.9869">
        <ele>96</ele>
        <time>2024-10-22T12:02:08+00:00</time>
      </trkpt>
      <trkpt lat="55.71338" lon="13.98687">
        <ele>95</ele>
        <time>2024-10-22T12:02:11+00:00</time>
      </trkpt>
      <trkpt lat="55.71343" lon="13.98679">
        <ele>96</ele>
        <time>2024-10-22T12:02:14+00:00</time>
      </trkpt>
      <trkpt lat="55.71352" lon="13.98663">
        <ele>96</ele>
        <time>2024-10-22T12:02:17+00:00</time>
      </trkpt>
      <trkpt lat="55.71364" lon="13.98638">
        <ele>96</ele>
        <time>2024-10-22T12:02:20+00:00</time>
      </trkpt>
      <trkpt lat="55.71376" lon="13.98618">
        <ele>96</ele>
        <time>2024-10-22T12:02:23+00:00</time>
      </trkpt>
      <trkpt lat="55.71378" lon="13.98611">
        <ele>96</ele>
        <time>2024-10-22T12:02:26+00:00</time>
      </trkpt>
      <trkpt lat="55.71379" lon="13.98602">
        <ele>96</ele>
        <time>2024-10-22T12:02:29+00:00</time>
      </trkpt>
      <trkpt lat="55.71377" lon="13.98593">
        <ele>95</ele>
        <time>2024-10-22T12:02:32+00:00</time>
      </trkpt>
      <trkpt lat="55.71377" lon="13.98582">
        <ele>95</ele>
        <time>2024-10-22T12:02:35+00:00</time>
      </trkpt>
      <trkpt lat="55.71378" lon="13.98572">
        <ele>95</ele>
        <time>2024-10-22T12:02:38+00:00</time>
      </trkpt>
      <trkpt lat="55.71386" lon="13.98539">
        <ele>94</ele>
        <time>2024-10-22T12:02:41+00:00</time>
      </trkpt>
      <trkpt lat="55.71387" lon="13.98528">
        <ele>94</ele>
        <time>2024-10-22T12:02:44+00:00</time>
      </trkpt>
      <trkpt lat="55.7139" lon="13.98506">
        <ele>94</ele>
        <time>2024-10-22T12:02:47+00:00</time>
      </trkpt>
      <trkpt lat="55.71392" lon="13.98473">
        <ele>94</ele>
        <time>2024-10-22T12:02:50+00:00</time>
      </trkpt>
      <trkpt lat="55.71393" lon="13.98469">
        <ele>94</ele>
        <time>2024-10-22T12:02:53+00:00</time>
      </trkpt>
      <trkpt lat="55.71399" lon="13.98452">
        <ele>94</ele>
        <time>2024-10-22T12:02:56+00:00</time>
      </trkpt>
      <trkpt lat="55.71403" lon="13.98436">
        <ele>95</ele>
        <time>2024-10-22T12:02:59+00:00</time>
      </trkpt>
      <trkpt lat="55.71406" lon="13.98424">
        <ele>95</ele>
        <time>2024-10-22T12:03:02+00:00</time>
      </trkpt>
      <trkpt lat="55.71407" lon="13.98412">
        <ele>96</ele>
        <time>2024-10-22T12:03:05+00:00</time>
      </trkpt>
      <trkpt lat="55.71407" lon="13.984">
        <ele>96</ele>
        <time>2024-10-22T12:03:08+00:00</time>
      </trkpt>
      <trkpt lat="55.71407" lon="13.98387">
        <ele>96</ele>
        <time>2024-10-22T12:03:11+00:00</time>
      </trkpt>
      <trkpt lat="55.71405" lon="13.98362">
        <ele>96</ele>
        <time>2024-10-22T12:03:14+00:00</time>
      </trkpt>
      <trkpt lat="55.71403" lon="13.9835">
        <ele>97</ele>
        <time>2024-10-22T12:03:17+00:00</time>
      </trkpt>
      <trkpt lat="55.71397" lon="13.98316">
        <ele>97</ele>
        <time>2024-10-22T12:03:20+00:00</time>
      </trkpt>
      <trkpt lat="55.71396" lon="13.98304">
        <ele>98</ele>
        <time>2024-10-22T12:03:23+00:00</time>
      </trkpt>
      <trkpt lat="55.71396" lon="13.98291">
        <ele>98</ele>
        <time>2024-10-22T12:03:26+00:00</time>
      </trkpt>
      <trkpt lat="55.71398" lon="13.98279">
        <ele>98</ele>
        <time>2024-10-22T12:03:29+00:00</time>
      </trkpt>
      <trkpt lat="55.71403" lon="13.98232">
        <ele>99</ele>
        <time>2024-10-22T12:03:32+00:00</time>
      </trkpt>
      <trkpt lat="55.71405" lon="13.98208">
        <ele>99</ele>
        <time>2024-10-22T12:03:35+00:00</time>
      </trkpt>
      <trkpt lat="55.71407" lon="13.98185">
        <ele>99</ele>
        <time>2024-10-22T12:03:38+00:00</time>
      </trkpt>
      <trkpt lat="55.71411" lon="13.98161">
        <ele>99</ele>
        <time>2024-10-22T12:03:41+00:00</time>
      </trkpt>
      <trkpt lat="55.71413" lon="13.9815">
        <ele>99</ele>
        <time>2024-10-22T12:03:44+00:00</time>
      </trkpt>
      <trkpt lat="55.71417" lon="13.98133">
        <ele>100</ele>
        <time>2024-10-22T12:03:47+00:00</time>
      </trkpt>
      <trkpt lat="55.71422" lon="13.98117">
        <ele>99</ele>
        <time>2024-10-22T12:03:50+00:00</time>
      </trkpt>
      <trkpt lat="55.71427" lon="13.98102">
        <ele>99</ele>
        <time>2024-10-22T12:03:53+00:00</time>
      </trkpt>
      <trkpt lat="55.71436" lon="13.98079">
        <ele>99</ele>
        <time>2024-10-22T12:03:56+00:00</time>
      </trkpt>
      <trkpt lat="55.71439" lon="13.98069">
        <ele>99</ele>
        <time>2024-10-22T12:03:59+00:00</time>
      </trkpt>
      <trkpt lat="55.7145" lon="13.98026">
        <ele>99</ele>
        <time>2024-10-22T12:04:02+00:00</time>
      </trkpt>
      <trkpt lat="55.71455" lon="13.98007">
        <ele>99</ele>
        <time>2024-10-22T12:04:05+00:00</time>
      </trkpt>
      <trkpt lat="55.71458" lon="13.97998">
        <ele>100</ele>
        <time>2024-10-22T12:04:08+00:00</time>
      </trkpt>
      <trkpt lat="55.71464" lon="13.97983">
        <ele>101</ele>
        <time>2024-10-22T12:04:11+00:00</time>
      </trkpt>
      <trkpt lat="55.71467" lon="13.97976">
        <ele>101</ele>
        <time>2024-10-22T12:04:14+00:00</time>
      </trkpt>
      <trkpt lat="55.71473" lon="13.97966">
        <ele>102</ele>
        <time>2024-10-22T12:04:17+00:00</time>
      </trkpt>
      <trkpt lat="55.71479" lon="13.97957">
        <ele>102</ele>
        <time>2024-10-22T12:04:20+00:00</time>
      </trkpt>
      <trkpt lat="55.71497" lon="13.97937">
        <ele>103</ele>
        <time>2024-10-22T12:04:23+00:00</time>
      </trkpt>
      <trkpt lat="55.71504" lon="13.97928">
        <ele>103</ele>
        <time>2024-10-22T12:04:26+00:00</time>
      </trkpt>
      <trkpt lat="55.71513" lon="13.97914">
        <ele>103</ele>
        <time>2024-10-22T12:04:29+00:00</time>
      </trkpt>
      <trkpt lat="55.71517" lon="13.97907">
        <ele>103</ele>
        <time>2024-10-22T12:04:32+00:00</time>
      </trkpt>
      <trkpt lat="55.71524" lon="13.97889">
        <ele>103</ele>
        <time>2024-10-22T12:04:35+00:00</time>
      </trkpt>
      <trkpt lat="55.71542" lon="13.97839">
        <ele>104</ele>
        <time>2024-10-22T12:04:38+00:00</time>
      </trkpt>
      <trkpt lat="55.71549" lon="13.9782">
        <ele>104</ele>
        <time>2024-10-22T12:04:41+00:00</time>
      </trkpt>
      <trkpt lat="55.71555" lon="13.97807">
        <ele>104</ele>
        <time>2024-10-22T12:04:44+00:00</time>
      </trkpt>
      <trkpt lat="55.71567" lon="13.97785">
        <ele>103</ele>
        <time>2024-10-22T12:04:47+00:00</time>
      </trkpt>
      <trkpt lat="55.71573" lon="13.97777">
        <ele>103</ele>
        <time>2024-10-22T12:04:50+00:00</time>
      </trkpt>
      <trkpt lat="55.71578" lon="13.9777">
        <ele>103</ele>
        <time>2024-10-22T12:04:53+00:00</time>
      </trkpt>
      <trkpt lat="55.71594" lon="13.97754">
        <ele>103</ele>
        <time>2024-10-22T12:04:56+00:00</time>
      </trkpt>
      <trkpt lat="55.71614" lon="13.97737">
        <ele>103</ele>
        <time>2024-10-22T12:04:59+00:00</time>
      </trkpt>
      <trkpt lat="55.71623" lon="13.97729">
        <ele>104</ele>
        <time>2024-10-22T12:05:02+00:00</time>
      </trkpt>
      <trkpt lat="55.71639" lon="13.97709">
        <ele>104</ele>
        <time>2024-10-22T12:05:05+00:00</time>
      </trkpt>
      <trkpt lat="55.71644" lon="13.97703">
        <ele>104</ele>
        <time>2024-10-22T12:05:08+00:00</time>
      </trkpt>
      <trkpt lat="55.71648" lon="13.97696">
        <ele>104</ele>
        <time>2024-10-22T12:05:11+00:00</time>
      </trkpt>
      <trkpt lat="55.7165" lon="13.97688">
        <ele>105</ele>
        <time>2024-10-22T12:05:14+00:00</time>
      </trkpt>
      <trkpt lat="55.71659" lon="13.97657">
        <ele>105</ele>
        <time>2024-10-22T12:05:17+00:00</time>
      </trkpt>
      <trkpt lat="55.71661" lon="13.97647">
        <ele>105</ele>
        <time>2024-10-22T12:05:20+00:00</time>
      </trkpt>
      <trkpt lat="55.71665" lon="13.97605">
        <ele>105</ele>
        <time>2024-10-22T12:05:23+00:00</time>
      </trkpt>
      <trkpt lat="55.71669" lon="13.97583">
        <ele>105</ele>
        <time>2024-10-22T12:05:26+00:00</time>
      </trkpt>
      <trkpt lat="55.71671" lon="13.97568">
        <ele>105</ele>
        <time>2024-10-22T12:05:29+00:00</time>
      </trkpt>
      <trkpt lat="55.71673" lon="13.97522">
        <ele>105</ele>
        <time>2024-10-22T12:05:32+00:00</time>
      </trkpt>
      <trkpt lat="55.71674" lon="13.9751">
        <ele>105</ele>
        <time>2024-10-22T12:05:35+00:00</time>
      </trkpt>
      <trkpt lat="55.71679" lon="13.97465">
        <ele>105</ele>
        <time>2024-10-22T12:05:38+00:00</time>
      </trkpt>
      <trkpt lat="55.7168" lon="13.97455">
        <ele>104</ele>
        <time>2024-10-22T12:05:41+00:00</time>
      </trkpt>
      <trkpt lat="55.71683" lon="13.97443">
        <ele>104</ele>
        <time>2024-10-22T12:05:44+00:00</time>
      </trkpt>
      <trkpt lat="55.71692" lon="13.97409">
        <ele>104</ele>
        <time>2024-10-22T12:05:47+00:00</time>
      </trkpt>
      <trkpt lat="55.71699" lon="13.97377">
        <ele>104</ele>
        <time>2024-10-22T12:05:50+00:00</time>
      </trkpt>
      <trkpt lat="55.71704" lon="13.9736">
        <ele>104</ele>
        <time>2024-10-22T12:05:53+00:00</time>
      </trkpt>
      <trkpt lat="55.71709" lon="13.97344">
        <ele>104</ele>
        <time>2024-10-22T12:05:56+00:00</time>
      </trkpt>
      <trkpt lat="55.71721" lon="13.973">
        <ele>104</ele>
        <time>2024-10-22T12:05:59+00:00</time>
      </trkpt>
      <trkpt lat="55.71725" lon="13.97291">
        <ele>105</ele>
        <time>2024-10-22T12:06:02+00:00</time>
      </trkpt>
      <trkpt lat="55.71736" lon="13.97264">
        <ele>106</ele>
        <time>2024-10-22T12:06:05+00:00</time>
      </trkpt>
      <trkpt lat="55.71741" lon="13.97244">
        <ele>106</ele>
        <time>2024-10-22T12:06:08+00:00</time>
      </trkpt>
      <trkpt lat="55.71743" lon="13.97234">
        <ele>106</ele>
        <time>2024-10-22T12:06:11+00:00</time>
      </trkpt>
      <trkpt lat="55.71744" lon="13.97222">
        <ele>107</ele>
        <time>2024-10-22T12:06:14+00:00</time>
      </trkpt>
      <trkpt lat="55.71743" lon="13.97211">
        <ele>107</ele>
        <time>2024-10-22T12:06:17+00:00</time>
      </trkpt>
      <trkpt lat="55.71742" lon="13.972">
        <ele>107</ele>
        <time>2024-10-22T12:06:20+00:00</time>
      </trkpt>
      <trkpt lat="55.7174" lon="13.97189">
        <ele>108</ele>
        <time>2024-10-22T12:06:23+00:00</time>
      </trkpt>
      <trkpt lat="55.71735" lon="13.9717">
        <ele>108</ele>
        <time>2024-10-22T12:06:26+00:00</time>
      </trkpt>
      <trkpt lat="55.71729" lon="13.97144">
        <ele>109</ele>
        <time>2024-10-22T12:06:29+00:00</time>
      </trkpt>
      <trkpt lat="55.71724" lon="13.97128">
        <ele>109</ele>
        <time>2024-10-22T12:06:32+00:00</time>
      </trkpt>
      <trkpt lat="55.7172" lon="13.97121">
        <ele>109</ele>
        <time>2024-10-22T12:06:35+00:00</time>
      </trkpt>
      <trkpt lat="55.71716" lon="13.97116">
        <ele>110</ele>
        <time>2024-10-22T12:06:38+00:00</time>
      </trkpt>
      <trkpt lat="55.71705" lon="13.97106">
        <ele>110</ele>
        <time>2024-10-22T12:06:41+00:00</time>
      </trkpt>
      <trkpt lat="55.71695" lon="13.97097">
        <ele>111</ele>
        <time>2024-10-22T12:06:44+00:00</time>
      </trkpt>
      <trkpt lat="55.71682" lon="13.97088">
        <ele>111</ele>
        <time>2024-10-22T12:06:47+00:00</time>
      </trkpt>
      <trkpt lat="55.7167" lon="13.97079">
        <ele>112</ele>
        <time>2024-10-22T12:06:50+00:00</time>
      </trkpt>
      <trkpt lat="55.71645" lon="13.97064">
        <ele>112</ele>
        <time>2024-10-22T12:06:53+00:00</time>
      </trkpt>
      <trkpt lat="55.71634" lon="13.97056">
        <ele>113</ele>
        <time>2024-10-22T12:06:56+00:00</time>
      </trkpt>
      <trkpt lat="55.71622" lon="13.97048">
        <ele>113</ele>
        <time>2024-10-22T12:06:59+00:00</time>
      </trkpt>
      <trkpt lat="55.71609" lon="13.9704">
        <ele>113</ele>
        <time>2024-10-22T12:07:02+00:00</time>
      </trkpt>
      <trkpt lat="55.71603" lon="13.97034">
        <ele>113</ele>
        <time>2024-10-22T12:07:05+00:00</time>
      </trkpt>
      <trkpt lat="55.71599" lon="13.97027">
        <ele>113</ele>
        <time>2024-10-22T12:07:08+00:00</time>
      </trkpt>
      <trkpt lat="55.71597" lon="13.97018">
        <ele>113</ele>
        <time>2024-10-22T12:07:11+00:00</time>
      </trkpt>
      <trkpt lat="55.71597" lon="13.97008">
        <ele>113</ele>
        <time>2024-10-22T12:07:14+00:00</time>
      </trkpt>
      <trkpt lat="55.71599" lon="13.96999">
        <ele>113</ele>
        <time>2024-10-22T12:07:17+00:00</time>
      </trkpt>
      <trkpt lat="55.71609" lon="13.96965">
        <ele>113</ele>
        <time>2024-10-22T12:07:20+00:00</time>
      </trkpt>
      <trkpt lat="55.71623" lon="13.96912">
        <ele>112</ele>
        <time>2024-10-22T12:07:23+00:00</time>
      </trkpt>
      <trkpt lat="55.71635" lon="13.96873">
        <ele>112</ele>
        <time>2024-10-22T12:07:26+00:00</time>
      </trkpt>
      <trkpt lat="55.71649" lon="13.96821">
        <ele>112</ele>
        <time>2024-10-22T12:07:29+00:00</time>
      </trkpt>
      <trkpt lat="55.71658" lon="13.96783">
        <ele>112</ele>
        <time>2024-10-22T12:07:32+00:00</time>
      </trkpt>
      <trkpt lat="55.71662" lon="13.96768">
        <ele>112</ele>
        <time>2024-10-22T12:07:35+00:00</time>
      </trkpt>
      <trkpt lat="55.71666" lon="13.96759">
        <ele>112</ele>
        <time>2024-10-22T12:07:38+00:00</time>
      </trkpt>
      <trkpt lat="55.71669" lon="13.9675">
        <ele>111</ele>
        <time>2024-10-22T12:07:41+00:00</time>
      </trkpt>
      <trkpt lat="55.71684" lon="13.96723">
        <ele>112</ele>
        <time>2024-10-22T12:07:44+00:00</time>
      </trkpt>
      <trkpt lat="55.71687" lon="13.96712">
        <ele>111</ele>
        <time>2024-10-22T12:07:47+00:00</time>
      </trkpt>
      <trkpt lat="55.71693" lon="13.96679">
        <ele>112</ele>
        <time>2024-10-22T12:07:50+00:00</time>
      </trkpt>
      <trkpt lat="55.71696" lon="13.96669">
        <ele>113</ele>
        <time>2024-10-22T12:07:53+00:00</time>
      </trkpt>
      <trkpt lat="55.71701" lon="13.96653">
        <ele>113</ele>
        <time>2024-10-22T12:07:56+00:00</time>
      </trkpt>
      <trkpt lat="55.71711" lon="13.96628">
        <ele>114</ele>
        <time>2024-10-22T12:07:59+00:00</time>
      </trkpt>
      <trkpt lat="55.71714" lon="13.96619">
        <ele>115</ele>
        <time>2024-10-22T12:08:02+00:00</time>
      </trkpt>
      <trkpt lat="55.71716" lon="13.9661">
        <ele>115</ele>
        <time>2024-10-22T12:08:05+00:00</time>
      </trkpt>
      <trkpt lat="55.71719" lon="13.9659">
        <ele>116</ele>
        <time>2024-10-22T12:08:08+00:00</time>
      </trkpt>
      <trkpt lat="55.71719" lon="13.9658">
        <ele>116</ele>
        <time>2024-10-22T12:08:11+00:00</time>
      </trkpt>
      <trkpt lat="55.71718" lon="13.96559">
        <ele>117</ele>
        <time>2024-10-22T12:08:14+00:00</time>
      </trkpt>
      <trkpt lat="55.71718" lon="13.96534">
        <ele>118</ele>
        <time>2024-10-22T12:08:17+00:00</time>
      </trkpt>
      <trkpt lat="55.71719" lon="13.96527">
        <ele>119</ele>
        <time>2024-10-22T12:08:20+00:00</time>
      </trkpt>
      <trkpt lat="55.71725" lon="13.96503">
        <ele>119</ele>
        <time>2024-10-22T12:08:23+00:00</time>
      </trkpt>
      <trkpt lat="55.71727" lon="13.96494">
        <ele>119</ele>
        <time>2024-10-22T12:08:26+00:00</time>
      </trkpt>
      <trkpt lat="55.71727" lon="13.96485">
        <ele>120</ele>
        <time>2024-10-22T12:08:29+00:00</time>
      </trkpt>
      <trkpt lat="55.71727" lon="13.96476">
        <ele>120</ele>
        <time>2024-10-22T12:08:32+00:00</time>
      </trkpt>
      <trkpt lat="55.71726" lon="13.96468">
        <ele>120</ele>
        <time>2024-10-22T12:08:35+00:00</time>
      </trkpt>
      <trkpt lat="55.71724" lon="13.9646">
        <ele>120</ele>
        <time>2024-10-22T12:08:38+00:00</time>
      </trkpt>
      <trkpt lat="55.71719" lon="13.96446">
        <ele>121</ele>
        <time>2024-10-22T12:08:41+00:00</time>
      </trkpt>
      <trkpt lat="55.71718" lon="13.96438">
        <ele>121</ele>
        <time>2024-10-22T12:08:44+00:00</time>
      </trkpt>
      <trkpt lat="55.71719" lon="13.96426">
        <ele>121</ele>
        <time>2024-10-22T12:08:47+00:00</time>
      </trkpt>
      <trkpt lat="55.71723" lon="13.9641">
        <ele>121</ele>
        <time>2024-10-22T12:08:50+00:00</time>
      </trkpt>
      <trkpt lat="55.71728" lon="13.96396">
        <ele>121</ele>
        <time>2024-10-22T12:08:53+00:00</time>
      </trkpt>
      <trkpt lat="55.71735" lon="13.96382">
        <ele>120</ele>
        <time>2024-10-22T12:08:56+00:00</time>
      </trkpt>
      <trkpt lat="55.7174" lon="13.96369">
        <ele>121</ele>
        <time>2024-10-22T12:08:59+00:00</time>
      </trkpt>
      <trkpt lat="55.71743" lon="13.96364">
        <ele>120</ele>
        <time>2024-10-22T12:09:02+00:00</time>
      </trkpt>
      <trkpt lat="55.71748" lon="13.96361">
        <ele>120</ele>
        <time>2024-10-22T12:09:05+00:00</time>
      </trkpt>
      <trkpt lat="55.71769" lon="13.96354">
        <ele>118</ele>
        <time>2024-10-22T12:09:08+00:00</time>
      </trkpt>
      <trkpt lat="55.71776" lon="13.9635">
        <ele>118</ele>
        <time>2024-10-22T12:09:11+00:00</time>
      </trkpt>
      <trkpt lat="55.71782" lon="13.96345">
        <ele>117</ele>
        <time>2024-10-22T12:09:14+00:00</time>
      </trkpt>
      <trkpt lat="55.71787" lon="13.96338">
        <ele>117</ele>
        <time>2024-10-22T12:09:17+00:00</time>
      </trkpt>
      <trkpt lat="55.71791" lon="13.96328">
        <ele>116</ele>
        <time>2024-10-22T12:09:20+00:00</time>
      </trkpt>
      <trkpt lat="55.71801" lon="13.96299">
        <ele>116</ele>
        <time>2024-10-22T12:09:23+00:00</time>
      </trkpt>
      <trkpt lat="55.71804" lon="13.96291">
        <ele>116</ele>
        <time>2024-10-22T12:09:26+00:00</time>
      </trkpt>
      <trkpt lat="55.71809" lon="13.96285">
        <ele>116</ele>
        <time>2024-10-22T12:09:29+00:00</time>
      </trkpt>
      <trkpt lat="55.71829" lon="13.96267">
        <ele>115</ele>
        <time>2024-10-22T12:09:32+00:00</time>
      </trkpt>
      <trkpt lat="55.71833" lon="13.96261">
        <ele>114</ele>
        <time>2024-10-22T12:09:35+00:00</time>
      </trkpt>
      <trkpt lat="55.71836" lon="13.96252">
        <ele>115</ele>
        <time>2024-10-22T12:09:38+00:00</time>
      </trkpt>
      <trkpt lat="55.71838" lon="13.96241">
        <ele>115</ele>
        <time>2024-10-22T12:09:41+00:00</time>
      </trkpt>
      <trkpt lat="55.7184" lon="13.9623">
        <ele>114</ele>
        <time>2024-10-22T12:09:44+00:00</time>
      </trkpt>
      <trkpt lat="55.71843" lon="13.96206">
        <ele>115</ele>
        <time>2024-10-22T12:09:47+00:00</time>
      </trkpt>
      <trkpt lat="55.71846" lon="13.96184">
        <ele>115</ele>
        <time>2024-10-22T12:09:50+00:00</time>
      </trkpt>
      <trkpt lat="55.71847" lon="13.96172">
        <ele>115</ele>
        <time>2024-10-22T12:09:53+00:00</time>
      </trkpt>
      <trkpt lat="55.71848" lon="13.96148">
        <ele>115</ele>
        <time>2024-10-22T12:09:56+00:00</time>
      </trkpt>
      <trkpt lat="55.71849" lon="13.96123">
        <ele>116</ele>
        <time>2024-10-22T12:09:59+00:00</time>
      </trkpt>
      <trkpt lat="55.7185" lon="13.96091">
        <ele>116</ele>
        <time>2024-10-22T12:10:02+00:00</time>
      </trkpt>
      <trkpt lat="55.7185" lon="13.9608">
        <ele>116</ele>
        <time>2024-10-22T12:10:05+00:00</time>
      </trkpt>
      <trkpt lat="55.71848" lon="13.96072">
        <ele>116</ele>
        <time>2024-10-22T12:10:08+00:00</time>
      </trkpt>
      <trkpt lat="55.71846" lon="13.96068">
        <ele>116</ele>
        <time>2024-10-22T12:10:11+00:00</time>
      </trkpt>
      <trkpt lat="55.71843" lon="13.96067">
        <ele>116</ele>
        <time>2024-10-22T12:10:14+00:00</time>
      </trkpt>
      <trkpt lat="55.71839" lon="13.96067">
        <ele>117</ele>
        <time>2024-10-22T12:10:17+00:00</time>
      </trkpt>
      <trkpt lat="55.71829" lon="13.96069">
        <ele>117</ele>
        <time>2024-10-22T12:10:20+00:00</time>
      </trkpt>
      <trkpt lat="55.71825" lon="13.96069">
        <ele>117</ele>
        <time>2024-10-22T12:10:23+00:00</time>
      </trkpt>
      <trkpt lat="55.71818" lon="13.96067">
        <ele>118</ele>
        <time>2024-10-22T12:10:26+00:00</time>
      </trkpt>
      <trkpt lat="55.71815" lon="13.96064">
        <ele>118</ele>
        <time>2024-10-22T12:10:29+00:00</time>
      </trkpt>
      <trkpt lat="55.71811" lon="13.96059">
        <ele>118</ele>
        <time>2024-10-22T12:10:32+00:00</time>
      </trkpt>
      <trkpt lat="55.71808" lon="13.96051">
        <ele>118</ele>
        <time>2024-10-22T12:10:35+00:00</time>
      </trkpt>
      <trkpt lat="55.71805" lon="13.96044">
        <ele>118</ele>
        <time>2024-10-22T12:10:38+00:00</time>
      </trkpt>
      <trkpt lat="55.71803" lon="13.96037">
        <ele>118</ele>
        <time>2024-10-22T12:10:41+00:00</time>
      </trkpt>
      <trkpt lat="55.71798" lon="13.96032">
        <ele>118</ele>
        <time>2024-10-22T12:10:44+00:00</time>
      </trkpt>
      <trkpt lat="55.71792" lon="13.9603">
        <ele>118</ele>
        <time>2024-10-22T12:10:47+00:00</time>
      </trkpt>
      <trkpt lat="55.71785" lon="13.9603">
        <ele>119</ele>
        <time>2024-10-22T12:10:50+00:00</time>
      </trkpt>
      <trkpt lat="55.71781" lon="13.96032">
        <ele>119</ele>
        <time>2024-10-22T12:10:53+00:00</time>
      </trkpt>
      <trkpt lat="55.71777" lon="13.96033">
        <ele>119</ele>
        <time>2024-10-22T12:10:56+00:00</time>
      </trkpt>
      <trkpt lat="55.71756" lon="13.96049">
        <ele>119</ele>
        <time>2024-10-22T12:10:59+00:00</time>
      </trkpt>
      <trkpt lat="55.71749" lon="13.96054">
        <ele>119</ele>
        <time>2024-10-22T12:11:02+00:00</time>
      </trkpt>
      <trkpt lat="55.71741" lon="13.96057">
        <ele>119</ele>
        <time>2024-10-22T12:11:05+00:00</time>
      </trkpt>
      <trkpt lat="55.71733" lon="13.96058">
        <ele>119</ele>
        <time>2024-10-22T12:11:08+00:00</time>
      </trkpt>
      <trkpt lat="55.71724" lon="13.96059">
        <ele>119</ele>
        <time>2024-10-22T12:11:11+00:00</time>
      </trkpt>
      <trkpt lat="55.71708" lon="13.96056">
        <ele>120</ele>
        <time>2024-10-22T12:11:14+00:00</time>
      </trkpt>
    </trkseg>
  </trk>
</gpx>
