<?xml version="1.0" encoding="UTF-8"?><gpx xmlns="http://www.topografix.com/GPX/1/1"  creator="TraceDeTrail http://www.tracedetrail.fr" version="1.1" xmlns:xsi="http://www.w3.org/2001/XMLSchema-instance" xsi:schemaLocation="http://www.topografix.com/GPX/1/1 http://www.topografix.com/GPX/1/1/gpx.xsd "><metadata><name>Osterlen Spring Trail 2024  OST Ultra 60k with COROS</name><link href="http://tracedetrail.fr/fr/trace/trace/251126"><text>methode de calcul : google </text></link></metadata><trk><name>Osterlen Spring Trail 2024  OST Ultra 60k with COROS sur TraceDeTrail.fr</name><trkseg><trkpt lat="55.55673" lon="14.35471"><ele>3</ele><time>2000-01-01T01:12:06.000Z</time></trkpt><trkpt lat="55.55673" lon="14.35466"><time>2000-01-01T01:12:16.000Z</time></trkpt><trkpt lat="55.55674" lon="14.35455"><time>2000-01-01T01:12:26.000Z</time></trkpt><trkpt lat="55.55677" lon="14.35444"><ele>4</ele><time>2000-01-01T01:12:36.000Z</time></trkpt><trkpt lat="55.55688" lon="14.35419"><ele>4</ele><time>2000-01-01T01:12:46.000Z</time></trkpt><trkpt lat="55.55691" lon="14.35415"><time>2000-01-01T01:12:56.000Z</time></trkpt><trkpt lat="55.55701" lon="14.35406"><time>2000-01-01T01:13:06.000Z</time></trkpt><trkpt lat="55.55714" lon="14.35392"><ele>4</ele><time>2000-01-01T01:13:16.000Z</time></trkpt><trkpt lat="55.55732" lon="14.35369"><ele>5</ele><time>2000-01-01T01:13:26.000Z</time></trkpt><trkpt lat="55.55746" lon="14.3535"><ele>5</ele><time>2000-01-01T01:13:36.000Z</time></trkpt><trkpt lat="55.55749" lon="14.3534"><time>2000-01-01T01:13:46.000Z</time></trkpt><trkpt lat="55.55757" lon="14.3532"><ele>5</ele><time>2000-01-01T01:13:56.000Z</time></trkpt><trkpt lat="55.5576" lon="14.35317"><time>2000-01-01T01:14:06.000Z</time></trkpt><trkpt lat="55.55773" lon="14.35316"><ele>5</ele><time>2000-01-01T01:14:16.000Z</time></trkpt><trkpt lat="55.5579" lon="14.35329"><ele>5</ele><time>2000-01-01T01:14:26.000Z</time></trkpt><trkpt lat="55.55817" lon="14.35345"><ele>5</ele><time>2000-01-01T01:14:36.000Z</time></trkpt><trkpt lat="55.55833" lon="14.35356"><ele>5</ele><time>2000-01-01T01:14:46.000Z</time></trkpt><trkpt lat="55.55848" lon="14.35377"><ele>4</ele><time>2000-01-01T01:14:56.000Z</time></trkpt><trkpt lat="55.55848" lon="14.35396"><time>2000-01-01T01:15:06.000Z</time></trkpt><trkpt lat="55.55847" lon="14.35402"><time>2000-01-01T01:15:16.000Z</time></trkpt><trkpt lat="55.55837" lon="14.35419"><ele>4</ele><time>2000-01-01T01:15:26.000Z</time></trkpt><trkpt lat="55.55836" lon="14.35423"><time>2000-01-01T01:15:36.000Z</time></trkpt><trkpt lat="55.55837" lon="14.3543"><time>2000-01-01T01:15:46.000Z</time></trkpt><trkpt lat="55.55863" lon="14.35445"><ele>3</ele><time>2000-01-01T01:15:56.000Z</time></trkpt><trkpt lat="55.55878" lon="14.35467"><ele>3</ele><time>2000-01-01T01:16:06.000Z</time></trkpt><trkpt lat="55.55886" lon="14.35476"><time>2000-01-01T01:16:16.000Z</time></trkpt><trkpt lat="55.55889" lon="14.35476"><time>2000-01-01T01:16:26.000Z</time></trkpt><trkpt lat="55.55897" lon="14.35471"><ele>3</ele><time>2000-01-01T01:16:36.000Z</time></trkpt><trkpt lat="55.55909" lon="14.35451"><ele>3</ele><time>2000-01-01T01:16:46.000Z</time></trkpt><trkpt lat="55.55914" lon="14.35418"><ele>3</ele><time>2000-01-01T01:16:56.000Z</time></trkpt><trkpt lat="55.55913" lon="14.35387"><ele>3</ele><time>2000-01-01T01:17:06.000Z</time></trkpt><trkpt lat="55.55917" lon="14.35338"><ele>3</ele><time>2000-01-01T01:17:16.000Z</time></trkpt><trkpt lat="55.55919" lon="14.35327"><time>2000-01-01T01:17:26.000Z</time></trkpt><trkpt lat="55.55924" lon="14.35293"><ele>4</ele><time>2000-01-01T01:17:36.000Z</time></trkpt><trkpt lat="55.5593" lon="14.35261"><ele>4</ele><time>2000-01-01T01:17:46.000Z</time></trkpt><trkpt lat="55.55936" lon="14.35229"><ele>4</ele><time>2000-01-01T01:17:56.000Z</time></trkpt><trkpt lat="55.55945" lon="14.35192"><ele>4</ele><time>2000-01-01T01:18:06.000Z</time></trkpt><trkpt lat="55.55955" lon="14.35163"><ele>4</ele><time>2000-01-01T01:18:16.000Z</time></trkpt><trkpt lat="55.55967" lon="14.35133"><ele>4</ele><time>2000-01-01T01:18:26.000Z</time></trkpt><trkpt lat="55.55982" lon="14.35093"><ele>3</ele><time>2000-01-01T01:18:36.000Z</time></trkpt><trkpt lat="55.56004" lon="14.35044"><ele>3</ele><time>2000-01-01T01:18:46.000Z</time></trkpt><trkpt lat="55.56016" lon="14.35025"><ele>3</ele><time>2000-01-01T01:18:56.000Z</time></trkpt><trkpt lat="55.56021" lon="14.35019"><time>2000-01-01T01:19:06.000Z</time></trkpt><trkpt lat="55.56038" lon="14.35008"><ele>2</ele><time>2000-01-01T01:19:16.000Z</time></trkpt><trkpt lat="55.56054" lon="14.3499"><ele>1</ele><time>2000-01-01T01:19:26.000Z</time></trkpt><trkpt lat="55.56067" lon="14.34965"><ele>1</ele><time>2000-01-01T01:19:36.000Z</time></trkpt><trkpt lat="55.56067" lon="14.34959"><time>2000-01-01T01:19:46.000Z</time></trkpt><trkpt lat="55.56062" lon="14.34939"><ele>2</ele><time>2000-01-01T01:19:56.000Z</time></trkpt><trkpt lat="55.56047" lon="14.34916"><ele>2</ele><time>2000-01-01T01:20:06.000Z</time></trkpt><trkpt lat="55.56042" lon="14.34901"><time>2000-01-01T01:20:16.000Z</time></trkpt><trkpt lat="55.56043" lon="14.34895"><time>2000-01-01T01:20:26.000Z</time></trkpt><trkpt lat="55.56063" lon="14.34864"><ele>2</ele><time>2000-01-01T01:20:36.000Z</time></trkpt><trkpt lat="55.56074" lon="14.3485"><time>2000-01-01T01:20:46.000Z</time></trkpt><trkpt lat="55.56091" lon="14.34835"><ele>2</ele><time>2000-01-01T01:20:56.000Z</time></trkpt><trkpt lat="55.56109" lon="14.34818"><ele>2</ele><time>2000-01-01T01:21:06.000Z</time></trkpt><trkpt lat="55.56125" lon="14.348"><ele>2</ele><time>2000-01-01T01:21:16.000Z</time></trkpt><trkpt lat="55.56142" lon="14.34782"><ele>2</ele><time>2000-01-01T01:21:26.000Z</time></trkpt><trkpt lat="55.56168" lon="14.34747"><ele>2</ele><time>2000-01-01T01:21:36.000Z</time></trkpt><trkpt lat="55.56184" lon="14.34723"><ele>2</ele><time>2000-01-01T01:21:46.000Z</time></trkpt><trkpt lat="55.56203" lon="14.34693"><ele>1</ele><time>2000-01-01T01:21:56.000Z</time></trkpt><trkpt lat="55.56227" lon="14.34663"><ele>1</ele><time>2000-01-01T01:22:06.000Z</time></trkpt><trkpt lat="55.56231" lon="14.34655"><time>2000-01-01T01:22:16.000Z</time></trkpt><trkpt lat="55.56244" lon="14.34614"><ele>1</ele><time>2000-01-01T01:22:26.000Z</time></trkpt><trkpt lat="55.56255" lon="14.34582"><ele>1</ele><time>2000-01-01T01:22:36.000Z</time></trkpt><trkpt lat="55.56262" lon="14.34548"><ele>1</ele><time>2000-01-01T01:22:46.000Z</time></trkpt><trkpt lat="55.5627" lon="14.34509"><ele>1</ele><time>2000-01-01T01:22:56.000Z</time></trkpt><trkpt lat="55.56273" lon="14.34491"><time>2000-01-01T01:23:06.000Z</time></trkpt><trkpt lat="55.56284" lon="14.34464"><ele>1</ele><time>2000-01-01T01:23:16.000Z</time></trkpt><trkpt lat="55.56286" lon="14.3446"><time>2000-01-01T01:23:26.000Z</time></trkpt><trkpt lat="55.56293" lon="14.34438"><ele>1</ele><time>2000-01-01T01:23:36.000Z</time></trkpt><trkpt lat="55.56302" lon="14.34412"><ele>1</ele><time>2000-01-01T01:23:46.000Z</time></trkpt><trkpt lat="55.5631" lon="14.34384"><ele>1</ele><time>2000-01-01T01:23:56.000Z</time></trkpt><trkpt lat="55.5632" lon="14.34355"><ele>0</ele><time>2000-01-01T01:24:06.000Z</time></trkpt><trkpt lat="55.56341" lon="14.34317"><ele>0</ele><time>2000-01-01T01:24:16.000Z</time></trkpt><trkpt lat="55.56356" lon="14.34296"><ele>1</ele><time>2000-01-01T01:24:26.000Z</time></trkpt><trkpt lat="55.56372" lon="14.34274"><ele>1</ele><time>2000-01-01T01:24:36.000Z</time></trkpt><trkpt lat="55.5639" lon="14.34255"><ele>2</ele><time>2000-01-01T01:24:46.000Z</time></trkpt><trkpt lat="55.56407" lon="14.34235"><ele>2</ele><time>2000-01-01T01:24:56.000Z</time></trkpt><trkpt lat="55.56434" lon="14.34206"><ele>2</ele><time>2000-01-01T01:25:06.000Z</time></trkpt><trkpt lat="55.5645" lon="14.34196"><ele>2</ele><time>2000-01-01T01:25:16.000Z</time></trkpt><trkpt lat="55.56465" lon="14.34181"><ele>2</ele><time>2000-01-01T01:25:26.000Z</time></trkpt><trkpt lat="55.56483" lon="14.34168"><ele>2</ele><time>2000-01-01T01:25:36.000Z</time></trkpt><trkpt lat="55.5651" lon="14.34146"><ele>3</ele><time>2000-01-01T01:25:46.000Z</time></trkpt><trkpt lat="55.56515" lon="14.34144"><time>2000-01-01T01:25:56.000Z</time></trkpt><trkpt lat="55.56532" lon="14.34133"><ele>3</ele><time>2000-01-01T01:26:06.000Z</time></trkpt><trkpt lat="55.56546" lon="14.34126"><time>2000-01-01T01:26:16.000Z</time></trkpt><trkpt lat="55.56558" lon="14.34122"><ele>4</ele><time>2000-01-01T01:26:26.000Z</time></trkpt><trkpt lat="55.56578" lon="14.3411"><ele>4</ele><time>2000-01-01T01:26:36.000Z</time></trkpt><trkpt lat="55.56603" lon="14.34096"><ele>4</ele><time>2000-01-01T01:26:46.000Z</time></trkpt><trkpt lat="55.56622" lon="14.34088"><ele>3</ele><time>2000-01-01T01:26:56.000Z</time></trkpt><trkpt lat="55.56641" lon="14.34077"><ele>3</ele><time>2000-01-01T01:27:06.000Z</time></trkpt><trkpt lat="55.5666" lon="14.34066"><ele>2</ele><time>2000-01-01T01:27:16.000Z</time></trkpt><trkpt lat="55.5668" lon="14.34057"><ele>2</ele><time>2000-01-01T01:27:26.000Z</time></trkpt><trkpt lat="55.56703" lon="14.34047"><ele>2</ele><time>2000-01-01T01:27:36.000Z</time></trkpt><trkpt lat="55.56717" lon="14.34039"><time>2000-01-01T01:27:46.000Z</time></trkpt><trkpt lat="55.56725" lon="14.34033"><ele>2</ele><time>2000-01-01T01:27:56.000Z</time></trkpt><trkpt lat="55.56736" lon="14.34027"><time>2000-01-01T01:28:06.000Z</time></trkpt><trkpt lat="55.56754" lon="14.34021"><ele>2</ele><time>2000-01-01T01:28:16.000Z</time></trkpt><trkpt lat="55.56782" lon="14.34009"><ele>2</ele><time>2000-01-01T01:28:26.000Z</time></trkpt><trkpt lat="55.56798" lon="14.34001"><ele>2</ele><time>2000-01-01T01:28:36.000Z</time></trkpt><trkpt lat="55.5682" lon="14.33992"><ele>2</ele><time>2000-01-01T01:28:46.000Z</time></trkpt><trkpt lat="55.56854" lon="14.33979"><ele>2</ele><time>2000-01-01T01:28:56.000Z</time></trkpt><trkpt lat="55.56869" lon="14.33971"><ele>2</ele><time>2000-01-01T01:29:06.000Z</time></trkpt><trkpt lat="55.56895" lon="14.33961"><ele>1</ele><time>2000-01-01T01:29:16.000Z</time></trkpt><trkpt lat="55.56904" lon="14.33959"><time>2000-01-01T01:29:26.000Z</time></trkpt><trkpt lat="55.56911" lon="14.33956"><ele>1</ele><time>2000-01-01T01:29:36.000Z</time></trkpt><trkpt lat="55.56917" lon="14.3395"><time>2000-01-01T01:29:46.000Z</time></trkpt><trkpt lat="55.56931" lon="14.33941"><ele>1</ele><time>2000-01-01T01:29:56.000Z</time></trkpt><trkpt lat="55.56938" lon="14.33937"><time>2000-01-01T01:30:06.000Z</time></trkpt><trkpt lat="55.56947" lon="14.33933"><ele>1</ele><time>2000-01-01T01:30:16.000Z</time></trkpt><trkpt lat="55.56962" lon="14.33924"><ele>2</ele><time>2000-01-01T01:30:26.000Z</time></trkpt><trkpt lat="55.56977" lon="14.33913"><ele>2</ele><time>2000-01-01T01:30:36.000Z</time></trkpt><trkpt lat="55.56995" lon="14.33902"><ele>2</ele><time>2000-01-01T01:30:46.000Z</time></trkpt><trkpt lat="55.57016" lon="14.33893"><ele>2</ele><time>2000-01-01T01:30:56.000Z</time></trkpt><trkpt lat="55.57034" lon="14.33878"><ele>1</ele><time>2000-01-01T01:31:06.000Z</time></trkpt><trkpt lat="55.57052" lon="14.33862"><ele>1</ele><time>2000-01-01T01:31:16.000Z</time></trkpt><trkpt lat="55.57066" lon="14.33846"><ele>1</ele><time>2000-01-01T01:31:26.000Z</time></trkpt><trkpt lat="55.57078" lon="14.3383"><time>2000-01-01T01:31:36.000Z</time></trkpt><trkpt lat="55.57093" lon="14.33814"><ele>1</ele><time>2000-01-01T01:31:46.000Z</time></trkpt><trkpt lat="55.57105" lon="14.33805"><time>2000-01-01T01:31:56.000Z</time></trkpt><trkpt lat="55.5713" lon="14.33788"><ele>0</ele><time>2000-01-01T01:32:06.000Z</time></trkpt><trkpt lat="55.57162" lon="14.33761"><ele>0</ele><time>2000-01-01T01:32:16.000Z</time></trkpt><trkpt lat="55.57171" lon="14.33757"><time>2000-01-01T01:32:26.000Z</time></trkpt><trkpt lat="55.5721" lon="14.33747"><ele>0</ele><time>2000-01-01T01:32:36.000Z</time></trkpt><trkpt lat="55.57222" lon="14.33743"><time>2000-01-01T01:32:46.000Z</time></trkpt><trkpt lat="55.57237" lon="14.33735"><ele>0</ele><time>2000-01-01T01:32:56.000Z</time></trkpt><trkpt lat="55.57252" lon="14.33729"><ele>0</ele><time>2000-01-01T01:33:06.000Z</time></trkpt><trkpt lat="55.57286" lon="14.3372"><ele>0</ele><time>2000-01-01T01:33:16.000Z</time></trkpt><trkpt lat="55.57309" lon="14.33712"><ele>0</ele><time>2000-01-01T01:33:26.000Z</time></trkpt><trkpt lat="55.57328" lon="14.33704"><ele>0</ele><time>2000-01-01T01:33:36.000Z</time></trkpt><trkpt lat="55.57347" lon="14.33699"><ele>0</ele><time>2000-01-01T01:33:46.000Z</time></trkpt><trkpt lat="55.57366" lon="14.33693"><ele>0</ele><time>2000-01-01T01:33:56.000Z</time></trkpt><trkpt lat="55.57389" lon="14.33682"><ele>0</ele><time>2000-01-01T01:34:06.000Z</time></trkpt><trkpt lat="55.57408" lon="14.33672"><ele>0</ele><time>2000-01-01T01:34:16.000Z</time></trkpt><trkpt lat="55.57428" lon="14.33662"><ele>0</ele><time>2000-01-01T01:34:26.000Z</time></trkpt><trkpt lat="55.5745" lon="14.33653"><ele>1</ele><time>2000-01-01T01:34:36.000Z</time></trkpt><trkpt lat="55.57466" lon="14.33647"><ele>2</ele><time>2000-01-01T01:34:46.000Z</time></trkpt><trkpt lat="55.57487" lon="14.33642"><ele>2</ele><time>2000-01-01T01:34:56.000Z</time></trkpt><trkpt lat="55.57523" lon="14.33632"><ele>3</ele><time>2000-01-01T01:35:06.000Z</time></trkpt><trkpt lat="55.57536" lon="14.33633"><time>2000-01-01T01:35:16.000Z</time></trkpt><trkpt lat="55.57547" lon="14.33632"><ele>3</ele><time>2000-01-01T01:35:26.000Z</time></trkpt><trkpt lat="55.5756" lon="14.33633"><time>2000-01-01T01:35:36.000Z</time></trkpt><trkpt lat="55.57594" lon="14.33639"><ele>3</ele><time>2000-01-01T01:35:46.000Z</time></trkpt><trkpt lat="55.57617" lon="14.33641"><ele>3</ele><time>2000-01-01T01:35:56.000Z</time></trkpt><trkpt lat="55.57631" lon="14.33637"><time>2000-01-01T01:36:06.000Z</time></trkpt><trkpt lat="55.57647" lon="14.33621"><ele>4</ele><time>2000-01-01T01:36:16.000Z</time></trkpt><trkpt lat="55.57658" lon="14.33616"><time>2000-01-01T01:36:26.000Z</time></trkpt><trkpt lat="55.57669" lon="14.33616"><ele>5</ele><time>2000-01-01T01:36:36.000Z</time></trkpt><trkpt lat="55.57684" lon="14.33611"><ele>6</ele><time>2000-01-01T01:36:46.000Z</time></trkpt><trkpt lat="55.57696" lon="14.33613"><time>2000-01-01T01:36:56.000Z</time></trkpt><trkpt lat="55.57711" lon="14.33625"><ele>6</ele><time>2000-01-01T01:37:06.000Z</time></trkpt><trkpt lat="55.57718" lon="14.33628"><time>2000-01-01T01:37:16.000Z</time></trkpt><trkpt lat="55.57726" lon="14.33633"><ele>6</ele><time>2000-01-01T01:37:26.000Z</time></trkpt><trkpt lat="55.57743" lon="14.33646"><ele>5</ele><time>2000-01-01T01:37:36.000Z</time></trkpt><trkpt lat="55.57755" lon="14.33647"><time>2000-01-01T01:37:46.000Z</time></trkpt><trkpt lat="55.57775" lon="14.33658"><ele>5</ele><time>2000-01-01T01:37:56.000Z</time></trkpt><trkpt lat="55.57785" lon="14.33665"><time>2000-01-01T01:38:06.000Z</time></trkpt><trkpt lat="55.57795" lon="14.33667"><ele>4</ele><time>2000-01-01T01:38:16.000Z</time></trkpt><trkpt lat="55.57804" lon="14.33657"><time>2000-01-01T01:38:26.000Z</time></trkpt><trkpt lat="55.57816" lon="14.33637"><ele>4</ele><time>2000-01-01T01:38:36.000Z</time></trkpt><trkpt lat="55.57836" lon="14.33583"><ele>6</ele><time>2000-01-01T01:38:46.000Z</time></trkpt><trkpt lat="55.57847" lon="14.33551"><ele>7</ele><time>2000-01-01T01:38:56.000Z</time></trkpt><trkpt lat="55.57857" lon="14.3353"><ele>7</ele><time>2000-01-01T01:39:06.000Z</time></trkpt><trkpt lat="55.57867" lon="14.33512"><time>2000-01-01T01:39:16.000Z</time></trkpt><trkpt lat="55.57867" lon="14.33507"><ele>7</ele><time>2000-01-01T01:39:26.000Z</time></trkpt><trkpt lat="55.57868" lon="14.33495"><time>2000-01-01T01:39:36.000Z</time></trkpt><trkpt lat="55.57874" lon="14.33478"><ele>7</ele><time>2000-01-01T01:39:46.000Z</time></trkpt><trkpt lat="55.57882" lon="14.33449"><ele>7</ele><time>2000-01-01T01:39:56.000Z</time></trkpt><trkpt lat="55.57896" lon="14.33425"><ele>6</ele><time>2000-01-01T01:40:06.000Z</time></trkpt><trkpt lat="55.57899" lon="14.33421"><time>2000-01-01T01:40:16.000Z</time></trkpt><trkpt lat="55.57917" lon="14.33401"><ele>4</ele><time>2000-01-01T01:40:26.000Z</time></trkpt><trkpt lat="55.5792" lon="14.33399"><time>2000-01-01T01:40:36.000Z</time></trkpt><trkpt lat="55.57942" lon="14.33386"><ele>4</ele><time>2000-01-01T01:40:46.000Z</time></trkpt><trkpt lat="55.57959" lon="14.33381"><ele>3</ele><time>2000-01-01T01:40:56.000Z</time></trkpt><trkpt lat="55.57976" lon="14.33379"><ele>3</ele><time>2000-01-01T01:41:06.000Z</time></trkpt><trkpt lat="55.57994" lon="14.33363"><ele>3</ele><time>2000-01-01T01:41:16.000Z</time></trkpt><trkpt lat="55.58016" lon="14.33345"><ele>3</ele><time>2000-01-01T01:41:26.000Z</time></trkpt><trkpt lat="55.58025" lon="14.33339"><time>2000-01-01T01:41:36.000Z</time></trkpt><trkpt lat="55.58038" lon="14.33334"><ele>3</ele><time>2000-01-01T01:41:46.000Z</time></trkpt><trkpt lat="55.58058" lon="14.33333"><ele>3</ele><time>2000-01-01T01:41:56.000Z</time></trkpt><trkpt lat="55.58078" lon="14.3333"><ele>3</ele><time>2000-01-01T01:42:06.000Z</time></trkpt><trkpt lat="55.58083" lon="14.33331"><time>2000-01-01T01:42:16.000Z</time></trkpt><trkpt lat="55.58095" lon="14.33335"><ele>3</ele><time>2000-01-01T01:42:26.000Z</time></trkpt><trkpt lat="55.58128" lon="14.33342"><ele>3</ele><time>2000-01-01T01:42:36.000Z</time></trkpt><trkpt lat="55.5814" lon="14.33346"><time>2000-01-01T01:42:46.000Z</time></trkpt><trkpt lat="55.58171" lon="14.33362"><ele>3</ele><time>2000-01-01T01:42:56.000Z</time></trkpt><trkpt lat="55.58191" lon="14.33363"><ele>3</ele><time>2000-01-01T01:43:06.000Z</time></trkpt><trkpt lat="55.58196" lon="14.3336"><time>2000-01-01T01:43:16.000Z</time></trkpt><trkpt lat="55.58209" lon="14.3336"><ele>3</ele><time>2000-01-01T01:43:26.000Z</time></trkpt><trkpt lat="55.5822" lon="14.33363"><time>2000-01-01T01:43:36.000Z</time></trkpt><trkpt lat="55.58228" lon="14.33367"><ele>4</ele><time>2000-01-01T01:43:46.000Z</time></trkpt><trkpt lat="55.58248" lon="14.3338"><ele>4</ele><time>2000-01-01T01:43:56.000Z</time></trkpt><trkpt lat="55.58269" lon="14.33388"><ele>4</ele><time>2000-01-01T01:44:06.000Z</time></trkpt><trkpt lat="55.58291" lon="14.33391"><ele>4</ele><time>2000-01-01T01:44:16.000Z</time></trkpt><trkpt lat="55.58312" lon="14.33387"><ele>4</ele><time>2000-01-01T01:44:26.000Z</time></trkpt><trkpt lat="55.58335" lon="14.33378"><ele>5</ele><time>2000-01-01T01:44:36.000Z</time></trkpt><trkpt lat="55.58345" lon="14.3337"><time>2000-01-01T01:44:46.000Z</time></trkpt><trkpt lat="55.58357" lon="14.33358"><ele>5</ele><time>2000-01-01T01:44:56.000Z</time></trkpt><trkpt lat="55.58379" lon="14.33339"><ele>5</ele><time>2000-01-01T01:45:06.000Z</time></trkpt><trkpt lat="55.58395" lon="14.3332"><ele>5</ele><time>2000-01-01T01:45:16.000Z</time></trkpt><trkpt lat="55.58405" lon="14.33301"><time>2000-01-01T01:45:26.000Z</time></trkpt><trkpt lat="55.58416" lon="14.33294"><ele>5</ele><time>2000-01-01T01:45:36.000Z</time></trkpt><trkpt lat="55.58422" lon="14.33293"><time>2000-01-01T01:45:46.000Z</time></trkpt><trkpt lat="55.58425" lon="14.33294"><time>2000-01-01T01:45:56.000Z</time></trkpt><trkpt lat="55.5844" lon="14.33293"><ele>4</ele><time>2000-01-01T01:46:06.000Z</time></trkpt><trkpt lat="55.58456" lon="14.33275"><ele>4</ele><time>2000-01-01T01:46:16.000Z</time></trkpt><trkpt lat="55.58473" lon="14.33268"><ele>4</ele><time>2000-01-01T01:46:26.000Z</time></trkpt><trkpt lat="55.58486" lon="14.33261"><time>2000-01-01T01:46:36.000Z</time></trkpt><trkpt lat="55.585" lon="14.33266"><ele>4</ele><time>2000-01-01T01:46:46.000Z</time></trkpt><trkpt lat="55.58505" lon="14.33265"><time>2000-01-01T01:46:56.000Z</time></trkpt><trkpt lat="55.58528" lon="14.3325"><ele>4</ele><time>2000-01-01T01:47:06.000Z</time></trkpt><trkpt lat="55.58544" lon="14.33232"><ele>5</ele><time>2000-01-01T01:47:16.000Z</time></trkpt><trkpt lat="55.58561" lon="14.33215"><ele>5</ele><time>2000-01-01T01:47:26.000Z</time></trkpt><trkpt lat="55.58575" lon="14.33205"><time>2000-01-01T01:47:36.000Z</time></trkpt><trkpt lat="55.5858" lon="14.33203"><ele>5</ele><time>2000-01-01T01:47:46.000Z</time></trkpt><trkpt lat="55.58594" lon="14.33192"><ele>5</ele><time>2000-01-01T01:47:56.000Z</time></trkpt><trkpt lat="55.58613" lon="14.33172"><ele>5</ele><time>2000-01-01T01:48:06.000Z</time></trkpt><trkpt lat="55.58636" lon="14.33139"><ele>5</ele><time>2000-01-01T01:48:16.000Z</time></trkpt><trkpt lat="55.5865" lon="14.33121"><ele>5</ele><time>2000-01-01T01:48:26.000Z</time></trkpt><trkpt lat="55.58663" lon="14.33094"><ele>5</ele><time>2000-01-01T01:48:36.000Z</time></trkpt><trkpt lat="55.58678" lon="14.33074"><ele>6</ele><time>2000-01-01T01:48:46.000Z</time></trkpt><trkpt lat="55.58694" lon="14.33058"><ele>6</ele><time>2000-01-01T01:48:56.000Z</time></trkpt><trkpt lat="55.58698" lon="14.33051"><time>2000-01-01T01:49:06.000Z</time></trkpt><trkpt lat="55.58718" lon="14.33026"><ele>6</ele><time>2000-01-01T01:49:16.000Z</time></trkpt><trkpt lat="55.58748" lon="14.32986"><ele>5</ele><time>2000-01-01T01:49:26.000Z</time></trkpt><trkpt lat="55.58753" lon="14.3298"><time>2000-01-01T01:49:36.000Z</time></trkpt><trkpt lat="55.58778" lon="14.32956"><ele>5</ele><time>2000-01-01T01:49:46.000Z</time></trkpt><trkpt lat="55.58795" lon="14.32936"><ele>5</ele><time>2000-01-01T01:49:56.000Z</time></trkpt><trkpt lat="55.58816" lon="14.32912"><ele>5</ele><time>2000-01-01T01:50:06.000Z</time></trkpt><trkpt lat="55.58836" lon="14.32897"><ele>5</ele><time>2000-01-01T01:50:16.000Z</time></trkpt><trkpt lat="55.5886" lon="14.32877"><ele>4</ele><time>2000-01-01T01:50:26.000Z</time></trkpt><trkpt lat="55.58875" lon="14.32859"><ele>4</ele><time>2000-01-01T01:50:36.000Z</time></trkpt><trkpt lat="55.58881" lon="14.32849"><time>2000-01-01T01:50:46.000Z</time></trkpt><trkpt lat="55.58883" lon="14.3284"><time>2000-01-01T01:50:56.000Z</time></trkpt><trkpt lat="55.58889" lon="14.32818"><ele>4</ele><time>2000-01-01T01:51:06.000Z</time></trkpt><trkpt lat="55.58895" lon="14.3281"><time>2000-01-01T01:51:16.000Z</time></trkpt><trkpt lat="55.58903" lon="14.32808"><ele>3</ele><time>2000-01-01T01:51:26.000Z</time></trkpt><trkpt lat="55.5891" lon="14.32799"><time>2000-01-01T01:51:36.000Z</time></trkpt><trkpt lat="55.5892" lon="14.32766"><ele>3</ele><time>2000-01-01T01:51:46.000Z</time></trkpt><trkpt lat="55.58933" lon="14.32739"><ele>4</ele><time>2000-01-01T01:51:56.000Z</time></trkpt><trkpt lat="55.58944" lon="14.32719"><ele>4</ele><time>2000-01-01T01:52:06.000Z</time></trkpt><trkpt lat="55.58953" lon="14.32694"><ele>4</ele><time>2000-01-01T01:52:16.000Z</time></trkpt><trkpt lat="55.58966" lon="14.32654"><ele>4</ele><time>2000-01-01T01:52:26.000Z</time></trkpt><trkpt lat="55.58974" lon="14.32635"><time>2000-01-01T01:52:36.000Z</time></trkpt><trkpt lat="55.58982" lon="14.3261"><ele>4</ele><time>2000-01-01T01:52:46.000Z</time></trkpt><trkpt lat="55.58999" lon="14.32574"><ele>4</ele><time>2000-01-01T01:52:56.000Z</time></trkpt><trkpt lat="55.59004" lon="14.32568"><time>2000-01-01T01:53:06.000Z</time></trkpt><trkpt lat="55.59015" lon="14.32544"><ele>4</ele><time>2000-01-01T01:53:16.000Z</time></trkpt><trkpt lat="55.59029" lon="14.32489"><ele>4</ele><time>2000-01-01T01:53:26.000Z</time></trkpt><trkpt lat="55.59026" lon="14.32468"><time>2000-01-01T01:53:36.000Z</time></trkpt><trkpt lat="55.59029" lon="14.32434"><ele>4</ele><time>2000-01-01T01:53:46.000Z</time></trkpt><trkpt lat="55.59035" lon="14.32412"><time>2000-01-01T01:53:56.000Z</time></trkpt><trkpt lat="55.59045" lon="14.32391"><ele>4</ele><time>2000-01-01T01:54:06.000Z</time></trkpt><trkpt lat="55.59063" lon="14.32359"><ele>4</ele><time>2000-01-01T01:54:16.000Z</time></trkpt><trkpt lat="55.59081" lon="14.32307"><ele>4</ele><time>2000-01-01T01:54:26.000Z</time></trkpt><trkpt lat="55.59091" lon="14.32295"><time>2000-01-01T01:54:36.000Z</time></trkpt><trkpt lat="55.59106" lon="14.32282"><ele>4</ele><time>2000-01-01T01:54:46.000Z</time></trkpt><trkpt lat="55.59114" lon="14.32266"><time>2000-01-01T01:54:56.000Z</time></trkpt><trkpt lat="55.59118" lon="14.32242"><ele>5</ele><time>2000-01-01T01:55:06.000Z</time></trkpt><trkpt lat="55.59123" lon="14.32222"><time>2000-01-01T01:55:16.000Z</time></trkpt><trkpt lat="55.59133" lon="14.32195"><ele>5</ele><time>2000-01-01T01:55:26.000Z</time></trkpt><trkpt lat="55.59151" lon="14.3216"><ele>5</ele><time>2000-01-01T01:55:36.000Z</time></trkpt><trkpt lat="55.59165" lon="14.32134"><ele>5</ele><time>2000-01-01T01:55:46.000Z</time></trkpt><trkpt lat="55.59171" lon="14.32114"><time>2000-01-01T01:55:56.000Z</time></trkpt><trkpt lat="55.59172" lon="14.32076"><ele>7</ele><time>2000-01-01T01:56:06.000Z</time></trkpt><trkpt lat="55.59173" lon="14.32065"><time>2000-01-01T01:56:16.000Z</time></trkpt><trkpt lat="55.59179" lon="14.32032"><ele>7</ele><time>2000-01-01T01:56:26.000Z</time></trkpt><trkpt lat="55.59191" lon="14.32008"><ele>7</ele><time>2000-01-01T01:56:36.000Z</time></trkpt><trkpt lat="55.59201" lon="14.3199"><time>2000-01-01T01:56:46.000Z</time></trkpt><trkpt lat="55.59212" lon="14.31966"><ele>7</ele><time>2000-01-01T01:56:56.000Z</time></trkpt><trkpt lat="55.59221" lon="14.31952"><time>2000-01-01T01:57:06.000Z</time></trkpt><trkpt lat="55.59233" lon="14.31928"><ele>7</ele><time>2000-01-01T01:57:16.000Z</time></trkpt><trkpt lat="55.5925" lon="14.31902"><ele>6</ele><time>2000-01-01T01:57:26.000Z</time></trkpt><trkpt lat="55.59269" lon="14.31871"><ele>6</ele><time>2000-01-01T01:57:36.000Z</time></trkpt><trkpt lat="55.59292" lon="14.31829"><ele>5</ele><time>2000-01-01T01:57:46.000Z</time></trkpt><trkpt lat="55.59318" lon="14.31784"><ele>4</ele><time>2000-01-01T01:57:56.000Z</time></trkpt><trkpt lat="55.59328" lon="14.31757"><ele>4</ele><time>2000-01-01T01:58:06.000Z</time></trkpt><trkpt lat="55.5933" lon="14.31732"><time>2000-01-01T01:58:16.000Z</time></trkpt><trkpt lat="55.59332" lon="14.31698"><ele>5</ele><time>2000-01-01T01:58:26.000Z</time></trkpt><trkpt lat="55.59338" lon="14.31664"><ele>5</ele><time>2000-01-01T01:58:36.000Z</time></trkpt><trkpt lat="55.5934" lon="14.31648"><time>2000-01-01T01:58:46.000Z</time></trkpt><trkpt lat="55.59347" lon="14.31608"><ele>5</ele><time>2000-01-01T01:58:56.000Z</time></trkpt><trkpt lat="55.59348" lon="14.31579"><ele>6</ele><time>2000-01-01T01:59:06.000Z</time></trkpt><trkpt lat="55.59342" lon="14.31547"><ele>6</ele><time>2000-01-01T01:59:16.000Z</time></trkpt><trkpt lat="55.59342" lon="14.31541"><time>2000-01-01T01:59:26.000Z</time></trkpt><trkpt lat="55.59343" lon="14.31531"><time>2000-01-01T01:59:36.000Z</time></trkpt><trkpt lat="55.59348" lon="14.3151"><ele>6</ele><time>2000-01-01T01:59:46.000Z</time></trkpt><trkpt lat="55.59359" lon="14.31476"><ele>6</ele><time>2000-01-01T01:59:56.000Z</time></trkpt><trkpt lat="55.59373" lon="14.31437"><ele>7</ele><time>2000-01-01T02:00:06.000Z</time></trkpt><trkpt lat="55.59387" lon="14.31412"><ele>7</ele><time>2000-01-01T02:00:16.000Z</time></trkpt><trkpt lat="55.59404" lon="14.31389"><ele>7</ele><time>2000-01-01T02:00:26.000Z</time></trkpt><trkpt lat="55.59428" lon="14.31357"><ele>7</ele><time>2000-01-01T02:00:36.000Z</time></trkpt><trkpt lat="55.59441" lon="14.31333"><ele>7</ele><time>2000-01-01T02:00:46.000Z</time></trkpt><trkpt lat="55.59448" lon="14.31323"><time>2000-01-01T02:00:56.000Z</time></trkpt><trkpt lat="55.59457" lon="14.31312"><ele>8</ele><time>2000-01-01T02:01:06.000Z</time></trkpt><trkpt lat="55.59461" lon="14.31306"><time>2000-01-01T02:01:16.000Z</time></trkpt><trkpt lat="55.5947" lon="14.31287"><ele>10</ele><time>2000-01-01T02:01:26.000Z</time></trkpt><trkpt lat="55.59476" lon="14.31271"><time>2000-01-01T02:01:36.000Z</time></trkpt><trkpt lat="55.5948" lon="14.31264"><ele>10</ele><time>2000-01-01T02:01:46.000Z</time></trkpt><trkpt lat="55.59488" lon="14.31256"><time>2000-01-01T02:01:56.000Z</time></trkpt><trkpt lat="55.59544" lon="14.31218"><ele>10</ele><time>2000-01-01T02:02:06.000Z</time></trkpt><trkpt lat="55.59563" lon="14.31211"><ele>8</ele><time>2000-01-01T02:02:16.000Z</time></trkpt><trkpt lat="55.59583" lon="14.31207"><ele>8</ele><time>2000-01-01T02:02:26.000Z</time></trkpt><trkpt lat="55.59586" lon="14.31204"><time>2000-01-01T02:02:36.000Z</time></trkpt><trkpt lat="55.59601" lon="14.31183"><ele>8</ele><time>2000-01-01T02:02:46.000Z</time></trkpt><trkpt lat="55.59616" lon="14.31167"><ele>8</ele><time>2000-01-01T02:02:56.000Z</time></trkpt><trkpt lat="55.59621" lon="14.31159"><time>2000-01-01T02:03:06.000Z</time></trkpt><trkpt lat="55.59625" lon="14.31146"><time>2000-01-01T02:03:16.000Z</time></trkpt><trkpt lat="55.59634" lon="14.31129"><ele>10</ele><time>2000-01-01T02:03:26.000Z</time></trkpt><trkpt lat="55.59654" lon="14.31109"><ele>10</ele><time>2000-01-01T02:03:36.000Z</time></trkpt><trkpt lat="55.5966" lon="14.31104"><time>2000-01-01T02:03:46.000Z</time></trkpt><trkpt lat="55.59673" lon="14.31097"><ele>9</ele><time>2000-01-01T02:03:56.000Z</time></trkpt><trkpt lat="55.59698" lon="14.31088"><ele>8</ele><time>2000-01-01T02:04:06.000Z</time></trkpt><trkpt lat="55.59705" lon="14.31087"><time>2000-01-01T02:04:16.000Z</time></trkpt><trkpt lat="55.59723" lon="14.31088"><ele>6</ele><time>2000-01-01T02:04:26.000Z</time></trkpt><trkpt lat="55.59732" lon="14.31087"><time>2000-01-01T02:04:36.000Z</time></trkpt><trkpt lat="55.59765" lon="14.31045"><ele>6</ele><time>2000-01-01T02:04:46.000Z</time></trkpt><trkpt lat="55.59779" lon="14.31023"><ele>6</ele><time>2000-01-01T02:04:56.000Z</time></trkpt><trkpt lat="55.59793" lon="14.30995"><ele>7</ele><time>2000-01-01T02:05:06.000Z</time></trkpt><trkpt lat="55.59798" lon="14.30987"><time>2000-01-01T02:05:16.000Z</time></trkpt><trkpt lat="55.59826" lon="14.30948"><ele>8</ele><time>2000-01-01T02:05:26.000Z</time></trkpt><trkpt lat="55.59845" lon="14.30931"><ele>8</ele><time>2000-01-01T02:05:36.000Z</time></trkpt><trkpt lat="55.59856" lon="14.30928"><time>2000-01-01T02:05:46.000Z</time></trkpt><trkpt lat="55.5987" lon="14.30918"><ele>7</ele><time>2000-01-01T02:05:56.000Z</time></trkpt><trkpt lat="55.59889" lon="14.30903"><ele>7</ele><time>2000-01-01T02:06:06.000Z</time></trkpt><trkpt lat="55.59917" lon="14.30878"><ele>7</ele><time>2000-01-01T02:06:16.000Z</time></trkpt><trkpt lat="55.5992" lon="14.30877"><time>2000-01-01T02:06:26.000Z</time></trkpt><trkpt lat="55.59939" lon="14.30865"><ele>7</ele><time>2000-01-01T02:06:36.000Z</time></trkpt><trkpt lat="55.59958" lon="14.30845"><ele>6</ele><time>2000-01-01T02:06:46.000Z</time></trkpt><trkpt lat="55.59975" lon="14.30831"><ele>6</ele><time>2000-01-01T02:06:56.000Z</time></trkpt><trkpt lat="55.59978" lon="14.30828"><time>2000-01-01T02:07:06.000Z</time></trkpt><trkpt lat="55.59987" lon="14.30815"><time>2000-01-01T02:07:16.000Z</time></trkpt><trkpt lat="55.60008" lon="14.30773"><ele>10</ele><time>2000-01-01T02:07:26.000Z</time></trkpt><trkpt lat="55.60023" lon="14.30757"><ele>10</ele><time>2000-01-01T02:07:36.000Z</time></trkpt><trkpt lat="55.60044" lon="14.30747"><ele>9</ele><time>2000-01-01T02:07:46.000Z</time></trkpt><trkpt lat="55.60073" lon="14.30759"><ele>7</ele><time>2000-01-01T02:07:56.000Z</time></trkpt><trkpt lat="55.6008" lon="14.30754"><time>2000-01-01T02:08:06.000Z</time></trkpt><trkpt lat="55.60087" lon="14.30746"><ele>7</ele><time>2000-01-01T02:08:16.000Z</time></trkpt><trkpt lat="55.60101" lon="14.30724"><ele>6</ele><time>2000-01-01T02:08:26.000Z</time></trkpt><trkpt lat="55.60106" lon="14.30707"><time>2000-01-01T02:08:36.000Z</time></trkpt><trkpt lat="55.60111" lon="14.30695"><ele>6</ele><time>2000-01-01T02:08:46.000Z</time></trkpt><trkpt lat="55.60121" lon="14.30668"><ele>6</ele><time>2000-01-01T02:08:56.000Z</time></trkpt><trkpt lat="55.6013" lon="14.30637"><ele>7</ele><time>2000-01-01T02:09:06.000Z</time></trkpt><trkpt lat="55.60148" lon="14.30613"><ele>7</ele><time>2000-01-01T02:09:16.000Z</time></trkpt><trkpt lat="55.60169" lon="14.30591"><ele>5</ele><time>2000-01-01T02:09:26.000Z</time></trkpt><trkpt lat="55.6018" lon="14.30578"><time>2000-01-01T02:09:36.000Z</time></trkpt><trkpt lat="55.60187" lon="14.30567"><ele>5</ele><time>2000-01-01T02:09:46.000Z</time></trkpt><trkpt lat="55.60189" lon="14.30563"><time>2000-01-01T02:09:56.000Z</time></trkpt><trkpt lat="55.60195" lon="14.30533"><ele>5</ele><time>2000-01-01T02:10:06.000Z</time></trkpt><trkpt lat="55.60205" lon="14.30505"><ele>5</ele><time>2000-01-01T02:10:16.000Z</time></trkpt><trkpt lat="55.60214" lon="14.30497"><time>2000-01-01T02:10:26.000Z</time></trkpt><trkpt lat="55.60244" lon="14.30476"><ele>1</ele><time>2000-01-01T02:10:36.000Z</time></trkpt><trkpt lat="55.60261" lon="14.30459"><ele>1</ele><time>2000-01-01T02:10:46.000Z</time></trkpt><trkpt lat="55.60266" lon="14.30452"><time>2000-01-01T02:10:56.000Z</time></trkpt><trkpt lat="55.60282" lon="14.30424"><ele>1</ele><time>2000-01-01T02:11:06.000Z</time></trkpt><trkpt lat="55.60296" lon="14.30401"><ele>1</ele><time>2000-01-01T02:11:16.000Z</time></trkpt><trkpt lat="55.60302" lon="14.3039"><time>2000-01-01T02:11:26.000Z</time></trkpt><trkpt lat="55.60313" lon="14.30363"><ele>1</ele><time>2000-01-01T02:11:36.000Z</time></trkpt><trkpt lat="55.60326" lon="14.30339"><ele>1</ele><time>2000-01-01T02:11:46.000Z</time></trkpt><trkpt lat="55.60329" lon="14.3033"><time>2000-01-01T02:11:56.000Z</time></trkpt><trkpt lat="55.60353" lon="14.30286"><ele>2</ele><time>2000-01-01T02:12:06.000Z</time></trkpt><trkpt lat="55.60356" lon="14.30279"><time>2000-01-01T02:12:16.000Z</time></trkpt><trkpt lat="55.60359" lon="14.30262"><time>2000-01-01T02:12:26.000Z</time></trkpt><trkpt lat="55.60362" lon="14.30231"><ele>2</ele><time>2000-01-01T02:12:36.000Z</time></trkpt><trkpt lat="55.60369" lon="14.30203"><ele>3</ele><time>2000-01-01T02:12:46.000Z</time></trkpt><trkpt lat="55.60394" lon="14.30163"><ele>3</ele><time>2000-01-01T02:12:56.000Z</time></trkpt><trkpt lat="55.6041" lon="14.30146"><ele>3</ele><time>2000-01-01T02:13:06.000Z</time></trkpt><trkpt lat="55.60417" lon="14.30134"><time>2000-01-01T02:13:16.000Z</time></trkpt><trkpt lat="55.60436" lon="14.30095"><ele>3</ele><time>2000-01-01T02:13:26.000Z</time></trkpt><trkpt lat="55.60443" lon="14.30084"><time>2000-01-01T02:13:36.000Z</time></trkpt><trkpt lat="55.60457" lon="14.30064"><ele>3</ele><time>2000-01-01T02:13:46.000Z</time></trkpt><trkpt lat="55.6046" lon="14.30062"><time>2000-01-01T02:13:56.000Z</time></trkpt><trkpt lat="55.60473" lon="14.30041"><ele>2</ele><time>2000-01-01T02:14:06.000Z</time></trkpt><trkpt lat="55.60486" lon="14.30018"><ele>2</ele><time>2000-01-01T02:14:16.000Z</time></trkpt><trkpt lat="55.60498" lon="14.30006"><time>2000-01-01T02:14:26.000Z</time></trkpt><trkpt lat="55.60523" lon="14.29959"><ele>5</ele><time>2000-01-01T02:14:36.000Z</time></trkpt><trkpt lat="55.60533" lon="14.29946"><time>2000-01-01T02:14:46.000Z</time></trkpt><trkpt lat="55.60538" lon="14.29941"><ele>5</ele><time>2000-01-01T02:14:56.000Z</time></trkpt><trkpt lat="55.60553" lon="14.29922"><ele>6</ele><time>2000-01-01T02:15:06.000Z</time></trkpt><trkpt lat="55.60563" lon="14.29903"><time>2000-01-01T02:15:16.000Z</time></trkpt><trkpt lat="55.60573" lon="14.29889"><ele>8</ele><time>2000-01-01T02:15:26.000Z</time></trkpt><trkpt lat="55.60593" lon="14.29876"><ele>8</ele><time>2000-01-01T02:15:36.000Z</time></trkpt><trkpt lat="55.60619" lon="14.29854"><ele>8</ele><time>2000-01-01T02:15:46.000Z</time></trkpt><trkpt lat="55.60638" lon="14.29841"><ele>9</ele><time>2000-01-01T02:15:56.000Z</time></trkpt><trkpt lat="55.60654" lon="14.29832"><ele>9</ele><time>2000-01-01T02:16:06.000Z</time></trkpt><trkpt lat="55.60672" lon="14.29826"><ele>9</ele><time>2000-01-01T02:16:16.000Z</time></trkpt><trkpt lat="55.60693" lon="14.29824"><ele>8</ele><time>2000-01-01T02:16:26.000Z</time></trkpt><trkpt lat="55.60717" lon="14.29821"><ele>8</ele><time>2000-01-01T02:16:36.000Z</time></trkpt><trkpt lat="55.6072" lon="14.29822"><time>2000-01-01T02:16:46.000Z</time></trkpt><trkpt lat="55.60739" lon="14.29822"><ele>8</ele><time>2000-01-01T02:16:56.000Z</time></trkpt><trkpt lat="55.60761" lon="14.29819"><ele>8</ele><time>2000-01-01T02:17:06.000Z</time></trkpt><trkpt lat="55.60787" lon="14.29821"><ele>7</ele><time>2000-01-01T02:17:16.000Z</time></trkpt><trkpt lat="55.60805" lon="14.2982"><ele>7</ele><time>2000-01-01T02:17:26.000Z</time></trkpt><trkpt lat="55.60826" lon="14.29824"><ele>7</ele><time>2000-01-01T02:17:36.000Z</time></trkpt><trkpt lat="55.60841" lon="14.2982"><time>2000-01-01T02:17:46.000Z</time></trkpt><trkpt lat="55.6086" lon="14.2981"><ele>7</ele><time>2000-01-01T02:17:56.000Z</time></trkpt><trkpt lat="55.6088" lon="14.29795"><ele>7</ele><time>2000-01-01T02:18:06.000Z</time></trkpt><trkpt lat="55.60898" lon="14.29778"><ele>9</ele><time>2000-01-01T02:18:16.000Z</time></trkpt><trkpt lat="55.60919" lon="14.29758"><ele>11</ele><time>2000-01-01T02:18:26.000Z</time></trkpt><trkpt lat="55.60938" lon="14.29747"><ele>11</ele><time>2000-01-01T02:18:36.000Z</time></trkpt><trkpt lat="55.60958" lon="14.29736"><ele>12</ele><time>2000-01-01T02:18:46.000Z</time></trkpt><trkpt lat="55.60963" lon="14.29731"><time>2000-01-01T02:18:56.000Z</time></trkpt><trkpt lat="55.60975" lon="14.29728"><ele>12</ele><time>2000-01-01T02:19:06.000Z</time></trkpt><trkpt lat="55.60994" lon="14.29731"><ele>12</ele><time>2000-01-01T02:19:16.000Z</time></trkpt><trkpt lat="55.61014" lon="14.29734"><ele>12</ele><time>2000-01-01T02:19:26.000Z</time></trkpt><trkpt lat="55.61032" lon="14.2974"><ele>11</ele><time>2000-01-01T02:19:36.000Z</time></trkpt><trkpt lat="55.61053" lon="14.29751"><ele>10</ele><time>2000-01-01T02:19:46.000Z</time></trkpt><trkpt lat="55.61061" lon="14.29753"><time>2000-01-01T02:19:56.000Z</time></trkpt><trkpt lat="55.61071" lon="14.29752"><ele>10</ele><time>2000-01-01T02:20:06.000Z</time></trkpt><trkpt lat="55.6109" lon="14.29744"><ele>10</ele><time>2000-01-01T02:20:16.000Z</time></trkpt><trkpt lat="55.61097" lon="14.29743"><time>2000-01-01T02:20:26.000Z</time></trkpt><trkpt lat="55.61108" lon="14.29746"><ele>10</ele><time>2000-01-01T02:20:36.000Z</time></trkpt><trkpt lat="55.61125" lon="14.29753"><ele>9</ele><time>2000-01-01T02:20:46.000Z</time></trkpt><trkpt lat="55.61134" lon="14.29756"><time>2000-01-01T02:20:56.000Z</time></trkpt><trkpt lat="55.61142" lon="14.29756"><ele>9</ele><time>2000-01-01T02:21:06.000Z</time></trkpt><trkpt lat="55.61161" lon="14.29751"><ele>9</ele><time>2000-01-01T02:21:16.000Z</time></trkpt><trkpt lat="55.61179" lon="14.29734"><ele>10</ele><time>2000-01-01T02:21:26.000Z</time></trkpt><trkpt lat="55.61182" lon="14.2973"><time>2000-01-01T02:21:36.000Z</time></trkpt><trkpt lat="55.61199" lon="14.29712"><ele>10</ele><time>2000-01-01T02:21:46.000Z</time></trkpt><trkpt lat="55.61217" lon="14.29695"><ele>10</ele><time>2000-01-01T02:21:56.000Z</time></trkpt><trkpt lat="55.61242" lon="14.29666"><ele>9</ele><time>2000-01-01T02:22:06.000Z</time></trkpt><trkpt lat="55.61257" lon="14.2964"><ele>9</ele><time>2000-01-01T02:22:16.000Z</time></trkpt><trkpt lat="55.61274" lon="14.29609"><ele>8</ele><time>2000-01-01T02:22:26.000Z</time></trkpt><trkpt lat="55.61292" lon="14.2957"><ele>8</ele><time>2000-01-01T02:22:36.000Z</time></trkpt><trkpt lat="55.61303" lon="14.29543"><ele>8</ele><time>2000-01-01T02:22:46.000Z</time></trkpt><trkpt lat="55.61306" lon="14.29533"><time>2000-01-01T02:22:56.000Z</time></trkpt><trkpt lat="55.6132" lon="14.29497"><ele>8</ele><time>2000-01-01T02:23:06.000Z</time></trkpt><trkpt lat="55.61329" lon="14.29482"><time>2000-01-01T02:23:16.000Z</time></trkpt><trkpt lat="55.61335" lon="14.2947"><ele>8</ele><time>2000-01-01T02:23:26.000Z</time></trkpt><trkpt lat="55.61346" lon="14.29443"><ele>8</ele><time>2000-01-01T02:23:36.000Z</time></trkpt><trkpt lat="55.61355" lon="14.29425"><time>2000-01-01T02:23:46.000Z</time></trkpt><trkpt lat="55.61367" lon="14.29398"><ele>7</ele><time>2000-01-01T02:23:56.000Z</time></trkpt><trkpt lat="55.6138" lon="14.29373"><ele>7</ele><time>2000-01-01T02:24:06.000Z</time></trkpt><trkpt lat="55.61392" lon="14.29343"><ele>7</ele><time>2000-01-01T02:24:16.000Z</time></trkpt><trkpt lat="55.61407" lon="14.29305"><ele>7</ele><time>2000-01-01T02:24:26.000Z</time></trkpt><trkpt lat="55.61414" lon="14.29292"><time>2000-01-01T02:24:36.000Z</time></trkpt><trkpt lat="55.61425" lon="14.29267"><ele>6</ele><time>2000-01-01T02:24:46.000Z</time></trkpt><trkpt lat="55.61438" lon="14.29234"><ele>6</ele><time>2000-01-01T02:24:56.000Z</time></trkpt><trkpt lat="55.61456" lon="14.29185"><ele>5</ele><time>2000-01-01T02:25:06.000Z</time></trkpt><trkpt lat="55.61472" lon="14.29159"><ele>5</ele><time>2000-01-01T02:25:16.000Z</time></trkpt><trkpt lat="55.61488" lon="14.29125"><ele>5</ele><time>2000-01-01T02:25:26.000Z</time></trkpt><trkpt lat="55.61501" lon="14.29093"><ele>5</ele><time>2000-01-01T02:25:36.000Z</time></trkpt><trkpt lat="55.61509" lon="14.29058"><ele>5</ele><time>2000-01-01T02:25:46.000Z</time></trkpt><trkpt lat="55.6152" lon="14.29032"><ele>5</ele><time>2000-01-01T02:25:56.000Z</time></trkpt><trkpt lat="55.61536" lon="14.29014"><ele>4</ele><time>2000-01-01T02:26:06.000Z</time></trkpt><trkpt lat="55.61546" lon="14.29"><time>2000-01-01T02:26:16.000Z</time></trkpt><trkpt lat="55.61555" lon="14.28977"><ele>4</ele><time>2000-01-01T02:26:26.000Z</time></trkpt><trkpt lat="55.6156" lon="14.28956"><time>2000-01-01T02:26:36.000Z</time></trkpt><trkpt lat="55.61563" lon="14.28941"><ele>3</ele><time>2000-01-01T02:26:46.000Z</time></trkpt><trkpt lat="55.61567" lon="14.28899"><ele>3</ele><time>2000-01-01T02:26:56.000Z</time></trkpt><trkpt lat="55.61565" lon="14.28874"><time>2000-01-01T02:27:06.000Z</time></trkpt><trkpt lat="55.61564" lon="14.28868"><ele>3</ele><time>2000-01-01T02:27:16.000Z</time></trkpt><trkpt lat="55.61562" lon="14.28829"><ele>4</ele><time>2000-01-01T02:27:26.000Z</time></trkpt><trkpt lat="55.61564" lon="14.28785"><ele>5</ele><time>2000-01-01T02:27:36.000Z</time></trkpt><trkpt lat="55.61569" lon="14.2875"><ele>5</ele><time>2000-01-01T02:27:46.000Z</time></trkpt><trkpt lat="55.61574" lon="14.28708"><ele>5</ele><time>2000-01-01T02:27:56.000Z</time></trkpt><trkpt lat="55.6158" lon="14.28688"><time>2000-01-01T02:28:06.000Z</time></trkpt><trkpt lat="55.61586" lon="14.28661"><ele>6</ele><time>2000-01-01T02:28:16.000Z</time></trkpt><trkpt lat="55.61599" lon="14.28637"><ele>6</ele><time>2000-01-01T02:28:26.000Z</time></trkpt><trkpt lat="55.61602" lon="14.28634"><time>2000-01-01T02:28:36.000Z</time></trkpt><trkpt lat="55.61613" lon="14.28606"><ele>6</ele><time>2000-01-01T02:28:46.000Z</time></trkpt><trkpt lat="55.61623" lon="14.28577"><ele>7</ele><time>2000-01-01T02:28:56.000Z</time></trkpt><trkpt lat="55.61637" lon="14.28553"><ele>7</ele><time>2000-01-01T02:29:06.000Z</time></trkpt><trkpt lat="55.61652" lon="14.28529"><ele>7</ele><time>2000-01-01T02:29:16.000Z</time></trkpt><trkpt lat="55.61665" lon="14.28512"><ele>7</ele><time>2000-01-01T02:29:26.000Z</time></trkpt><trkpt lat="55.61677" lon="14.28494"><ele>7</ele><time>2000-01-01T02:29:36.000Z</time></trkpt><trkpt lat="55.61694" lon="14.28476"><ele>8</ele><time>2000-01-01T02:29:46.000Z</time></trkpt><trkpt lat="55.61711" lon="14.28457"><ele>8</ele><time>2000-01-01T02:29:56.000Z</time></trkpt><trkpt lat="55.61731" lon="14.28438"><ele>7</ele><time>2000-01-01T02:30:06.000Z</time></trkpt><trkpt lat="55.61739" lon="14.28437"><time>2000-01-01T02:30:16.000Z</time></trkpt><trkpt lat="55.61744" lon="14.28438"><time>2000-01-01T02:30:26.000Z</time></trkpt><trkpt lat="55.61752" lon="14.28437"><ele>7</ele><time>2000-01-01T02:30:36.000Z</time></trkpt><trkpt lat="55.61772" lon="14.2842"><ele>8</ele><time>2000-01-01T02:30:46.000Z</time></trkpt><trkpt lat="55.61781" lon="14.28409"><time>2000-01-01T02:30:56.000Z</time></trkpt><trkpt lat="55.61786" lon="14.28406"><ele>10</ele><time>2000-01-01T02:31:06.000Z</time></trkpt><trkpt lat="55.61798" lon="14.28394"><time>2000-01-01T02:31:16.000Z</time></trkpt><trkpt lat="55.618" lon="14.28394"><ele>11</ele><time>2000-01-01T02:31:26.000Z</time></trkpt><trkpt lat="55.61811" lon="14.28389"><time>2000-01-01T02:31:36.000Z</time></trkpt><trkpt lat="55.61826" lon="14.2838"><ele>11</ele><time>2000-01-01T02:31:46.000Z</time></trkpt><trkpt lat="55.61844" lon="14.28373"><ele>11</ele><time>2000-01-01T02:31:56.000Z</time></trkpt><trkpt lat="55.61858" lon="14.28365"><time>2000-01-01T02:32:06.000Z</time></trkpt><trkpt lat="55.61871" lon="14.28359"><ele>11</ele><time>2000-01-01T02:32:16.000Z</time></trkpt><trkpt lat="55.61906" lon="14.28348"><ele>10</ele><time>2000-01-01T02:32:26.000Z</time></trkpt><trkpt lat="55.61918" lon="14.28336"><time>2000-01-01T02:32:36.000Z</time></trkpt><trkpt lat="55.61931" lon="14.28331"><ele>8</ele><time>2000-01-01T02:32:46.000Z</time></trkpt><trkpt lat="55.61935" lon="14.28328"><time>2000-01-01T02:32:56.000Z</time></trkpt><trkpt lat="55.61948" lon="14.28321"><ele>8</ele><time>2000-01-01T02:33:06.000Z</time></trkpt><trkpt lat="55.61966" lon="14.28307"><ele>8</ele><time>2000-01-01T02:33:16.000Z</time></trkpt><trkpt lat="55.61986" lon="14.283"><ele>8</ele><time>2000-01-01T02:33:26.000Z</time></trkpt><trkpt lat="55.62009" lon="14.28293"><ele>8</ele><time>2000-01-01T02:33:36.000Z</time></trkpt><trkpt lat="55.6202" lon="14.28286"><time>2000-01-01T02:33:46.000Z</time></trkpt><trkpt lat="55.62052" lon="14.28275"><ele>8</ele><time>2000-01-01T02:33:56.000Z</time></trkpt><trkpt lat="55.62066" lon="14.28273"><time>2000-01-01T02:34:06.000Z</time></trkpt><trkpt lat="55.62073" lon="14.2827"><ele>8</ele><time>2000-01-01T02:34:16.000Z</time></trkpt><trkpt lat="55.62078" lon="14.28269"><time>2000-01-01T02:34:26.000Z</time></trkpt><trkpt lat="55.6209" lon="14.28264"><ele>9</ele><time>2000-01-01T02:34:36.000Z</time></trkpt><trkpt lat="55.62111" lon="14.2826"><ele>9</ele><time>2000-01-01T02:34:46.000Z</time></trkpt><trkpt lat="55.62137" lon="14.28256"><ele>10</ele><time>2000-01-01T02:34:56.000Z</time></trkpt><trkpt lat="55.62151" lon="14.28247"><time>2000-01-01T02:35:06.000Z</time></trkpt><trkpt lat="55.62155" lon="14.28242"><ele>11</ele><time>2000-01-01T02:35:16.000Z</time></trkpt><trkpt lat="55.62177" lon="14.28233"><ele>12</ele><time>2000-01-01T02:35:26.000Z</time></trkpt><trkpt lat="55.62192" lon="14.28229"><time>2000-01-01T02:35:36.000Z</time></trkpt><trkpt lat="55.62209" lon="14.28222"><ele>13</ele><time>2000-01-01T02:35:46.000Z</time></trkpt><trkpt lat="55.62219" lon="14.28225"><time>2000-01-01T02:35:56.000Z</time></trkpt><trkpt lat="55.62248" lon="14.28219"><ele>13</ele><time>2000-01-01T02:36:06.000Z</time></trkpt><trkpt lat="55.62262" lon="14.28219"><time>2000-01-01T02:36:16.000Z</time></trkpt><trkpt lat="55.62271" lon="14.28216"><ele>14</ele><time>2000-01-01T02:36:26.000Z</time></trkpt><trkpt lat="55.62293" lon="14.28204"><ele>14</ele><time>2000-01-01T02:36:36.000Z</time></trkpt><trkpt lat="55.62306" lon="14.28201"><time>2000-01-01T02:36:46.000Z</time></trkpt><trkpt lat="55.6233" lon="14.28201"><ele>14</ele><time>2000-01-01T02:36:56.000Z</time></trkpt><trkpt lat="55.62342" lon="14.28198"><time>2000-01-01T02:37:06.000Z</time></trkpt><trkpt lat="55.62355" lon="14.2819"><ele>14</ele><time>2000-01-01T02:37:16.000Z</time></trkpt><trkpt lat="55.62356" lon="14.28188"><time>2000-01-01T02:37:26.000Z</time></trkpt><trkpt lat="55.62368" lon="14.2818"><time>2000-01-01T02:37:36.000Z</time></trkpt><trkpt lat="55.62381" lon="14.28176"><ele>15</ele><time>2000-01-01T02:37:46.000Z</time></trkpt><trkpt lat="55.62386" lon="14.28173"><time>2000-01-01T02:37:56.000Z</time></trkpt><trkpt lat="55.62388" lon="14.28169"><time>2000-01-01T02:38:06.000Z</time></trkpt><trkpt lat="55.62391" lon="14.28167"><time>2000-01-01T02:38:16.000Z</time></trkpt><trkpt lat="55.62401" lon="14.28163"><ele>15</ele><time>2000-01-01T02:38:26.000Z</time></trkpt><trkpt lat="55.62405" lon="14.28164"><time>2000-01-01T02:38:36.000Z</time></trkpt><trkpt lat="55.62427" lon="14.28158"><ele>14</ele><time>2000-01-01T02:38:46.000Z</time></trkpt><trkpt lat="55.62446" lon="14.28149"><ele>14</ele><time>2000-01-01T02:38:56.000Z</time></trkpt><trkpt lat="55.62465" lon="14.28141"><ele>13</ele><time>2000-01-01T02:39:06.000Z</time></trkpt><trkpt lat="55.62467" lon="14.28139"><time>2000-01-01T02:39:16.000Z</time></trkpt><trkpt lat="55.62475" lon="14.28135"><time>2000-01-01T02:39:26.000Z</time></trkpt><trkpt lat="55.62491" lon="14.28129"><ele>12</ele><time>2000-01-01T02:39:36.000Z</time></trkpt><trkpt lat="55.62525" lon="14.28119"><ele>11</ele><time>2000-01-01T02:39:46.000Z</time></trkpt><trkpt lat="55.62535" lon="14.28118"><time>2000-01-01T02:39:56.000Z</time></trkpt><trkpt lat="55.6254" lon="14.28121"><ele>10</ele><time>2000-01-01T02:40:06.000Z</time></trkpt><trkpt lat="55.62549" lon="14.28122"><time>2000-01-01T02:40:16.000Z</time></trkpt><trkpt lat="55.62557" lon="14.28115"><ele>10</ele><time>2000-01-01T02:40:26.000Z</time></trkpt><trkpt lat="55.62564" lon="14.28114"><time>2000-01-01T02:40:36.000Z</time></trkpt><trkpt lat="55.62568" lon="14.28112"><time>2000-01-01T02:40:46.000Z</time></trkpt><trkpt lat="55.62578" lon="14.28105"><ele>10</ele><time>2000-01-01T02:40:56.000Z</time></trkpt><trkpt lat="55.62588" lon="14.28096"><time>2000-01-01T02:41:06.000Z</time></trkpt><trkpt lat="55.62594" lon="14.28092"><ele>11</ele><time>2000-01-01T02:41:16.000Z</time></trkpt><trkpt lat="55.6262" lon="14.28081"><ele>11</ele><time>2000-01-01T02:41:26.000Z</time></trkpt><trkpt lat="55.62623" lon="14.28084"><time>2000-01-01T02:41:36.000Z</time></trkpt><trkpt lat="55.62634" lon="14.28087"><time>2000-01-01T02:41:46.000Z</time></trkpt><trkpt lat="55.62651" lon="14.28086"><ele>9</ele><time>2000-01-01T02:41:56.000Z</time></trkpt><trkpt lat="55.62674" lon="14.28081"><ele>9</ele><time>2000-01-01T02:42:06.000Z</time></trkpt><trkpt lat="55.62678" lon="14.28077"><time>2000-01-01T02:42:16.000Z</time></trkpt><trkpt lat="55.62684" lon="14.28073"><time>2000-01-01T02:42:26.000Z</time></trkpt><trkpt lat="55.6269" lon="14.28037"><ele>14</ele><time>2000-01-01T02:42:36.000Z</time></trkpt><trkpt lat="55.6268" lon="14.2802"><time>2000-01-01T02:42:46.000Z</time></trkpt><trkpt lat="55.62681" lon="14.27988"><ele>16</ele><time>2000-01-01T02:42:56.000Z</time></trkpt><trkpt lat="55.6269" lon="14.27964"><ele>17</ele><time>2000-01-01T02:43:06.000Z</time></trkpt><trkpt lat="55.62719" lon="14.27932"><ele>17</ele><time>2000-01-01T02:43:16.000Z</time></trkpt><trkpt lat="55.62732" lon="14.27913"><ele>17</ele><time>2000-01-01T02:43:26.000Z</time></trkpt><trkpt lat="55.62749" lon="14.27902"><ele>17</ele><time>2000-01-01T02:43:36.000Z</time></trkpt><trkpt lat="55.62774" lon="14.27916"><ele>17</ele><time>2000-01-01T02:43:46.000Z</time></trkpt><trkpt lat="55.62788" lon="14.27918"><time>2000-01-01T02:43:56.000Z</time></trkpt><trkpt lat="55.62799" lon="14.27916"><ele>17</ele><time>2000-01-01T02:44:06.000Z</time></trkpt><trkpt lat="55.62809" lon="14.27913"><time>2000-01-01T02:44:16.000Z</time></trkpt><trkpt lat="55.62819" lon="14.27915"><ele>16</ele><time>2000-01-01T02:44:26.000Z</time></trkpt><trkpt lat="55.62855" lon="14.27925"><ele>15</ele><time>2000-01-01T02:44:36.000Z</time></trkpt><trkpt lat="55.62881" lon="14.2793"><ele>15</ele><time>2000-01-01T02:44:46.000Z</time></trkpt><trkpt lat="55.62904" lon="14.27932"><ele>14</ele><time>2000-01-01T02:44:56.000Z</time></trkpt><trkpt lat="55.62939" lon="14.27928"><ele>14</ele><time>2000-01-01T02:45:06.000Z</time></trkpt><trkpt lat="55.62966" lon="14.27923"><ele>13</ele><time>2000-01-01T02:45:16.000Z</time></trkpt><trkpt lat="55.62993" lon="14.27909"><ele>13</ele><time>2000-01-01T02:45:26.000Z</time></trkpt><trkpt lat="55.63001" lon="14.279"><time>2000-01-01T02:45:36.000Z</time></trkpt><trkpt lat="55.63007" lon="14.27888"><ele>14</ele><time>2000-01-01T02:45:46.000Z</time></trkpt><trkpt lat="55.6301" lon="14.27858"><ele>14</ele><time>2000-01-01T02:45:56.000Z</time></trkpt><trkpt lat="55.63011" lon="14.27819"><ele>16</ele><time>2000-01-01T02:46:06.000Z</time></trkpt><trkpt lat="55.63011" lon="14.27787"><ele>16</ele><time>2000-01-01T02:46:16.000Z</time></trkpt><trkpt lat="55.63014" lon="14.27724"><ele>16</ele><time>2000-01-01T02:46:26.000Z</time></trkpt><trkpt lat="55.63022" lon="14.27717"><time>2000-01-01T02:46:36.000Z</time></trkpt><trkpt lat="55.63034" lon="14.27749"><ele>16</ele><time>2000-01-01T02:46:46.000Z</time></trkpt><trkpt lat="55.63038" lon="14.27787"><ele>16</ele><time>2000-01-01T02:46:56.000Z</time></trkpt><trkpt lat="55.63041" lon="14.27831"><ele>16</ele><time>2000-01-01T02:47:06.000Z</time></trkpt><trkpt lat="55.63045" lon="14.27877"><ele>14</ele><time>2000-01-01T02:47:16.000Z</time></trkpt><trkpt lat="55.6305" lon="14.27911"><ele>13</ele><time>2000-01-01T02:47:26.000Z</time></trkpt><trkpt lat="55.63082" lon="14.27903"><ele>13</ele><time>2000-01-01T02:47:36.000Z</time></trkpt><trkpt lat="55.63101" lon="14.27892"><ele>13</ele><time>2000-01-01T02:47:46.000Z</time></trkpt><trkpt lat="55.63122" lon="14.27879"><ele>14</ele><time>2000-01-01T02:47:56.000Z</time></trkpt><trkpt lat="55.6312" lon="14.27845"><ele>15</ele><time>2000-01-01T02:48:06.000Z</time></trkpt><trkpt lat="55.63146" lon="14.27816"><ele>16</ele><time>2000-01-01T02:48:16.000Z</time></trkpt><trkpt lat="55.63155" lon="14.27809"><time>2000-01-01T02:48:26.000Z</time></trkpt><trkpt lat="55.63148" lon="14.27723"><ele>16</ele><time>2000-01-01T02:48:36.000Z</time></trkpt><trkpt lat="55.63144" lon="14.27686"><ele>16</ele><time>2000-01-01T02:48:46.000Z</time></trkpt><trkpt lat="55.63139" lon="14.27641"><ele>17</ele><time>2000-01-01T02:48:56.000Z</time></trkpt><trkpt lat="55.63131" lon="14.27578"><ele>19</ele><time>2000-01-01T02:49:06.000Z</time></trkpt><trkpt lat="55.63126" lon="14.27532"><ele>19</ele><time>2000-01-01T02:49:16.000Z</time></trkpt><trkpt lat="55.63147" lon="14.2752"><ele>19</ele><time>2000-01-01T02:49:26.000Z</time></trkpt><trkpt lat="55.63179" lon="14.27507"><ele>18</ele><time>2000-01-01T02:49:36.000Z</time></trkpt><trkpt lat="55.63203" lon="14.27503"><ele>17</ele><time>2000-01-01T02:49:46.000Z</time></trkpt><trkpt lat="55.63226" lon="14.27513"><ele>16</ele><time>2000-01-01T02:49:56.000Z</time></trkpt><trkpt lat="55.63245" lon="14.27535"><ele>15</ele><time>2000-01-01T02:50:06.000Z</time></trkpt><trkpt lat="55.6326" lon="14.2757"><ele>15</ele><time>2000-01-01T02:50:16.000Z</time></trkpt><trkpt lat="55.63276" lon="14.27545"><ele>14</ele><time>2000-01-01T02:50:26.000Z</time></trkpt><trkpt lat="55.63293" lon="14.27551"><ele>13</ele><time>2000-01-01T02:50:36.000Z</time></trkpt><trkpt lat="55.63308" lon="14.27562"><ele>13</ele><time>2000-01-01T02:50:46.000Z</time></trkpt><trkpt lat="55.63336" lon="14.27545"><ele>13</ele><time>2000-01-01T02:50:56.000Z</time></trkpt><trkpt lat="55.63364" lon="14.27527"><ele>13</ele><time>2000-01-01T02:51:06.000Z</time></trkpt><trkpt lat="55.63393" lon="14.2751"><ele>16</ele><time>2000-01-01T02:51:16.000Z</time></trkpt><trkpt lat="55.63439" lon="14.27482"><ele>20</ele><time>2000-01-01T02:51:26.000Z</time></trkpt><trkpt lat="55.63445" lon="14.27517"><ele>21</ele><time>2000-01-01T02:51:36.000Z</time></trkpt><trkpt lat="55.63452" lon="14.27558"><ele>21</ele><time>2000-01-01T02:51:46.000Z</time></trkpt><trkpt lat="55.63481" lon="14.27583"><ele>23</ele><time>2000-01-01T02:51:56.000Z</time></trkpt><trkpt lat="55.63503" lon="14.27589"><ele>24</ele><time>2000-01-01T02:52:06.000Z</time></trkpt><trkpt lat="55.63533" lon="14.27597"><ele>25</ele><time>2000-01-01T02:52:16.000Z</time></trkpt><trkpt lat="55.63559" lon="14.27605"><ele>25</ele><time>2000-01-01T02:52:26.000Z</time></trkpt><trkpt lat="55.63585" lon="14.27612"><ele>25</ele><time>2000-01-01T02:52:36.000Z</time></trkpt><trkpt lat="55.63617" lon="14.27622"><ele>25</ele><time>2000-01-01T02:52:46.000Z</time></trkpt><trkpt lat="55.63628" lon="14.27626"><time>2000-01-01T02:52:56.000Z</time></trkpt><trkpt lat="55.63655" lon="14.27631"><ele>25</ele><time>2000-01-01T02:53:06.000Z</time></trkpt><trkpt lat="55.63675" lon="14.27618"><ele>25</ele><time>2000-01-01T02:53:16.000Z</time></trkpt><trkpt lat="55.63692" lon="14.27605"><ele>24</ele><time>2000-01-01T02:53:26.000Z</time></trkpt><trkpt lat="55.63706" lon="14.27591"><ele>24</ele><time>2000-01-01T02:53:36.000Z</time></trkpt><trkpt lat="55.6372" lon="14.27562"><ele>24</ele><time>2000-01-01T02:53:46.000Z</time></trkpt><trkpt lat="55.63724" lon="14.2751"><ele>24</ele><time>2000-01-01T02:53:56.000Z</time></trkpt><trkpt lat="55.63717" lon="14.27446"><ele>24</ele><time>2000-01-01T02:54:06.000Z</time></trkpt><trkpt lat="55.63714" lon="14.27407"><ele>24</ele><time>2000-01-01T02:54:16.000Z</time></trkpt><trkpt lat="55.63709" lon="14.27352"><ele>24</ele><time>2000-01-01T02:54:26.000Z</time></trkpt><trkpt lat="55.63718" lon="14.27302"><ele>24</ele><time>2000-01-01T02:54:36.000Z</time></trkpt><trkpt lat="55.6372" lon="14.27252"><ele>24</ele><time>2000-01-01T02:54:46.000Z</time></trkpt><trkpt lat="55.63712" lon="14.27206"><ele>24</ele><time>2000-01-01T02:54:56.000Z</time></trkpt><trkpt lat="55.63736" lon="14.27192"><ele>25</ele><time>2000-01-01T02:55:06.000Z</time></trkpt><trkpt lat="55.6376" lon="14.27179"><ele>25</ele><time>2000-01-01T02:55:16.000Z</time></trkpt><trkpt lat="55.63786" lon="14.27166"><ele>26</ele><time>2000-01-01T02:55:26.000Z</time></trkpt><trkpt lat="55.63812" lon="14.27154"><ele>27</ele><time>2000-01-01T02:55:36.000Z</time></trkpt><trkpt lat="55.63837" lon="14.27143"><ele>27</ele><time>2000-01-01T02:55:46.000Z</time></trkpt><trkpt lat="55.6387" lon="14.27128"><ele>28</ele><time>2000-01-01T02:55:56.000Z</time></trkpt><trkpt lat="55.63888" lon="14.2712"><ele>28</ele><time>2000-01-01T02:56:06.000Z</time></trkpt><trkpt lat="55.63907" lon="14.27112"><ele>28</ele><time>2000-01-01T02:56:16.000Z</time></trkpt><trkpt lat="55.63931" lon="14.27109"><ele>28</ele><time>2000-01-01T02:56:26.000Z</time></trkpt><trkpt lat="55.63951" lon="14.27107"><ele>28</ele><time>2000-01-01T02:56:36.000Z</time></trkpt><trkpt lat="55.63974" lon="14.27105"><ele>29</ele><time>2000-01-01T02:56:46.000Z</time></trkpt><trkpt lat="55.63995" lon="14.27101"><ele>29</ele><time>2000-01-01T02:56:56.000Z</time></trkpt><trkpt lat="55.64023" lon="14.27097"><ele>29</ele><time>2000-01-01T02:57:06.000Z</time></trkpt><trkpt lat="55.64047" lon="14.27091"><ele>28</ele><time>2000-01-01T02:57:16.000Z</time></trkpt><trkpt lat="55.64091" lon="14.27081"><ele>27</ele><time>2000-01-01T02:57:26.000Z</time></trkpt><trkpt lat="55.64122" lon="14.27072"><ele>27</ele><time>2000-01-01T02:57:36.000Z</time></trkpt><trkpt lat="55.64116" lon="14.27019"><ele>29</ele><time>2000-01-01T02:57:46.000Z</time></trkpt><trkpt lat="55.64109" lon="14.26966"><ele>30</ele><time>2000-01-01T02:57:56.000Z</time></trkpt><trkpt lat="55.64103" lon="14.26913"><ele>30</ele><time>2000-01-01T02:58:06.000Z</time></trkpt><trkpt lat="55.64096" lon="14.26859"><ele>30</ele><time>2000-01-01T02:58:16.000Z</time></trkpt><trkpt lat="55.64089" lon="14.26795"><ele>30</ele><time>2000-01-01T02:58:26.000Z</time></trkpt><trkpt lat="55.64083" lon="14.26755"><ele>29</ele><time>2000-01-01T02:58:36.000Z</time></trkpt><trkpt lat="55.64075" lon="14.26693"><ele>29</ele><time>2000-01-01T02:58:46.000Z</time></trkpt><trkpt lat="55.6407" lon="14.2665"><ele>29</ele><time>2000-01-01T02:58:56.000Z</time></trkpt><trkpt lat="55.6406" lon="14.26569"><ele>28</ele><time>2000-01-01T02:59:06.000Z</time></trkpt><trkpt lat="55.64088" lon="14.26566"><ele>27</ele><time>2000-01-01T02:59:16.000Z</time></trkpt><trkpt lat="55.64117" lon="14.26563"><ele>27</ele><time>2000-01-01T02:59:26.000Z</time></trkpt><trkpt lat="55.64171" lon="14.26557"><ele>25</ele><time>2000-01-01T02:59:36.000Z</time></trkpt><trkpt lat="55.64194" lon="14.26555"><ele>25</ele><time>2000-01-01T02:59:46.000Z</time></trkpt><trkpt lat="55.64231" lon="14.26552"><ele>25</ele><time>2000-01-01T02:59:56.000Z</time></trkpt><trkpt lat="55.64248" lon="14.2655"><ele>25</ele><time>2000-01-01T03:00:06.000Z</time></trkpt><trkpt lat="55.64268" lon="14.26542"><ele>25</ele><time>2000-01-01T03:00:16.000Z</time></trkpt><trkpt lat="55.64298" lon="14.26542"><ele>25</ele><time>2000-01-01T03:00:26.000Z</time></trkpt><trkpt lat="55.64335" lon="14.26536"><ele>26</ele><time>2000-01-01T03:00:36.000Z</time></trkpt><trkpt lat="55.6436" lon="14.26535"><ele>26</ele><time>2000-01-01T03:00:46.000Z</time></trkpt><trkpt lat="55.64411" lon="14.26532"><ele>25</ele><time>2000-01-01T03:00:56.000Z</time></trkpt><trkpt lat="55.64445" lon="14.26532"><ele>24</ele><time>2000-01-01T03:01:06.000Z</time></trkpt><trkpt lat="55.64464" lon="14.26528"><ele>23</ele><time>2000-01-01T03:01:16.000Z</time></trkpt><trkpt lat="55.64484" lon="14.26523"><ele>23</ele><time>2000-01-01T03:01:26.000Z</time></trkpt><trkpt lat="55.64514" lon="14.26512"><ele>21</ele><time>2000-01-01T03:01:36.000Z</time></trkpt><trkpt lat="55.64538" lon="14.2651"><ele>20</ele><time>2000-01-01T03:01:46.000Z</time></trkpt><trkpt lat="55.64558" lon="14.26519"><ele>20</ele><time>2000-01-01T03:01:56.000Z</time></trkpt><trkpt lat="55.64573" lon="14.26517"><time>2000-01-01T03:02:06.000Z</time></trkpt><trkpt lat="55.64605" lon="14.26506"><ele>19</ele><time>2000-01-01T03:02:16.000Z</time></trkpt><trkpt lat="55.64635" lon="14.26506"><ele>19</ele><time>2000-01-01T03:02:26.000Z</time></trkpt><trkpt lat="55.64652" lon="14.26493"><ele>19</ele><time>2000-01-01T03:02:36.000Z</time></trkpt><trkpt lat="55.64651" lon="14.2645"><ele>20</ele><time>2000-01-01T03:02:46.000Z</time></trkpt><trkpt lat="55.64649" lon="14.26415"><ele>21</ele><time>2000-01-01T03:02:56.000Z</time></trkpt><trkpt lat="55.64647" lon="14.26379"><ele>22</ele><time>2000-01-01T03:03:06.000Z</time></trkpt><trkpt lat="55.64648" lon="14.26326"><ele>24</ele><time>2000-01-01T03:03:16.000Z</time></trkpt><trkpt lat="55.64677" lon="14.26291"><ele>24</ele><time>2000-01-01T03:03:26.000Z</time></trkpt><trkpt lat="55.64695" lon="14.26306"><ele>23</ele><time>2000-01-01T03:03:36.000Z</time></trkpt><trkpt lat="55.64716" lon="14.26324"><ele>22</ele><time>2000-01-01T03:03:46.000Z</time></trkpt><trkpt lat="55.64723" lon="14.26362"><ele>20</ele><time>2000-01-01T03:03:56.000Z</time></trkpt><trkpt lat="55.64731" lon="14.2639"><ele>19</ele><time>2000-01-01T03:04:06.000Z</time></trkpt><trkpt lat="55.64734" lon="14.26424"><ele>19</ele><time>2000-01-01T03:04:16.000Z</time></trkpt><trkpt lat="55.64743" lon="14.26476"><ele>18</ele><time>2000-01-01T03:04:26.000Z</time></trkpt><trkpt lat="55.64746" lon="14.26519"><ele>17</ele><time>2000-01-01T03:04:36.000Z</time></trkpt><trkpt lat="55.64756" lon="14.26555"><ele>17</ele><time>2000-01-01T03:04:46.000Z</time></trkpt><trkpt lat="55.6476" lon="14.26588"><ele>17</ele><time>2000-01-01T03:04:56.000Z</time></trkpt><trkpt lat="55.64771" lon="14.26626"><ele>17</ele><time>2000-01-01T03:05:06.000Z</time></trkpt><trkpt lat="55.64773" lon="14.26658"><ele>17</ele><time>2000-01-01T03:05:16.000Z</time></trkpt><trkpt lat="55.64769" lon="14.26688"><ele>17</ele><time>2000-01-01T03:05:26.000Z</time></trkpt><trkpt lat="55.64748" lon="14.26725"><ele>17</ele><time>2000-01-01T03:05:36.000Z</time></trkpt><trkpt lat="55.64742" lon="14.26751"><ele>17</ele><time>2000-01-01T03:05:46.000Z</time></trkpt><trkpt lat="55.6474" lon="14.26787"><ele>17</ele><time>2000-01-01T03:05:56.000Z</time></trkpt><trkpt lat="55.64739" lon="14.26826"><ele>17</ele><time>2000-01-01T03:06:06.000Z</time></trkpt><trkpt lat="55.64739" lon="14.26877"><ele>17</ele><time>2000-01-01T03:06:16.000Z</time></trkpt><trkpt lat="55.6475" lon="14.26912"><ele>17</ele><time>2000-01-01T03:06:26.000Z</time></trkpt><trkpt lat="55.64765" lon="14.26963"><ele>17</ele><time>2000-01-01T03:06:36.000Z</time></trkpt><trkpt lat="55.64754" lon="14.26987"><ele>17</ele><time>2000-01-01T03:06:46.000Z</time></trkpt><trkpt lat="55.64727" lon="14.27006"><ele>16</ele><time>2000-01-01T03:06:56.000Z</time></trkpt><trkpt lat="55.64715" lon="14.2706"><ele>15</ele><time>2000-01-01T03:07:06.000Z</time></trkpt><trkpt lat="55.64719" lon="14.27113"><ele>15</ele><time>2000-01-01T03:07:16.000Z</time></trkpt><trkpt lat="55.64732" lon="14.27158"><ele>14</ele><time>2000-01-01T03:07:26.000Z</time></trkpt><trkpt lat="55.64735" lon="14.27193"><ele>14</ele><time>2000-01-01T03:07:36.000Z</time></trkpt><trkpt lat="55.64739" lon="14.27229"><ele>14</ele><time>2000-01-01T03:07:46.000Z</time></trkpt><trkpt lat="55.64742" lon="14.2727"><ele>15</ele><time>2000-01-01T03:07:56.000Z</time></trkpt><trkpt lat="55.64736" lon="14.27309"><ele>15</ele><time>2000-01-01T03:08:06.000Z</time></trkpt><trkpt lat="55.64733" lon="14.27348"><ele>15</ele><time>2000-01-01T03:08:16.000Z</time></trkpt><trkpt lat="55.64728" lon="14.27401"><ele>14</ele><time>2000-01-01T03:08:26.000Z</time></trkpt><trkpt lat="55.6474" lon="14.27433"><ele>13</ele><time>2000-01-01T03:08:36.000Z</time></trkpt><trkpt lat="55.64739" lon="14.27469"><ele>13</ele><time>2000-01-01T03:08:46.000Z</time></trkpt><trkpt lat="55.64746" lon="14.27495"><ele>12</ele><time>2000-01-01T03:08:56.000Z</time></trkpt><trkpt lat="55.64742" lon="14.27536"><ele>11</ele><time>2000-01-01T03:09:06.000Z</time></trkpt><trkpt lat="55.64743" lon="14.27566"><ele>10</ele><time>2000-01-01T03:09:16.000Z</time></trkpt><trkpt lat="55.64745" lon="14.27596"><ele>9</ele><time>2000-01-01T03:09:26.000Z</time></trkpt><trkpt lat="55.64748" lon="14.27607"><time>2000-01-01T03:09:36.000Z</time></trkpt><trkpt lat="55.64746" lon="14.27633"><ele>8</ele><time>2000-01-01T03:09:46.000Z</time></trkpt><trkpt lat="55.64749" lon="14.27654"><time>2000-01-01T03:09:56.000Z</time></trkpt><trkpt lat="55.6475" lon="14.27675"><ele>7</ele><time>2000-01-01T03:10:06.000Z</time></trkpt><trkpt lat="55.64753" lon="14.27688"><time>2000-01-01T03:10:16.000Z</time></trkpt><trkpt lat="55.64755" lon="14.27708"><ele>5</ele><time>2000-01-01T03:10:26.000Z</time></trkpt><trkpt lat="55.64771" lon="14.27705"><ele>5</ele><time>2000-01-01T03:10:36.000Z</time></trkpt><trkpt lat="55.64799" lon="14.27703"><ele>5</ele><time>2000-01-01T03:10:46.000Z</time></trkpt><trkpt lat="55.6482" lon="14.27704"><ele>6</ele><time>2000-01-01T03:10:56.000Z</time></trkpt><trkpt lat="55.64835" lon="14.27703"><time>2000-01-01T03:11:06.000Z</time></trkpt><trkpt lat="55.64842" lon="14.277"><ele>6</ele><time>2000-01-01T03:11:16.000Z</time></trkpt><trkpt lat="55.64854" lon="14.27693"><time>2000-01-01T03:11:26.000Z</time></trkpt><trkpt lat="55.64881" lon="14.27684"><ele>6</ele><time>2000-01-01T03:11:36.000Z</time></trkpt><trkpt lat="55.64895" lon="14.27684"><time>2000-01-01T03:11:46.000Z</time></trkpt><trkpt lat="55.6491" lon="14.27685"><ele>6</ele><time>2000-01-01T03:11:56.000Z</time></trkpt><trkpt lat="55.6492" lon="14.27687"><time>2000-01-01T03:12:06.000Z</time></trkpt><trkpt lat="55.64937" lon="14.27685"><ele>6</ele><time>2000-01-01T03:12:16.000Z</time></trkpt><trkpt lat="55.64955" lon="14.27687"><ele>5</ele><time>2000-01-01T03:12:26.000Z</time></trkpt><trkpt lat="55.64973" lon="14.27692"><ele>4</ele><time>2000-01-01T03:12:36.000Z</time></trkpt><trkpt lat="55.64992" lon="14.2769"><ele>4</ele><time>2000-01-01T03:12:46.000Z</time></trkpt><trkpt lat="55.6501" lon="14.27675"><ele>4</ele><time>2000-01-01T03:12:56.000Z</time></trkpt><trkpt lat="55.65024" lon="14.2767"><time>2000-01-01T03:13:06.000Z</time></trkpt><trkpt lat="55.65042" lon="14.27668"><ele>5</ele><time>2000-01-01T03:13:16.000Z</time></trkpt><trkpt lat="55.65047" lon="14.2767"><time>2000-01-01T03:13:26.000Z</time></trkpt><trkpt lat="55.65053" lon="14.2767"><time>2000-01-01T03:13:36.000Z</time></trkpt><trkpt lat="55.65056" lon="14.27671"><time>2000-01-01T03:13:46.000Z</time></trkpt><trkpt lat="55.6507" lon="14.27672"><ele>5</ele><time>2000-01-01T03:13:56.000Z</time></trkpt><trkpt lat="55.65102" lon="14.2767"><ele>5</ele><time>2000-01-01T03:14:06.000Z</time></trkpt><trkpt lat="55.65122" lon="14.27673"><ele>5</ele><time>2000-01-01T03:14:16.000Z</time></trkpt><trkpt lat="55.65158" lon="14.27684"><ele>5</ele><time>2000-01-01T03:14:26.000Z</time></trkpt><trkpt lat="55.65182" lon="14.27688"><ele>4</ele><time>2000-01-01T03:14:36.000Z</time></trkpt><trkpt lat="55.65204" lon="14.27685"><ele>4</ele><time>2000-01-01T03:14:46.000Z</time></trkpt><trkpt lat="55.65238" lon="14.27677"><ele>4</ele><time>2000-01-01T03:14:56.000Z</time></trkpt><trkpt lat="55.65252" lon="14.2767"><time>2000-01-01T03:15:06.000Z</time></trkpt><trkpt lat="55.65269" lon="14.27656"><ele>5</ele><time>2000-01-01T03:15:16.000Z</time></trkpt><trkpt lat="55.65285" lon="14.27646"><ele>5</ele><time>2000-01-01T03:15:26.000Z</time></trkpt><trkpt lat="55.65306" lon="14.27645"><ele>4</ele><time>2000-01-01T03:15:36.000Z</time></trkpt><trkpt lat="55.65316" lon="14.27647"><time>2000-01-01T03:15:46.000Z</time></trkpt><trkpt lat="55.65326" lon="14.27647"><ele>4</ele><time>2000-01-01T03:15:56.000Z</time></trkpt><trkpt lat="55.65331" lon="14.27651"><time>2000-01-01T03:16:06.000Z</time></trkpt><trkpt lat="55.65346" lon="14.27658"><ele>3</ele><time>2000-01-01T03:16:16.000Z</time></trkpt><trkpt lat="55.65352" lon="14.27658"><time>2000-01-01T03:16:26.000Z</time></trkpt><trkpt lat="55.65357" lon="14.27656"><time>2000-01-01T03:16:36.000Z</time></trkpt><trkpt lat="55.65368" lon="14.27654"><ele>3</ele><time>2000-01-01T03:16:46.000Z</time></trkpt><trkpt lat="55.65383" lon="14.27655"><time>2000-01-01T03:16:56.000Z</time></trkpt><trkpt lat="55.65425" lon="14.27651"><ele>3</ele><time>2000-01-01T03:17:06.000Z</time></trkpt><trkpt lat="55.65437" lon="14.27649"><time>2000-01-01T03:17:16.000Z</time></trkpt><trkpt lat="55.65449" lon="14.27649"><ele>4</ele><time>2000-01-01T03:17:26.000Z</time></trkpt><trkpt lat="55.65462" lon="14.27651"><time>2000-01-01T03:17:36.000Z</time></trkpt><trkpt lat="55.65495" lon="14.27653"><ele>4</ele><time>2000-01-01T03:17:46.000Z</time></trkpt><trkpt lat="55.65509" lon="14.27648"><time>2000-01-01T03:17:56.000Z</time></trkpt><trkpt lat="55.65526" lon="14.27648"><ele>4</ele><time>2000-01-01T03:18:06.000Z</time></trkpt><trkpt lat="55.65541" lon="14.27651"><time>2000-01-01T03:18:16.000Z</time></trkpt><trkpt lat="55.6556" lon="14.27648"><ele>4</ele><time>2000-01-01T03:18:26.000Z</time></trkpt><trkpt lat="55.65563" lon="14.27646"><time>2000-01-01T03:18:36.000Z</time></trkpt><trkpt lat="55.65568" lon="14.2764"><time>2000-01-01T03:18:46.000Z</time></trkpt><trkpt lat="55.65571" lon="14.27634"><time>2000-01-01T03:18:56.000Z</time></trkpt><trkpt lat="55.65576" lon="14.2762"><ele>4</ele><time>2000-01-01T03:19:06.000Z</time></trkpt><trkpt lat="55.6558" lon="14.27607"><time>2000-01-01T03:19:16.000Z</time></trkpt><trkpt lat="55.65579" lon="14.27592"><ele>6</ele><time>2000-01-01T03:19:26.000Z</time></trkpt><trkpt lat="55.65578" lon="14.27589"><time>2000-01-01T03:19:36.000Z</time></trkpt><trkpt lat="55.65574" lon="14.27581"><time>2000-01-01T03:19:46.000Z</time></trkpt><trkpt lat="55.65568" lon="14.27573"><ele>7</ele><time>2000-01-01T03:19:56.000Z</time></trkpt><trkpt lat="55.65562" lon="14.27554"><time>2000-01-01T03:20:06.000Z</time></trkpt><trkpt lat="55.65561" lon="14.27545"><ele>9</ele><time>2000-01-01T03:20:16.000Z</time></trkpt><trkpt lat="55.65559" lon="14.27539"><time>2000-01-01T03:20:26.000Z</time></trkpt><trkpt lat="55.65551" lon="14.27525"><time>2000-01-01T03:20:36.000Z</time></trkpt><trkpt lat="55.65546" lon="14.27514"><ele>11</ele><time>2000-01-01T03:20:46.000Z</time></trkpt><trkpt lat="55.65542" lon="14.27493"><time>2000-01-01T03:20:56.000Z</time></trkpt><trkpt lat="55.65543" lon="14.27447"><ele>13</ele><time>2000-01-01T03:21:06.000Z</time></trkpt><trkpt lat="55.65546" lon="14.27412"><ele>14</ele><time>2000-01-01T03:21:16.000Z</time></trkpt><trkpt lat="55.65547" lon="14.27378"><ele>15</ele><time>2000-01-01T03:21:26.000Z</time></trkpt><trkpt lat="55.65547" lon="14.27373"><time>2000-01-01T03:21:36.000Z</time></trkpt><trkpt lat="55.65543" lon="14.27354"><time>2000-01-01T03:21:46.000Z</time></trkpt><trkpt lat="55.6554" lon="14.27345"><ele>16</ele><time>2000-01-01T03:21:56.000Z</time></trkpt><trkpt lat="55.65529" lon="14.27328"><time>2000-01-01T03:22:06.000Z</time></trkpt><trkpt lat="55.65517" lon="14.27322"><ele>17</ele><time>2000-01-01T03:22:16.000Z</time></trkpt><trkpt lat="55.65505" lon="14.27319"><time>2000-01-01T03:22:26.000Z</time></trkpt><trkpt lat="55.65487" lon="14.27311"><ele>18</ele><time>2000-01-01T03:22:36.000Z</time></trkpt><trkpt lat="55.65476" lon="14.273"><time>2000-01-01T03:22:46.000Z</time></trkpt><trkpt lat="55.65469" lon="14.27283"><ele>19</ele><time>2000-01-01T03:22:56.000Z</time></trkpt><trkpt lat="55.65471" lon="14.27259"><time>2000-01-01T03:23:06.000Z</time></trkpt><trkpt lat="55.65473" lon="14.27248"><ele>20</ele><time>2000-01-01T03:23:16.000Z</time></trkpt><trkpt lat="55.65482" lon="14.27225"><ele>20</ele><time>2000-01-01T03:23:26.000Z</time></trkpt><trkpt lat="55.65489" lon="14.27203"><time>2000-01-01T03:23:36.000Z</time></trkpt><trkpt lat="55.65492" lon="14.27174"><ele>21</ele><time>2000-01-01T03:23:46.000Z</time></trkpt><trkpt lat="55.65492" lon="14.27134"><ele>22</ele><time>2000-01-01T03:23:56.000Z</time></trkpt><trkpt lat="55.65494" lon="14.27103"><ele>22</ele><time>2000-01-01T03:24:06.000Z</time></trkpt><trkpt lat="55.65494" lon="14.27059"><ele>23</ele><time>2000-01-01T03:24:16.000Z</time></trkpt><trkpt lat="55.65495" lon="14.27027"><ele>24</ele><time>2000-01-01T03:24:26.000Z</time></trkpt><trkpt lat="55.65498" lon="14.27006"><time>2000-01-01T03:24:36.000Z</time></trkpt><trkpt lat="55.65503" lon="14.26937"><ele>29</ele><time>2000-01-01T03:24:46.000Z</time></trkpt><trkpt lat="55.65505" lon="14.26899"><ele>31</ele><time>2000-01-01T03:24:56.000Z</time></trkpt><trkpt lat="55.65505" lon="14.26888"><time>2000-01-01T03:25:06.000Z</time></trkpt><trkpt lat="55.65507" lon="14.26871"><ele>32</ele><time>2000-01-01T03:25:16.000Z</time></trkpt><trkpt lat="55.65512" lon="14.26855"><time>2000-01-01T03:25:26.000Z</time></trkpt><trkpt lat="55.65515" lon="14.26847"><ele>34</ele><time>2000-01-01T03:25:36.000Z</time></trkpt><trkpt lat="55.65518" lon="14.26841"><time>2000-01-01T03:25:46.000Z</time></trkpt><trkpt lat="55.65546" lon="14.2681"><ele>36</ele><time>2000-01-01T03:25:56.000Z</time></trkpt><trkpt lat="55.65552" lon="14.26806"><time>2000-01-01T03:26:06.000Z</time></trkpt><trkpt lat="55.65575" lon="14.26774"><ele>38</ele><time>2000-01-01T03:26:16.000Z</time></trkpt><trkpt lat="55.65585" lon="14.26763"><time>2000-01-01T03:26:26.000Z</time></trkpt><trkpt lat="55.656" lon="14.26755"><ele>38</ele><time>2000-01-01T03:26:36.000Z</time></trkpt><trkpt lat="55.65617" lon="14.26757"><ele>39</ele><time>2000-01-01T03:26:46.000Z</time></trkpt><trkpt lat="55.6563" lon="14.2676"><time>2000-01-01T03:26:56.000Z</time></trkpt><trkpt lat="55.65639" lon="14.26759"><ele>40</ele><time>2000-01-01T03:27:06.000Z</time></trkpt><trkpt lat="55.65655" lon="14.26755"><ele>40</ele><time>2000-01-01T03:27:16.000Z</time></trkpt><trkpt lat="55.65671" lon="14.26742"><ele>41</ele><time>2000-01-01T03:27:26.000Z</time></trkpt><trkpt lat="55.65676" lon="14.26735"><time>2000-01-01T03:27:36.000Z</time></trkpt><trkpt lat="55.65689" lon="14.26708"><ele>42</ele><time>2000-01-01T03:27:46.000Z</time></trkpt><trkpt lat="55.65694" lon="14.26686"><time>2000-01-01T03:27:56.000Z</time></trkpt><trkpt lat="55.65698" lon="14.26654"><ele>44</ele><time>2000-01-01T03:28:06.000Z</time></trkpt><trkpt lat="55.65704" lon="14.26624"><ele>46</ele><time>2000-01-01T03:28:16.000Z</time></trkpt><trkpt lat="55.65707" lon="14.26589"><ele>48</ele><time>2000-01-01T03:28:26.000Z</time></trkpt><trkpt lat="55.6571" lon="14.2657"><time>2000-01-01T03:28:36.000Z</time></trkpt><trkpt lat="55.65715" lon="14.26551"><ele>49</ele><time>2000-01-01T03:28:46.000Z</time></trkpt><trkpt lat="55.65716" lon="14.26542"><time>2000-01-01T03:28:56.000Z</time></trkpt><trkpt lat="55.65715" lon="14.26538"><time>2000-01-01T03:29:06.000Z</time></trkpt><trkpt lat="55.65718" lon="14.26509"><ele>51</ele><time>2000-01-01T03:29:16.000Z</time></trkpt><trkpt lat="55.65718" lon="14.26487"><time>2000-01-01T03:29:26.000Z</time></trkpt><trkpt lat="55.65719" lon="14.26473"><ele>52</ele><time>2000-01-01T03:29:36.000Z</time></trkpt><trkpt lat="55.65726" lon="14.26436"><ele>54</ele><time>2000-01-01T03:29:46.000Z</time></trkpt><trkpt lat="55.65728" lon="14.26411"><time>2000-01-01T03:29:56.000Z</time></trkpt><trkpt lat="55.65731" lon="14.2639"><ele>56</ele><time>2000-01-01T03:30:06.000Z</time></trkpt><trkpt lat="55.65739" lon="14.26348"><ele>58</ele><time>2000-01-01T03:30:16.000Z</time></trkpt><trkpt lat="55.65745" lon="14.26312"><ele>59</ele><time>2000-01-01T03:30:26.000Z</time></trkpt><trkpt lat="55.65754" lon="14.26267"><ele>63</ele><time>2000-01-01T03:30:36.000Z</time></trkpt><trkpt lat="55.65758" lon="14.26254"><time>2000-01-01T03:30:46.000Z</time></trkpt><trkpt lat="55.65764" lon="14.26239"><ele>65</ele><time>2000-01-01T03:30:56.000Z</time></trkpt><trkpt lat="55.65772" lon="14.26224"><time>2000-01-01T03:31:06.000Z</time></trkpt><trkpt lat="55.65788" lon="14.26207"><ele>69</ele><time>2000-01-01T03:31:16.000Z</time></trkpt><trkpt lat="55.65793" lon="14.262"><time>2000-01-01T03:31:26.000Z</time></trkpt><trkpt lat="55.65809" lon="14.26182"><ele>72</ele><time>2000-01-01T03:31:36.000Z</time></trkpt><trkpt lat="55.6583" lon="14.26156"><ele>75</ele><time>2000-01-01T03:31:46.000Z</time></trkpt><trkpt lat="55.65839" lon="14.26147"><time>2000-01-01T03:31:56.000Z</time></trkpt><trkpt lat="55.6585" lon="14.26134"><ele>78</ele><time>2000-01-01T03:32:06.000Z</time></trkpt><trkpt lat="55.65855" lon="14.26126"><time>2000-01-01T03:32:16.000Z</time></trkpt><trkpt lat="55.65873" lon="14.26105"><ele>80</ele><time>2000-01-01T03:32:26.000Z</time></trkpt><trkpt lat="55.65893" lon="14.26092"><ele>82</ele><time>2000-01-01T03:32:36.000Z</time></trkpt><trkpt lat="55.65899" lon="14.26086"><time>2000-01-01T03:32:46.000Z</time></trkpt><trkpt lat="55.65905" lon="14.26066"><ele>84</ele><time>2000-01-01T03:32:56.000Z</time></trkpt><trkpt lat="55.65905" lon="14.26035"><ele>85</ele><time>2000-01-01T03:33:06.000Z</time></trkpt><trkpt lat="55.65908" lon="14.25999"><ele>86</ele><time>2000-01-01T03:33:16.000Z</time></trkpt><trkpt lat="55.65911" lon="14.25959"><ele>88</ele><time>2000-01-01T03:33:26.000Z</time></trkpt><trkpt lat="55.65914" lon="14.25938"><time>2000-01-01T03:33:36.000Z</time></trkpt><trkpt lat="55.6592" lon="14.25934"><ele>89</ele><time>2000-01-01T03:33:46.000Z</time></trkpt><trkpt lat="55.65942" lon="14.25948"><ele>91</ele><time>2000-01-01T03:33:56.000Z</time></trkpt><trkpt lat="55.6596" lon="14.25963"><ele>91</ele><time>2000-01-01T03:34:06.000Z</time></trkpt><trkpt lat="55.6598" lon="14.2598"><ele>91</ele><time>2000-01-01T03:34:16.000Z</time></trkpt><trkpt lat="55.65998" lon="14.25994"><ele>92</ele><time>2000-01-01T03:34:26.000Z</time></trkpt><trkpt lat="55.66015" lon="14.26009"><ele>93</ele><time>2000-01-01T03:34:36.000Z</time></trkpt><trkpt lat="55.66035" lon="14.26025"><ele>93</ele><time>2000-01-01T03:34:46.000Z</time></trkpt><trkpt lat="55.66061" lon="14.26047"><ele>94</ele><time>2000-01-01T03:34:56.000Z</time></trkpt><trkpt lat="55.66083" lon="14.26067"><ele>94</ele><time>2000-01-01T03:35:06.000Z</time></trkpt><trkpt lat="55.66096" lon="14.26077"><time>2000-01-01T03:35:16.000Z</time></trkpt><trkpt lat="55.66101" lon="14.2608"><ele>94</ele><time>2000-01-01T03:35:26.000Z</time></trkpt><trkpt lat="55.66124" lon="14.2609"><ele>94</ele><time>2000-01-01T03:35:36.000Z</time></trkpt><trkpt lat="55.66141" lon="14.26093"><ele>94</ele><time>2000-01-01T03:35:46.000Z</time></trkpt><trkpt lat="55.66156" lon="14.26093"><time>2000-01-01T03:35:56.000Z</time></trkpt><trkpt lat="55.66171" lon="14.26089"><ele>94</ele><time>2000-01-01T03:36:06.000Z</time></trkpt><trkpt lat="55.66188" lon="14.26089"><ele>94</ele><time>2000-01-01T03:36:16.000Z</time></trkpt><trkpt lat="55.66211" lon="14.26084"><ele>93</ele><time>2000-01-01T03:36:26.000Z</time></trkpt><trkpt lat="55.66228" lon="14.26077"><ele>93</ele><time>2000-01-01T03:36:36.000Z</time></trkpt><trkpt lat="55.66233" lon="14.26073"><time>2000-01-01T03:36:46.000Z</time></trkpt><trkpt lat="55.66259" lon="14.26043"><ele>93</ele><time>2000-01-01T03:36:56.000Z</time></trkpt><trkpt lat="55.66282" lon="14.26018"><ele>94</ele><time>2000-01-01T03:37:06.000Z</time></trkpt><trkpt lat="55.66302" lon="14.26005"><ele>94</ele><time>2000-01-01T03:37:16.000Z</time></trkpt><trkpt lat="55.66324" lon="14.26001"><ele>93</ele><time>2000-01-01T03:37:26.000Z</time></trkpt><trkpt lat="55.66354" lon="14.25995"><ele>93</ele><time>2000-01-01T03:37:36.000Z</time></trkpt><trkpt lat="55.66357" lon="14.25994"><time>2000-01-01T03:37:46.000Z</time></trkpt><trkpt lat="55.66373" lon="14.25984"><ele>95</ele><time>2000-01-01T03:37:56.000Z</time></trkpt><trkpt lat="55.66382" lon="14.2597"><time>2000-01-01T03:38:06.000Z</time></trkpt><trkpt lat="55.66384" lon="14.25966"><time>2000-01-01T03:38:16.000Z</time></trkpt><trkpt lat="55.66408" lon="14.25898"><ele>98</ele><time>2000-01-01T03:38:26.000Z</time></trkpt><trkpt lat="55.66419" lon="14.25869"><ele>99</ele><time>2000-01-01T03:38:36.000Z</time></trkpt><trkpt lat="55.66424" lon="14.25854"><time>2000-01-01T03:38:46.000Z</time></trkpt><trkpt lat="55.66434" lon="14.25833"><ele>99</ele><time>2000-01-01T03:38:56.000Z</time></trkpt><trkpt lat="55.66452" lon="14.25805"><ele>99</ele><time>2000-01-01T03:39:06.000Z</time></trkpt><trkpt lat="55.66469" lon="14.25786"><ele>99</ele><time>2000-01-01T03:39:16.000Z</time></trkpt><trkpt lat="55.66494" lon="14.25762"><ele>99</ele><time>2000-01-01T03:39:26.000Z</time></trkpt><trkpt lat="55.6651" lon="14.25744"><ele>99</ele><time>2000-01-01T03:39:36.000Z</time></trkpt><trkpt lat="55.66517" lon="14.25721"><time>2000-01-01T03:39:46.000Z</time></trkpt><trkpt lat="55.66518" lon="14.25713"><ele>101</ele><time>2000-01-01T03:39:56.000Z</time></trkpt><trkpt lat="55.6652" lon="14.25667"><ele>104</ele><time>2000-01-01T03:40:06.000Z</time></trkpt><trkpt lat="55.6652" lon="14.25649"><time>2000-01-01T03:40:16.000Z</time></trkpt><trkpt lat="55.66521" lon="14.25629"><ele>106</ele><time>2000-01-01T03:40:26.000Z</time></trkpt><trkpt lat="55.66521" lon="14.25599"><ele>107</ele><time>2000-01-01T03:40:36.000Z</time></trkpt><trkpt lat="55.66522" lon="14.25578"><time>2000-01-01T03:40:46.000Z</time></trkpt><trkpt lat="55.66523" lon="14.25526"><ele>109</ele><time>2000-01-01T03:40:56.000Z</time></trkpt><trkpt lat="55.66523" lon="14.25487"><ele>110</ele><time>2000-01-01T03:41:06.000Z</time></trkpt><trkpt lat="55.66523" lon="14.25433"><ele>110</ele><time>2000-01-01T03:41:16.000Z</time></trkpt><trkpt lat="55.66524" lon="14.2541"><time>2000-01-01T03:41:26.000Z</time></trkpt><trkpt lat="55.66527" lon="14.25378"><ele>110</ele><time>2000-01-01T03:41:36.000Z</time></trkpt><trkpt lat="55.66538" lon="14.25361"><time>2000-01-01T03:41:46.000Z</time></trkpt><trkpt lat="55.66551" lon="14.2535"><ele>109</ele><time>2000-01-01T03:41:56.000Z</time></trkpt><trkpt lat="55.66556" lon="14.25332"><time>2000-01-01T03:42:06.000Z</time></trkpt><trkpt lat="55.66556" lon="14.25322"><ele>109</ele><time>2000-01-01T03:42:16.000Z</time></trkpt><trkpt lat="55.6655" lon="14.25279"><ele>109</ele><time>2000-01-01T03:42:26.000Z</time></trkpt><trkpt lat="55.66546" lon="14.25243"><ele>110</ele><time>2000-01-01T03:42:36.000Z</time></trkpt><trkpt lat="55.6654" lon="14.252"><ele>110</ele><time>2000-01-01T03:42:46.000Z</time></trkpt><trkpt lat="55.66534" lon="14.25144"><ele>111</ele><time>2000-01-01T03:42:56.000Z</time></trkpt><trkpt lat="55.66526" lon="14.25083"><ele>112</ele><time>2000-01-01T03:43:06.000Z</time></trkpt><trkpt lat="55.66522" lon="14.25041"><ele>112</ele><time>2000-01-01T03:43:16.000Z</time></trkpt><trkpt lat="55.66517" lon="14.25013"><ele>112</ele><time>2000-01-01T03:43:26.000Z</time></trkpt><trkpt lat="55.66514" lon="14.2498"><ele>112</ele><time>2000-01-01T03:43:36.000Z</time></trkpt><trkpt lat="55.66508" lon="14.24937"><ele>113</ele><time>2000-01-01T03:43:46.000Z</time></trkpt><trkpt lat="55.66505" lon="14.24903"><ele>113</ele><time>2000-01-01T03:43:56.000Z</time></trkpt><trkpt lat="55.66501" lon="14.24866"><ele>113</ele><time>2000-01-01T03:44:06.000Z</time></trkpt><trkpt lat="55.66493" lon="14.24811"><ele>113</ele><time>2000-01-01T03:44:16.000Z</time></trkpt><trkpt lat="55.66489" lon="14.24773"><ele>113</ele><time>2000-01-01T03:44:26.000Z</time></trkpt><trkpt lat="55.66483" lon="14.24719"><ele>113</ele><time>2000-01-01T03:44:36.000Z</time></trkpt><trkpt lat="55.66477" lon="14.24675"><ele>113</ele><time>2000-01-01T03:44:46.000Z</time></trkpt><trkpt lat="55.66472" lon="14.2463"><ele>112</ele><time>2000-01-01T03:44:56.000Z</time></trkpt><trkpt lat="55.66465" lon="14.24577"><ele>110</ele><time>2000-01-01T03:45:06.000Z</time></trkpt><trkpt lat="55.66463" lon="14.24557"><time>2000-01-01T03:45:16.000Z</time></trkpt><trkpt lat="55.66459" lon="14.24501"><ele>108</ele><time>2000-01-01T03:45:26.000Z</time></trkpt><trkpt lat="55.66458" lon="14.24472"><ele>108</ele><time>2000-01-01T03:45:36.000Z</time></trkpt><trkpt lat="55.66458" lon="14.24423"><ele>107</ele><time>2000-01-01T03:45:46.000Z</time></trkpt><trkpt lat="55.66458" lon="14.24375"><ele>106</ele><time>2000-01-01T03:45:56.000Z</time></trkpt><trkpt lat="55.66458" lon="14.24298"><ele>105</ele><time>2000-01-01T03:46:06.000Z</time></trkpt><trkpt lat="55.66457" lon="14.24253"><ele>105</ele><time>2000-01-01T03:46:16.000Z</time></trkpt><trkpt lat="55.66457" lon="14.24204"><ele>105</ele><time>2000-01-01T03:46:26.000Z</time></trkpt><trkpt lat="55.66457" lon="14.24155"><ele>104</ele><time>2000-01-01T03:46:36.000Z</time></trkpt><trkpt lat="55.66457" lon="14.24076"><ele>103</ele><time>2000-01-01T03:46:46.000Z</time></trkpt><trkpt lat="55.66456" lon="14.24035"><ele>102</ele><time>2000-01-01T03:46:56.000Z</time></trkpt><trkpt lat="55.66454" lon="14.24001"><ele>102</ele><time>2000-01-01T03:47:06.000Z</time></trkpt><trkpt lat="55.66453" lon="14.23967"><ele>101</ele><time>2000-01-01T03:47:16.000Z</time></trkpt><trkpt lat="55.66453" lon="14.2393"><ele>101</ele><time>2000-01-01T03:47:26.000Z</time></trkpt><trkpt lat="55.66452" lon="14.23894"><ele>100</ele><time>2000-01-01T03:47:36.000Z</time></trkpt><trkpt lat="55.66451" lon="14.23854"><ele>99</ele><time>2000-01-01T03:47:46.000Z</time></trkpt><trkpt lat="55.66451" lon="14.23816"><ele>99</ele><time>2000-01-01T03:47:56.000Z</time></trkpt><trkpt lat="55.66451" lon="14.23767"><ele>98</ele><time>2000-01-01T03:48:06.000Z</time></trkpt><trkpt lat="55.66452" lon="14.23712"><ele>97</ele><time>2000-01-01T03:48:16.000Z</time></trkpt><trkpt lat="55.66452" lon="14.23665"><ele>97</ele><time>2000-01-01T03:48:26.000Z</time></trkpt><trkpt lat="55.66451" lon="14.23641"><time>2000-01-01T03:48:36.000Z</time></trkpt><trkpt lat="55.66452" lon="14.23573"><ele>95</ele><time>2000-01-01T03:48:46.000Z</time></trkpt><trkpt lat="55.66451" lon="14.23539"><ele>94</ele><time>2000-01-01T03:48:56.000Z</time></trkpt><trkpt lat="55.66451" lon="14.23502"><ele>94</ele><time>2000-01-01T03:49:06.000Z</time></trkpt><trkpt lat="55.6645" lon="14.23465"><ele>93</ele><time>2000-01-01T03:49:16.000Z</time></trkpt><trkpt lat="55.66449" lon="14.23421"><ele>93</ele><time>2000-01-01T03:49:26.000Z</time></trkpt><trkpt lat="55.6645" lon="14.23371"><ele>93</ele><time>2000-01-01T03:49:36.000Z</time></trkpt><trkpt lat="55.6645" lon="14.23335"><ele>93</ele><time>2000-01-01T03:49:46.000Z</time></trkpt><trkpt lat="55.6645" lon="14.23294"><ele>92</ele><time>2000-01-01T03:49:56.000Z</time></trkpt><trkpt lat="55.66449" lon="14.23257"><ele>92</ele><time>2000-01-01T03:50:06.000Z</time></trkpt><trkpt lat="55.66452" lon="14.2324"><time>2000-01-01T03:50:16.000Z</time></trkpt><trkpt lat="55.66455" lon="14.23236"><time>2000-01-01T03:50:26.000Z</time></trkpt><trkpt lat="55.66467" lon="14.23224"><ele>91</ele><time>2000-01-01T03:50:36.000Z</time></trkpt><trkpt lat="55.66476" lon="14.23218"><time>2000-01-01T03:50:46.000Z</time></trkpt><trkpt lat="55.66491" lon="14.23212"><ele>91</ele><time>2000-01-01T03:50:56.000Z</time></trkpt><trkpt lat="55.66513" lon="14.23205"><ele>91</ele><time>2000-01-01T03:51:06.000Z</time></trkpt><trkpt lat="55.66549" lon="14.23194"><ele>91</ele><time>2000-01-01T03:51:16.000Z</time></trkpt><trkpt lat="55.66564" lon="14.2319"><time>2000-01-01T03:51:26.000Z</time></trkpt><trkpt lat="55.66599" lon="14.23183"><ele>91</ele><time>2000-01-01T03:51:36.000Z</time></trkpt><trkpt lat="55.66618" lon="14.23177"><ele>91</ele><time>2000-01-01T03:51:46.000Z</time></trkpt><trkpt lat="55.66639" lon="14.23171"><ele>91</ele><time>2000-01-01T03:51:56.000Z</time></trkpt><trkpt lat="55.66668" lon="14.23161"><ele>90</ele><time>2000-01-01T03:52:06.000Z</time></trkpt><trkpt lat="55.6669" lon="14.23152"><ele>90</ele><time>2000-01-01T03:52:16.000Z</time></trkpt><trkpt lat="55.66723" lon="14.23139"><ele>89</ele><time>2000-01-01T03:52:26.000Z</time></trkpt><trkpt lat="55.66732" lon="14.23138"><time>2000-01-01T03:52:36.000Z</time></trkpt><trkpt lat="55.66756" lon="14.23139"><ele>89</ele><time>2000-01-01T03:52:46.000Z</time></trkpt><trkpt lat="55.66781" lon="14.23143"><ele>88</ele><time>2000-01-01T03:52:56.000Z</time></trkpt><trkpt lat="55.66831" lon="14.23152"><ele>88</ele><time>2000-01-01T03:53:06.000Z</time></trkpt><trkpt lat="55.66855" lon="14.23155"><ele>87</ele><time>2000-01-01T03:53:16.000Z</time></trkpt><trkpt lat="55.66878" lon="14.23159"><ele>87</ele><time>2000-01-01T03:53:26.000Z</time></trkpt><trkpt lat="55.66914" lon="14.23165"><ele>87</ele><time>2000-01-01T03:53:36.000Z</time></trkpt><trkpt lat="55.66947" lon="14.23167"><ele>86</ele><time>2000-01-01T03:53:46.000Z</time></trkpt><trkpt lat="55.66968" lon="14.23166"><ele>86</ele><time>2000-01-01T03:53:56.000Z</time></trkpt><trkpt lat="55.66989" lon="14.23163"><ele>86</ele><time>2000-01-01T03:54:06.000Z</time></trkpt><trkpt lat="55.67014" lon="14.23155"><ele>85</ele><time>2000-01-01T03:54:16.000Z</time></trkpt><trkpt lat="55.67041" lon="14.23141"><ele>84</ele><time>2000-01-01T03:54:26.000Z</time></trkpt><trkpt lat="55.67046" lon="14.23136"><time>2000-01-01T03:54:36.000Z</time></trkpt><trkpt lat="55.67065" lon="14.23126"><ele>83</ele><time>2000-01-01T03:54:46.000Z</time></trkpt><trkpt lat="55.67081" lon="14.23123"><ele>82</ele><time>2000-01-01T03:54:56.000Z</time></trkpt><trkpt lat="55.67101" lon="14.2312"><ele>81</ele><time>2000-01-01T03:55:06.000Z</time></trkpt><trkpt lat="55.67124" lon="14.23117"><ele>79</ele><time>2000-01-01T03:55:16.000Z</time></trkpt><trkpt lat="55.6714" lon="14.23119"><ele>78</ele><time>2000-01-01T03:55:26.000Z</time></trkpt><trkpt lat="55.67163" lon="14.23126"><ele>78</ele><time>2000-01-01T03:55:36.000Z</time></trkpt><trkpt lat="55.67185" lon="14.23137"><ele>77</ele><time>2000-01-01T03:55:46.000Z</time></trkpt><trkpt lat="55.67216" lon="14.23153"><ele>77</ele><time>2000-01-01T03:55:56.000Z</time></trkpt><trkpt lat="55.67236" lon="14.23161"><ele>77</ele><time>2000-01-01T03:56:06.000Z</time></trkpt><trkpt lat="55.67255" lon="14.23171"><ele>76</ele><time>2000-01-01T03:56:16.000Z</time></trkpt><trkpt lat="55.67275" lon="14.23181"><ele>76</ele><time>2000-01-01T03:56:26.000Z</time></trkpt><trkpt lat="55.67295" lon="14.23189"><ele>74</ele><time>2000-01-01T03:56:36.000Z</time></trkpt><trkpt lat="55.67316" lon="14.23199"><ele>73</ele><time>2000-01-01T03:56:46.000Z</time></trkpt><trkpt lat="55.67345" lon="14.23211"><ele>71</ele><time>2000-01-01T03:56:56.000Z</time></trkpt><trkpt lat="55.6737" lon="14.23212"><ele>69</ele><time>2000-01-01T03:57:06.000Z</time></trkpt><trkpt lat="55.67394" lon="14.23208"><ele>67</ele><time>2000-01-01T03:57:16.000Z</time></trkpt><trkpt lat="55.67428" lon="14.23207"><ele>64</ele><time>2000-01-01T03:57:26.000Z</time></trkpt><trkpt lat="55.67451" lon="14.23208"><ele>61</ele><time>2000-01-01T03:57:36.000Z</time></trkpt><trkpt lat="55.67486" lon="14.23209"><ele>58</ele><time>2000-01-01T03:57:46.000Z</time></trkpt><trkpt lat="55.675" lon="14.23213"><time>2000-01-01T03:57:56.000Z</time></trkpt><trkpt lat="55.67539" lon="14.23239"><ele>55</ele><time>2000-01-01T03:58:06.000Z</time></trkpt><trkpt lat="55.67547" lon="14.23242"><time>2000-01-01T03:58:16.000Z</time></trkpt><trkpt lat="55.67561" lon="14.23251"><ele>52</ele><time>2000-01-01T03:58:26.000Z</time></trkpt><trkpt lat="55.67585" lon="14.2326"><ele>50</ele><time>2000-01-01T03:58:36.000Z</time></trkpt><trkpt lat="55.67596" lon="14.23261"><time>2000-01-01T03:58:46.000Z</time></trkpt><trkpt lat="55.67611" lon="14.23259"><ele>47</ele><time>2000-01-01T03:58:56.000Z</time></trkpt><trkpt lat="55.67621" lon="14.23259"><time>2000-01-01T03:59:06.000Z</time></trkpt><trkpt lat="55.6765" lon="14.23257"><ele>44</ele><time>2000-01-01T03:59:16.000Z</time></trkpt><trkpt lat="55.67674" lon="14.23256"><ele>42</ele><time>2000-01-01T03:59:26.000Z</time></trkpt><trkpt lat="55.67694" lon="14.23256"><ele>41</ele><time>2000-01-01T03:59:36.000Z</time></trkpt><trkpt lat="55.67715" lon="14.23256"><ele>39</ele><time>2000-01-01T03:59:46.000Z</time></trkpt><trkpt lat="55.67733" lon="14.23251"><ele>37</ele><time>2000-01-01T03:59:56.000Z</time></trkpt><trkpt lat="55.67751" lon="14.23244"><ele>36</ele><time>2000-01-01T04:00:06.000Z</time></trkpt><trkpt lat="55.67769" lon="14.23236"><ele>36</ele><time>2000-01-01T04:00:16.000Z</time></trkpt><trkpt lat="55.67778" lon="14.2323"><time>2000-01-01T04:00:26.000Z</time></trkpt><trkpt lat="55.67791" lon="14.2322"><ele>35</ele><time>2000-01-01T04:00:36.000Z</time></trkpt><trkpt lat="55.67811" lon="14.23203"><ele>34</ele><time>2000-01-01T04:00:46.000Z</time></trkpt><trkpt lat="55.6784" lon="14.23177"><ele>34</ele><time>2000-01-01T04:00:56.000Z</time></trkpt><trkpt lat="55.67852" lon="14.2317"><time>2000-01-01T04:01:06.000Z</time></trkpt><trkpt lat="55.67855" lon="14.23172"><ele>34</ele><time>2000-01-01T04:01:16.000Z</time></trkpt><trkpt lat="55.67857" lon="14.23176"><time>2000-01-01T04:01:26.000Z</time></trkpt><trkpt lat="55.6786" lon="14.23193"><time>2000-01-01T04:01:36.000Z</time></trkpt><trkpt lat="55.67861" lon="14.23217"><ele>34</ele><time>2000-01-01T04:01:46.000Z</time></trkpt><trkpt lat="55.67861" lon="14.23239"><time>2000-01-01T04:01:56.000Z</time></trkpt><trkpt lat="55.67859" lon="14.23279"><ele>34</ele><time>2000-01-01T04:02:06.000Z</time></trkpt><trkpt lat="55.67861" lon="14.23286"><time>2000-01-01T04:02:16.000Z</time></trkpt><trkpt lat="55.67866" lon="14.23289"><time>2000-01-01T04:02:26.000Z</time></trkpt><trkpt lat="55.67886" lon="14.23292"><ele>33</ele><time>2000-01-01T04:02:36.000Z</time></trkpt><trkpt lat="55.679" lon="14.23293"><time>2000-01-01T04:02:46.000Z</time></trkpt><trkpt lat="55.67906" lon="14.23296"><ele>33</ele><time>2000-01-01T04:02:56.000Z</time></trkpt><trkpt lat="55.67914" lon="14.23301"><time>2000-01-01T04:03:06.000Z</time></trkpt><trkpt lat="55.6792" lon="14.23308"><ele>32</ele><time>2000-01-01T04:03:16.000Z</time></trkpt><trkpt lat="55.67941" lon="14.2333"><ele>31</ele><time>2000-01-01T04:03:26.000Z</time></trkpt><trkpt lat="55.67955" lon="14.23339"><time>2000-01-01T04:03:36.000Z</time></trkpt><trkpt lat="55.67975" lon="14.23341"><ele>30</ele><time>2000-01-01T04:03:46.000Z</time></trkpt><trkpt lat="55.67998" lon="14.23339"><ele>29</ele><time>2000-01-01T04:03:56.000Z</time></trkpt><trkpt lat="55.68006" lon="14.23341"><time>2000-01-01T04:04:06.000Z</time></trkpt><trkpt lat="55.68013" lon="14.23345"><ele>27</ele><time>2000-01-01T04:04:16.000Z</time></trkpt><trkpt lat="55.6802" lon="14.23351"><time>2000-01-01T04:04:26.000Z</time></trkpt><trkpt lat="55.68031" lon="14.23362"><ele>25</ele><time>2000-01-01T04:04:36.000Z</time></trkpt><trkpt lat="55.68049" lon="14.23374"><ele>24</ele><time>2000-01-01T04:04:46.000Z</time></trkpt><trkpt lat="55.68068" lon="14.23388"><ele>22</ele><time>2000-01-01T04:04:56.000Z</time></trkpt><trkpt lat="55.68086" lon="14.23404"><ele>20</ele><time>2000-01-01T04:05:06.000Z</time></trkpt><trkpt lat="55.68095" lon="14.23413"><time>2000-01-01T04:05:16.000Z</time></trkpt><trkpt lat="55.68103" lon="14.23424"><ele>18</ele><time>2000-01-01T04:05:26.000Z</time></trkpt><trkpt lat="55.68107" lon="14.23428"><time>2000-01-01T04:05:36.000Z</time></trkpt><trkpt lat="55.68114" lon="14.2343"><time>2000-01-01T04:05:46.000Z</time></trkpt><trkpt lat="55.68121" lon="14.23431"><ele>16</ele><time>2000-01-01T04:05:56.000Z</time></trkpt><trkpt lat="55.68132" lon="14.23439"><time>2000-01-01T04:06:06.000Z</time></trkpt><trkpt lat="55.68146" lon="14.23451"><ele>14</ele><time>2000-01-01T04:06:16.000Z</time></trkpt><trkpt lat="55.68168" lon="14.23479"><ele>14</ele><time>2000-01-01T04:06:26.000Z</time></trkpt><trkpt lat="55.68182" lon="14.23502"><ele>13</ele><time>2000-01-01T04:06:36.000Z</time></trkpt><trkpt lat="55.68188" lon="14.23517"><time>2000-01-01T04:06:46.000Z</time></trkpt><trkpt lat="55.68197" lon="14.23527"><ele>13</ele><time>2000-01-01T04:06:56.000Z</time></trkpt><trkpt lat="55.68206" lon="14.23535"><time>2000-01-01T04:07:06.000Z</time></trkpt><trkpt lat="55.68242" lon="14.23576"><ele>13</ele><time>2000-01-01T04:07:16.000Z</time></trkpt><trkpt lat="55.68247" lon="14.23575"><time>2000-01-01T04:07:26.000Z</time></trkpt><trkpt lat="55.68271" lon="14.23547"><ele>14</ele><time>2000-01-01T04:07:36.000Z</time></trkpt><trkpt lat="55.68285" lon="14.23545"><time>2000-01-01T04:07:46.000Z</time></trkpt><trkpt lat="55.68301" lon="14.2355"><ele>15</ele><time>2000-01-01T04:07:56.000Z</time></trkpt><trkpt lat="55.68308" lon="14.23548"><time>2000-01-01T04:08:06.000Z</time></trkpt><trkpt lat="55.68342" lon="14.23531"><ele>15</ele><time>2000-01-01T04:08:16.000Z</time></trkpt><trkpt lat="55.68356" lon="14.23529"><time>2000-01-01T04:08:26.000Z</time></trkpt><trkpt lat="55.68366" lon="14.23531"><ele>14</ele><time>2000-01-01T04:08:36.000Z</time></trkpt><trkpt lat="55.68377" lon="14.23537"><time>2000-01-01T04:08:46.000Z</time></trkpt><trkpt lat="55.68418" lon="14.23562"><ele>11</ele><time>2000-01-01T04:08:56.000Z</time></trkpt><trkpt lat="55.68436" lon="14.23561"><ele>10</ele><time>2000-01-01T04:09:06.000Z</time></trkpt><trkpt lat="55.6844" lon="14.2356"><time>2000-01-01T04:09:16.000Z</time></trkpt><trkpt lat="55.68455" lon="14.23552"><ele>10</ele><time>2000-01-01T04:09:26.000Z</time></trkpt><trkpt lat="55.68468" lon="14.23535"><ele>10</ele><time>2000-01-01T04:09:36.000Z</time></trkpt><trkpt lat="55.68484" lon="14.23519"><ele>10</ele><time>2000-01-01T04:09:46.000Z</time></trkpt><trkpt lat="55.68501" lon="14.23505"><ele>9</ele><time>2000-01-01T04:09:56.000Z</time></trkpt><trkpt lat="55.6853" lon="14.23464"><ele>8</ele><time>2000-01-01T04:10:06.000Z</time></trkpt><trkpt lat="55.68543" lon="14.23443"><ele>7</ele><time>2000-01-01T04:10:16.000Z</time></trkpt><trkpt lat="55.68547" lon="14.23435"><time>2000-01-01T04:10:26.000Z</time></trkpt><trkpt lat="55.68554" lon="14.23404"><ele>7</ele><time>2000-01-01T04:10:36.000Z</time></trkpt><trkpt lat="55.68557" lon="14.23365"><ele>7</ele><time>2000-01-01T04:10:46.000Z</time></trkpt><trkpt lat="55.68557" lon="14.23334"><ele>7</ele><time>2000-01-01T04:10:56.000Z</time></trkpt><trkpt lat="55.68556" lon="14.23301"><ele>7</ele><time>2000-01-01T04:11:06.000Z</time></trkpt><trkpt lat="55.68557" lon="14.23238"><ele>7</ele><time>2000-01-01T04:11:16.000Z</time></trkpt><trkpt lat="55.68558" lon="14.23219"><time>2000-01-01T04:11:26.000Z</time></trkpt><trkpt lat="55.68566" lon="14.2315"><ele>6</ele><time>2000-01-01T04:11:36.000Z</time></trkpt><trkpt lat="55.68572" lon="14.23112"><ele>5</ele><time>2000-01-01T04:11:46.000Z</time></trkpt><trkpt lat="55.68575" lon="14.23096"><time>2000-01-01T04:11:56.000Z</time></trkpt><trkpt lat="55.68586" lon="14.23061"><ele>5</ele><time>2000-01-01T04:12:06.000Z</time></trkpt><trkpt lat="55.68597" lon="14.23034"><ele>4</ele><time>2000-01-01T04:12:16.000Z</time></trkpt><trkpt lat="55.6861" lon="14.23017"><ele>3</ele><time>2000-01-01T04:12:26.000Z</time></trkpt><trkpt lat="55.68622" lon="14.23013"><time>2000-01-01T04:12:36.000Z</time></trkpt><trkpt lat="55.68633" lon="14.22996"><ele>3</ele><time>2000-01-01T04:12:46.000Z</time></trkpt><trkpt lat="55.68641" lon="14.22987"><time>2000-01-01T04:12:56.000Z</time></trkpt><trkpt lat="55.68656" lon="14.22962"><ele>3</ele><time>2000-01-01T04:13:06.000Z</time></trkpt><trkpt lat="55.68669" lon="14.22938"><ele>3</ele><time>2000-01-01T04:13:16.000Z</time></trkpt><trkpt lat="55.68674" lon="14.2293"><time>2000-01-01T04:13:26.000Z</time></trkpt><trkpt lat="55.68689" lon="14.22911"><ele>2</ele><time>2000-01-01T04:13:36.000Z</time></trkpt><trkpt lat="55.68702" lon="14.22888"><ele>1</ele><time>2000-01-01T04:13:46.000Z</time></trkpt><trkpt lat="55.6871" lon="14.22879"><time>2000-01-01T04:13:56.000Z</time></trkpt><trkpt lat="55.68724" lon="14.22871"><ele>1</ele><time>2000-01-01T04:14:06.000Z</time></trkpt><trkpt lat="55.68738" lon="14.22843"><ele>1</ele><time>2000-01-01T04:14:16.000Z</time></trkpt><trkpt lat="55.68743" lon="14.2282"><time>2000-01-01T04:14:26.000Z</time></trkpt><trkpt lat="55.68741" lon="14.22805"><ele>1</ele><time>2000-01-01T04:14:36.000Z</time></trkpt><trkpt lat="55.68736" lon="14.22793"><time>2000-01-01T04:14:46.000Z</time></trkpt><trkpt lat="55.68724" lon="14.22769"><ele>2</ele><time>2000-01-01T04:14:56.000Z</time></trkpt><trkpt lat="55.68719" lon="14.22762"><time>2000-01-01T04:15:06.000Z</time></trkpt><trkpt lat="55.68712" lon="14.22744"><ele>3</ele><time>2000-01-01T04:15:16.000Z</time></trkpt><trkpt lat="55.68706" lon="14.22696"><ele>4</ele><time>2000-01-01T04:15:26.000Z</time></trkpt><trkpt lat="55.687" lon="14.22679"><time>2000-01-01T04:15:36.000Z</time></trkpt><trkpt lat="55.68681" lon="14.2264"><ele>5</ele><time>2000-01-01T04:15:46.000Z</time></trkpt><trkpt lat="55.68671" lon="14.22621"><time>2000-01-01T04:15:56.000Z</time></trkpt><trkpt lat="55.68668" lon="14.22613"><ele>7</ele><time>2000-01-01T04:16:06.000Z</time></trkpt><trkpt lat="55.68668" lon="14.22608"><time>2000-01-01T04:16:16.000Z</time></trkpt><trkpt lat="55.68671" lon="14.22593"><time>2000-01-01T04:16:26.000Z</time></trkpt><trkpt lat="55.68682" lon="14.22566"><ele>7</ele><time>2000-01-01T04:16:36.000Z</time></trkpt><trkpt lat="55.68686" lon="14.22553"><time>2000-01-01T04:16:46.000Z</time></trkpt><trkpt lat="55.68694" lon="14.22534"><ele>7</ele><time>2000-01-01T04:16:56.000Z</time></trkpt><trkpt lat="55.68706" lon="14.22511"><ele>7</ele><time>2000-01-01T04:17:06.000Z</time></trkpt><trkpt lat="55.68715" lon="14.22496"><time>2000-01-01T04:17:16.000Z</time></trkpt><trkpt lat="55.68721" lon="14.22483"><ele>7</ele><time>2000-01-01T04:17:26.000Z</time></trkpt><trkpt lat="55.68721" lon="14.22478"><time>2000-01-01T04:17:36.000Z</time></trkpt><trkpt lat="55.68718" lon="14.22462"><time>2000-01-01T04:17:46.000Z</time></trkpt><trkpt lat="55.68718" lon="14.22457"><time>2000-01-01T04:17:56.000Z</time></trkpt><trkpt lat="55.68731" lon="14.22426"><ele>7</ele><time>2000-01-01T04:18:06.000Z</time></trkpt><trkpt lat="55.68731" lon="14.22405"><time>2000-01-01T04:18:16.000Z</time></trkpt><trkpt lat="55.68721" lon="14.22376"><ele>8</ele><time>2000-01-01T04:18:26.000Z</time></trkpt><trkpt lat="55.68716" lon="14.22352"><time>2000-01-01T04:18:36.000Z</time></trkpt><trkpt lat="55.68717" lon="14.22324"><ele>10</ele><time>2000-01-01T04:18:46.000Z</time></trkpt><trkpt lat="55.68717" lon="14.22305"><time>2000-01-01T04:18:56.000Z</time></trkpt><trkpt lat="55.68718" lon="14.223"><time>2000-01-01T04:19:06.000Z</time></trkpt><trkpt lat="55.68726" lon="14.22286"><ele>9</ele><time>2000-01-01T04:19:16.000Z</time></trkpt><trkpt lat="55.6874" lon="14.22285"><time>2000-01-01T04:19:26.000Z</time></trkpt><trkpt lat="55.68764" lon="14.2229"><ele>8</ele><time>2000-01-01T04:19:36.000Z</time></trkpt><trkpt lat="55.68774" lon="14.22307"><time>2000-01-01T04:19:46.000Z</time></trkpt><trkpt lat="55.68785" lon="14.22346"><ele>6</ele><time>2000-01-01T04:19:56.000Z</time></trkpt><trkpt lat="55.68788" lon="14.22353"><time>2000-01-01T04:20:06.000Z</time></trkpt><trkpt lat="55.6879" lon="14.22356"><time>2000-01-01T04:20:16.000Z</time></trkpt><trkpt lat="55.68804" lon="14.22351"><ele>5</ele><time>2000-01-01T04:20:26.000Z</time></trkpt><trkpt lat="55.68825" lon="14.22332"><ele>5</ele><time>2000-01-01T04:20:36.000Z</time></trkpt><trkpt lat="55.68841" lon="14.22311"><ele>5</ele><time>2000-01-01T04:20:46.000Z</time></trkpt><trkpt lat="55.68847" lon="14.22295"><time>2000-01-01T04:20:56.000Z</time></trkpt><trkpt lat="55.68847" lon="14.22291"><time>2000-01-01T04:21:06.000Z</time></trkpt><trkpt lat="55.68832" lon="14.22218"><ele>7</ele><time>2000-01-01T04:21:16.000Z</time></trkpt><trkpt lat="55.68824" lon="14.22184"><ele>7</ele><time>2000-01-01T04:21:26.000Z</time></trkpt><trkpt lat="55.68817" lon="14.22151"><ele>9</ele><time>2000-01-01T04:21:36.000Z</time></trkpt><trkpt lat="55.6881" lon="14.22114"><ele>12</ele><time>2000-01-01T04:21:46.000Z</time></trkpt><trkpt lat="55.68795" lon="14.22063"><ele>15</ele><time>2000-01-01T04:21:56.000Z</time></trkpt><trkpt lat="55.68787" lon="14.22031"><ele>17</ele><time>2000-01-01T04:22:06.000Z</time></trkpt><trkpt lat="55.6878" lon="14.21998"><ele>20</ele><time>2000-01-01T04:22:16.000Z</time></trkpt><trkpt lat="55.68779" lon="14.2199"><time>2000-01-01T04:22:26.000Z</time></trkpt><trkpt lat="55.6878" lon="14.21987"><time>2000-01-01T04:22:36.000Z</time></trkpt><trkpt lat="55.68782" lon="14.21987"><time>2000-01-01T04:22:46.000Z</time></trkpt><trkpt lat="55.68784" lon="14.21977"><time>2000-01-01T04:22:56.000Z</time></trkpt><trkpt lat="55.68785" lon="14.21958"><ele>22</ele><time>2000-01-01T04:23:06.000Z</time></trkpt><trkpt lat="55.68786" lon="14.21947"><time>2000-01-01T04:23:16.000Z</time></trkpt><trkpt lat="55.68788" lon="14.21933"><time>2000-01-01T04:23:26.000Z</time></trkpt><trkpt lat="55.68807" lon="14.21905"><ele>24</ele><time>2000-01-01T04:23:36.000Z</time></trkpt><trkpt lat="55.68819" lon="14.21889"><time>2000-01-01T04:23:46.000Z</time></trkpt><trkpt lat="55.68829" lon="14.21881"><ele>24</ele><time>2000-01-01T04:23:56.000Z</time></trkpt><trkpt lat="55.68839" lon="14.21853"><ele>26</ele><time>2000-01-01T04:24:06.000Z</time></trkpt><trkpt lat="55.68857" lon="14.21836"><ele>26</ele><time>2000-01-01T04:24:16.000Z</time></trkpt><trkpt lat="55.68864" lon="14.21837"><time>2000-01-01T04:24:26.000Z</time></trkpt><trkpt lat="55.68868" lon="14.2184"><time>2000-01-01T04:24:36.000Z</time></trkpt><trkpt lat="55.68885" lon="14.21884"><ele>22</ele><time>2000-01-01T04:24:46.000Z</time></trkpt><trkpt lat="55.68891" lon="14.21888"><time>2000-01-01T04:24:56.000Z</time></trkpt><trkpt lat="55.689" lon="14.21886"><ele>22</ele><time>2000-01-01T04:25:06.000Z</time></trkpt><trkpt lat="55.68904" lon="14.2189"><time>2000-01-01T04:25:16.000Z</time></trkpt><trkpt lat="55.68914" lon="14.2192"><ele>18</ele><time>2000-01-01T04:25:26.000Z</time></trkpt><trkpt lat="55.68915" lon="14.21922"><time>2000-01-01T04:25:36.000Z</time></trkpt><trkpt lat="55.68925" lon="14.21932"><time>2000-01-01T04:25:46.000Z</time></trkpt><trkpt lat="55.68934" lon="14.21951"><ele>15</ele><time>2000-01-01T04:25:56.000Z</time></trkpt><trkpt lat="55.68941" lon="14.21961"><time>2000-01-01T04:26:06.000Z</time></trkpt><trkpt lat="55.68941" lon="14.21965"><time>2000-01-01T04:26:16.000Z</time></trkpt><trkpt lat="55.68943" lon="14.21984"><ele>12</ele><time>2000-01-01T04:26:26.000Z</time></trkpt><trkpt lat="55.68953" lon="14.22015"><ele>11</ele><time>2000-01-01T04:26:36.000Z</time></trkpt><trkpt lat="55.68965" lon="14.22051"><ele>9</ele><time>2000-01-01T04:26:46.000Z</time></trkpt><trkpt lat="55.68973" lon="14.22081"><ele>7</ele><time>2000-01-01T04:26:56.000Z</time></trkpt><trkpt lat="55.68985" lon="14.2212"><ele>6</ele><time>2000-01-01T04:27:06.000Z</time></trkpt><trkpt lat="55.68995" lon="14.22158"><ele>5</ele><time>2000-01-01T04:27:16.000Z</time></trkpt><trkpt lat="55.69006" lon="14.22177"><ele>4</ele><time>2000-01-01T04:27:26.000Z</time></trkpt><trkpt lat="55.69019" lon="14.22164"><time>2000-01-01T04:27:36.000Z</time></trkpt><trkpt lat="55.69037" lon="14.22136"><ele>4</ele><time>2000-01-01T04:27:46.000Z</time></trkpt><trkpt lat="55.69056" lon="14.22097"><ele>4</ele><time>2000-01-01T04:27:56.000Z</time></trkpt><trkpt lat="55.6907" lon="14.22063"><ele>4</ele><time>2000-01-01T04:28:06.000Z</time></trkpt><trkpt lat="55.69095" lon="14.22004"><ele>5</ele><time>2000-01-01T04:28:16.000Z</time></trkpt><trkpt lat="55.69107" lon="14.21978"><ele>5</ele><time>2000-01-01T04:28:26.000Z</time></trkpt><trkpt lat="55.69124" lon="14.21943"><ele>5</ele><time>2000-01-01T04:28:36.000Z</time></trkpt><trkpt lat="55.69142" lon="14.21912"><ele>5</ele><time>2000-01-01T04:28:46.000Z</time></trkpt><trkpt lat="55.69162" lon="14.21884"><ele>4</ele><time>2000-01-01T04:28:56.000Z</time></trkpt><trkpt lat="55.69177" lon="14.21865"><ele>4</ele><time>2000-01-01T04:29:06.000Z</time></trkpt><trkpt lat="55.69195" lon="14.21845"><ele>4</ele><time>2000-01-01T04:29:16.000Z</time></trkpt><trkpt lat="55.69218" lon="14.21818"><ele>4</ele><time>2000-01-01T04:29:26.000Z</time></trkpt><trkpt lat="55.69225" lon="14.21806"><time>2000-01-01T04:29:36.000Z</time></trkpt><trkpt lat="55.69223" lon="14.2179"><ele>5</ele><time>2000-01-01T04:29:46.000Z</time></trkpt><trkpt lat="55.69214" lon="14.21735"><ele>8</ele><time>2000-01-01T04:29:56.000Z</time></trkpt><trkpt lat="55.69211" lon="14.21701"><ele>10</ele><time>2000-01-01T04:30:06.000Z</time></trkpt><trkpt lat="55.69207" lon="14.21667"><ele>13</ele><time>2000-01-01T04:30:16.000Z</time></trkpt><trkpt lat="55.69212" lon="14.21652"><time>2000-01-01T04:30:26.000Z</time></trkpt><trkpt lat="55.69213" lon="14.21642"><ele>13</ele><time>2000-01-01T04:30:36.000Z</time></trkpt><trkpt lat="55.69217" lon="14.21622"><time>2000-01-01T04:30:46.000Z</time></trkpt><trkpt lat="55.69218" lon="14.21608"><ele>16</ele><time>2000-01-01T04:30:56.000Z</time></trkpt><trkpt lat="55.6922" lon="14.216"><time>2000-01-01T04:31:06.000Z</time></trkpt><trkpt lat="55.69225" lon="14.21588"><time>2000-01-01T04:31:16.000Z</time></trkpt><trkpt lat="55.69229" lon="14.21576"><ele>17</ele><time>2000-01-01T04:31:26.000Z</time></trkpt><trkpt lat="55.69232" lon="14.21557"><time>2000-01-01T04:31:36.000Z</time></trkpt><trkpt lat="55.69232" lon="14.21547"><ele>18</ele><time>2000-01-01T04:31:46.000Z</time></trkpt><trkpt lat="55.6923" lon="14.21529"><time>2000-01-01T04:31:56.000Z</time></trkpt><trkpt lat="55.69233" lon="14.21497"><ele>21</ele><time>2000-01-01T04:32:06.000Z</time></trkpt><trkpt lat="55.69241" lon="14.21447"><ele>23</ele><time>2000-01-01T04:32:16.000Z</time></trkpt><trkpt lat="55.69248" lon="14.21413"><ele>24</ele><time>2000-01-01T04:32:26.000Z</time></trkpt><trkpt lat="55.69257" lon="14.21374"><ele>25</ele><time>2000-01-01T04:32:36.000Z</time></trkpt><trkpt lat="55.69262" lon="14.21339"><ele>25</ele><time>2000-01-01T04:32:46.000Z</time></trkpt><trkpt lat="55.69268" lon="14.21297"><ele>25</ele><time>2000-01-01T04:32:56.000Z</time></trkpt><trkpt lat="55.69274" lon="14.21269"><ele>25</ele><time>2000-01-01T04:33:06.000Z</time></trkpt><trkpt lat="55.69279" lon="14.21256"><time>2000-01-01T04:33:16.000Z</time></trkpt><trkpt lat="55.69298" lon="14.2123"><ele>24</ele><time>2000-01-01T04:33:26.000Z</time></trkpt><trkpt lat="55.69314" lon="14.21206"><ele>23</ele><time>2000-01-01T04:33:36.000Z</time></trkpt><trkpt lat="55.69327" lon="14.21198"><time>2000-01-01T04:33:46.000Z</time></trkpt><trkpt lat="55.69334" lon="14.21191"><ele>23</ele><time>2000-01-01T04:33:56.000Z</time></trkpt><trkpt lat="55.69353" lon="14.21179"><ele>23</ele><time>2000-01-01T04:34:06.000Z</time></trkpt><trkpt lat="55.6937" lon="14.21163"><ele>23</ele><time>2000-01-01T04:34:16.000Z</time></trkpt><trkpt lat="55.69386" lon="14.21153"><ele>23</ele><time>2000-01-01T04:34:26.000Z</time></trkpt><trkpt lat="55.69404" lon="14.21137"><ele>23</ele><time>2000-01-01T04:34:36.000Z</time></trkpt><trkpt lat="55.69434" lon="14.21116"><ele>23</ele><time>2000-01-01T04:34:46.000Z</time></trkpt><trkpt lat="55.69463" lon="14.21091"><ele>22</ele><time>2000-01-01T04:34:56.000Z</time></trkpt><trkpt lat="55.69482" lon="14.21078"><ele>22</ele><time>2000-01-01T04:35:06.000Z</time></trkpt><trkpt lat="55.69499" lon="14.21065"><ele>22</ele><time>2000-01-01T04:35:16.000Z</time></trkpt><trkpt lat="55.69525" lon="14.21047"><ele>22</ele><time>2000-01-01T04:35:26.000Z</time></trkpt><trkpt lat="55.69549" lon="14.21037"><ele>23</ele><time>2000-01-01T04:35:36.000Z</time></trkpt><trkpt lat="55.69567" lon="14.21028"><ele>23</ele><time>2000-01-01T04:35:46.000Z</time></trkpt><trkpt lat="55.69586" lon="14.21019"><ele>24</ele><time>2000-01-01T04:35:56.000Z</time></trkpt><trkpt lat="55.69592" lon="14.21013"><time>2000-01-01T04:36:06.000Z</time></trkpt><trkpt lat="55.69604" lon="14.2101"><ele>24</ele><time>2000-01-01T04:36:16.000Z</time></trkpt><trkpt lat="55.69619" lon="14.21012"><time>2000-01-01T04:36:26.000Z</time></trkpt><trkpt lat="55.69635" lon="14.21011"><ele>24</ele><time>2000-01-01T04:36:36.000Z</time></trkpt><trkpt lat="55.6964" lon="14.2101"><time>2000-01-01T04:36:46.000Z</time></trkpt><trkpt lat="55.69647" lon="14.21011"><time>2000-01-01T04:36:56.000Z</time></trkpt><trkpt lat="55.6965" lon="14.21015"><ele>23</ele><time>2000-01-01T04:37:06.000Z</time></trkpt><trkpt lat="55.6966" lon="14.21024"><time>2000-01-01T04:37:16.000Z</time></trkpt><trkpt lat="55.69667" lon="14.21023"><ele>23</ele><time>2000-01-01T04:37:26.000Z</time></trkpt><trkpt lat="55.6967" lon="14.21021"><time>2000-01-01T04:37:36.000Z</time></trkpt><trkpt lat="55.69677" lon="14.21014"><time>2000-01-01T04:37:46.000Z</time></trkpt><trkpt lat="55.69681" lon="14.21006"><ele>22</ele><time>2000-01-01T04:37:56.000Z</time></trkpt><trkpt lat="55.69683" lon="14.21004"><time>2000-01-01T04:38:06.000Z</time></trkpt><trkpt lat="55.6969" lon="14.20993"><time>2000-01-01T04:38:16.000Z</time></trkpt><trkpt lat="55.69692" lon="14.20977"><ele>22</ele><time>2000-01-01T04:38:26.000Z</time></trkpt><trkpt lat="55.69702" lon="14.20952"><ele>22</ele><time>2000-01-01T04:38:36.000Z</time></trkpt><trkpt lat="55.69706" lon="14.20936"><time>2000-01-01T04:38:46.000Z</time></trkpt><trkpt lat="55.6971" lon="14.20917"><ele>23</ele><time>2000-01-01T04:38:56.000Z</time></trkpt><trkpt lat="55.69712" lon="14.20904"><time>2000-01-01T04:39:06.000Z</time></trkpt><trkpt lat="55.69718" lon="14.20882"><ele>25</ele><time>2000-01-01T04:39:16.000Z</time></trkpt><trkpt lat="55.69719" lon="14.2086"><time>2000-01-01T04:39:26.000Z</time></trkpt><trkpt lat="55.69722" lon="14.20843"><ele>26</ele><time>2000-01-01T04:39:36.000Z</time></trkpt><trkpt lat="55.69726" lon="14.20829"><time>2000-01-01T04:39:46.000Z</time></trkpt><trkpt lat="55.69732" lon="14.20817"><ele>25</ele><time>2000-01-01T04:39:56.000Z</time></trkpt><trkpt lat="55.69748" lon="14.208"><ele>25</ele><time>2000-01-01T04:40:06.000Z</time></trkpt><trkpt lat="55.6975" lon="14.20796"><time>2000-01-01T04:40:16.000Z</time></trkpt><trkpt lat="55.69773" lon="14.20771"><ele>21</ele><time>2000-01-01T04:40:26.000Z</time></trkpt><trkpt lat="55.69778" lon="14.20761"><time>2000-01-01T04:40:36.000Z</time></trkpt><trkpt lat="55.6978" lon="14.20761"><time>2000-01-01T04:40:46.000Z</time></trkpt><trkpt lat="55.69782" lon="14.20766"><time>2000-01-01T04:40:56.000Z</time></trkpt><trkpt lat="55.69784" lon="14.2078"><ele>19</ele><time>2000-01-01T04:41:06.000Z</time></trkpt><trkpt lat="55.69782" lon="14.20799"><time>2000-01-01T04:41:16.000Z</time></trkpt><trkpt lat="55.69783" lon="14.20822"><ele>18</ele><time>2000-01-01T04:41:26.000Z</time></trkpt><trkpt lat="55.69777" lon="14.20868"><ele>18</ele><time>2000-01-01T04:41:36.000Z</time></trkpt><trkpt lat="55.6978" lon="14.20875"><time>2000-01-01T04:41:46.000Z</time></trkpt><trkpt lat="55.69788" lon="14.20882"><time>2000-01-01T04:41:56.000Z</time></trkpt><trkpt lat="55.69796" lon="14.20886"><ele>14</ele><time>2000-01-01T04:42:06.000Z</time></trkpt><trkpt lat="55.69812" lon="14.20896"><ele>11</ele><time>2000-01-01T04:42:16.000Z</time></trkpt><trkpt lat="55.69832" lon="14.20913"><ele>8</ele><time>2000-01-01T04:42:26.000Z</time></trkpt><trkpt lat="55.69849" lon="14.20924"><ele>6</ele><time>2000-01-01T04:42:36.000Z</time></trkpt><trkpt lat="55.69868" lon="14.20934"><ele>4</ele><time>2000-01-01T04:42:46.000Z</time></trkpt><trkpt lat="55.69891" lon="14.20945"><ele>3</ele><time>2000-01-01T04:42:56.000Z</time></trkpt><trkpt lat="55.69894" lon="14.20945"><time>2000-01-01T04:43:06.000Z</time></trkpt><trkpt lat="55.69896" lon="14.20943"><time>2000-01-01T04:43:16.000Z</time></trkpt><trkpt lat="55.69908" lon="14.20892"><ele>3</ele><time>2000-01-01T04:43:26.000Z</time></trkpt><trkpt lat="55.69911" lon="14.20863"><ele>3</ele><time>2000-01-01T04:43:36.000Z</time></trkpt><trkpt lat="55.69918" lon="14.20831"><ele>3</ele><time>2000-01-01T04:43:46.000Z</time></trkpt><trkpt lat="55.69925" lon="14.20798"><ele>4</ele><time>2000-01-01T04:43:56.000Z</time></trkpt><trkpt lat="55.69934" lon="14.20735"><ele>5</ele><time>2000-01-01T04:44:06.000Z</time></trkpt><trkpt lat="55.69939" lon="14.20706"><ele>5</ele><time>2000-01-01T04:44:16.000Z</time></trkpt><trkpt lat="55.69949" lon="14.20658"><ele>6</ele><time>2000-01-01T04:44:26.000Z</time></trkpt><trkpt lat="55.69954" lon="14.20645"><time>2000-01-01T04:44:36.000Z</time></trkpt><trkpt lat="55.69967" lon="14.20618"><ele>6</ele><time>2000-01-01T04:44:46.000Z</time></trkpt><trkpt lat="55.69977" lon="14.20606"><time>2000-01-01T04:44:56.000Z</time></trkpt><trkpt lat="55.7001" lon="14.20568"><ele>6</ele><time>2000-01-01T04:45:06.000Z</time></trkpt><trkpt lat="55.70027" lon="14.20553"><ele>5</ele><time>2000-01-01T04:45:16.000Z</time></trkpt><trkpt lat="55.70055" lon="14.20525"><ele>4</ele><time>2000-01-01T04:45:26.000Z</time></trkpt><trkpt lat="55.70069" lon="14.20501"><ele>4</ele><time>2000-01-01T04:45:36.000Z</time></trkpt><trkpt lat="55.70078" lon="14.20468"><ele>4</ele><time>2000-01-01T04:45:46.000Z</time></trkpt><trkpt lat="55.70086" lon="14.20445"><ele>4</ele><time>2000-01-01T04:45:56.000Z</time></trkpt><trkpt lat="55.70105" lon="14.20429"><ele>4</ele><time>2000-01-01T04:46:06.000Z</time></trkpt><trkpt lat="55.70119" lon="14.20428"><time>2000-01-01T04:46:16.000Z</time></trkpt><trkpt lat="55.70131" lon="14.20441"><ele>3</ele><time>2000-01-01T04:46:26.000Z</time></trkpt><trkpt lat="55.70138" lon="14.20444"><time>2000-01-01T04:46:36.000Z</time></trkpt><trkpt lat="55.70157" lon="14.20445"><ele>3</ele><time>2000-01-01T04:46:46.000Z</time></trkpt><trkpt lat="55.70168" lon="14.2044"><time>2000-01-01T04:46:56.000Z</time></trkpt><trkpt lat="55.70176" lon="14.2043"><ele>2</ele><time>2000-01-01T04:47:06.000Z</time></trkpt><trkpt lat="55.70196" lon="14.20417"><ele>2</ele><time>2000-01-01T04:47:16.000Z</time></trkpt><trkpt lat="55.70207" lon="14.20409"><time>2000-01-01T04:47:26.000Z</time></trkpt><trkpt lat="55.7023" lon="14.20399"><ele>1</ele><time>2000-01-01T04:47:36.000Z</time></trkpt><trkpt lat="55.70237" lon="14.20399"><time>2000-01-01T04:47:46.000Z</time></trkpt><trkpt lat="55.70249" lon="14.20396"><ele>1</ele><time>2000-01-01T04:47:56.000Z</time></trkpt><trkpt lat="55.70273" lon="14.20394"><ele>1</ele><time>2000-01-01T04:48:06.000Z</time></trkpt><trkpt lat="55.70313" lon="14.2039"><ele>1</ele><time>2000-01-01T04:48:16.000Z</time></trkpt><trkpt lat="55.70328" lon="14.20387"><time>2000-01-01T04:48:26.000Z</time></trkpt><trkpt lat="55.70335" lon="14.20383"><ele>2</ele><time>2000-01-01T04:48:36.000Z</time></trkpt><trkpt lat="55.70342" lon="14.2038"><time>2000-01-01T04:48:46.000Z</time></trkpt><trkpt lat="55.7036" lon="14.20374"><ele>2</ele><time>2000-01-01T04:48:56.000Z</time></trkpt><trkpt lat="55.70378" lon="14.20371"><ele>2</ele><time>2000-01-01T04:49:06.000Z</time></trkpt><trkpt lat="55.70393" lon="14.20361"><ele>3</ele><time>2000-01-01T04:49:16.000Z</time></trkpt><trkpt lat="55.70403" lon="14.20357"><time>2000-01-01T04:49:26.000Z</time></trkpt><trkpt lat="55.70421" lon="14.20346"><ele>3</ele><time>2000-01-01T04:49:36.000Z</time></trkpt><trkpt lat="55.70457" lon="14.20334"><ele>2</ele><time>2000-01-01T04:49:46.000Z</time></trkpt><trkpt lat="55.70475" lon="14.20324"><ele>2</ele><time>2000-01-01T04:49:56.000Z</time></trkpt><trkpt lat="55.70498" lon="14.20309"><ele>2</ele><time>2000-01-01T04:50:06.000Z</time></trkpt><trkpt lat="55.70509" lon="14.20305"><time>2000-01-01T04:50:16.000Z</time></trkpt><trkpt lat="55.70516" lon="14.203"><ele>2</ele><time>2000-01-01T04:50:26.000Z</time></trkpt><trkpt lat="55.70543" lon="14.20287"><ele>3</ele><time>2000-01-01T04:50:36.000Z</time></trkpt><trkpt lat="55.70563" lon="14.20288"><ele>3</ele><time>2000-01-01T04:50:46.000Z</time></trkpt><trkpt lat="55.70585" lon="14.2029"><ele>3</ele><time>2000-01-01T04:50:56.000Z</time></trkpt><trkpt lat="55.70598" lon="14.20289"><time>2000-01-01T04:51:06.000Z</time></trkpt><trkpt lat="55.70614" lon="14.20282"><ele>3</ele><time>2000-01-01T04:51:16.000Z</time></trkpt><trkpt lat="55.70632" lon="14.20269"><ele>3</ele><time>2000-01-01T04:51:26.000Z</time></trkpt><trkpt lat="55.70653" lon="14.20264"><ele>3</ele><time>2000-01-01T04:51:36.000Z</time></trkpt><trkpt lat="55.7066" lon="14.20258"><time>2000-01-01T04:51:46.000Z</time></trkpt><trkpt lat="55.70673" lon="14.20245"><ele>3</ele><time>2000-01-01T04:51:56.000Z</time></trkpt><trkpt lat="55.70693" lon="14.20231"><ele>3</ele><time>2000-01-01T04:52:06.000Z</time></trkpt><trkpt lat="55.70708" lon="14.20228"><time>2000-01-01T04:52:16.000Z</time></trkpt><trkpt lat="55.70726" lon="14.20219"><ele>3</ele><time>2000-01-01T04:52:26.000Z</time></trkpt><trkpt lat="55.70743" lon="14.2021"><ele>3</ele><time>2000-01-01T04:52:36.000Z</time></trkpt><trkpt lat="55.7076" lon="14.20194"><ele>4</ele><time>2000-01-01T04:52:46.000Z</time></trkpt><trkpt lat="55.70793" lon="14.20179"><ele>6</ele><time>2000-01-01T04:52:56.000Z</time></trkpt><trkpt lat="55.7081" lon="14.20174"><ele>6</ele><time>2000-01-01T04:53:06.000Z</time></trkpt><trkpt lat="55.70837" lon="14.2017"><ele>6</ele><time>2000-01-01T04:53:16.000Z</time></trkpt><trkpt lat="55.70856" lon="14.20166"><ele>6</ele><time>2000-01-01T04:53:26.000Z</time></trkpt><trkpt lat="55.70878" lon="14.20156"><ele>7</ele><time>2000-01-01T04:53:36.000Z</time></trkpt><trkpt lat="55.70899" lon="14.2015"><ele>7</ele><time>2000-01-01T04:53:46.000Z</time></trkpt><trkpt lat="55.70927" lon="14.20143"><ele>7</ele><time>2000-01-01T04:53:56.000Z</time></trkpt><trkpt lat="55.70952" lon="14.20139"><ele>8</ele><time>2000-01-01T04:54:06.000Z</time></trkpt><trkpt lat="55.70966" lon="14.2013"><time>2000-01-01T04:54:16.000Z</time></trkpt><trkpt lat="55.70985" lon="14.20121"><ele>9</ele><time>2000-01-01T04:54:26.000Z</time></trkpt><trkpt lat="55.71008" lon="14.20104"><ele>10</ele><time>2000-01-01T04:54:36.000Z</time></trkpt><trkpt lat="55.71016" lon="14.20099"><time>2000-01-01T04:54:46.000Z</time></trkpt><trkpt lat="55.71033" lon="14.20086"><ele>10</ele><time>2000-01-01T04:54:56.000Z</time></trkpt><trkpt lat="55.71054" lon="14.2006"><ele>11</ele><time>2000-01-01T04:55:06.000Z</time></trkpt><trkpt lat="55.71069" lon="14.20045"><ele>12</ele><time>2000-01-01T04:55:16.000Z</time></trkpt><trkpt lat="55.71074" lon="14.20041"><time>2000-01-01T04:55:26.000Z</time></trkpt><trkpt lat="55.71092" lon="14.2003"><ele>12</ele><time>2000-01-01T04:55:36.000Z</time></trkpt><trkpt lat="55.71104" lon="14.20025"><time>2000-01-01T04:55:46.000Z</time></trkpt><trkpt lat="55.71158" lon="14.20054"><ele>11</ele><time>2000-01-01T04:55:56.000Z</time></trkpt><trkpt lat="55.71171" lon="14.2006"><time>2000-01-01T04:56:06.000Z</time></trkpt><trkpt lat="55.71177" lon="14.20062"><ele>10</ele><time>2000-01-01T04:56:16.000Z</time></trkpt><trkpt lat="55.71201" lon="14.20064"><ele>10</ele><time>2000-01-01T04:56:26.000Z</time></trkpt><trkpt lat="55.71217" lon="14.20057"><ele>10</ele><time>2000-01-01T04:56:36.000Z</time></trkpt><trkpt lat="55.71241" lon="14.20051"><ele>10</ele><time>2000-01-01T04:56:46.000Z</time></trkpt><trkpt lat="55.71252" lon="14.20052"><time>2000-01-01T04:56:56.000Z</time></trkpt><trkpt lat="55.71271" lon="14.20048"><ele>10</ele><time>2000-01-01T04:57:06.000Z</time></trkpt><trkpt lat="55.71294" lon="14.20053"><ele>9</ele><time>2000-01-01T04:57:16.000Z</time></trkpt><trkpt lat="55.71319" lon="14.20047"><ele>9</ele><time>2000-01-01T04:57:26.000Z</time></trkpt><trkpt lat="55.71349" lon="14.20051"><ele>9</ele><time>2000-01-01T04:57:36.000Z</time></trkpt><trkpt lat="55.71366" lon="14.20057"><ele>9</ele><time>2000-01-01T04:57:46.000Z</time></trkpt><trkpt lat="55.71376" lon="14.20053"><time>2000-01-01T04:57:56.000Z</time></trkpt><trkpt lat="55.7139" lon="14.20045"><ele>9</ele><time>2000-01-01T04:58:06.000Z</time></trkpt><trkpt lat="55.71413" lon="14.20041"><ele>9</ele><time>2000-01-01T04:58:16.000Z</time></trkpt><trkpt lat="55.71416" lon="14.20042"><time>2000-01-01T04:58:26.000Z</time></trkpt><trkpt lat="55.71433" lon="14.20039"><ele>9</ele><time>2000-01-01T04:58:36.000Z</time></trkpt><trkpt lat="55.71452" lon="14.20034"><ele>8</ele><time>2000-01-01T04:58:46.000Z</time></trkpt><trkpt lat="55.71471" lon="14.20032"><ele>7</ele><time>2000-01-01T04:58:56.000Z</time></trkpt><trkpt lat="55.7149" lon="14.20031"><ele>6</ele><time>2000-01-01T04:59:06.000Z</time></trkpt><trkpt lat="55.71509" lon="14.20029"><ele>6</ele><time>2000-01-01T04:59:16.000Z</time></trkpt><trkpt lat="55.71529" lon="14.20027"><ele>6</ele><time>2000-01-01T04:59:26.000Z</time></trkpt><trkpt lat="55.71549" lon="14.20024"><ele>6</ele><time>2000-01-01T04:59:36.000Z</time></trkpt><trkpt lat="55.71566" lon="14.20015"><ele>6</ele><time>2000-01-01T04:59:46.000Z</time></trkpt><trkpt lat="55.71582" lon="14.20008"><ele>7</ele><time>2000-01-01T04:59:56.000Z</time></trkpt><trkpt lat="55.71599" lon="14.19999"><ele>7</ele><time>2000-01-01T05:00:06.000Z</time></trkpt><trkpt lat="55.71615" lon="14.19995"><ele>7</ele><time>2000-01-01T05:00:16.000Z</time></trkpt><trkpt lat="55.71637" lon="14.19993"><ele>7</ele><time>2000-01-01T05:00:26.000Z</time></trkpt><trkpt lat="55.7166" lon="14.19989"><ele>7</ele><time>2000-01-01T05:00:36.000Z</time></trkpt><trkpt lat="55.71679" lon="14.19979"><ele>7</ele><time>2000-01-01T05:00:46.000Z</time></trkpt><trkpt lat="55.717" lon="14.19971"><ele>7</ele><time>2000-01-01T05:00:56.000Z</time></trkpt><trkpt lat="55.71717" lon="14.19962"><ele>7</ele><time>2000-01-01T05:01:06.000Z</time></trkpt><trkpt lat="55.71733" lon="14.19952"><ele>8</ele><time>2000-01-01T05:01:16.000Z</time></trkpt><trkpt lat="55.71751" lon="14.19939"><ele>8</ele><time>2000-01-01T05:01:26.000Z</time></trkpt><trkpt lat="55.71769" lon="14.19925"><ele>9</ele><time>2000-01-01T05:01:36.000Z</time></trkpt><trkpt lat="55.71791" lon="14.19917"><ele>9</ele><time>2000-01-01T05:01:46.000Z</time></trkpt><trkpt lat="55.71808" lon="14.19909"><ele>9</ele><time>2000-01-01T05:01:56.000Z</time></trkpt><trkpt lat="55.71814" lon="14.19909"><time>2000-01-01T05:02:06.000Z</time></trkpt><trkpt lat="55.71858" lon="14.1988"><ele>8</ele><time>2000-01-01T05:02:16.000Z</time></trkpt><trkpt lat="55.71872" lon="14.1987"><time>2000-01-01T05:02:26.000Z</time></trkpt><trkpt lat="55.71892" lon="14.19859"><ele>7</ele><time>2000-01-01T05:02:36.000Z</time></trkpt><trkpt lat="55.71913" lon="14.19844"><ele>6</ele><time>2000-01-01T05:02:46.000Z</time></trkpt><trkpt lat="55.71945" lon="14.19821"><ele>6</ele><time>2000-01-01T05:02:56.000Z</time></trkpt><trkpt lat="55.71955" lon="14.19815"><time>2000-01-01T05:03:06.000Z</time></trkpt><trkpt lat="55.71981" lon="14.19793"><ele>6</ele><time>2000-01-01T05:03:16.000Z</time></trkpt><trkpt lat="55.71992" lon="14.19788"><time>2000-01-01T05:03:26.000Z</time></trkpt><trkpt lat="55.7202" lon="14.19777"><ele>6</ele><time>2000-01-01T05:03:36.000Z</time></trkpt><trkpt lat="55.7204" lon="14.1976"><ele>6</ele><time>2000-01-01T05:03:46.000Z</time></trkpt><trkpt lat="55.72069" lon="14.19737"><ele>6</ele><time>2000-01-01T05:03:56.000Z</time></trkpt><trkpt lat="55.72088" lon="14.19727"><ele>5</ele><time>2000-01-01T05:04:06.000Z</time></trkpt><trkpt lat="55.72108" lon="14.19716"><ele>5</ele><time>2000-01-01T05:04:16.000Z</time></trkpt><trkpt lat="55.72131" lon="14.19699"><ele>5</ele><time>2000-01-01T05:04:26.000Z</time></trkpt><trkpt lat="55.7215" lon="14.19687"><ele>5</ele><time>2000-01-01T05:04:36.000Z</time></trkpt><trkpt lat="55.72166" lon="14.1968"><ele>5</ele><time>2000-01-01T05:04:46.000Z</time></trkpt><trkpt lat="55.72184" lon="14.1967"><ele>4</ele><time>2000-01-01T05:04:56.000Z</time></trkpt><trkpt lat="55.72198" lon="14.19659"><ele>4</ele><time>2000-01-01T05:05:06.000Z</time></trkpt><trkpt lat="55.72208" lon="14.19653"><time>2000-01-01T05:05:16.000Z</time></trkpt><trkpt lat="55.7223" lon="14.19643"><ele>4</ele><time>2000-01-01T05:05:26.000Z</time></trkpt><trkpt lat="55.72262" lon="14.19619"><ele>4</ele><time>2000-01-01T05:05:36.000Z</time></trkpt><trkpt lat="55.72294" lon="14.19598"><ele>4</ele><time>2000-01-01T05:05:46.000Z</time></trkpt><trkpt lat="55.72306" lon="14.19589"><time>2000-01-01T05:05:56.000Z</time></trkpt><trkpt lat="55.72366" lon="14.19552"><ele>4</ele><time>2000-01-01T05:06:06.000Z</time></trkpt><trkpt lat="55.72384" lon="14.19542"><ele>4</ele><time>2000-01-01T05:06:16.000Z</time></trkpt><trkpt lat="55.72406" lon="14.19547"><ele>4</ele><time>2000-01-01T05:06:26.000Z</time></trkpt><trkpt lat="55.72412" lon="14.19543"><time>2000-01-01T05:06:36.000Z</time></trkpt><trkpt lat="55.72417" lon="14.19537"><time>2000-01-01T05:06:46.000Z</time></trkpt><trkpt lat="55.72424" lon="14.19537"><ele>5</ele><time>2000-01-01T05:06:56.000Z</time></trkpt><trkpt lat="55.72431" lon="14.1954"><time>2000-01-01T05:07:06.000Z</time></trkpt><trkpt lat="55.72438" lon="14.19542"><time>2000-01-01T05:07:16.000Z</time></trkpt><trkpt lat="55.72447" lon="14.19531"><ele>6</ele><time>2000-01-01T05:07:26.000Z</time></trkpt><trkpt lat="55.72457" lon="14.19506"><ele>8</ele><time>2000-01-01T05:07:36.000Z</time></trkpt><trkpt lat="55.72464" lon="14.19474"><ele>9</ele><time>2000-01-01T05:07:46.000Z</time></trkpt><trkpt lat="55.72466" lon="14.19457"><time>2000-01-01T05:07:56.000Z</time></trkpt><trkpt lat="55.72472" lon="14.19427"><ele>11</ele><time>2000-01-01T05:08:06.000Z</time></trkpt><trkpt lat="55.72474" lon="14.19413"><time>2000-01-01T05:08:16.000Z</time></trkpt><trkpt lat="55.72474" lon="14.19394"><ele>12</ele><time>2000-01-01T05:08:26.000Z</time></trkpt><trkpt lat="55.7247" lon="14.19375"><time>2000-01-01T05:08:36.000Z</time></trkpt><trkpt lat="55.72462" lon="14.19353"><ele>13</ele><time>2000-01-01T05:08:46.000Z</time></trkpt><trkpt lat="55.72456" lon="14.19331"><time>2000-01-01T05:08:56.000Z</time></trkpt><trkpt lat="55.72454" lon="14.19318"><ele>13</ele><time>2000-01-01T05:09:06.000Z</time></trkpt><trkpt lat="55.72454" lon="14.19305"><time>2000-01-01T05:09:16.000Z</time></trkpt><trkpt lat="55.72452" lon="14.19301"><time>2000-01-01T05:09:26.000Z</time></trkpt><trkpt lat="55.72449" lon="14.19285"><ele>13</ele><time>2000-01-01T05:09:36.000Z</time></trkpt><trkpt lat="55.72442" lon="14.19259"><ele>13</ele><time>2000-01-01T05:09:46.000Z</time></trkpt><trkpt lat="55.72432" lon="14.192"><ele>13</ele><time>2000-01-01T05:09:56.000Z</time></trkpt><trkpt lat="55.72429" lon="14.19148"><ele>12</ele><time>2000-01-01T05:10:06.000Z</time></trkpt><trkpt lat="55.72427" lon="14.19102"><ele>12</ele><time>2000-01-01T05:10:16.000Z</time></trkpt><trkpt lat="55.72427" lon="14.19074"><ele>12</ele><time>2000-01-01T05:10:26.000Z</time></trkpt><trkpt lat="55.72425" lon="14.19057"><time>2000-01-01T05:10:36.000Z</time></trkpt><trkpt lat="55.72423" lon="14.19049"><time>2000-01-01T05:10:46.000Z</time></trkpt><trkpt lat="55.72421" lon="14.19044"><ele>12</ele><time>2000-01-01T05:10:56.000Z</time></trkpt><trkpt lat="55.72419" lon="14.19043"><time>2000-01-01T05:11:06.000Z</time></trkpt><trkpt lat="55.72404" lon="14.19046"><ele>11</ele><time>2000-01-01T05:11:16.000Z</time></trkpt><trkpt lat="55.72385" lon="14.19045"><ele>10</ele><time>2000-01-01T05:11:26.000Z</time></trkpt><trkpt lat="55.72365" lon="14.19047"><ele>9</ele><time>2000-01-01T05:11:36.000Z</time></trkpt><trkpt lat="55.72341" lon="14.1905"><ele>8</ele><time>2000-01-01T05:11:46.000Z</time></trkpt><trkpt lat="55.72333" lon="14.1905"><time>2000-01-01T05:11:56.000Z</time></trkpt><trkpt lat="55.72324" lon="14.19051"><ele>7</ele><time>2000-01-01T05:12:06.000Z</time></trkpt><trkpt lat="55.72309" lon="14.19049"><time>2000-01-01T05:12:16.000Z</time></trkpt><trkpt lat="55.72302" lon="14.19054"><ele>6</ele><time>2000-01-01T05:12:26.000Z</time></trkpt><trkpt lat="55.72295" lon="14.19061"><time>2000-01-01T05:12:36.000Z</time></trkpt><trkpt lat="55.72291" lon="14.19071"><time>2000-01-01T05:12:46.000Z</time></trkpt><trkpt lat="55.72289" lon="14.19072"><ele>6</ele><time>2000-01-01T05:12:56.000Z</time></trkpt><trkpt lat="55.72286" lon="14.19071"><time>2000-01-01T05:13:06.000Z</time></trkpt><trkpt lat="55.72267" lon="14.19051"><ele>5</ele><time>2000-01-01T05:13:16.000Z</time></trkpt><trkpt lat="55.72247" lon="14.19039"><ele>5</ele><time>2000-01-01T05:13:26.000Z</time></trkpt><trkpt lat="55.72223" lon="14.19024"><ele>5</ele><time>2000-01-01T05:13:36.000Z</time></trkpt><trkpt lat="55.72208" lon="14.19019"><ele>5</ele><time>2000-01-01T05:13:46.000Z</time></trkpt><trkpt lat="55.7219" lon="14.19011"><ele>5</ele><time>2000-01-01T05:13:56.000Z</time></trkpt><trkpt lat="55.72174" lon="14.19007"><ele>5</ele><time>2000-01-01T05:14:06.000Z</time></trkpt><trkpt lat="55.72169" lon="14.19004"><time>2000-01-01T05:14:16.000Z</time></trkpt><trkpt lat="55.7216" lon="14.19006"><time>2000-01-01T05:14:26.000Z</time></trkpt><trkpt lat="55.72153" lon="14.19024"><ele>5</ele><time>2000-01-01T05:14:36.000Z</time></trkpt><trkpt lat="55.72143" lon="14.1904"><time>2000-01-01T05:14:46.000Z</time></trkpt><trkpt lat="55.7213" lon="14.19049"><ele>7</ele><time>2000-01-01T05:14:56.000Z</time></trkpt><trkpt lat="55.72114" lon="14.19062"><ele>8</ele><time>2000-01-01T05:15:06.000Z</time></trkpt><trkpt lat="55.72105" lon="14.19066"><time>2000-01-01T05:15:16.000Z</time></trkpt><trkpt lat="55.7209" lon="14.19067"><ele>9</ele><time>2000-01-01T05:15:26.000Z</time></trkpt><trkpt lat="55.72073" lon="14.19054"><ele>10</ele><time>2000-01-01T05:15:36.000Z</time></trkpt><trkpt lat="55.72057" lon="14.19031"><ele>10</ele><time>2000-01-01T05:15:46.000Z</time></trkpt><trkpt lat="55.72041" lon="14.19011"><ele>10</ele><time>2000-01-01T05:15:56.000Z</time></trkpt><trkpt lat="55.72026" lon="14.18997"><ele>12</ele><time>2000-01-01T05:16:06.000Z</time></trkpt><trkpt lat="55.72006" lon="14.18988"><ele>13</ele><time>2000-01-01T05:16:16.000Z</time></trkpt><trkpt lat="55.71996" lon="14.18981"><time>2000-01-01T05:16:26.000Z</time></trkpt><trkpt lat="55.71986" lon="14.18953"><ele>16</ele><time>2000-01-01T05:16:36.000Z</time></trkpt><trkpt lat="55.7198" lon="14.18923"><ele>16</ele><time>2000-01-01T05:16:46.000Z</time></trkpt><trkpt lat="55.71978" lon="14.18886"><ele>16</ele><time>2000-01-01T05:16:56.000Z</time></trkpt><trkpt lat="55.71976" lon="14.18841"><ele>15</ele><time>2000-01-01T05:17:06.000Z</time></trkpt><trkpt lat="55.71976" lon="14.18802"><ele>14</ele><time>2000-01-01T05:17:16.000Z</time></trkpt><trkpt lat="55.71975" lon="14.18745"><ele>14</ele><time>2000-01-01T05:17:26.000Z</time></trkpt><trkpt lat="55.71973" lon="14.18713"><ele>14</ele><time>2000-01-01T05:17:36.000Z</time></trkpt><trkpt lat="55.71968" lon="14.18665"><ele>14</ele><time>2000-01-01T05:17:46.000Z</time></trkpt><trkpt lat="55.71961" lon="14.1861"><ele>14</ele><time>2000-01-01T05:17:56.000Z</time></trkpt><trkpt lat="55.71956" lon="14.18582"><ele>15</ele><time>2000-01-01T05:18:06.000Z</time></trkpt><trkpt lat="55.71947" lon="14.18543"><ele>15</ele><time>2000-01-01T05:18:16.000Z</time></trkpt><trkpt lat="55.71941" lon="14.18514"><ele>15</ele><time>2000-01-01T05:18:26.000Z</time></trkpt><trkpt lat="55.71938" lon="14.18501"><time>2000-01-01T05:18:36.000Z</time></trkpt><trkpt lat="55.71932" lon="14.18479"><ele>15</ele><time>2000-01-01T05:18:46.000Z</time></trkpt><trkpt lat="55.71911" lon="14.18424"><ele>15</ele><time>2000-01-01T05:18:56.000Z</time></trkpt><trkpt lat="55.71897" lon="14.18393"><ele>15</ele><time>2000-01-01T05:19:06.000Z</time></trkpt><trkpt lat="55.71883" lon="14.18358"><ele>14</ele><time>2000-01-01T05:19:16.000Z</time></trkpt><trkpt lat="55.71876" lon="14.1833"><ele>14</ele><time>2000-01-01T05:19:26.000Z</time></trkpt><trkpt lat="55.71873" lon="14.18316"><time>2000-01-01T05:19:36.000Z</time></trkpt><trkpt lat="55.71869" lon="14.18274"><ele>13</ele><time>2000-01-01T05:19:46.000Z</time></trkpt><trkpt lat="55.71866" lon="14.18228"><ele>13</ele><time>2000-01-01T05:19:56.000Z</time></trkpt><trkpt lat="55.71864" lon="14.18161"><ele>12</ele><time>2000-01-01T05:20:06.000Z</time></trkpt><trkpt lat="55.71863" lon="14.18101"><ele>11</ele><time>2000-01-01T05:20:16.000Z</time></trkpt><trkpt lat="55.71857" lon="14.1804"><ele>10</ele><time>2000-01-01T05:20:26.000Z</time></trkpt><trkpt lat="55.71856" lon="14.18006"><ele>10</ele><time>2000-01-01T05:20:36.000Z</time></trkpt><trkpt lat="55.71853" lon="14.17954"><ele>10</ele><time>2000-01-01T05:20:46.000Z</time></trkpt><trkpt lat="55.71852" lon="14.17913"><ele>9</ele><time>2000-01-01T05:20:56.000Z</time></trkpt><trkpt lat="55.7185" lon="14.1785"><ele>9</ele><time>2000-01-01T05:21:06.000Z</time></trkpt><trkpt lat="55.71849" lon="14.17786"><ele>9</ele><time>2000-01-01T05:21:16.000Z</time></trkpt><trkpt lat="55.71843" lon="14.17741"><ele>9</ele><time>2000-01-01T05:21:26.000Z</time></trkpt><trkpt lat="55.71837" lon="14.17703"><ele>10</ele><time>2000-01-01T05:21:36.000Z</time></trkpt><trkpt lat="55.71828" lon="14.1765"><ele>10</ele><time>2000-01-01T05:21:46.000Z</time></trkpt><trkpt lat="55.71824" lon="14.17617"><ele>12</ele><time>2000-01-01T05:21:56.000Z</time></trkpt><trkpt lat="55.71817" lon="14.17581"><ele>13</ele><time>2000-01-01T05:22:06.000Z</time></trkpt><trkpt lat="55.71809" lon="14.17533"><ele>14</ele><time>2000-01-01T05:22:16.000Z</time></trkpt><trkpt lat="55.71803" lon="14.17504"><ele>14</ele><time>2000-01-01T05:22:26.000Z</time></trkpt><trkpt lat="55.71797" lon="14.17481"><time>2000-01-01T05:22:36.000Z</time></trkpt><trkpt lat="55.71783" lon="14.17418"><ele>18</ele><time>2000-01-01T05:22:46.000Z</time></trkpt><trkpt lat="55.71777" lon="14.17394"><time>2000-01-01T05:22:56.000Z</time></trkpt><trkpt lat="55.71775" lon="14.17381"><ele>20</ele><time>2000-01-01T05:23:06.000Z</time></trkpt><trkpt lat="55.71778" lon="14.17357"><time>2000-01-01T05:23:16.000Z</time></trkpt><trkpt lat="55.71781" lon="14.17304"><ele>22</ele><time>2000-01-01T05:23:26.000Z</time></trkpt><trkpt lat="55.71783" lon="14.1729"><time>2000-01-01T05:23:36.000Z</time></trkpt><trkpt lat="55.71783" lon="14.1724"><ele>22</ele><time>2000-01-01T05:23:46.000Z</time></trkpt><trkpt lat="55.71784" lon="14.1723"><time>2000-01-01T05:23:56.000Z</time></trkpt><trkpt lat="55.71788" lon="14.17222"><time>2000-01-01T05:24:06.000Z</time></trkpt><trkpt lat="55.71795" lon="14.17212"><ele>22</ele><time>2000-01-01T05:24:16.000Z</time></trkpt><trkpt lat="55.71797" lon="14.17207"><time>2000-01-01T05:24:26.000Z</time></trkpt><trkpt lat="55.71799" lon="14.17138"><ele>23</ele><time>2000-01-01T05:24:36.000Z</time></trkpt><trkpt lat="55.71799" lon="14.17109"><ele>23</ele><time>2000-01-01T05:24:46.000Z</time></trkpt><trkpt lat="55.71794" lon="14.17073"><ele>23</ele><time>2000-01-01T05:24:56.000Z</time></trkpt><trkpt lat="55.7179" lon="14.17049"><time>2000-01-01T05:25:06.000Z</time></trkpt><trkpt lat="55.71788" lon="14.17032"><ele>25</ele><time>2000-01-01T05:25:16.000Z</time></trkpt><trkpt lat="55.71787" lon="14.17015"><time>2000-01-01T05:25:26.000Z</time></trkpt><trkpt lat="55.7178" lon="14.1698"><ele>26</ele><time>2000-01-01T05:25:36.000Z</time></trkpt><trkpt lat="55.71775" lon="14.16944"><ele>27</ele><time>2000-01-01T05:25:46.000Z</time></trkpt><trkpt lat="55.71768" lon="14.16898"><ele>29</ele><time>2000-01-01T05:25:56.000Z</time></trkpt><trkpt lat="55.71768" lon="14.16847"><ele>30</ele><time>2000-01-01T05:26:06.000Z</time></trkpt><trkpt lat="55.71769" lon="14.16801"><ele>31</ele><time>2000-01-01T05:26:16.000Z</time></trkpt><trkpt lat="55.71769" lon="14.16753"><ele>31</ele><time>2000-01-01T05:26:26.000Z</time></trkpt><trkpt lat="55.71771" lon="14.16717"><ele>30</ele><time>2000-01-01T05:26:36.000Z</time></trkpt><trkpt lat="55.71777" lon="14.16679"><ele>30</ele><time>2000-01-01T05:26:46.000Z</time></trkpt><trkpt lat="55.71783" lon="14.1664"><ele>29</ele><time>2000-01-01T05:26:56.000Z</time></trkpt><trkpt lat="55.71791" lon="14.16582"><ele>29</ele><time>2000-01-01T05:27:06.000Z</time></trkpt><trkpt lat="55.71798" lon="14.16539"><ele>29</ele><time>2000-01-01T05:27:16.000Z</time></trkpt><trkpt lat="55.71802" lon="14.16511"><ele>29</ele><time>2000-01-01T05:27:26.000Z</time></trkpt><trkpt lat="55.71802" lon="14.16501"><time>2000-01-01T05:27:36.000Z</time></trkpt><trkpt lat="55.7181" lon="14.16442"><ele>29</ele><time>2000-01-01T05:27:46.000Z</time></trkpt><trkpt lat="55.7182" lon="14.16379"><ele>29</ele><time>2000-01-01T05:27:56.000Z</time></trkpt><trkpt lat="55.71824" lon="14.16341"><ele>29</ele><time>2000-01-01T05:28:06.000Z</time></trkpt><trkpt lat="55.71831" lon="14.16309"><ele>29</ele><time>2000-01-01T05:28:16.000Z</time></trkpt><trkpt lat="55.71839" lon="14.16277"><ele>30</ele><time>2000-01-01T05:28:26.000Z</time></trkpt><trkpt lat="55.7184" lon="14.16256"><time>2000-01-01T05:28:36.000Z</time></trkpt><trkpt lat="55.71836" lon="14.162"><ele>32</ele><time>2000-01-01T05:28:46.000Z</time></trkpt><trkpt lat="55.71839" lon="14.16164"><ele>32</ele><time>2000-01-01T05:28:56.000Z</time></trkpt><trkpt lat="55.71847" lon="14.16119"><ele>31</ele><time>2000-01-01T05:29:06.000Z</time></trkpt><trkpt lat="55.71851" lon="14.16094"><time>2000-01-01T05:29:16.000Z</time></trkpt><trkpt lat="55.71857" lon="14.16071"><ele>30</ele><time>2000-01-01T05:29:26.000Z</time></trkpt><trkpt lat="55.71859" lon="14.16057"><time>2000-01-01T05:29:36.000Z</time></trkpt><trkpt lat="55.71862" lon="14.16029"><ele>28</ele><time>2000-01-01T05:29:46.000Z</time></trkpt><trkpt lat="55.71866" lon="14.16005"><time>2000-01-01T05:29:56.000Z</time></trkpt><trkpt lat="55.71868" lon="14.1599"><ele>28</ele><time>2000-01-01T05:30:06.000Z</time></trkpt><trkpt lat="55.71871" lon="14.15975"><time>2000-01-01T05:30:16.000Z</time></trkpt><trkpt lat="55.71875" lon="14.15961"><ele>26</ele><time>2000-01-01T05:30:26.000Z</time></trkpt><trkpt lat="55.71878" lon="14.15944"><time>2000-01-01T05:30:36.000Z</time></trkpt><trkpt lat="55.71883" lon="14.15924"><ele>25</ele><time>2000-01-01T05:30:46.000Z</time></trkpt><trkpt lat="55.71885" lon="14.1591"><time>2000-01-01T05:30:56.000Z</time></trkpt><trkpt lat="55.71887" lon="14.15889"><ele>24</ele><time>2000-01-01T05:31:06.000Z</time></trkpt><trkpt lat="55.71888" lon="14.15887"><time>2000-01-01T05:31:16.000Z</time></trkpt><trkpt lat="55.7189" lon="14.15887"><time>2000-01-01T05:31:26.000Z</time></trkpt><trkpt lat="55.71903" lon="14.15875"><ele>22</ele><time>2000-01-01T05:31:36.000Z</time></trkpt><trkpt lat="55.71911" lon="14.15863"><time>2000-01-01T05:31:46.000Z</time></trkpt><trkpt lat="55.71919" lon="14.15842"><ele>20</ele><time>2000-01-01T05:31:56.000Z</time></trkpt><trkpt lat="55.71923" lon="14.15825"><time>2000-01-01T05:32:06.000Z</time></trkpt><trkpt lat="55.71925" lon="14.15814"><ele>18</ele><time>2000-01-01T05:32:16.000Z</time></trkpt><trkpt lat="55.71925" lon="14.15809"><time>2000-01-01T05:32:26.000Z</time></trkpt><trkpt lat="55.71921" lon="14.1579"><time>2000-01-01T05:32:36.000Z</time></trkpt><trkpt lat="55.71931" lon="14.15739"><ele>15</ele><time>2000-01-01T05:32:46.000Z</time></trkpt><trkpt lat="55.71936" lon="14.15718"><time>2000-01-01T05:32:56.000Z</time></trkpt><trkpt lat="55.71943" lon="14.157"><ele>14</ele><time>2000-01-01T05:33:06.000Z</time></trkpt><trkpt lat="55.71952" lon="14.15682"><time>2000-01-01T05:33:16.000Z</time></trkpt><trkpt lat="55.71953" lon="14.1567"><ele>14</ele><time>2000-01-01T05:33:26.000Z</time></trkpt><trkpt lat="55.71956" lon="14.15662"><time>2000-01-01T05:33:36.000Z</time></trkpt><trkpt lat="55.71962" lon="14.15632"><ele>14</ele><time>2000-01-01T05:33:46.000Z</time></trkpt><trkpt lat="55.71964" lon="14.15615"><time>2000-01-01T05:33:56.000Z</time></trkpt><trkpt lat="55.71965" lon="14.15592"><ele>16</ele><time>2000-01-01T05:34:06.000Z</time></trkpt><trkpt lat="55.71965" lon="14.15564"><ele>17</ele><time>2000-01-01T05:34:16.000Z</time></trkpt><trkpt lat="55.7196" lon="14.15512"><ele>19</ele><time>2000-01-01T05:34:26.000Z</time></trkpt><trkpt lat="55.71957" lon="14.15495"><time>2000-01-01T05:34:36.000Z</time></trkpt><trkpt lat="55.71952" lon="14.15473"><ele>21</ele><time>2000-01-01T05:34:46.000Z</time></trkpt><trkpt lat="55.71951" lon="14.15462"><time>2000-01-01T05:34:56.000Z</time></trkpt><trkpt lat="55.71951" lon="14.15457"><time>2000-01-01T05:35:06.000Z</time></trkpt><trkpt lat="55.71948" lon="14.15444"><ele>23</ele><time>2000-01-01T05:35:16.000Z</time></trkpt><trkpt lat="55.71942" lon="14.15429"><time>2000-01-01T05:35:26.000Z</time></trkpt><trkpt lat="55.71941" lon="14.15422"><time>2000-01-01T05:35:36.000Z</time></trkpt><trkpt lat="55.71939" lon="14.15413"><ele>26</ele><time>2000-01-01T05:35:46.000Z</time></trkpt><trkpt lat="55.71933" lon="14.15396"><time>2000-01-01T05:35:56.000Z</time></trkpt><trkpt lat="55.71927" lon="14.15381"><ele>29</ele><time>2000-01-01T05:36:06.000Z</time></trkpt><trkpt lat="55.71923" lon="14.15367"><time>2000-01-01T05:36:16.000Z</time></trkpt><trkpt lat="55.71919" lon="14.15344"><ele>31</ele><time>2000-01-01T05:36:26.000Z</time></trkpt><trkpt lat="55.71917" lon="14.15326"><time>2000-01-01T05:36:36.000Z</time></trkpt><trkpt lat="55.71916" lon="14.15322"><time>2000-01-01T05:36:46.000Z</time></trkpt><trkpt lat="55.71917" lon="14.15314"><ele>31</ele><time>2000-01-01T05:36:56.000Z</time></trkpt><trkpt lat="55.71923" lon="14.15298"><time>2000-01-01T05:37:06.000Z</time></trkpt><trkpt lat="55.71932" lon="14.15277"><ele>31</ele><time>2000-01-01T05:37:16.000Z</time></trkpt><trkpt lat="55.71942" lon="14.15259"><time>2000-01-01T05:37:26.000Z</time></trkpt><trkpt lat="55.71953" lon="14.15236"><ele>29</ele><time>2000-01-01T05:37:36.000Z</time></trkpt><trkpt lat="55.71967" lon="14.15201"><ele>28</ele><time>2000-01-01T05:37:46.000Z</time></trkpt><trkpt lat="55.71975" lon="14.15185"><time>2000-01-01T05:37:56.000Z</time></trkpt><trkpt lat="55.71991" lon="14.15147"><ele>28</ele><time>2000-01-01T05:38:06.000Z</time></trkpt><trkpt lat="55.71997" lon="14.1512"><ele>28</ele><time>2000-01-01T05:38:16.000Z</time></trkpt><trkpt lat="55.71997" lon="14.15097"><time>2000-01-01T05:38:26.000Z</time></trkpt><trkpt lat="55.71998" lon="14.15084"><ele>29</ele><time>2000-01-01T05:38:36.000Z</time></trkpt><trkpt lat="55.71999" lon="14.15078"><time>2000-01-01T05:38:46.000Z</time></trkpt><trkpt lat="55.72006" lon="14.1506"><ele>29</ele><time>2000-01-01T05:38:56.000Z</time></trkpt><trkpt lat="55.72012" lon="14.15049"><time>2000-01-01T05:39:06.000Z</time></trkpt><trkpt lat="55.72016" lon="14.15038"><ele>29</ele><time>2000-01-01T05:39:16.000Z</time></trkpt><trkpt lat="55.72024" lon="14.15001"><ele>29</ele><time>2000-01-01T05:39:26.000Z</time></trkpt><trkpt lat="55.72033" lon="14.1498"><time>2000-01-01T05:39:36.000Z</time></trkpt><trkpt lat="55.7204" lon="14.14969"><ele>29</ele><time>2000-01-01T05:39:46.000Z</time></trkpt><trkpt lat="55.7205" lon="14.14963"><time>2000-01-01T05:39:56.000Z</time></trkpt><trkpt lat="55.72063" lon="14.1495"><ele>29</ele><time>2000-01-01T05:40:06.000Z</time></trkpt><trkpt lat="55.72069" lon="14.14943"><time>2000-01-01T05:40:16.000Z</time></trkpt><trkpt lat="55.72087" lon="14.14917"><ele>28</ele><time>2000-01-01T05:40:26.000Z</time></trkpt><trkpt lat="55.72094" lon="14.14902"><time>2000-01-01T05:40:36.000Z</time></trkpt><trkpt lat="55.72114" lon="14.14869"><ele>27</ele><time>2000-01-01T05:40:46.000Z</time></trkpt><trkpt lat="55.72121" lon="14.14856"><time>2000-01-01T05:40:56.000Z</time></trkpt><trkpt lat="55.72132" lon="14.14838"><ele>25</ele><time>2000-01-01T05:41:06.000Z</time></trkpt><trkpt lat="55.72149" lon="14.14814"><ele>25</ele><time>2000-01-01T05:41:16.000Z</time></trkpt><trkpt lat="55.72153" lon="14.1481"><time>2000-01-01T05:41:26.000Z</time></trkpt><trkpt lat="55.72156" lon="14.14803"><time>2000-01-01T05:41:36.000Z</time></trkpt><trkpt lat="55.72162" lon="14.14798"><ele>23</ele><time>2000-01-01T05:41:46.000Z</time></trkpt><trkpt lat="55.7217" lon="14.14789"><time>2000-01-01T05:41:56.000Z</time></trkpt><trkpt lat="55.72199" lon="14.14751"><ele>21</ele><time>2000-01-01T05:42:06.000Z</time></trkpt><trkpt lat="55.7222" lon="14.1473"><ele>20</ele><time>2000-01-01T05:42:16.000Z</time></trkpt><trkpt lat="55.72238" lon="14.14703"><ele>19</ele><time>2000-01-01T05:42:26.000Z</time></trkpt><trkpt lat="55.7224" lon="14.14691"><time>2000-01-01T05:42:36.000Z</time></trkpt><trkpt lat="55.72239" lon="14.14678"><time>2000-01-01T05:42:46.000Z</time></trkpt><trkpt lat="55.7224" lon="14.14676"><ele>19</ele><time>2000-01-01T05:42:56.000Z</time></trkpt><trkpt lat="55.72252" lon="14.14663"><time>2000-01-01T05:43:06.000Z</time></trkpt><trkpt lat="55.72259" lon="14.1466"><ele>18</ele><time>2000-01-01T05:43:16.000Z</time></trkpt><trkpt lat="55.72263" lon="14.14651"><time>2000-01-01T05:43:26.000Z</time></trkpt><trkpt lat="55.72269" lon="14.1464"><time>2000-01-01T05:43:36.000Z</time></trkpt><trkpt lat="55.72275" lon="14.14618"><ele>18</ele><time>2000-01-01T05:43:46.000Z</time></trkpt><trkpt lat="55.72278" lon="14.14595"><time>2000-01-01T05:43:56.000Z</time></trkpt><trkpt lat="55.7228" lon="14.14571"><ele>19</ele><time>2000-01-01T05:44:06.000Z</time></trkpt><trkpt lat="55.72284" lon="14.14547"><time>2000-01-01T05:44:16.000Z</time></trkpt><trkpt lat="55.72291" lon="14.14515"><ele>20</ele><time>2000-01-01T05:44:26.000Z</time></trkpt><trkpt lat="55.72293" lon="14.14491"><time>2000-01-01T05:44:36.000Z</time></trkpt><trkpt lat="55.723" lon="14.14454"><ele>21</ele><time>2000-01-01T05:44:46.000Z</time></trkpt><trkpt lat="55.723" lon="14.14439"><time>2000-01-01T05:44:56.000Z</time></trkpt><trkpt lat="55.72305" lon="14.14431"><ele>21</ele><time>2000-01-01T05:45:06.000Z</time></trkpt><trkpt lat="55.72305" lon="14.14428"><time>2000-01-01T05:45:16.000Z</time></trkpt><trkpt lat="55.72304" lon="14.14424"><time>2000-01-01T05:45:26.000Z</time></trkpt><trkpt lat="55.72304" lon="14.14422"><time>2000-01-01T05:45:36.000Z</time></trkpt><trkpt lat="55.72304" lon="14.14423"><time>2000-01-01T05:45:46.000Z</time></trkpt><trkpt lat="55.72305" lon="14.14423"><time>2000-01-01T05:45:56.000Z</time></trkpt><trkpt lat="55.72309" lon="14.14414"><time>2000-01-01T05:46:06.000Z</time></trkpt><trkpt lat="55.72312" lon="14.14409"><ele>21</ele><time>2000-01-01T05:46:16.000Z</time></trkpt><trkpt lat="55.72315" lon="14.14402"><time>2000-01-01T05:46:26.000Z</time></trkpt><trkpt lat="55.72314" lon="14.14401"><time>2000-01-01T05:46:36.000Z</time></trkpt><trkpt lat="55.72314" lon="14.14397"><time>2000-01-01T05:46:46.000Z</time></trkpt><trkpt lat="55.72315" lon="14.14386"><time>2000-01-01T05:46:56.000Z</time></trkpt><trkpt lat="55.72316" lon="14.1438"><ele>21</ele><time>2000-01-01T05:47:06.000Z</time></trkpt><trkpt lat="55.72316" lon="14.1437"><time>2000-01-01T05:47:16.000Z</time></trkpt><trkpt lat="55.72315" lon="14.14359"><time>2000-01-01T05:47:26.000Z</time></trkpt><trkpt lat="55.72302" lon="14.1431"><ele>22</ele><time>2000-01-01T05:47:36.000Z</time></trkpt><trkpt lat="55.72299" lon="14.14288"><time>2000-01-01T05:47:46.000Z</time></trkpt><trkpt lat="55.72294" lon="14.14262"><ele>22</ele><time>2000-01-01T05:47:56.000Z</time></trkpt><trkpt lat="55.72288" lon="14.14244"><time>2000-01-01T05:48:06.000Z</time></trkpt><trkpt lat="55.72285" lon="14.14229"><ele>23</ele><time>2000-01-01T05:48:16.000Z</time></trkpt><trkpt lat="55.72283" lon="14.14214"><time>2000-01-01T05:48:26.000Z</time></trkpt><trkpt lat="55.72281" lon="14.14204"><time>2000-01-01T05:48:36.000Z</time></trkpt><trkpt lat="55.7227" lon="14.14165"><ele>24</ele><time>2000-01-01T05:48:46.000Z</time></trkpt><trkpt lat="55.72264" lon="14.14139"><ele>25</ele><time>2000-01-01T05:48:56.000Z</time></trkpt><trkpt lat="55.72251" lon="14.14099"><ele>26</ele><time>2000-01-01T05:49:06.000Z</time></trkpt><trkpt lat="55.72246" lon="14.14085"><time>2000-01-01T05:49:16.000Z</time></trkpt><trkpt lat="55.72243" lon="14.14081"><time>2000-01-01T05:49:26.000Z</time></trkpt><trkpt lat="55.72239" lon="14.14071"><ele>27</ele><time>2000-01-01T05:49:36.000Z</time></trkpt><trkpt lat="55.72238" lon="14.14061"><time>2000-01-01T05:49:46.000Z</time></trkpt><trkpt lat="55.72237" lon="14.14039"><ele>28</ele><time>2000-01-01T05:49:56.000Z</time></trkpt><trkpt lat="55.72233" lon="14.14027"><time>2000-01-01T05:50:06.000Z</time></trkpt><trkpt lat="55.72236" lon="14.1402"><time>2000-01-01T05:50:16.000Z</time></trkpt><trkpt lat="55.72236" lon="14.14017"><time>2000-01-01T05:50:26.000Z</time></trkpt><trkpt lat="55.7223" lon="14.14002"><ele>29</ele><time>2000-01-01T05:50:36.000Z</time></trkpt><trkpt lat="55.72223" lon="14.13981"><time>2000-01-01T05:50:46.000Z</time></trkpt><trkpt lat="55.72221" lon="14.13967"><ele>30</ele><time>2000-01-01T05:50:56.000Z</time></trkpt><trkpt lat="55.72221" lon="14.13955"><time>2000-01-01T05:51:06.000Z</time></trkpt><trkpt lat="55.72229" lon="14.1391"><ele>32</ele><time>2000-01-01T05:51:16.000Z</time></trkpt><trkpt lat="55.72235" lon="14.13882"><ele>33</ele><time>2000-01-01T05:51:26.000Z</time></trkpt><trkpt lat="55.72239" lon="14.13852"><ele>34</ele><time>2000-01-01T05:51:36.000Z</time></trkpt><trkpt lat="55.7224" lon="14.13847"><time>2000-01-01T05:51:46.000Z</time></trkpt><trkpt lat="55.72247" lon="14.13831"><time>2000-01-01T05:51:56.000Z</time></trkpt><trkpt lat="55.72288" lon="14.13748"><ele>37</ele><time>2000-01-01T05:52:06.000Z</time></trkpt><trkpt lat="55.72297" lon="14.13727"><time>2000-01-01T05:52:16.000Z</time></trkpt><trkpt lat="55.72322" lon="14.13676"><ele>37</ele><time>2000-01-01T05:52:26.000Z</time></trkpt><trkpt lat="55.72337" lon="14.1365"><ele>37</ele><time>2000-01-01T05:52:36.000Z</time></trkpt><trkpt lat="55.72351" lon="14.13616"><ele>35</ele><time>2000-01-01T05:52:46.000Z</time></trkpt><trkpt lat="55.72357" lon="14.13599"><time>2000-01-01T05:52:56.000Z</time></trkpt><trkpt lat="55.7236" lon="14.1359"><ele>35</ele><time>2000-01-01T05:53:06.000Z</time></trkpt><trkpt lat="55.72365" lon="14.13567"><time>2000-01-01T05:53:16.000Z</time></trkpt><trkpt lat="55.72372" lon="14.13557"><ele>35</ele><time>2000-01-01T05:53:26.000Z</time></trkpt><trkpt lat="55.72376" lon="14.13554"><time>2000-01-01T05:53:36.000Z</time></trkpt><trkpt lat="55.72392" lon="14.13534"><ele>34</ele><time>2000-01-01T05:53:46.000Z</time></trkpt><trkpt lat="55.72405" lon="14.13502"><ele>34</ele><time>2000-01-01T05:53:56.000Z</time></trkpt><trkpt lat="55.72425" lon="14.13454"><ele>34</ele><time>2000-01-01T05:54:06.000Z</time></trkpt><trkpt lat="55.72435" lon="14.13431"><ele>33</ele><time>2000-01-01T05:54:16.000Z</time></trkpt><trkpt lat="55.72464" lon="14.13391"><ele>32</ele><time>2000-01-01T05:54:26.000Z</time></trkpt><trkpt lat="55.72468" lon="14.13384"><time>2000-01-01T05:54:36.000Z</time></trkpt><trkpt lat="55.7248" lon="14.13354"><ele>32</ele><time>2000-01-01T05:54:46.000Z</time></trkpt><trkpt lat="55.72494" lon="14.13326"><ele>32</ele><time>2000-01-01T05:54:56.000Z</time></trkpt><trkpt lat="55.72503" lon="14.13301"><ele>31</ele><time>2000-01-01T05:55:06.000Z</time></trkpt><trkpt lat="55.72508" lon="14.13296"><time>2000-01-01T05:55:16.000Z</time></trkpt><trkpt lat="55.72518" lon="14.1329"><ele>31</ele><time>2000-01-01T05:55:26.000Z</time></trkpt><trkpt lat="55.72553" lon="14.13278"><ele>28</ele><time>2000-01-01T05:55:36.000Z</time></trkpt><trkpt lat="55.72566" lon="14.13265"><time>2000-01-01T05:55:46.000Z</time></trkpt><trkpt lat="55.72577" lon="14.13241"><ele>28</ele><time>2000-01-01T05:55:56.000Z</time></trkpt><trkpt lat="55.72589" lon="14.1321"><ele>27</ele><time>2000-01-01T05:56:06.000Z</time></trkpt><trkpt lat="55.72607" lon="14.1316"><ele>26</ele><time>2000-01-01T05:56:16.000Z</time></trkpt><trkpt lat="55.72616" lon="14.13127"><ele>26</ele><time>2000-01-01T05:56:26.000Z</time></trkpt><trkpt lat="55.72635" lon="14.13074"><ele>25</ele><time>2000-01-01T05:56:36.000Z</time></trkpt><trkpt lat="55.72636" lon="14.13069"><time>2000-01-01T05:56:46.000Z</time></trkpt><trkpt lat="55.72641" lon="14.13039"><ele>25</ele><time>2000-01-01T05:56:56.000Z</time></trkpt><trkpt lat="55.72642" lon="14.13019"><time>2000-01-01T05:57:06.000Z</time></trkpt><trkpt lat="55.72634" lon="14.12999"><ele>25</ele><time>2000-01-01T05:57:16.000Z</time></trkpt><trkpt lat="55.72624" lon="14.12982"><time>2000-01-01T05:57:26.000Z</time></trkpt><trkpt lat="55.7261" lon="14.12962"><ele>26</ele><time>2000-01-01T05:57:36.000Z</time></trkpt><trkpt lat="55.72602" lon="14.12952"><time>2000-01-01T05:57:46.000Z</time></trkpt><trkpt lat="55.72596" lon="14.12948"><ele>26</ele><time>2000-01-01T05:57:56.000Z</time></trkpt><trkpt lat="55.7259" lon="14.12945"><time>2000-01-01T05:58:06.000Z</time></trkpt><trkpt lat="55.72589" lon="14.12942"><time>2000-01-01T05:58:16.000Z</time></trkpt><trkpt lat="55.72589" lon="14.12938"><time>2000-01-01T05:58:26.000Z</time></trkpt><trkpt lat="55.7259" lon="14.12933"><time>2000-01-01T05:58:36.000Z</time></trkpt><trkpt lat="55.72593" lon="14.12923"><ele>26</ele><time>2000-01-01T05:58:46.000Z</time></trkpt><trkpt lat="55.72597" lon="14.12912"><time>2000-01-01T05:58:56.000Z</time></trkpt><trkpt lat="55.72597" lon="14.12908"><time>2000-01-01T05:59:06.000Z</time></trkpt><trkpt lat="55.72594" lon="14.12897"><ele>26</ele><time>2000-01-01T05:59:16.000Z</time></trkpt><trkpt lat="55.72589" lon="14.1287"><ele>26</ele><time>2000-01-01T05:59:26.000Z</time></trkpt><trkpt lat="55.72589" lon="14.12859"><time>2000-01-01T05:59:36.000Z</time></trkpt><trkpt lat="55.72592" lon="14.1283"><ele>26</ele><time>2000-01-01T05:59:46.000Z</time></trkpt><trkpt lat="55.72599" lon="14.1279"><ele>27</ele><time>2000-01-01T05:59:56.000Z</time></trkpt><trkpt lat="55.72595" lon="14.12773"><time>2000-01-01T06:00:06.000Z</time></trkpt><trkpt lat="55.72585" lon="14.12756"><ele>28</ele><time>2000-01-01T06:00:16.000Z</time></trkpt><trkpt lat="55.72586" lon="14.1273"><time>2000-01-01T06:00:26.000Z</time></trkpt><trkpt lat="55.72589" lon="14.12698"><ele>28</ele><time>2000-01-01T06:00:36.000Z</time></trkpt><trkpt lat="55.72588" lon="14.12693"><time>2000-01-01T06:00:46.000Z</time></trkpt><trkpt lat="55.7259" lon="14.12679"><time>2000-01-01T06:00:56.000Z</time></trkpt><trkpt lat="55.72591" lon="14.12668"><ele>29</ele><time>2000-01-01T06:01:06.000Z</time></trkpt><trkpt lat="55.72592" lon="14.12638"><ele>29</ele><time>2000-01-01T06:01:16.000Z</time></trkpt><trkpt lat="55.7259" lon="14.12604"><ele>29</ele><time>2000-01-01T06:01:26.000Z</time></trkpt><trkpt lat="55.72586" lon="14.1257"><ele>30</ele><time>2000-01-01T06:01:36.000Z</time></trkpt><trkpt lat="55.72582" lon="14.12534"><ele>30</ele><time>2000-01-01T06:01:46.000Z</time></trkpt><trkpt lat="55.72579" lon="14.12498"><ele>28</ele><time>2000-01-01T06:01:56.000Z</time></trkpt><trkpt lat="55.72581" lon="14.12474"><time>2000-01-01T06:02:06.000Z</time></trkpt><trkpt lat="55.72593" lon="14.12408"><ele>27</ele><time>2000-01-01T06:02:16.000Z</time></trkpt><trkpt lat="55.72593" lon="14.124"><time>2000-01-01T06:02:26.000Z</time></trkpt><trkpt lat="55.72596" lon="14.12381"><ele>27</ele><time>2000-01-01T06:02:36.000Z</time></trkpt><trkpt lat="55.72598" lon="14.12343"><ele>27</ele><time>2000-01-01T06:02:46.000Z</time></trkpt><trkpt lat="55.72594" lon="14.12307"><ele>27</ele><time>2000-01-01T06:02:56.000Z</time></trkpt><trkpt lat="55.7259" lon="14.12265"><ele>28</ele><time>2000-01-01T06:03:06.000Z</time></trkpt><trkpt lat="55.72584" lon="14.12235"><ele>30</ele><time>2000-01-01T06:03:16.000Z</time></trkpt><trkpt lat="55.72574" lon="14.12208"><ele>32</ele><time>2000-01-01T06:03:26.000Z</time></trkpt><trkpt lat="55.72562" lon="14.12182"><ele>34</ele><time>2000-01-01T06:03:36.000Z</time></trkpt><trkpt lat="55.72562" lon="14.12175"><time>2000-01-01T06:03:46.000Z</time></trkpt><trkpt lat="55.72557" lon="14.12158"><time>2000-01-01T06:03:56.000Z</time></trkpt><trkpt lat="55.72553" lon="14.12134"><ele>35</ele><time>2000-01-01T06:04:06.000Z</time></trkpt><trkpt lat="55.72564" lon="14.12093"><ele>36</ele><time>2000-01-01T06:04:16.000Z</time></trkpt><trkpt lat="55.72575" lon="14.1206"><ele>36</ele><time>2000-01-01T06:04:26.000Z</time></trkpt><trkpt lat="55.72585" lon="14.12033"><ele>35</ele><time>2000-01-01T06:04:36.000Z</time></trkpt><trkpt lat="55.72587" lon="14.12033"><time>2000-01-01T06:04:46.000Z</time></trkpt><trkpt lat="55.72606" lon="14.12042"><ele>33</ele><time>2000-01-01T06:04:56.000Z</time></trkpt><trkpt lat="55.72615" lon="14.1204"><time>2000-01-01T06:05:06.000Z</time></trkpt><trkpt lat="55.72631" lon="14.12027"><ele>32</ele><time>2000-01-01T06:05:16.000Z</time></trkpt><trkpt lat="55.72644" lon="14.12006"><ele>32</ele><time>2000-01-01T06:05:26.000Z</time></trkpt><trkpt lat="55.72657" lon="14.11979"><ele>34</ele><time>2000-01-01T06:05:36.000Z</time></trkpt><trkpt lat="55.72673" lon="14.11953"><ele>34</ele><time>2000-01-01T06:05:46.000Z</time></trkpt><trkpt lat="55.7269" lon="14.11927"><ele>34</ele><time>2000-01-01T06:05:56.000Z</time></trkpt><trkpt lat="55.72717" lon="14.11889"><ele>33</ele><time>2000-01-01T06:06:06.000Z</time></trkpt><trkpt lat="55.72721" lon="14.11882"><time>2000-01-01T06:06:16.000Z</time></trkpt><trkpt lat="55.72733" lon="14.11866"><ele>30</ele><time>2000-01-01T06:06:26.000Z</time></trkpt><trkpt lat="55.72739" lon="14.11864"><time>2000-01-01T06:06:36.000Z</time></trkpt><trkpt lat="55.72743" lon="14.1187"><time>2000-01-01T06:06:46.000Z</time></trkpt><trkpt lat="55.72744" lon="14.11879"><ele>28</ele><time>2000-01-01T06:06:56.000Z</time></trkpt><trkpt lat="55.72747" lon="14.1192"><ele>26</ele><time>2000-01-01T06:07:06.000Z</time></trkpt><trkpt lat="55.72748" lon="14.11955"><ele>25</ele><time>2000-01-01T06:07:16.000Z</time></trkpt><trkpt lat="55.72757" lon="14.11991"><ele>24</ele><time>2000-01-01T06:07:26.000Z</time></trkpt><trkpt lat="55.72759" lon="14.11992"><time>2000-01-01T06:07:36.000Z</time></trkpt><trkpt lat="55.72769" lon="14.11989"><time>2000-01-01T06:07:46.000Z</time></trkpt><trkpt lat="55.72781" lon="14.11976"><ele>24</ele><time>2000-01-01T06:07:56.000Z</time></trkpt><trkpt lat="55.72792" lon="14.11968"><time>2000-01-01T06:08:06.000Z</time></trkpt><trkpt lat="55.72799" lon="14.11971"><ele>25</ele><time>2000-01-01T06:08:16.000Z</time></trkpt><trkpt lat="55.728" lon="14.11973"><time>2000-01-01T06:08:26.000Z</time></trkpt><trkpt lat="55.72806" lon="14.11968"><time>2000-01-01T06:08:36.000Z</time></trkpt><trkpt lat="55.72821" lon="14.11984"><ele>26</ele><time>2000-01-01T06:08:46.000Z</time></trkpt><trkpt lat="55.72825" lon="14.11986"><time>2000-01-01T06:08:56.000Z</time></trkpt><trkpt lat="55.72827" lon="14.11989"><time>2000-01-01T06:09:06.000Z</time></trkpt><trkpt lat="55.72827" lon="14.11988"><time>2000-01-01T06:09:16.000Z</time></trkpt><trkpt lat="55.72828" lon="14.11989"><time>2000-01-01T06:09:26.000Z</time></trkpt><trkpt lat="55.72829" lon="14.11987"><time>2000-01-01T06:09:36.000Z</time></trkpt><trkpt lat="55.72836" lon="14.1198"><ele>25</ele><time>2000-01-01T06:09:46.000Z</time></trkpt><trkpt lat="55.72834" lon="14.1198"><time>2000-01-01T06:09:56.000Z</time></trkpt><trkpt lat="55.7283" lon="14.1195"><ele>25</ele><time>2000-01-01T06:10:06.000Z</time></trkpt><trkpt lat="55.72832" lon="14.11947"><time>2000-01-01T06:10:16.000Z</time></trkpt><trkpt lat="55.72858" lon="14.11941"><ele>28</ele><time>2000-01-01T06:10:26.000Z</time></trkpt><trkpt lat="55.7286" lon="14.1194"><time>2000-01-01T06:10:36.000Z</time></trkpt><trkpt lat="55.72872" lon="14.1192"><ele>28</ele><time>2000-01-01T06:10:46.000Z</time></trkpt><trkpt lat="55.72883" lon="14.11907"><time>2000-01-01T06:10:56.000Z</time></trkpt><trkpt lat="55.72889" lon="14.11903"><ele>28</ele><time>2000-01-01T06:11:06.000Z</time></trkpt><trkpt lat="55.72898" lon="14.11903"><time>2000-01-01T06:11:16.000Z</time></trkpt><trkpt lat="55.72904" lon="14.11906"><ele>30</ele><time>2000-01-01T06:11:26.000Z</time></trkpt><trkpt lat="55.72906" lon="14.11908"><time>2000-01-01T06:11:36.000Z</time></trkpt><trkpt lat="55.72915" lon="14.11921"><time>2000-01-01T06:11:46.000Z</time></trkpt><trkpt lat="55.72921" lon="14.11935"><ele>34</ele><time>2000-01-01T06:11:56.000Z</time></trkpt><trkpt lat="55.72924" lon="14.11946"><time>2000-01-01T06:12:06.000Z</time></trkpt><trkpt lat="55.72933" lon="14.11968"><ele>36</ele><time>2000-01-01T06:12:16.000Z</time></trkpt><trkpt lat="55.72935" lon="14.11971"><time>2000-01-01T06:12:26.000Z</time></trkpt><trkpt lat="55.72944" lon="14.11993"><ele>38</ele><time>2000-01-01T06:12:36.000Z</time></trkpt><trkpt lat="55.72958" lon="14.12023"><ele>40</ele><time>2000-01-01T06:12:46.000Z</time></trkpt><trkpt lat="55.72976" lon="14.12062"><ele>42</ele><time>2000-01-01T06:12:56.000Z</time></trkpt><trkpt lat="55.72986" lon="14.12091"><ele>42</ele><time>2000-01-01T06:13:06.000Z</time></trkpt><trkpt lat="55.72995" lon="14.12113"><ele>43</ele><time>2000-01-01T06:13:16.000Z</time></trkpt><trkpt lat="55.73012" lon="14.12141"><ele>45</ele><time>2000-01-01T06:13:26.000Z</time></trkpt><trkpt lat="55.73023" lon="14.12165"><ele>45</ele><time>2000-01-01T06:13:36.000Z</time></trkpt><trkpt lat="55.73029" lon="14.12183"><time>2000-01-01T06:13:46.000Z</time></trkpt><trkpt lat="55.73032" lon="14.12187"><ele>45</ele><time>2000-01-01T06:13:56.000Z</time></trkpt><trkpt lat="55.73033" lon="14.12191"><time>2000-01-01T06:14:06.000Z</time></trkpt><trkpt lat="55.73042" lon="14.12211"><ele>45</ele><time>2000-01-01T06:14:16.000Z</time></trkpt><trkpt lat="55.73051" lon="14.12229"><time>2000-01-01T06:14:26.000Z</time></trkpt><trkpt lat="55.73076" lon="14.12273"><ele>45</ele><time>2000-01-01T06:14:36.000Z</time></trkpt><trkpt lat="55.73084" lon="14.12286"><time>2000-01-01T06:14:46.000Z</time></trkpt><trkpt lat="55.73089" lon="14.12293"><ele>45</ele><time>2000-01-01T06:14:56.000Z</time></trkpt><trkpt lat="55.73105" lon="14.12312"><ele>45</ele><time>2000-01-01T06:15:06.000Z</time></trkpt><trkpt lat="55.73132" lon="14.12347"><ele>45</ele><time>2000-01-01T06:15:16.000Z</time></trkpt><trkpt lat="55.7315" lon="14.1238"><ele>45</ele><time>2000-01-01T06:15:26.000Z</time></trkpt><trkpt lat="55.73166" lon="14.12397"><ele>45</ele><time>2000-01-01T06:15:36.000Z</time></trkpt><trkpt lat="55.73183" lon="14.12414"><ele>45</ele><time>2000-01-01T06:15:46.000Z</time></trkpt><trkpt lat="55.73205" lon="14.12427"><ele>45</ele><time>2000-01-01T06:15:56.000Z</time></trkpt><trkpt lat="55.73224" lon="14.12432"><ele>45</ele><time>2000-01-01T06:16:06.000Z</time></trkpt><trkpt lat="55.73242" lon="14.12439"><ele>45</ele><time>2000-01-01T06:16:16.000Z</time></trkpt><trkpt lat="55.73261" lon="14.12444"><ele>45</ele><time>2000-01-01T06:16:26.000Z</time></trkpt><trkpt lat="55.73274" lon="14.12463"><ele>45</ele><time>2000-01-01T06:16:36.000Z</time></trkpt><trkpt lat="55.73276" lon="14.12489"><time>2000-01-01T06:16:46.000Z</time></trkpt><trkpt lat="55.73277" lon="14.12522"><ele>46</ele><time>2000-01-01T06:16:56.000Z</time></trkpt><trkpt lat="55.73275" lon="14.12559"><ele>47</ele><time>2000-01-01T06:17:06.000Z</time></trkpt><trkpt lat="55.73277" lon="14.12586"><ele>48</ele><time>2000-01-01T06:17:16.000Z</time></trkpt><trkpt lat="55.73277" lon="14.12591"><time>2000-01-01T06:17:26.000Z</time></trkpt><trkpt lat="55.73285" lon="14.12617"><ele>50</ele><time>2000-01-01T06:17:36.000Z</time></trkpt><trkpt lat="55.73295" lon="14.12632"><time>2000-01-01T06:17:46.000Z</time></trkpt><trkpt lat="55.73302" lon="14.12637"><ele>50</ele><time>2000-01-01T06:17:56.000Z</time></trkpt><trkpt lat="55.73335" lon="14.12638"><ele>50</ele><time>2000-01-01T06:18:06.000Z</time></trkpt><trkpt lat="55.73355" lon="14.1264"><ele>50</ele><time>2000-01-01T06:18:16.000Z</time></trkpt><trkpt lat="55.73379" lon="14.12642"><ele>49</ele><time>2000-01-01T06:18:26.000Z</time></trkpt><trkpt lat="55.73398" lon="14.12652"><ele>49</ele><time>2000-01-01T06:18:36.000Z</time></trkpt><trkpt lat="55.73409" lon="14.12659"><time>2000-01-01T06:18:46.000Z</time></trkpt><trkpt lat="55.73423" lon="14.1267"><ele>48</ele><time>2000-01-01T06:18:56.000Z</time></trkpt><trkpt lat="55.73448" lon="14.12698"><ele>48</ele><time>2000-01-01T06:19:06.000Z</time></trkpt><trkpt lat="55.73463" lon="14.12712"><ele>49</ele><time>2000-01-01T06:19:16.000Z</time></trkpt><trkpt lat="55.73487" lon="14.12731"><ele>50</ele><time>2000-01-01T06:19:26.000Z</time></trkpt><trkpt lat="55.73515" lon="14.12746"><ele>50</ele><time>2000-01-01T06:19:36.000Z</time></trkpt><trkpt lat="55.73535" lon="14.12759"><ele>50</ele><time>2000-01-01T06:19:46.000Z</time></trkpt><trkpt lat="55.73553" lon="14.12772"><ele>51</ele><time>2000-01-01T06:19:56.000Z</time></trkpt><trkpt lat="55.73573" lon="14.12782"><ele>52</ele><time>2000-01-01T06:20:06.000Z</time></trkpt><trkpt lat="55.73585" lon="14.1279"><time>2000-01-01T06:20:16.000Z</time></trkpt><trkpt lat="55.73597" lon="14.12796"><ele>52</ele><time>2000-01-01T06:20:26.000Z</time></trkpt><trkpt lat="55.73616" lon="14.12807"><ele>52</ele><time>2000-01-01T06:20:36.000Z</time></trkpt><trkpt lat="55.73635" lon="14.12821"><ele>52</ele><time>2000-01-01T06:20:46.000Z</time></trkpt><trkpt lat="55.73652" lon="14.12829"><ele>51</ele><time>2000-01-01T06:20:56.000Z</time></trkpt><trkpt lat="55.7367" lon="14.12835"><ele>51</ele><time>2000-01-01T06:21:06.000Z</time></trkpt><trkpt lat="55.73682" lon="14.1284"><time>2000-01-01T06:21:16.000Z</time></trkpt><trkpt lat="55.73716" lon="14.12847"><ele>49</ele><time>2000-01-01T06:21:26.000Z</time></trkpt><trkpt lat="55.73743" lon="14.12843"><ele>48</ele><time>2000-01-01T06:21:36.000Z</time></trkpt><trkpt lat="55.73775" lon="14.12824"><ele>46</ele><time>2000-01-01T06:21:46.000Z</time></trkpt><trkpt lat="55.73809" lon="14.12798"><ele>44</ele><time>2000-01-01T06:21:56.000Z</time></trkpt><trkpt lat="55.73832" lon="14.12776"><ele>42</ele><time>2000-01-01T06:22:06.000Z</time></trkpt><trkpt lat="55.73843" lon="14.12769"><time>2000-01-01T06:22:16.000Z</time></trkpt><trkpt lat="55.73846" lon="14.12768"><time>2000-01-01T06:22:26.000Z</time></trkpt><trkpt lat="55.73856" lon="14.12773"><ele>40</ele><time>2000-01-01T06:22:36.000Z</time></trkpt><trkpt lat="55.73866" lon="14.12794"><ele>40</ele><time>2000-01-01T06:22:46.000Z</time></trkpt><trkpt lat="55.7388" lon="14.1283"><ele>40</ele><time>2000-01-01T06:22:56.000Z</time></trkpt><trkpt lat="55.73893" lon="14.12861"><ele>39</ele><time>2000-01-01T06:23:06.000Z</time></trkpt><trkpt lat="55.7391" lon="14.12903"><ele>39</ele><time>2000-01-01T06:23:16.000Z</time></trkpt><trkpt lat="55.73921" lon="14.12933"><ele>39</ele><time>2000-01-01T06:23:26.000Z</time></trkpt><trkpt lat="55.73937" lon="14.12971"><ele>39</ele><time>2000-01-01T06:23:36.000Z</time></trkpt><trkpt lat="55.73945" lon="14.12997"><ele>39</ele><time>2000-01-01T06:23:46.000Z</time></trkpt><trkpt lat="55.73958" lon="14.13034"><ele>39</ele><time>2000-01-01T06:23:56.000Z</time></trkpt><trkpt lat="55.73968" lon="14.13058"><ele>39</ele><time>2000-01-01T06:24:06.000Z</time></trkpt><trkpt lat="55.73983" lon="14.13082"><ele>39</ele><time>2000-01-01T06:24:16.000Z</time></trkpt><trkpt lat="55.73999" lon="14.13102"><ele>38</ele><time>2000-01-01T06:24:26.000Z</time></trkpt><trkpt lat="55.74019" lon="14.13123"><ele>38</ele><time>2000-01-01T06:24:36.000Z</time></trkpt><trkpt lat="55.74027" lon="14.13127"><time>2000-01-01T06:24:46.000Z</time></trkpt><trkpt lat="55.74032" lon="14.13131"><time>2000-01-01T06:24:56.000Z</time></trkpt><trkpt lat="55.74035" lon="14.13137"><ele>37</ele><time>2000-01-01T06:25:06.000Z</time></trkpt><trkpt lat="55.74062" lon="14.13156"><ele>36</ele><time>2000-01-01T06:25:16.000Z</time></trkpt><trkpt lat="55.7407" lon="14.13163"><time>2000-01-01T06:25:26.000Z</time></trkpt><trkpt lat="55.74098" lon="14.13184"><ele>35</ele><time>2000-01-01T06:25:36.000Z</time></trkpt><trkpt lat="55.74117" lon="14.13199"><ele>35</ele><time>2000-01-01T06:25:46.000Z</time></trkpt><trkpt lat="55.7414" lon="14.13217"><ele>35</ele><time>2000-01-01T06:25:56.000Z</time></trkpt><trkpt lat="55.74159" lon="14.1323"><ele>36</ele><time>2000-01-01T06:26:06.000Z</time></trkpt><trkpt lat="55.74177" lon="14.13245"><ele>36</ele><time>2000-01-01T06:26:16.000Z</time></trkpt><trkpt lat="55.74197" lon="14.13262"><ele>37</ele><time>2000-01-01T06:26:26.000Z</time></trkpt><trkpt lat="55.74215" lon="14.1328"><ele>38</ele><time>2000-01-01T06:26:36.000Z</time></trkpt><trkpt lat="55.74225" lon="14.13293"><time>2000-01-01T06:26:46.000Z</time></trkpt><trkpt lat="55.74262" lon="14.13327"><ele>40</ele><time>2000-01-01T06:26:56.000Z</time></trkpt><trkpt lat="55.74272" lon="14.13339"><time>2000-01-01T06:27:06.000Z</time></trkpt><trkpt lat="55.74296" lon="14.13359"><ele>40</ele><time>2000-01-01T06:27:16.000Z</time></trkpt><trkpt lat="55.74318" lon="14.13371"><ele>41</ele><time>2000-01-01T06:27:26.000Z</time></trkpt><trkpt lat="55.74323" lon="14.13375"><time>2000-01-01T06:27:36.000Z</time></trkpt><trkpt lat="55.74347" lon="14.13388"><ele>42</ele><time>2000-01-01T06:27:46.000Z</time></trkpt><trkpt lat="55.74366" lon="14.13397"><ele>42</ele><time>2000-01-01T06:27:56.000Z</time></trkpt><trkpt lat="55.74387" lon="14.13402"><ele>42</ele><time>2000-01-01T06:28:06.000Z</time></trkpt><trkpt lat="55.74411" lon="14.13403"><ele>43</ele><time>2000-01-01T06:28:16.000Z</time></trkpt><trkpt lat="55.74448" lon="14.13415"><ele>43</ele><time>2000-01-01T06:28:26.000Z</time></trkpt><trkpt lat="55.74465" lon="14.13423"><ele>43</ele><time>2000-01-01T06:28:36.000Z</time></trkpt><trkpt lat="55.74496" lon="14.13446"><ele>43</ele><time>2000-01-01T06:28:46.000Z</time></trkpt><trkpt lat="55.74515" lon="14.13458"><ele>43</ele><time>2000-01-01T06:28:56.000Z</time></trkpt><trkpt lat="55.74532" lon="14.13475"><ele>44</ele><time>2000-01-01T06:29:06.000Z</time></trkpt><trkpt lat="55.74543" lon="14.13484"><time>2000-01-01T06:29:16.000Z</time></trkpt><trkpt lat="55.74566" lon="14.13509"><ele>44</ele><time>2000-01-01T06:29:26.000Z</time></trkpt><trkpt lat="55.74586" lon="14.13534"><ele>44</ele><time>2000-01-01T06:29:36.000Z</time></trkpt><trkpt lat="55.74597" lon="14.13552"><time>2000-01-01T06:29:46.000Z</time></trkpt><trkpt lat="55.74604" lon="14.13561"><ele>45</ele><time>2000-01-01T06:29:56.000Z</time></trkpt><trkpt lat="55.7461" lon="14.1357"><time>2000-01-01T06:30:06.000Z</time></trkpt><trkpt lat="55.74617" lon="14.13582"><ele>46</ele><time>2000-01-01T06:30:16.000Z</time></trkpt><trkpt lat="55.74627" lon="14.13595"><time>2000-01-01T06:30:26.000Z</time></trkpt><trkpt lat="55.74632" lon="14.13605"><ele>47</ele><time>2000-01-01T06:30:36.000Z</time></trkpt><trkpt lat="55.74647" lon="14.13632"><ele>47</ele><time>2000-01-01T06:30:46.000Z</time></trkpt><trkpt lat="55.74664" lon="14.13666"><ele>48</ele><time>2000-01-01T06:30:56.000Z</time></trkpt><trkpt lat="55.74672" lon="14.13676"><time>2000-01-01T06:31:06.000Z</time></trkpt><trkpt lat="55.74705" lon="14.13726"><ele>51</ele><time>2000-01-01T06:31:16.000Z</time></trkpt><trkpt lat="55.74708" lon="14.13735"><time>2000-01-01T06:31:26.000Z</time></trkpt><trkpt lat="55.74727" lon="14.13765"><ele>52</ele><time>2000-01-01T06:31:36.000Z</time></trkpt><trkpt lat="55.7474" lon="14.13791"><ele>53</ele><time>2000-01-01T06:31:46.000Z</time></trkpt><trkpt lat="55.74757" lon="14.13816"><ele>53</ele><time>2000-01-01T06:31:56.000Z</time></trkpt><trkpt lat="55.74772" lon="14.13835"><ele>53</ele><time>2000-01-01T06:32:06.000Z</time></trkpt><trkpt lat="55.74793" lon="14.13857"><ele>53</ele><time>2000-01-01T06:32:16.000Z</time></trkpt><trkpt lat="55.74814" lon="14.13876"><ele>53</ele><time>2000-01-01T06:32:26.000Z</time></trkpt><trkpt lat="55.74833" lon="14.1389"><ele>53</ele><time>2000-01-01T06:32:36.000Z</time></trkpt><trkpt lat="55.74857" lon="14.13908"><ele>53</ele><time>2000-01-01T06:32:46.000Z</time></trkpt><trkpt lat="55.74877" lon="14.13922"><ele>53</ele><time>2000-01-01T06:32:56.000Z</time></trkpt><trkpt lat="55.74896" lon="14.13938"><ele>52</ele><time>2000-01-01T06:33:06.000Z</time></trkpt><trkpt lat="55.74914" lon="14.13949"><ele>51</ele><time>2000-01-01T06:33:16.000Z</time></trkpt><trkpt lat="55.74932" lon="14.13961"><ele>51</ele><time>2000-01-01T06:33:26.000Z</time></trkpt><trkpt lat="55.74951" lon="14.13975"><ele>50</ele><time>2000-01-01T06:33:36.000Z</time></trkpt><trkpt lat="55.74984" lon="14.14003"><ele>49</ele><time>2000-01-01T06:33:46.000Z</time></trkpt><trkpt lat="55.75001" lon="14.14014"><ele>49</ele><time>2000-01-01T06:33:56.000Z</time></trkpt><trkpt lat="55.75024" lon="14.14026"><ele>48</ele><time>2000-01-01T06:34:06.000Z</time></trkpt><trkpt lat="55.75067" lon="14.14048"><ele>48</ele><time>2000-01-01T06:34:16.000Z</time></trkpt><trkpt lat="55.75088" lon="14.14055"><ele>48</ele><time>2000-01-01T06:34:26.000Z</time></trkpt><trkpt lat="55.75115" lon="14.14064"><ele>48</ele><time>2000-01-01T06:34:36.000Z</time></trkpt><trkpt lat="55.75136" lon="14.14068"><ele>47</ele><time>2000-01-01T06:34:46.000Z</time></trkpt><trkpt lat="55.75155" lon="14.14067"><ele>47</ele><time>2000-01-01T06:34:56.000Z</time></trkpt><trkpt lat="55.75174" lon="14.14068"><ele>47</ele><time>2000-01-01T06:35:06.000Z</time></trkpt><trkpt lat="55.75187" lon="14.14066"><time>2000-01-01T06:35:16.000Z</time></trkpt><trkpt lat="55.75208" lon="14.14066"><ele>47</ele><time>2000-01-01T06:35:26.000Z</time></trkpt><trkpt lat="55.75244" lon="14.14068"><ele>47</ele><time>2000-01-01T06:35:36.000Z</time></trkpt><trkpt lat="55.75262" lon="14.14067"><ele>47</ele><time>2000-01-01T06:35:46.000Z</time></trkpt><trkpt lat="55.75281" lon="14.14078"><ele>47</ele><time>2000-01-01T06:35:56.000Z</time></trkpt><trkpt lat="55.75299" lon="14.14087"><ele>47</ele><time>2000-01-01T06:36:06.000Z</time></trkpt><trkpt lat="55.75317" lon="14.14098"><ele>47</ele><time>2000-01-01T06:36:16.000Z</time></trkpt><trkpt lat="55.75333" lon="14.14111"><ele>47</ele><time>2000-01-01T06:36:26.000Z</time></trkpt><trkpt lat="55.7535" lon="14.14121"><ele>47</ele><time>2000-01-01T06:36:36.000Z</time></trkpt><trkpt lat="55.75366" lon="14.14132"><ele>46</ele><time>2000-01-01T06:36:46.000Z</time></trkpt><trkpt lat="55.75396" lon="14.14159"><ele>46</ele><time>2000-01-01T06:36:56.000Z</time></trkpt><trkpt lat="55.75414" lon="14.1417"><ele>46</ele><time>2000-01-01T06:37:06.000Z</time></trkpt><trkpt lat="55.75438" lon="14.14187"><ele>46</ele><time>2000-01-01T06:37:16.000Z</time></trkpt><trkpt lat="55.75464" lon="14.14204"><ele>46</ele><time>2000-01-01T06:37:26.000Z</time></trkpt><trkpt lat="55.7549" lon="14.14218"><ele>46</ele><time>2000-01-01T06:37:36.000Z</time></trkpt><trkpt lat="55.7551" lon="14.14231"><ele>45</ele><time>2000-01-01T06:37:46.000Z</time></trkpt><trkpt lat="55.75537" lon="14.14247"><ele>45</ele><time>2000-01-01T06:37:56.000Z</time></trkpt><trkpt lat="55.75552" lon="14.14255"><ele>44</ele><time>2000-01-01T06:38:06.000Z</time></trkpt><trkpt lat="55.75572" lon="14.14268"><ele>44</ele><time>2000-01-01T06:38:16.000Z</time></trkpt><trkpt lat="55.75598" lon="14.14284"><ele>44</ele><time>2000-01-01T06:38:26.000Z</time></trkpt><trkpt lat="55.75616" lon="14.143"><ele>45</ele><time>2000-01-01T06:38:36.000Z</time></trkpt><trkpt lat="55.75633" lon="14.14313"><ele>45</ele><time>2000-01-01T06:38:46.000Z</time></trkpt><trkpt lat="55.75649" lon="14.14327"><ele>45</ele><time>2000-01-01T06:38:56.000Z</time></trkpt><trkpt lat="55.75665" lon="14.1434"><ele>45</ele><time>2000-01-01T06:39:06.000Z</time></trkpt><trkpt lat="55.75685" lon="14.14354"><ele>45</ele><time>2000-01-01T06:39:16.000Z</time></trkpt><trkpt lat="55.75705" lon="14.14366"><ele>45</ele><time>2000-01-01T06:39:26.000Z</time></trkpt><trkpt lat="55.75727" lon="14.14382"><ele>44</ele><time>2000-01-01T06:39:36.000Z</time></trkpt><trkpt lat="55.75745" lon="14.14392"><ele>44</ele><time>2000-01-01T06:39:46.000Z</time></trkpt><trkpt lat="55.75768" lon="14.14407"><ele>43</ele><time>2000-01-01T06:39:56.000Z</time></trkpt><trkpt lat="55.7579" lon="14.1442"><ele>43</ele><time>2000-01-01T06:40:06.000Z</time></trkpt><trkpt lat="55.75805" lon="14.14432"><ele>43</ele><time>2000-01-01T06:40:16.000Z</time></trkpt><trkpt lat="55.75823" lon="14.14445"><ele>42</ele><time>2000-01-01T06:40:26.000Z</time></trkpt><trkpt lat="55.75841" lon="14.14458"><ele>42</ele><time>2000-01-01T06:40:36.000Z</time></trkpt><trkpt lat="55.75853" lon="14.14465"><time>2000-01-01T06:40:46.000Z</time></trkpt><trkpt lat="55.75859" lon="14.1447"><ele>42</ele><time>2000-01-01T06:40:56.000Z</time></trkpt><trkpt lat="55.75876" lon="14.1448"><ele>42</ele><time>2000-01-01T06:41:06.000Z</time></trkpt><trkpt lat="55.75909" lon="14.14505"><ele>42</ele><time>2000-01-01T06:41:16.000Z</time></trkpt><trkpt lat="55.75927" lon="14.14517"><ele>42</ele><time>2000-01-01T06:41:26.000Z</time></trkpt><trkpt lat="55.75949" lon="14.1453"><ele>41</ele><time>2000-01-01T06:41:36.000Z</time></trkpt><trkpt lat="55.75983" lon="14.1455"><ele>41</ele><time>2000-01-01T06:41:46.000Z</time></trkpt><trkpt lat="55.76004" lon="14.14561"><ele>40</ele><time>2000-01-01T06:41:56.000Z</time></trkpt><trkpt lat="55.76033" lon="14.14582"><ele>40</ele><time>2000-01-01T06:42:06.000Z</time></trkpt><trkpt lat="55.76041" lon="14.14587"><time>2000-01-01T06:42:16.000Z</time></trkpt><trkpt lat="55.76077" lon="14.14616"><ele>39</ele><time>2000-01-01T06:42:26.000Z</time></trkpt><trkpt lat="55.76098" lon="14.14634"><ele>39</ele><time>2000-01-01T06:42:36.000Z</time></trkpt><trkpt lat="55.76121" lon="14.14652"><ele>38</ele><time>2000-01-01T06:42:46.000Z</time></trkpt><trkpt lat="55.76167" lon="14.14687"><ele>38</ele><time>2000-01-01T06:42:56.000Z</time></trkpt><trkpt lat="55.76186" lon="14.14698"><ele>37</ele><time>2000-01-01T06:43:06.000Z</time></trkpt><trkpt lat="55.76206" lon="14.14709"><ele>36</ele><time>2000-01-01T06:43:16.000Z</time></trkpt><trkpt lat="55.76229" lon="14.14725"><ele>35</ele><time>2000-01-01T06:43:26.000Z</time></trkpt><trkpt lat="55.76272" lon="14.14755"><ele>34</ele><time>2000-01-01T06:43:36.000Z</time></trkpt><trkpt lat="55.76295" lon="14.1477"><ele>34</ele><time>2000-01-01T06:43:46.000Z</time></trkpt><trkpt lat="55.7634" lon="14.14799"><ele>34</ele><time>2000-01-01T06:43:56.000Z</time></trkpt><trkpt lat="55.76368" lon="14.1482"><ele>35</ele><time>2000-01-01T06:44:06.000Z</time></trkpt><trkpt lat="55.76385" lon="14.1483"><ele>35</ele><time>2000-01-01T06:44:16.000Z</time></trkpt><trkpt lat="55.76406" lon="14.14845"><ele>35</ele><time>2000-01-01T06:44:26.000Z</time></trkpt><trkpt lat="55.76439" lon="14.14869"><ele>35</ele><time>2000-01-01T06:44:36.000Z</time></trkpt><trkpt lat="55.76467" lon="14.14888"><ele>36</ele><time>2000-01-01T06:44:46.000Z</time></trkpt><trkpt lat="55.76474" lon="14.14894"><time>2000-01-01T06:44:56.000Z</time></trkpt><trkpt lat="55.76519" lon="14.14924"><ele>37</ele><time>2000-01-01T06:45:06.000Z</time></trkpt><trkpt lat="55.76541" lon="14.1494"><ele>39</ele><time>2000-01-01T06:45:16.000Z</time></trkpt><trkpt lat="55.7658" lon="14.14969"><ele>40</ele><time>2000-01-01T06:45:26.000Z</time></trkpt><trkpt lat="55.76599" lon="14.14982"><ele>40</ele><time>2000-01-01T06:45:36.000Z</time></trkpt><trkpt lat="55.76621" lon="14.14997"><ele>41</ele><time>2000-01-01T06:45:46.000Z</time></trkpt><trkpt lat="55.76643" lon="14.15013"><ele>41</ele><time>2000-01-01T06:45:56.000Z</time></trkpt><trkpt lat="55.7666" lon="14.15027"><ele>41</ele><time>2000-01-01T06:46:06.000Z</time></trkpt><trkpt lat="55.76681" lon="14.15042"><ele>41</ele><time>2000-01-01T06:46:16.000Z</time></trkpt><trkpt lat="55.76712" lon="14.15064"><ele>42</ele><time>2000-01-01T06:46:26.000Z</time></trkpt><trkpt lat="55.76743" lon="14.15095"><ele>43</ele><time>2000-01-01T06:46:36.000Z</time></trkpt><trkpt lat="55.76762" lon="14.15116"><ele>44</ele><time>2000-01-01T06:46:46.000Z</time></trkpt><trkpt lat="55.76789" lon="14.15147"><ele>44</ele><time>2000-01-01T06:46:56.000Z</time></trkpt><trkpt lat="55.76805" lon="14.15169"><ele>44</ele><time>2000-01-01T06:47:06.000Z</time></trkpt><trkpt lat="55.76823" lon="14.15195"><ele>45</ele><time>2000-01-01T06:47:16.000Z</time></trkpt><trkpt lat="55.76847" lon="14.15235"><ele>45</ele><time>2000-01-01T06:47:26.000Z</time></trkpt><trkpt lat="55.76851" lon="14.1524"><time>2000-01-01T06:47:36.000Z</time></trkpt><trkpt lat="55.76855" lon="14.15238"><time>2000-01-01T06:47:46.000Z</time></trkpt><trkpt lat="55.76867" lon="14.15221"><ele>47</ele><time>2000-01-01T06:47:56.000Z</time></trkpt><trkpt lat="55.76882" lon="14.15197"><ele>48</ele><time>2000-01-01T06:48:06.000Z</time></trkpt><trkpt lat="55.76899" lon="14.15171"><ele>49</ele><time>2000-01-01T06:48:16.000Z</time></trkpt><trkpt lat="55.76915" lon="14.15151"><ele>50</ele><time>2000-01-01T06:48:26.000Z</time></trkpt><trkpt lat="55.76934" lon="14.15134"><ele>52</ele><time>2000-01-01T06:48:36.000Z</time></trkpt><trkpt lat="55.76947" lon="14.15139"><time>2000-01-01T06:48:46.000Z</time></trkpt><trkpt lat="55.76982" lon="14.15162"><ele>54</ele><time>2000-01-01T06:48:56.000Z</time></trkpt><trkpt lat="55.76987" lon="14.15164"><time>2000-01-01T06:49:06.000Z</time></trkpt><trkpt lat="55.77005" lon="14.15168"><ele>55</ele><time>2000-01-01T06:49:16.000Z</time></trkpt><trkpt lat="55.77025" lon="14.15167"><ele>55</ele><time>2000-01-01T06:49:26.000Z</time></trkpt><trkpt lat="55.77052" lon="14.15159"><ele>56</ele><time>2000-01-01T06:49:36.000Z</time></trkpt><trkpt lat="55.7708" lon="14.15152"><ele>56</ele><time>2000-01-01T06:49:46.000Z</time></trkpt><trkpt lat="55.77101" lon="14.15146"><ele>56</ele><time>2000-01-01T06:49:56.000Z</time></trkpt><trkpt lat="55.77126" lon="14.15139"><ele>57</ele><time>2000-01-01T06:50:06.000Z</time></trkpt><trkpt lat="55.77144" lon="14.15125"><ele>57</ele><time>2000-01-01T06:50:16.000Z</time></trkpt><trkpt lat="55.77165" lon="14.15074"><ele>59</ele><time>2000-01-01T06:50:26.000Z</time></trkpt><trkpt lat="55.77189" lon="14.15035"><ele>60</ele><time>2000-01-01T06:50:36.000Z</time></trkpt><trkpt lat="55.77195" lon="14.15009"><ele>61</ele><time>2000-01-01T06:50:46.000Z</time></trkpt><trkpt lat="55.77194" lon="14.1499"><time>2000-01-01T06:50:56.000Z</time></trkpt><trkpt lat="55.77185" lon="14.14958"><ele>62</ele><time>2000-01-01T06:51:06.000Z</time></trkpt><trkpt lat="55.77178" lon="14.14925"><ele>62</ele><time>2000-01-01T06:51:16.000Z</time></trkpt><trkpt lat="55.77173" lon="14.14891"><ele>62</ele><time>2000-01-01T06:51:26.000Z</time></trkpt><trkpt lat="55.77171" lon="14.14854"><ele>63</ele><time>2000-01-01T06:51:36.000Z</time></trkpt><trkpt lat="55.77175" lon="14.14812"><ele>64</ele><time>2000-01-01T06:51:46.000Z</time></trkpt><trkpt lat="55.77181" lon="14.14769"><ele>65</ele><time>2000-01-01T06:51:56.000Z</time></trkpt><trkpt lat="55.77181" lon="14.14734"><ele>66</ele><time>2000-01-01T06:52:06.000Z</time></trkpt><trkpt lat="55.77178" lon="14.14679"><ele>67</ele><time>2000-01-01T06:52:16.000Z</time></trkpt><trkpt lat="55.77173" lon="14.1464"><ele>67</ele><time>2000-01-01T06:52:26.000Z</time></trkpt><trkpt lat="55.77169" lon="14.14603"><ele>68</ele><time>2000-01-01T06:52:36.000Z</time></trkpt><trkpt lat="55.7716" lon="14.14538"><ele>68</ele><time>2000-01-01T06:52:46.000Z</time></trkpt><trkpt lat="55.77154" lon="14.145"><ele>68</ele><time>2000-01-01T06:52:56.000Z</time></trkpt><trkpt lat="55.77146" lon="14.14444"><ele>69</ele><time>2000-01-01T06:53:06.000Z</time></trkpt><trkpt lat="55.77142" lon="14.1441"><ele>70</ele><time>2000-01-01T06:53:16.000Z</time></trkpt><trkpt lat="55.77137" lon="14.14373"><ele>71</ele><time>2000-01-01T06:53:26.000Z</time></trkpt><trkpt lat="55.7713" lon="14.14333"><ele>72</ele><time>2000-01-01T06:53:36.000Z</time></trkpt><trkpt lat="55.77124" lon="14.14305"><ele>73</ele><time>2000-01-01T06:53:46.000Z</time></trkpt><trkpt lat="55.77117" lon="14.14257"><ele>74</ele><time>2000-01-01T06:53:56.000Z</time></trkpt><trkpt lat="55.77111" lon="14.14221"><ele>75</ele><time>2000-01-01T06:54:06.000Z</time></trkpt><trkpt lat="55.77106" lon="14.14186"><ele>75</ele><time>2000-01-01T06:54:16.000Z</time></trkpt><trkpt lat="55.771" lon="14.14145"><ele>76</ele><time>2000-01-01T06:54:26.000Z</time></trkpt><trkpt lat="55.771" lon="14.1414"><time>2000-01-01T06:54:36.000Z</time></trkpt><trkpt lat="55.77093" lon="14.14113"><ele>76</ele><time>2000-01-01T06:54:46.000Z</time></trkpt><trkpt lat="55.77091" lon="14.1409"><time>2000-01-01T06:54:56.000Z</time></trkpt><trkpt lat="55.77083" lon="14.14046"><ele>78</ele><time>2000-01-01T06:55:06.000Z</time></trkpt><trkpt lat="55.77079" lon="14.14016"><ele>78</ele><time>2000-01-01T06:55:16.000Z</time></trkpt><trkpt lat="55.77076" lon="14.13974"><ele>79</ele><time>2000-01-01T06:55:26.000Z</time></trkpt><trkpt lat="55.77075" lon="14.13934"><ele>79</ele><time>2000-01-01T06:55:36.000Z</time></trkpt><trkpt lat="55.77071" lon="14.13901"><ele>79</ele><time>2000-01-01T06:55:46.000Z</time></trkpt><trkpt lat="55.77065" lon="14.13878"><time>2000-01-01T06:55:56.000Z</time></trkpt><trkpt lat="55.77066" lon="14.13876"><ele>79</ele><time>2000-01-01T06:56:06.000Z</time></trkpt><trkpt lat="55.77067" lon="14.13876"><time>2000-01-01T06:56:16.000Z</time></trkpt><trkpt lat="55.77059" lon="14.13868"><time>2000-01-01T06:56:26.000Z</time></trkpt><trkpt lat="55.77054" lon="14.1386"><ele>78</ele><time>2000-01-01T06:56:36.000Z</time></trkpt><trkpt lat="55.7704" lon="14.13828"><ele>78</ele><time>2000-01-01T06:56:46.000Z</time></trkpt><trkpt lat="55.77034" lon="14.1381"><time>2000-01-01T06:56:56.000Z</time></trkpt><trkpt lat="55.77026" lon="14.1378"><ele>77</ele><time>2000-01-01T06:57:06.000Z</time></trkpt><trkpt lat="55.77016" lon="14.13746"><ele>76</ele><time>2000-01-01T06:57:16.000Z</time></trkpt><trkpt lat="55.77007" lon="14.13711"><ele>76</ele><time>2000-01-01T06:57:26.000Z</time></trkpt><trkpt lat="55.76995" lon="14.13665"><ele>76</ele><time>2000-01-01T06:57:36.000Z</time></trkpt><trkpt lat="55.76985" lon="14.13624"><ele>76</ele><time>2000-01-01T06:57:46.000Z</time></trkpt><trkpt lat="55.76982" lon="14.13607"><time>2000-01-01T06:57:56.000Z</time></trkpt><trkpt lat="55.76958" lon="14.13505"><ele>79</ele><time>2000-01-01T06:58:06.000Z</time></trkpt><trkpt lat="55.76949" lon="14.13473"><ele>79</ele><time>2000-01-01T06:58:16.000Z</time></trkpt><trkpt lat="55.7694" lon="14.13439"><ele>79</ele><time>2000-01-01T06:58:26.000Z</time></trkpt><trkpt lat="55.76933" lon="14.13407"><ele>79</ele><time>2000-01-01T06:58:36.000Z</time></trkpt><trkpt lat="55.76926" lon="14.13372"><ele>79</ele><time>2000-01-01T06:58:46.000Z</time></trkpt><trkpt lat="55.76914" lon="14.13337"><ele>79</ele><time>2000-01-01T06:58:56.000Z</time></trkpt><trkpt lat="55.76901" lon="14.13308"><ele>80</ele><time>2000-01-01T06:59:06.000Z</time></trkpt><trkpt lat="55.76885" lon="14.13272"><ele>80</ele><time>2000-01-01T06:59:16.000Z</time></trkpt><trkpt lat="55.76879" lon="14.13256"><time>2000-01-01T06:59:26.000Z</time></trkpt><trkpt lat="55.76868" lon="14.13229"><ele>80</ele><time>2000-01-01T06:59:36.000Z</time></trkpt><trkpt lat="55.76864" lon="14.13221"><time>2000-01-01T06:59:46.000Z</time></trkpt><trkpt lat="55.76838" lon="14.1316"><ele>80</ele><time>2000-01-01T06:59:56.000Z</time></trkpt><trkpt lat="55.76835" lon="14.13151"><time>2000-01-01T07:00:06.000Z</time></trkpt><trkpt lat="55.76821" lon="14.13119"><ele>81</ele><time>2000-01-01T07:00:16.000Z</time></trkpt><trkpt lat="55.76808" lon="14.13094"><ele>81</ele><time>2000-01-01T07:00:26.000Z</time></trkpt><trkpt lat="55.76802" lon="14.13086"><time>2000-01-01T07:00:36.000Z</time></trkpt><trkpt lat="55.76794" lon="14.13084"><ele>81</ele><time>2000-01-01T07:00:46.000Z</time></trkpt><trkpt lat="55.76763" lon="14.13116"><ele>80</ele><time>2000-01-01T07:00:56.000Z</time></trkpt><trkpt lat="55.76751" lon="14.13127"><time>2000-01-01T07:01:06.000Z</time></trkpt><trkpt lat="55.76739" lon="14.13141"><ele>80</ele><time>2000-01-01T07:01:16.000Z</time></trkpt><trkpt lat="55.76725" lon="14.13161"><ele>80</ele><time>2000-01-01T07:01:26.000Z</time></trkpt><trkpt lat="55.76715" lon="14.13183"><ele>80</ele><time>2000-01-01T07:01:36.000Z</time></trkpt><trkpt lat="55.76705" lon="14.13198"><time>2000-01-01T07:01:46.000Z</time></trkpt><trkpt lat="55.76699" lon="14.13209"><ele>81</ele><time>2000-01-01T07:01:56.000Z</time></trkpt><trkpt lat="55.76695" lon="14.13224"><time>2000-01-01T07:02:06.000Z</time></trkpt><trkpt lat="55.76685" lon="14.13256"><ele>81</ele><time>2000-01-01T07:02:16.000Z</time></trkpt><trkpt lat="55.76674" lon="14.13269"><time>2000-01-01T07:02:26.000Z</time></trkpt><trkpt lat="55.7666" lon="14.13277"><ele>80</ele><time>2000-01-01T07:02:36.000Z</time></trkpt><trkpt lat="55.76652" lon="14.13276"><time>2000-01-01T07:02:46.000Z</time></trkpt><trkpt lat="55.76643" lon="14.13281"><ele>79</ele><time>2000-01-01T07:02:56.000Z</time></trkpt><trkpt lat="55.7662" lon="14.13277"><ele>78</ele><time>2000-01-01T07:03:06.000Z</time></trkpt><trkpt lat="55.76613" lon="14.13278"><time>2000-01-01T07:03:16.000Z</time></trkpt><trkpt lat="55.76601" lon="14.13285"><ele>77</ele><time>2000-01-01T07:03:26.000Z</time></trkpt><trkpt lat="55.76593" lon="14.13287"><time>2000-01-01T07:03:36.000Z</time></trkpt><trkpt lat="55.76576" lon="14.13294"><ele>73</ele><time>2000-01-01T07:03:46.000Z</time></trkpt><trkpt lat="55.76559" lon="14.13307"><ele>71</ele><time>2000-01-01T07:03:56.000Z</time></trkpt><trkpt lat="55.76553" lon="14.13302"><time>2000-01-01T07:04:06.000Z</time></trkpt><trkpt lat="55.7654" lon="14.13281"><ele>69</ele><time>2000-01-01T07:04:16.000Z</time></trkpt><trkpt lat="55.76535" lon="14.13275"><time>2000-01-01T07:04:26.000Z</time></trkpt><trkpt lat="55.76529" lon="14.13271"><time>2000-01-01T07:04:36.000Z</time></trkpt><trkpt lat="55.76508" lon="14.13263"><ele>64</ele><time>2000-01-01T07:04:46.000Z</time></trkpt><trkpt lat="55.76477" lon="14.13244"><ele>61</ele><time>2000-01-01T07:04:56.000Z</time></trkpt><trkpt lat="55.76455" lon="14.13224"><ele>58</ele><time>2000-01-01T07:05:06.000Z</time></trkpt><trkpt lat="55.76447" lon="14.13215"><time>2000-01-01T07:05:16.000Z</time></trkpt><trkpt lat="55.76438" lon="14.13202"><ele>56</ele><time>2000-01-01T07:05:26.000Z</time></trkpt><trkpt lat="55.76433" lon="14.13196"><time>2000-01-01T07:05:36.000Z</time></trkpt><trkpt lat="55.76413" lon="14.13177"><ele>54</ele><time>2000-01-01T07:05:46.000Z</time></trkpt><trkpt lat="55.76405" lon="14.13161"><time>2000-01-01T07:05:56.000Z</time></trkpt><trkpt lat="55.76404" lon="14.13156"><time>2000-01-01T07:06:06.000Z</time></trkpt><trkpt lat="55.76403" lon="14.13146"><ele>54</ele><time>2000-01-01T07:06:16.000Z</time></trkpt><trkpt lat="55.764" lon="14.13136"><time>2000-01-01T07:06:26.000Z</time></trkpt><trkpt lat="55.76396" lon="14.13127"><time>2000-01-01T07:06:36.000Z</time></trkpt><trkpt lat="55.76392" lon="14.13112"><ele>54</ele><time>2000-01-01T07:06:46.000Z</time></trkpt><trkpt lat="55.76387" lon="14.13076"><ele>54</ele><time>2000-01-01T07:06:56.000Z</time></trkpt><trkpt lat="55.76382" lon="14.13033"><ele>55</ele><time>2000-01-01T07:07:06.000Z</time></trkpt><trkpt lat="55.76381" lon="14.13004"><ele>55</ele><time>2000-01-01T07:07:16.000Z</time></trkpt><trkpt lat="55.76382" lon="14.12977"><ele>56</ele><time>2000-01-01T07:07:26.000Z</time></trkpt><trkpt lat="55.76387" lon="14.12947"><ele>56</ele><time>2000-01-01T07:07:36.000Z</time></trkpt><trkpt lat="55.76387" lon="14.1293"><time>2000-01-01T07:07:46.000Z</time></trkpt><trkpt lat="55.76383" lon="14.1287"><ele>55</ele><time>2000-01-01T07:07:56.000Z</time></trkpt><trkpt lat="55.76383" lon="14.12823"><ele>54</ele><time>2000-01-01T07:08:06.000Z</time></trkpt><trkpt lat="55.76379" lon="14.12787"><ele>53</ele><time>2000-01-01T07:08:16.000Z</time></trkpt><trkpt lat="55.76373" lon="14.12757"><ele>52</ele><time>2000-01-01T07:08:26.000Z</time></trkpt><trkpt lat="55.76371" lon="14.12745"><time>2000-01-01T07:08:36.000Z</time></trkpt><trkpt lat="55.7637" lon="14.12736"><time>2000-01-01T07:08:46.000Z</time></trkpt><trkpt lat="55.76366" lon="14.12731"><ele>51</ele><time>2000-01-01T07:08:56.000Z</time></trkpt><trkpt lat="55.76364" lon="14.127"><ele>51</ele><time>2000-01-01T07:09:06.000Z</time></trkpt><trkpt lat="55.76366" lon="14.12666"><ele>51</ele><time>2000-01-01T07:09:16.000Z</time></trkpt><trkpt lat="55.76367" lon="14.12623"><ele>52</ele><time>2000-01-01T07:09:26.000Z</time></trkpt><trkpt lat="55.76367" lon="14.12589"><ele>53</ele><time>2000-01-01T07:09:36.000Z</time></trkpt><trkpt lat="55.76367" lon="14.12553"><ele>55</ele><time>2000-01-01T07:09:46.000Z</time></trkpt><trkpt lat="55.76365" lon="14.12534"><time>2000-01-01T07:09:56.000Z</time></trkpt><trkpt lat="55.76364" lon="14.12531"><time>2000-01-01T07:10:06.000Z</time></trkpt><trkpt lat="55.76362" lon="14.12519"><ele>56</ele><time>2000-01-01T07:10:16.000Z</time></trkpt><trkpt lat="55.76366" lon="14.12509"><time>2000-01-01T07:10:26.000Z</time></trkpt><trkpt lat="55.76367" lon="14.12503"><time>2000-01-01T07:10:36.000Z</time></trkpt><trkpt lat="55.76354" lon="14.1249"><ele>57</ele><time>2000-01-01T07:10:46.000Z</time></trkpt><trkpt lat="55.76351" lon="14.12485"><time>2000-01-01T07:10:56.000Z</time></trkpt><trkpt lat="55.76344" lon="14.12466"><ele>59</ele><time>2000-01-01T07:11:06.000Z</time></trkpt><trkpt lat="55.76342" lon="14.12459"><time>2000-01-01T07:11:16.000Z</time></trkpt><trkpt lat="55.76339" lon="14.12456"><time>2000-01-01T07:11:26.000Z</time></trkpt><trkpt lat="55.76334" lon="14.12448"><time>2000-01-01T07:11:36.000Z</time></trkpt><trkpt lat="55.76329" lon="14.12432"><ele>61</ele><time>2000-01-01T07:11:46.000Z</time></trkpt><trkpt lat="55.76321" lon="14.12417"><time>2000-01-01T07:11:56.000Z</time></trkpt><trkpt lat="55.76312" lon="14.12398"><ele>63</ele><time>2000-01-01T07:12:06.000Z</time></trkpt><trkpt lat="55.76297" lon="14.12357"><ele>65</ele><time>2000-01-01T07:12:16.000Z</time></trkpt><trkpt lat="55.76283" lon="14.12333"><ele>66</ele><time>2000-01-01T07:12:26.000Z</time></trkpt><trkpt lat="55.76281" lon="14.12333"><time>2000-01-01T07:12:36.000Z</time></trkpt><trkpt lat="55.76275" lon="14.12344"><time>2000-01-01T07:12:46.000Z</time></trkpt><trkpt lat="55.76271" lon="14.12372"><ele>66</ele><time>2000-01-01T07:12:56.000Z</time></trkpt><trkpt lat="55.7627" lon="14.12376"><time>2000-01-01T07:13:06.000Z</time></trkpt><trkpt lat="55.76267" lon="14.124"><ele>67</ele><time>2000-01-01T07:13:16.000Z</time></trkpt><trkpt lat="55.76264" lon="14.12411"><time>2000-01-01T07:13:26.000Z</time></trkpt><trkpt lat="55.76258" lon="14.12427"><ele>67</ele><time>2000-01-01T07:13:36.000Z</time></trkpt><trkpt lat="55.76236" lon="14.1246"><ele>67</ele><time>2000-01-01T07:13:46.000Z</time></trkpt><trkpt lat="55.76224" lon="14.12474"><time>2000-01-01T07:13:56.000Z</time></trkpt><trkpt lat="55.7621" lon="14.12488"><ele>67</ele><time>2000-01-01T07:14:06.000Z</time></trkpt><trkpt lat="55.76182" lon="14.12508"><ele>65</ele><time>2000-01-01T07:14:16.000Z</time></trkpt><trkpt lat="55.76167" lon="14.12523"><ele>65</ele><time>2000-01-01T07:14:26.000Z</time></trkpt><trkpt lat="55.76157" lon="14.12537"><time>2000-01-01T07:14:36.000Z</time></trkpt><trkpt lat="55.76148" lon="14.12551"><ele>63</ele><time>2000-01-01T07:14:46.000Z</time></trkpt><trkpt lat="55.76136" lon="14.12578"><ele>62</ele><time>2000-01-01T07:14:56.000Z</time></trkpt><trkpt lat="55.76134" lon="14.12584"><time>2000-01-01T07:15:06.000Z</time></trkpt><trkpt lat="55.76126" lon="14.12619"><ele>59</ele><time>2000-01-01T07:15:16.000Z</time></trkpt><trkpt lat="55.76117" lon="14.12682"><ele>56</ele><time>2000-01-01T07:15:26.000Z</time></trkpt><trkpt lat="55.76107" lon="14.12708"><ele>56</ele><time>2000-01-01T07:15:36.000Z</time></trkpt><trkpt lat="55.76094" lon="14.12728"><ele>55</ele><time>2000-01-01T07:15:46.000Z</time></trkpt><trkpt lat="55.76082" lon="14.1274"><time>2000-01-01T07:15:56.000Z</time></trkpt><trkpt lat="55.76058" lon="14.1276"><ele>55</ele><time>2000-01-01T07:16:06.000Z</time></trkpt><trkpt lat="55.76047" lon="14.12768"><time>2000-01-01T07:16:16.000Z</time></trkpt><trkpt lat="55.76035" lon="14.12775"><ele>54</ele><time>2000-01-01T07:16:26.000Z</time></trkpt><trkpt lat="55.76025" lon="14.12782"><time>2000-01-01T07:16:36.000Z</time></trkpt><trkpt lat="55.76016" lon="14.12801"><ele>53</ele><time>2000-01-01T07:16:46.000Z</time></trkpt><trkpt lat="55.76015" lon="14.12807"><time>2000-01-01T07:16:56.000Z</time></trkpt><trkpt lat="55.76011" lon="14.12857"><ele>52</ele><time>2000-01-01T07:17:06.000Z</time></trkpt><trkpt lat="55.76008" lon="14.12872"><time>2000-01-01T07:17:16.000Z</time></trkpt><trkpt lat="55.76003" lon="14.12877"><time>2000-01-01T07:17:26.000Z</time></trkpt><trkpt lat="55.75977" lon="14.12885"><ele>52</ele><time>2000-01-01T07:17:36.000Z</time></trkpt><trkpt lat="55.75973" lon="14.129"><time>2000-01-01T07:17:46.000Z</time></trkpt><trkpt lat="55.75966" lon="14.12971"><ele>53</ele><time>2000-01-01T07:17:56.000Z</time></trkpt><trkpt lat="55.75964" lon="14.12979"><time>2000-01-01T07:18:06.000Z</time></trkpt><trkpt lat="55.75966" lon="14.12985"><time>2000-01-01T07:18:16.000Z</time></trkpt><trkpt lat="55.75966" lon="14.12994"><time>2000-01-01T07:18:26.000Z</time></trkpt><trkpt lat="55.75964" lon="14.13005"><ele>52</ele><time>2000-01-01T07:18:36.000Z</time></trkpt><trkpt lat="55.75961" lon="14.13014"><time>2000-01-01T07:18:46.000Z</time></trkpt><trkpt lat="55.75956" lon="14.13022"><time>2000-01-01T07:18:56.000Z</time></trkpt><trkpt lat="55.75942" lon="14.13042"><ele>52</ele><time>2000-01-01T07:19:06.000Z</time></trkpt><trkpt lat="55.75935" lon="14.13071"><ele>52</ele><time>2000-01-01T07:19:16.000Z</time></trkpt><trkpt lat="55.75933" lon="14.13104"><ele>52</ele><time>2000-01-01T07:19:26.000Z</time></trkpt><trkpt lat="55.75934" lon="14.13116"><time>2000-01-01T07:19:36.000Z</time></trkpt><trkpt lat="55.75935" lon="14.13147"><ele>52</ele><time>2000-01-01T07:19:46.000Z</time></trkpt><trkpt lat="55.75936" lon="14.13156"><time>2000-01-01T07:19:56.000Z</time></trkpt><trkpt lat="55.75935" lon="14.13183"><ele>51</ele><time>2000-01-01T07:20:06.000Z</time></trkpt><trkpt lat="55.75928" lon="14.13201"><time>2000-01-01T07:20:16.000Z</time></trkpt><trkpt lat="55.75923" lon="14.13208"><ele>51</ele><time>2000-01-01T07:20:26.000Z</time></trkpt><trkpt lat="55.75911" lon="14.13227"><ele>49</ele><time>2000-01-01T07:20:36.000Z</time></trkpt><trkpt lat="55.75904" lon="14.1324"><time>2000-01-01T07:20:46.000Z</time></trkpt><trkpt lat="55.75896" lon="14.1327"><ele>46</ele><time>2000-01-01T07:20:56.000Z</time></trkpt><trkpt lat="55.75894" lon="14.13291"><time>2000-01-01T07:21:06.000Z</time></trkpt><trkpt lat="55.75887" lon="14.13327"><ele>46</ele><time>2000-01-01T07:21:16.000Z</time></trkpt><trkpt lat="55.75883" lon="14.13361"><ele>46</ele><time>2000-01-01T07:21:26.000Z</time></trkpt><trkpt lat="55.75879" lon="14.13377"><time>2000-01-01T07:21:36.000Z</time></trkpt><trkpt lat="55.75878" lon="14.13386"><time>2000-01-01T07:21:46.000Z</time></trkpt><trkpt lat="55.75875" lon="14.13394"><ele>46</ele><time>2000-01-01T07:21:56.000Z</time></trkpt><trkpt lat="55.75871" lon="14.13399"><time>2000-01-01T07:22:06.000Z</time></trkpt><trkpt lat="55.75859" lon="14.13401"><ele>46</ele><time>2000-01-01T07:22:16.000Z</time></trkpt><trkpt lat="55.75849" lon="14.13392"><time>2000-01-01T07:22:26.000Z</time></trkpt><trkpt lat="55.75836" lon="14.13378"><ele>46</ele><time>2000-01-01T07:22:36.000Z</time></trkpt><trkpt lat="55.7582" lon="14.13358"><ele>47</ele><time>2000-01-01T07:22:46.000Z</time></trkpt><trkpt lat="55.75814" lon="14.13348"><time>2000-01-01T07:22:56.000Z</time></trkpt><trkpt lat="55.75803" lon="14.13323"><ele>47</ele><time>2000-01-01T07:23:06.000Z</time></trkpt><trkpt lat="55.75783" lon="14.13286"><ele>47</ele><time>2000-01-01T07:23:16.000Z</time></trkpt><trkpt lat="55.75769" lon="14.13253"><ele>47</ele><time>2000-01-01T07:23:26.000Z</time></trkpt><trkpt lat="55.75765" lon="14.13235"><time>2000-01-01T07:23:36.000Z</time></trkpt><trkpt lat="55.75768" lon="14.13212"><ele>47</ele><time>2000-01-01T07:23:46.000Z</time></trkpt><trkpt lat="55.75769" lon="14.1321"><time>2000-01-01T07:23:56.000Z</time></trkpt><trkpt lat="55.7577" lon="14.13204"><time>2000-01-01T07:24:06.000Z</time></trkpt><trkpt lat="55.75766" lon="14.13195"><time>2000-01-01T07:24:16.000Z</time></trkpt><trkpt lat="55.7576" lon="14.13171"><ele>47</ele><time>2000-01-01T07:24:26.000Z</time></trkpt><trkpt lat="55.75749" lon="14.13145"><ele>48</ele><time>2000-01-01T07:24:36.000Z</time></trkpt><trkpt lat="55.75743" lon="14.13133"><time>2000-01-01T07:24:46.000Z</time></trkpt><trkpt lat="55.75714" lon="14.13088"><ele>50</ele><time>2000-01-01T07:24:56.000Z</time></trkpt><trkpt lat="55.75709" lon="14.13081"><time>2000-01-01T07:25:06.000Z</time></trkpt><trkpt lat="55.75707" lon="14.13076"><time>2000-01-01T07:25:16.000Z</time></trkpt><trkpt lat="55.757" lon="14.13062"><ele>51</ele><time>2000-01-01T07:25:26.000Z</time></trkpt><trkpt lat="55.75697" lon="14.13049"><time>2000-01-01T07:25:36.000Z</time></trkpt><trkpt lat="55.75686" lon="14.13037"><ele>53</ele><time>2000-01-01T07:25:46.000Z</time></trkpt><trkpt lat="55.75676" lon="14.13021"><time>2000-01-01T07:25:56.000Z</time></trkpt><trkpt lat="55.75662" lon="14.12989"><ele>55</ele><time>2000-01-01T07:26:06.000Z</time></trkpt><trkpt lat="55.75654" lon="14.12967"><time>2000-01-01T07:26:16.000Z</time></trkpt><trkpt lat="55.75652" lon="14.12963"><ele>55</ele><time>2000-01-01T07:26:26.000Z</time></trkpt><trkpt lat="55.75644" lon="14.1294"><ele>55</ele><time>2000-01-01T07:26:36.000Z</time></trkpt><trkpt lat="55.75637" lon="14.12926"><time>2000-01-01T07:26:46.000Z</time></trkpt><trkpt lat="55.75632" lon="14.12913"><ele>55</ele><time>2000-01-01T07:26:56.000Z</time></trkpt><trkpt lat="55.75623" lon="14.12896"><time>2000-01-01T07:27:06.000Z</time></trkpt><trkpt lat="55.75614" lon="14.12875"><ele>55</ele><time>2000-01-01T07:27:16.000Z</time></trkpt><trkpt lat="55.75606" lon="14.12859"><time>2000-01-01T07:27:26.000Z</time></trkpt><trkpt lat="55.7559" lon="14.12816"><ele>55</ele><time>2000-01-01T07:27:36.000Z</time></trkpt><trkpt lat="55.75576" lon="14.12791"><ele>55</ele><time>2000-01-01T07:27:46.000Z</time></trkpt><trkpt lat="55.75562" lon="14.12766"><ele>55</ele><time>2000-01-01T07:27:56.000Z</time></trkpt><trkpt lat="55.75554" lon="14.12753"><time>2000-01-01T07:28:06.000Z</time></trkpt><trkpt lat="55.75537" lon="14.12728"><ele>56</ele><time>2000-01-01T07:28:16.000Z</time></trkpt><trkpt lat="55.7553" lon="14.12722"><time>2000-01-01T07:28:26.000Z</time></trkpt><trkpt lat="55.75525" lon="14.1272"><time>2000-01-01T07:28:36.000Z</time></trkpt><trkpt lat="55.75523" lon="14.12718"><ele>56</ele><time>2000-01-01T07:28:46.000Z</time></trkpt><trkpt lat="55.75521" lon="14.12711"><time>2000-01-01T07:28:56.000Z</time></trkpt><trkpt lat="55.75521" lon="14.12699"><time>2000-01-01T07:29:06.000Z</time></trkpt><trkpt lat="55.75524" lon="14.12667"><ele>54</ele><time>2000-01-01T07:29:16.000Z</time></trkpt><trkpt lat="55.75526" lon="14.12634"><ele>52</ele><time>2000-01-01T07:29:26.000Z</time></trkpt><trkpt lat="55.75526" lon="14.1261"><time>2000-01-01T07:29:36.000Z</time></trkpt><trkpt lat="55.75528" lon="14.12575"><ele>51</ele><time>2000-01-01T07:29:46.000Z</time></trkpt><trkpt lat="55.75525" lon="14.12537"><ele>50</ele><time>2000-01-01T07:29:56.000Z</time></trkpt><trkpt lat="55.75524" lon="14.12515"><time>2000-01-01T07:30:06.000Z</time></trkpt><trkpt lat="55.75524" lon="14.12501"><ele>50</ele><time>2000-01-01T07:30:16.000Z</time></trkpt><trkpt lat="55.75526" lon="14.12482"><time>2000-01-01T07:30:26.000Z</time></trkpt><trkpt lat="55.75528" lon="14.12453"><ele>53</ele><time>2000-01-01T07:30:36.000Z</time></trkpt><trkpt lat="55.75533" lon="14.12438"><time>2000-01-01T07:30:46.000Z</time></trkpt><trkpt lat="55.75547" lon="14.12417"><ele>55</ele><time>2000-01-01T07:30:56.000Z</time></trkpt><trkpt lat="55.75567" lon="14.1238"><ele>57</ele><time>2000-01-01T07:31:06.000Z</time></trkpt><trkpt lat="55.75577" lon="14.12365"><time>2000-01-01T07:31:16.000Z</time></trkpt><trkpt lat="55.75579" lon="14.12364"><time>2000-01-01T07:31:26.000Z</time></trkpt><trkpt lat="55.75581" lon="14.12361"><ele>61</ele><time>2000-01-01T07:31:36.000Z</time></trkpt><trkpt lat="55.75594" lon="14.12338"><ele>65</ele><time>2000-01-01T07:31:46.000Z</time></trkpt><trkpt lat="55.75602" lon="14.12319"><time>2000-01-01T07:31:56.000Z</time></trkpt><trkpt lat="55.75619" lon="14.12292"><ele>71</ele><time>2000-01-01T07:32:06.000Z</time></trkpt><trkpt lat="55.75625" lon="14.1228"><time>2000-01-01T07:32:16.000Z</time></trkpt><trkpt lat="55.75631" lon="14.12263"><ele>76</ele><time>2000-01-01T07:32:26.000Z</time></trkpt><trkpt lat="55.7564" lon="14.12247"><time>2000-01-01T07:32:36.000Z</time></trkpt><trkpt lat="55.75647" lon="14.1223"><ele>80</ele><time>2000-01-01T07:32:46.000Z</time></trkpt><trkpt lat="55.75651" lon="14.12223"><time>2000-01-01T07:32:56.000Z</time></trkpt><trkpt lat="55.75654" lon="14.12216"><time>2000-01-01T07:33:06.000Z</time></trkpt><trkpt lat="55.75654" lon="14.1221"><time>2000-01-01T07:33:16.000Z</time></trkpt><trkpt lat="55.75656" lon="14.12204"><ele>84</ele><time>2000-01-01T07:33:26.000Z</time></trkpt><trkpt lat="55.75659" lon="14.12198"><time>2000-01-01T07:33:36.000Z</time></trkpt><trkpt lat="55.75665" lon="14.12192"><time>2000-01-01T07:33:46.000Z</time></trkpt><trkpt lat="55.75669" lon="14.12185"><ele>86</ele><time>2000-01-01T07:33:56.000Z</time></trkpt><trkpt lat="55.75679" lon="14.12175"><time>2000-01-01T07:34:06.000Z</time></trkpt><trkpt lat="55.75686" lon="14.12173"><ele>88</ele><time>2000-01-01T07:34:16.000Z</time></trkpt><trkpt lat="55.75694" lon="14.12166"><time>2000-01-01T07:34:26.000Z</time></trkpt><trkpt lat="55.7571" lon="14.12141"><ele>91</ele><time>2000-01-01T07:34:36.000Z</time></trkpt><trkpt lat="55.7572" lon="14.12132"><time>2000-01-01T07:34:46.000Z</time></trkpt><trkpt lat="55.75729" lon="14.12125"><ele>92</ele><time>2000-01-01T07:34:56.000Z</time></trkpt><trkpt lat="55.75734" lon="14.12124"><time>2000-01-01T07:35:06.000Z</time></trkpt><trkpt lat="55.75745" lon="14.12125"><ele>93</ele><time>2000-01-01T07:35:16.000Z</time></trkpt><trkpt lat="55.75747" lon="14.12109"><time>2000-01-01T07:35:26.000Z</time></trkpt><trkpt lat="55.75748" lon="14.12084"><ele>93</ele><time>2000-01-01T07:35:36.000Z</time></trkpt><trkpt lat="55.75746" lon="14.12079"><time>2000-01-01T07:35:46.000Z</time></trkpt><trkpt lat="55.75741" lon="14.12062"><time>2000-01-01T07:35:56.000Z</time></trkpt><trkpt lat="55.75732" lon="14.12037"><ele>93</ele><time>2000-01-01T07:36:06.000Z</time></trkpt><trkpt lat="55.75721" lon="14.12004"><ele>93</ele><time>2000-01-01T07:36:16.000Z</time></trkpt><trkpt lat="55.75718" lon="14.11986"><time>2000-01-01T07:36:26.000Z</time></trkpt><trkpt lat="55.75718" lon="14.11982"><time>2000-01-01T07:36:36.000Z</time></trkpt><trkpt lat="55.75726" lon="14.11961"><ele>92</ele><time>2000-01-01T07:36:46.000Z</time></trkpt><trkpt lat="55.75728" lon="14.11952"><time>2000-01-01T07:36:56.000Z</time></trkpt><trkpt lat="55.75729" lon="14.11936"><time>2000-01-01T07:37:06.000Z</time></trkpt><trkpt lat="55.75729" lon="14.11905"><ele>89</ele><time>2000-01-01T07:37:16.000Z</time></trkpt><trkpt lat="55.7573" lon="14.11871"><ele>87</ele><time>2000-01-01T07:37:26.000Z</time></trkpt><trkpt lat="55.75731" lon="14.11836"><ele>85</ele><time>2000-01-01T07:37:36.000Z</time></trkpt><trkpt lat="55.75729" lon="14.11808"><ele>84</ele><time>2000-01-01T07:37:46.000Z</time></trkpt><trkpt lat="55.75725" lon="14.11781"><ele>83</ele><time>2000-01-01T07:37:56.000Z</time></trkpt><trkpt lat="55.75722" lon="14.11753"><ele>82</ele><time>2000-01-01T07:38:06.000Z</time></trkpt><trkpt lat="55.75723" lon="14.11725"><ele>81</ele><time>2000-01-01T07:38:16.000Z</time></trkpt><trkpt lat="55.75725" lon="14.11694"><ele>80</ele><time>2000-01-01T07:38:26.000Z</time></trkpt><trkpt lat="55.75725" lon="14.1167"><time>2000-01-01T07:38:36.000Z</time></trkpt><trkpt lat="55.75723" lon="14.11629"><ele>80</ele><time>2000-01-01T07:38:46.000Z</time></trkpt><trkpt lat="55.75722" lon="14.11594"><ele>80</ele><time>2000-01-01T07:38:56.000Z</time></trkpt><trkpt lat="55.7572" lon="14.11554"><ele>80</ele><time>2000-01-01T07:39:06.000Z</time></trkpt><trkpt lat="55.7572" lon="14.11537"><time>2000-01-01T07:39:16.000Z</time></trkpt><trkpt lat="55.75719" lon="14.1152"><ele>81</ele><time>2000-01-01T07:39:26.000Z</time></trkpt><trkpt lat="55.75716" lon="14.11485"><ele>81</ele><time>2000-01-01T07:39:36.000Z</time></trkpt><trkpt lat="55.75713" lon="14.11446"><ele>82</ele><time>2000-01-01T07:39:46.000Z</time></trkpt><trkpt lat="55.75709" lon="14.11409"><ele>82</ele><time>2000-01-01T07:39:56.000Z</time></trkpt><trkpt lat="55.75706" lon="14.11364"><ele>84</ele><time>2000-01-01T07:40:06.000Z</time></trkpt><trkpt lat="55.75703" lon="14.1134"><time>2000-01-01T07:40:16.000Z</time></trkpt><trkpt lat="55.75703" lon="14.11321"><ele>85</ele><time>2000-01-01T07:40:26.000Z</time></trkpt><trkpt lat="55.75706" lon="14.11276"><ele>85</ele><time>2000-01-01T07:40:36.000Z</time></trkpt><trkpt lat="55.75702" lon="14.11256"><time>2000-01-01T07:40:46.000Z</time></trkpt><trkpt lat="55.75696" lon="14.11243"><ele>86</ele><time>2000-01-01T07:40:56.000Z</time></trkpt><trkpt lat="55.7569" lon="14.11235"><time>2000-01-01T07:41:06.000Z</time></trkpt><trkpt lat="55.75676" lon="14.11227"><ele>88</ele><time>2000-01-01T07:41:16.000Z</time></trkpt><trkpt lat="55.75674" lon="14.11227"><time>2000-01-01T07:41:26.000Z</time></trkpt><trkpt lat="55.75668" lon="14.11224"><time>2000-01-01T07:41:36.000Z</time></trkpt><trkpt lat="55.75652" lon="14.11212"><ele>89</ele><time>2000-01-01T07:41:46.000Z</time></trkpt><trkpt lat="55.75645" lon="14.11209"><time>2000-01-01T07:41:56.000Z</time></trkpt><trkpt lat="55.75643" lon="14.11207"><time>2000-01-01T07:42:06.000Z</time></trkpt><trkpt lat="55.75634" lon="14.11208"><ele>90</ele><time>2000-01-01T07:42:16.000Z</time></trkpt><trkpt lat="55.75627" lon="14.11203"><time>2000-01-01T07:42:26.000Z</time></trkpt><trkpt lat="55.7561" lon="14.11198"><ele>92</ele><time>2000-01-01T07:42:36.000Z</time></trkpt><trkpt lat="55.7559" lon="14.11194"><ele>92</ele><time>2000-01-01T07:42:46.000Z</time></trkpt><trkpt lat="55.7557" lon="14.11192"><ele>94</ele><time>2000-01-01T07:42:56.000Z</time></trkpt><trkpt lat="55.75548" lon="14.1119"><ele>96</ele><time>2000-01-01T07:43:06.000Z</time></trkpt><trkpt lat="55.75527" lon="14.1119"><ele>97</ele><time>2000-01-01T07:43:16.000Z</time></trkpt><trkpt lat="55.755" lon="14.11189"><ele>99</ele><time>2000-01-01T07:43:26.000Z</time></trkpt><trkpt lat="55.75495" lon="14.11191"><time>2000-01-01T07:43:36.000Z</time></trkpt><trkpt lat="55.75491" lon="14.11191"><time>2000-01-01T07:43:46.000Z</time></trkpt><trkpt lat="55.75466" lon="14.11212"><ele>102</ele><time>2000-01-01T07:43:56.000Z</time></trkpt><trkpt lat="55.75445" lon="14.11228"><ele>104</ele><time>2000-01-01T07:44:06.000Z</time></trkpt><trkpt lat="55.7542" lon="14.11244"><ele>105</ele><time>2000-01-01T07:44:16.000Z</time></trkpt><trkpt lat="55.75396" lon="14.11264"><ele>106</ele><time>2000-01-01T07:44:26.000Z</time></trkpt><trkpt lat="55.7538" lon="14.11276"><ele>106</ele><time>2000-01-01T07:44:36.000Z</time></trkpt><trkpt lat="55.75363" lon="14.11291"><ele>106</ele><time>2000-01-01T07:44:46.000Z</time></trkpt><trkpt lat="55.75342" lon="14.11315"><ele>107</ele><time>2000-01-01T07:44:56.000Z</time></trkpt><trkpt lat="55.75329" lon="14.11325"><time>2000-01-01T07:45:06.000Z</time></trkpt><trkpt lat="55.75302" lon="14.11332"><ele>107</ele><time>2000-01-01T07:45:16.000Z</time></trkpt><trkpt lat="55.75294" lon="14.11335"><time>2000-01-01T07:45:26.000Z</time></trkpt><trkpt lat="55.75277" lon="14.11338"><ele>108</ele><time>2000-01-01T07:45:36.000Z</time></trkpt><trkpt lat="55.75254" lon="14.11346"><ele>109</ele><time>2000-01-01T07:45:46.000Z</time></trkpt><trkpt lat="55.75216" lon="14.1136"><ele>110</ele><time>2000-01-01T07:45:56.000Z</time></trkpt><trkpt lat="55.75201" lon="14.11373"><ele>110</ele><time>2000-01-01T07:46:06.000Z</time></trkpt><trkpt lat="55.7519" lon="14.11396"><ele>111</ele><time>2000-01-01T07:46:16.000Z</time></trkpt><trkpt lat="55.75169" lon="14.11446"><ele>111</ele><time>2000-01-01T07:46:26.000Z</time></trkpt><trkpt lat="55.75165" lon="14.11454"><time>2000-01-01T07:46:36.000Z</time></trkpt><trkpt lat="55.75156" lon="14.11475"><ele>110</ele><time>2000-01-01T07:46:46.000Z</time></trkpt><trkpt lat="55.75144" lon="14.11506"><ele>110</ele><time>2000-01-01T07:46:56.000Z</time></trkpt><trkpt lat="55.75131" lon="14.11532"><ele>109</ele><time>2000-01-01T07:47:06.000Z</time></trkpt><trkpt lat="55.75115" lon="14.11542"><ele>108</ele><time>2000-01-01T07:47:16.000Z</time></trkpt><trkpt lat="55.75101" lon="14.11541"><time>2000-01-01T07:47:26.000Z</time></trkpt><trkpt lat="55.75082" lon="14.11545"><ele>107</ele><time>2000-01-01T07:47:36.000Z</time></trkpt><trkpt lat="55.75071" lon="14.1155"><time>2000-01-01T07:47:46.000Z</time></trkpt><trkpt lat="55.75057" lon="14.11562"><ele>106</ele><time>2000-01-01T07:47:56.000Z</time></trkpt><trkpt lat="55.75041" lon="14.1158"><ele>105</ele><time>2000-01-01T07:48:06.000Z</time></trkpt><trkpt lat="55.75017" lon="14.1161"><ele>103</ele><time>2000-01-01T07:48:16.000Z</time></trkpt><trkpt lat="55.75004" lon="14.1162"><time>2000-01-01T07:48:26.000Z</time></trkpt><trkpt lat="55.74987" lon="14.11631"><ele>100</ele><time>2000-01-01T07:48:36.000Z</time></trkpt><trkpt lat="55.74974" lon="14.11643"><time>2000-01-01T07:48:46.000Z</time></trkpt><trkpt lat="55.74967" lon="14.11652"><ele>99</ele><time>2000-01-01T07:48:56.000Z</time></trkpt><trkpt lat="55.74958" lon="14.11665"><time>2000-01-01T07:49:06.000Z</time></trkpt><trkpt lat="55.7492" lon="14.1171"><ele>98</ele><time>2000-01-01T07:49:16.000Z</time></trkpt><trkpt lat="55.74915" lon="14.11717"><time>2000-01-01T07:49:26.000Z</time></trkpt><trkpt lat="55.74897" lon="14.11736"><ele>98</ele><time>2000-01-01T07:49:36.000Z</time></trkpt><trkpt lat="55.7489" lon="14.11742"><time>2000-01-01T07:49:46.000Z</time></trkpt><trkpt lat="55.7488" lon="14.11759"><ele>98</ele><time>2000-01-01T07:49:56.000Z</time></trkpt><trkpt lat="55.74874" lon="14.11774"><time>2000-01-01T07:50:06.000Z</time></trkpt><trkpt lat="55.74871" lon="14.11786"><ele>99</ele><time>2000-01-01T07:50:16.000Z</time></trkpt><trkpt lat="55.74867" lon="14.11794"><time>2000-01-01T07:50:26.000Z</time></trkpt><trkpt lat="55.7486" lon="14.11803"><time>2000-01-01T07:50:36.000Z</time></trkpt><trkpt lat="55.74853" lon="14.11817"><ele>100</ele><time>2000-01-01T07:50:46.000Z</time></trkpt><trkpt lat="55.7485" lon="14.11827"><time>2000-01-01T07:50:56.000Z</time></trkpt><trkpt lat="55.74845" lon="14.11838"><time>2000-01-01T07:51:06.000Z</time></trkpt><trkpt lat="55.74839" lon="14.11844"><ele>101</ele><time>2000-01-01T07:51:16.000Z</time></trkpt><trkpt lat="55.7483" lon="14.11849"><time>2000-01-01T07:51:26.000Z</time></trkpt><trkpt lat="55.74819" lon="14.11859"><ele>103</ele><time>2000-01-01T07:51:36.000Z</time></trkpt><trkpt lat="55.74803" lon="14.11868"><ele>104</ele><time>2000-01-01T07:51:46.000Z</time></trkpt><trkpt lat="55.74784" lon="14.11881"><ele>105</ele><time>2000-01-01T07:51:56.000Z</time></trkpt><trkpt lat="55.74763" lon="14.11896"><ele>106</ele><time>2000-01-01T07:52:06.000Z</time></trkpt><trkpt lat="55.74742" lon="14.11914"><ele>106</ele><time>2000-01-01T07:52:16.000Z</time></trkpt><trkpt lat="55.74723" lon="14.11932"><ele>106</ele><time>2000-01-01T07:52:26.000Z</time></trkpt><trkpt lat="55.74715" lon="14.11942"><time>2000-01-01T07:52:36.000Z</time></trkpt><trkpt lat="55.74708" lon="14.11948"><ele>106</ele><time>2000-01-01T07:52:46.000Z</time></trkpt><trkpt lat="55.74696" lon="14.11949"><time>2000-01-01T07:52:56.000Z</time></trkpt><trkpt lat="55.7467" lon="14.11922"><ele>106</ele><time>2000-01-01T07:53:06.000Z</time></trkpt><trkpt lat="55.74659" lon="14.11908"><time>2000-01-01T07:53:16.000Z</time></trkpt><trkpt lat="55.74643" lon="14.11884"><ele>105</ele><time>2000-01-01T07:53:26.000Z</time></trkpt><trkpt lat="55.7463" lon="14.1187"><ele>104</ele><time>2000-01-01T07:53:36.000Z</time></trkpt><trkpt lat="55.74627" lon="14.11868"><time>2000-01-01T07:53:46.000Z</time></trkpt><trkpt lat="55.74609" lon="14.11846"><ele>103</ele><time>2000-01-01T07:53:56.000Z</time></trkpt><trkpt lat="55.74583" lon="14.11816"><ele>102</ele><time>2000-01-01T07:54:06.000Z</time></trkpt><trkpt lat="55.74568" lon="14.11802"><ele>101</ele><time>2000-01-01T07:54:16.000Z</time></trkpt><trkpt lat="55.74556" lon="14.11793"><time>2000-01-01T07:54:26.000Z</time></trkpt><trkpt lat="55.74541" lon="14.11783"><ele>100</ele><time>2000-01-01T07:54:36.000Z</time></trkpt><trkpt lat="55.74534" lon="14.11773"><time>2000-01-01T07:54:46.000Z</time></trkpt><trkpt lat="55.74524" lon="14.11756"><ele>99</ele><time>2000-01-01T07:54:56.000Z</time></trkpt><trkpt lat="55.74513" lon="14.11739"><time>2000-01-01T07:55:06.000Z</time></trkpt><trkpt lat="55.74501" lon="14.11725"><ele>96</ele><time>2000-01-01T07:55:16.000Z</time></trkpt><trkpt lat="55.74494" lon="14.11719"><time>2000-01-01T07:55:26.000Z</time></trkpt><trkpt lat="55.74483" lon="14.11713"><ele>95</ele><time>2000-01-01T07:55:36.000Z</time></trkpt><trkpt lat="55.74455" lon="14.11706"><ele>92</ele><time>2000-01-01T07:55:46.000Z</time></trkpt><trkpt lat="55.74432" lon="14.11706"><ele>91</ele><time>2000-01-01T07:55:56.000Z</time></trkpt><trkpt lat="55.7442" lon="14.11707"><time>2000-01-01T07:56:06.000Z</time></trkpt><trkpt lat="55.74405" lon="14.11712"><ele>89</ele><time>2000-01-01T07:56:16.000Z</time></trkpt><trkpt lat="55.74389" lon="14.1172"><ele>88</ele><time>2000-01-01T07:56:26.000Z</time></trkpt><trkpt lat="55.74374" lon="14.1173"><ele>87</ele><time>2000-01-01T07:56:36.000Z</time></trkpt><trkpt lat="55.74369" lon="14.11736"><time>2000-01-01T07:56:46.000Z</time></trkpt><trkpt lat="55.74359" lon="14.11744"><ele>85</ele><time>2000-01-01T07:56:56.000Z</time></trkpt><trkpt lat="55.74352" lon="14.11747"><time>2000-01-01T07:57:06.000Z</time></trkpt><trkpt lat="55.74317" lon="14.11758"><ele>82</ele><time>2000-01-01T07:57:16.000Z</time></trkpt><trkpt lat="55.74304" lon="14.11764"><time>2000-01-01T07:57:26.000Z</time></trkpt><trkpt lat="55.74289" lon="14.11767"><ele>80</ele><time>2000-01-01T07:57:36.000Z</time></trkpt><trkpt lat="55.74286" lon="14.11767"><time>2000-01-01T07:57:46.000Z</time></trkpt><trkpt lat="55.7427" lon="14.11776"><ele>79</ele><time>2000-01-01T07:57:56.000Z</time></trkpt><trkpt lat="55.74257" lon="14.11793"><ele>77</ele><time>2000-01-01T07:58:06.000Z</time></trkpt><trkpt lat="55.74243" lon="14.11815"><ele>76</ele><time>2000-01-01T07:58:16.000Z</time></trkpt><trkpt lat="55.74234" lon="14.1183"><time>2000-01-01T07:58:26.000Z</time></trkpt><trkpt lat="55.74226" lon="14.11849"><ele>76</ele><time>2000-01-01T07:58:36.000Z</time></trkpt><trkpt lat="55.74219" lon="14.11856"><time>2000-01-01T07:58:46.000Z</time></trkpt><trkpt lat="55.74209" lon="14.11846"><ele>76</ele><time>2000-01-01T07:58:56.000Z</time></trkpt><trkpt lat="55.74206" lon="14.11839"><time>2000-01-01T07:59:06.000Z</time></trkpt><trkpt lat="55.74197" lon="14.11826"><ele>77</ele><time>2000-01-01T07:59:16.000Z</time></trkpt><trkpt lat="55.74186" lon="14.11816"><time>2000-01-01T07:59:26.000Z</time></trkpt><trkpt lat="55.74171" lon="14.11806"><ele>79</ele><time>2000-01-01T07:59:36.000Z</time></trkpt><trkpt lat="55.74159" lon="14.11803"><time>2000-01-01T07:59:46.000Z</time></trkpt><trkpt lat="55.74148" lon="14.11806"><ele>81</ele><time>2000-01-01T07:59:56.000Z</time></trkpt><trkpt lat="55.74137" lon="14.11805"><time>2000-01-01T08:00:06.000Z</time></trkpt><trkpt lat="55.74126" lon="14.11798"><ele>82</ele><time>2000-01-01T08:00:16.000Z</time></trkpt><trkpt lat="55.74119" lon="14.11795"><time>2000-01-01T08:00:26.000Z</time></trkpt><trkpt lat="55.74105" lon="14.11791"><ele>82</ele><time>2000-01-01T08:00:36.000Z</time></trkpt><trkpt lat="55.741" lon="14.11788"><time>2000-01-01T08:00:46.000Z</time></trkpt><trkpt lat="55.74089" lon="14.11785"><ele>82</ele><time>2000-01-01T08:00:56.000Z</time></trkpt><trkpt lat="55.74079" lon="14.11789"><time>2000-01-01T08:01:06.000Z</time></trkpt><trkpt lat="55.74075" lon="14.11796"><ele>82</ele><time>2000-01-01T08:01:16.000Z</time></trkpt><trkpt lat="55.74069" lon="14.1182"><time>2000-01-01T08:01:26.000Z</time></trkpt><trkpt lat="55.74068" lon="14.11829"><ele>82</ele><time>2000-01-01T08:01:36.000Z</time></trkpt><trkpt lat="55.74063" lon="14.11844"><time>2000-01-01T08:01:46.000Z</time></trkpt><trkpt lat="55.7405" lon="14.11862"><ele>81</ele><time>2000-01-01T08:01:56.000Z</time></trkpt><trkpt lat="55.74036" lon="14.1187"><time>2000-01-01T08:02:06.000Z</time></trkpt><trkpt lat="55.7403" lon="14.11871"><ele>77</ele><time>2000-01-01T08:02:16.000Z</time></trkpt><trkpt lat="55.74022" lon="14.11874"><time>2000-01-01T08:02:26.000Z</time></trkpt><trkpt lat="55.74019" lon="14.11876"><time>2000-01-01T08:02:36.000Z</time></trkpt><trkpt lat="55.74008" lon="14.11881"><ele>74</ele><time>2000-01-01T08:02:46.000Z</time></trkpt><trkpt lat="55.73986" lon="14.11878"><ele>71</ele><time>2000-01-01T08:02:56.000Z</time></trkpt><trkpt lat="55.73983" lon="14.11877"><time>2000-01-01T08:03:06.000Z</time></trkpt><trkpt lat="55.73978" lon="14.11873"><time>2000-01-01T08:03:16.000Z</time></trkpt><trkpt lat="55.73972" lon="14.11872"><time>2000-01-01T08:03:26.000Z</time></trkpt><trkpt lat="55.73967" lon="14.11872"><ele>67</ele><time>2000-01-01T08:03:36.000Z</time></trkpt><trkpt lat="55.73961" lon="14.1187"><time>2000-01-01T08:03:46.000Z</time></trkpt><trkpt lat="55.73952" lon="14.11865"><ele>65</ele><time>2000-01-01T08:03:56.000Z</time></trkpt><trkpt lat="55.73942" lon="14.11864"><time>2000-01-01T08:04:06.000Z</time></trkpt><trkpt lat="55.73927" lon="14.11857"><ele>59</ele><time>2000-01-01T08:04:16.000Z</time></trkpt><trkpt lat="55.73916" lon="14.11849"><time>2000-01-01T08:04:26.000Z</time></trkpt><trkpt lat="55.73912" lon="14.11845"><ele>58</ele><time>2000-01-01T08:04:36.000Z</time></trkpt><trkpt lat="55.73909" lon="14.11841"><time>2000-01-01T08:04:46.000Z</time></trkpt><trkpt lat="55.73904" lon="14.11831"><time>2000-01-01T08:04:56.000Z</time></trkpt><trkpt lat="55.73902" lon="14.11831"><time>2000-01-01T08:05:06.000Z</time></trkpt><trkpt lat="55.73887" lon="14.11836"><ele>55</ele><time>2000-01-01T08:05:16.000Z</time></trkpt><trkpt lat="55.73881" lon="14.11836"><time>2000-01-01T08:05:26.000Z</time></trkpt><trkpt lat="55.73872" lon="14.11834"><time>2000-01-01T08:05:36.000Z</time></trkpt><trkpt lat="55.73869" lon="14.11831"><ele>53</ele><time>2000-01-01T08:05:46.000Z</time></trkpt><trkpt lat="55.73865" lon="14.11823"><time>2000-01-01T08:05:56.000Z</time></trkpt><trkpt lat="55.73851" lon="14.11795"><ele>52</ele><time>2000-01-01T08:06:06.000Z</time></trkpt><trkpt lat="55.73844" lon="14.11778"><time>2000-01-01T08:06:16.000Z</time></trkpt><trkpt lat="55.73833" lon="14.11765"><ele>51</ele><time>2000-01-01T08:06:26.000Z</time></trkpt><trkpt lat="55.73828" lon="14.1176"><time>2000-01-01T08:06:36.000Z</time></trkpt><trkpt lat="55.73825" lon="14.11758"><time>2000-01-01T08:06:46.000Z</time></trkpt><trkpt lat="55.73818" lon="14.11757"><ele>51</ele><time>2000-01-01T08:06:56.000Z</time></trkpt><trkpt lat="55.73788" lon="14.11766"><ele>51</ele><time>2000-01-01T08:07:06.000Z</time></trkpt><trkpt lat="55.73769" lon="14.11777"><ele>51</ele><time>2000-01-01T08:07:16.000Z</time></trkpt><trkpt lat="55.73758" lon="14.11779"><time>2000-01-01T08:07:26.000Z</time></trkpt><trkpt lat="55.73739" lon="14.11778"><ele>50</ele><time>2000-01-01T08:07:36.000Z</time></trkpt><trkpt lat="55.73729" lon="14.11781"><time>2000-01-01T08:07:46.000Z</time></trkpt><trkpt lat="55.73712" lon="14.11789"><ele>50</ele><time>2000-01-01T08:07:56.000Z</time></trkpt><trkpt lat="55.73709" lon="14.11792"><time>2000-01-01T08:08:06.000Z</time></trkpt><trkpt lat="55.73693" lon="14.11802"><ele>50</ele><time>2000-01-01T08:08:16.000Z</time></trkpt><trkpt lat="55.73691" lon="14.11802"><time>2000-01-01T08:08:26.000Z</time></trkpt><trkpt lat="55.73687" lon="14.11797"><time>2000-01-01T08:08:36.000Z</time></trkpt><trkpt lat="55.73687" lon="14.11779"><ele>50</ele><time>2000-01-01T08:08:46.000Z</time></trkpt><trkpt lat="55.73685" lon="14.11754"><time>2000-01-01T08:08:56.000Z</time></trkpt><trkpt lat="55.73666" lon="14.11696"><ele>52</ele><time>2000-01-01T08:09:06.000Z</time></trkpt><trkpt lat="55.73657" lon="14.1167"><ele>53</ele><time>2000-01-01T08:09:16.000Z</time></trkpt><trkpt lat="55.73647" lon="14.11647"><ele>54</ele><time>2000-01-01T08:09:26.000Z</time></trkpt><trkpt lat="55.73639" lon="14.11621"><ele>54</ele><time>2000-01-01T08:09:36.000Z</time></trkpt><trkpt lat="55.73628" lon="14.11591"><ele>55</ele><time>2000-01-01T08:09:46.000Z</time></trkpt><trkpt lat="55.73623" lon="14.11573"><time>2000-01-01T08:09:56.000Z</time></trkpt><trkpt lat="55.73623" lon="14.11568"><time>2000-01-01T08:10:06.000Z</time></trkpt><trkpt lat="55.73617" lon="14.11546"><ele>55</ele><time>2000-01-01T08:10:16.000Z</time></trkpt><trkpt lat="55.73611" lon="14.11514"><ele>56</ele><time>2000-01-01T08:10:26.000Z</time></trkpt><trkpt lat="55.7361" lon="14.11495"><time>2000-01-01T08:10:36.000Z</time></trkpt><trkpt lat="55.73591" lon="14.11431"><ele>56</ele><time>2000-01-01T08:10:46.000Z</time></trkpt><trkpt lat="55.73582" lon="14.11412"><time>2000-01-01T08:10:56.000Z</time></trkpt><trkpt lat="55.73566" lon="14.11396"><ele>56</ele><time>2000-01-01T08:11:06.000Z</time></trkpt><trkpt lat="55.73552" lon="14.11371"><ele>56</ele><time>2000-01-01T08:11:16.000Z</time></trkpt><trkpt lat="55.73536" lon="14.11352"><ele>54</ele><time>2000-01-01T08:11:26.000Z</time></trkpt><trkpt lat="55.7352" lon="14.11331"><ele>53</ele><time>2000-01-01T08:11:36.000Z</time></trkpt><trkpt lat="55.73504" lon="14.11313"><ele>53</ele><time>2000-01-01T08:11:46.000Z</time></trkpt><trkpt lat="55.73494" lon="14.11296"><time>2000-01-01T08:11:56.000Z</time></trkpt><trkpt lat="55.73489" lon="14.1127"><ele>52</ele><time>2000-01-01T08:12:06.000Z</time></trkpt><trkpt lat="55.73487" lon="14.11256"><time>2000-01-01T08:12:16.000Z</time></trkpt><trkpt lat="55.73483" lon="14.11248"><time>2000-01-01T08:12:26.000Z</time></trkpt><trkpt lat="55.73475" lon="14.11238"><ele>52</ele><time>2000-01-01T08:12:36.000Z</time></trkpt><trkpt lat="55.73472" lon="14.1123"><time>2000-01-01T08:12:46.000Z</time></trkpt><trkpt lat="55.73463" lon="14.11214"><ele>52</ele><time>2000-01-01T08:12:56.000Z</time></trkpt><trkpt lat="55.73453" lon="14.112"><time>2000-01-01T08:13:06.000Z</time></trkpt><trkpt lat="55.73444" lon="14.11175"><ele>51</ele><time>2000-01-01T08:13:16.000Z</time></trkpt><trkpt lat="55.73437" lon="14.11147"><ele>51</ele><time>2000-01-01T08:13:26.000Z</time></trkpt><trkpt lat="55.73433" lon="14.11114"><ele>51</ele><time>2000-01-01T08:13:36.000Z</time></trkpt><trkpt lat="55.73433" lon="14.1108"><ele>52</ele><time>2000-01-01T08:13:46.000Z</time></trkpt><trkpt lat="55.73432" lon="14.11062"><time>2000-01-01T08:13:56.000Z</time></trkpt><trkpt lat="55.73429" lon="14.11029"><ele>52</ele><time>2000-01-01T08:14:06.000Z</time></trkpt><trkpt lat="55.73427" lon="14.11023"><time>2000-01-01T08:14:16.000Z</time></trkpt><trkpt lat="55.73427" lon="14.10994"><ele>52</ele><time>2000-01-01T08:14:26.000Z</time></trkpt><trkpt lat="55.73422" lon="14.10971"><time>2000-01-01T08:14:36.000Z</time></trkpt><trkpt lat="55.73414" lon="14.10966"><ele>51</ele><time>2000-01-01T08:14:46.000Z</time></trkpt><trkpt lat="55.73407" lon="14.10959"><time>2000-01-01T08:14:56.000Z</time></trkpt><trkpt lat="55.73405" lon="14.10956"><time>2000-01-01T08:15:06.000Z</time></trkpt><trkpt lat="55.73404" lon="14.10952"><time>2000-01-01T08:15:16.000Z</time></trkpt><trkpt lat="55.73404" lon="14.10937"><ele>51</ele><time>2000-01-01T08:15:26.000Z</time></trkpt><trkpt lat="55.73412" lon="14.10887"><ele>51</ele><time>2000-01-01T08:15:36.000Z</time></trkpt><trkpt lat="55.73415" lon="14.10875"><time>2000-01-01T08:15:46.000Z</time></trkpt><trkpt lat="55.7342" lon="14.10842"><ele>51</ele><time>2000-01-01T08:15:56.000Z</time></trkpt><trkpt lat="55.73427" lon="14.10817"><ele>50</ele><time>2000-01-01T08:16:06.000Z</time></trkpt><trkpt lat="55.73427" lon="14.10794"><time>2000-01-01T08:16:16.000Z</time></trkpt><trkpt lat="55.73425" lon="14.10783"><ele>48</ele><time>2000-01-01T08:16:26.000Z</time></trkpt><trkpt lat="55.73413" lon="14.10738"><ele>44</ele><time>2000-01-01T08:16:36.000Z</time></trkpt><trkpt lat="55.73402" lon="14.10689"><ele>40</ele><time>2000-01-01T08:16:46.000Z</time></trkpt><trkpt lat="55.73398" lon="14.10666"><time>2000-01-01T08:16:56.000Z</time></trkpt><trkpt lat="55.73397" lon="14.10648"><ele>37</ele><time>2000-01-01T08:17:06.000Z</time></trkpt><trkpt lat="55.73399" lon="14.10618"><ele>37</ele><time>2000-01-01T08:17:16.000Z</time></trkpt><trkpt lat="55.73398" lon="14.10607"><time>2000-01-01T08:17:26.000Z</time></trkpt><trkpt lat="55.73395" lon="14.1059"><ele>36</ele><time>2000-01-01T08:17:36.000Z</time></trkpt><trkpt lat="55.73385" lon="14.10547"><ele>34</ele><time>2000-01-01T08:17:46.000Z</time></trkpt><trkpt lat="55.7338" lon="14.10533"><time>2000-01-01T08:17:56.000Z</time></trkpt><trkpt lat="55.73373" lon="14.10507"><ele>33</ele><time>2000-01-01T08:18:06.000Z</time></trkpt><trkpt lat="55.73368" lon="14.10474"><ele>33</ele><time>2000-01-01T08:18:16.000Z</time></trkpt><trkpt lat="55.73362" lon="14.10441"><ele>34</ele><time>2000-01-01T08:18:26.000Z</time></trkpt><trkpt lat="55.73361" lon="14.10433"><time>2000-01-01T08:18:36.000Z</time></trkpt><trkpt lat="55.73363" lon="14.10423"><time>2000-01-01T08:18:46.000Z</time></trkpt><trkpt lat="55.73364" lon="14.10413"><ele>34</ele><time>2000-01-01T08:18:56.000Z</time></trkpt><trkpt lat="55.73363" lon="14.10402"><time>2000-01-01T08:19:06.000Z</time></trkpt><trkpt lat="55.73362" lon="14.10379"><ele>35</ele><time>2000-01-01T08:19:16.000Z</time></trkpt><trkpt lat="55.73364" lon="14.10359"><time>2000-01-01T08:19:26.000Z</time></trkpt><trkpt lat="55.73366" lon="14.1035"><ele>35</ele><time>2000-01-01T08:19:36.000Z</time></trkpt><trkpt lat="55.73366" lon="14.10338"><time>2000-01-01T08:19:46.000Z</time></trkpt><trkpt lat="55.73369" lon="14.10315"><ele>36</ele><time>2000-01-01T08:19:56.000Z</time></trkpt><trkpt lat="55.73377" lon="14.10281"><ele>38</ele><time>2000-01-01T08:20:06.000Z</time></trkpt><trkpt lat="55.73384" lon="14.10245"><ele>40</ele><time>2000-01-01T08:20:16.000Z</time></trkpt><trkpt lat="55.7339" lon="14.10206"><ele>41</ele><time>2000-01-01T08:20:26.000Z</time></trkpt><trkpt lat="55.73398" lon="14.10147"><ele>41</ele><time>2000-01-01T08:20:36.000Z</time></trkpt><trkpt lat="55.73408" lon="14.10095"><ele>43</ele><time>2000-01-01T08:20:46.000Z</time></trkpt><trkpt lat="55.7341" lon="14.10082"><time>2000-01-01T08:20:56.000Z</time></trkpt><trkpt lat="55.7341" lon="14.10062"><ele>43</ele><time>2000-01-01T08:21:06.000Z</time></trkpt><trkpt lat="55.73408" lon="14.10042"><time>2000-01-01T08:21:16.000Z</time></trkpt><trkpt lat="55.73407" lon="14.10038"><time>2000-01-01T08:21:26.000Z</time></trkpt><trkpt lat="55.73407" lon="14.10023"><ele>43</ele><time>2000-01-01T08:21:36.000Z</time></trkpt><trkpt lat="55.73404" lon="14.09968"><ele>41</ele><time>2000-01-01T08:21:46.000Z</time></trkpt><trkpt lat="55.73398" lon="14.0993"><ele>39</ele><time>2000-01-01T08:21:56.000Z</time></trkpt><trkpt lat="55.73391" lon="14.09901"><ele>38</ele><time>2000-01-01T08:22:06.000Z</time></trkpt><trkpt lat="55.73386" lon="14.09885"><time>2000-01-01T08:22:16.000Z</time></trkpt><trkpt lat="55.73381" lon="14.09874"><ele>36</ele><time>2000-01-01T08:22:26.000Z</time></trkpt><trkpt lat="55.73373" lon="14.09838"><ele>34</ele><time>2000-01-01T08:22:36.000Z</time></trkpt><trkpt lat="55.73369" lon="14.09794"><ele>32</ele><time>2000-01-01T08:22:46.000Z</time></trkpt><trkpt lat="55.73362" lon="14.09741"><ele>31</ele><time>2000-01-01T08:22:56.000Z</time></trkpt><trkpt lat="55.73354" lon="14.09719"><time>2000-01-01T08:23:06.000Z</time></trkpt><trkpt lat="55.73352" lon="14.09705"><ele>30</ele><time>2000-01-01T08:23:16.000Z</time></trkpt><trkpt lat="55.73346" lon="14.09684"><time>2000-01-01T08:23:26.000Z</time></trkpt><trkpt lat="55.73343" lon="14.09671"><ele>29</ele><time>2000-01-01T08:23:36.000Z</time></trkpt><trkpt lat="55.73336" lon="14.09647"><ele>29</ele><time>2000-01-01T08:23:46.000Z</time></trkpt><trkpt lat="55.7333" lon="14.09612"><ele>29</ele><time>2000-01-01T08:23:56.000Z</time></trkpt><trkpt lat="55.73328" lon="14.09577"><ele>29</ele><time>2000-01-01T08:24:06.000Z</time></trkpt><trkpt lat="55.7333" lon="14.09537"><ele>30</ele><time>2000-01-01T08:24:16.000Z</time></trkpt><trkpt lat="55.73331" lon="14.09495"><ele>30</ele><time>2000-01-01T08:24:26.000Z</time></trkpt><trkpt lat="55.73326" lon="14.0947"><time>2000-01-01T08:24:36.000Z</time></trkpt><trkpt lat="55.73316" lon="14.09437"><ele>30</ele><time>2000-01-01T08:24:46.000Z</time></trkpt><trkpt lat="55.73307" lon="14.09403"><ele>29</ele><time>2000-01-01T08:24:56.000Z</time></trkpt><trkpt lat="55.73296" lon="14.0936"><ele>29</ele><time>2000-01-01T08:25:06.000Z</time></trkpt><trkpt lat="55.73288" lon="14.09327"><ele>28</ele><time>2000-01-01T08:25:16.000Z</time></trkpt><trkpt lat="55.73273" lon="14.09271"><ele>28</ele><time>2000-01-01T08:25:26.000Z</time></trkpt><trkpt lat="55.73267" lon="14.09251"><time>2000-01-01T08:25:36.000Z</time></trkpt><trkpt lat="55.73262" lon="14.09222"><ele>28</ele><time>2000-01-01T08:25:46.000Z</time></trkpt><trkpt lat="55.73254" lon="14.09188"><ele>29</ele><time>2000-01-01T08:25:56.000Z</time></trkpt><trkpt lat="55.73246" lon="14.09149"><ele>29</ele><time>2000-01-01T08:26:06.000Z</time></trkpt><trkpt lat="55.73241" lon="14.09119"><ele>29</ele><time>2000-01-01T08:26:16.000Z</time></trkpt><trkpt lat="55.73237" lon="14.09085"><ele>29</ele><time>2000-01-01T08:26:26.000Z</time></trkpt><trkpt lat="55.73232" lon="14.09059"><ele>30</ele><time>2000-01-01T08:26:36.000Z</time></trkpt><trkpt lat="55.73231" lon="14.09055"><time>2000-01-01T08:26:46.000Z</time></trkpt><trkpt lat="55.73205" lon="14.09021"><ele>30</ele><time>2000-01-01T08:26:56.000Z</time></trkpt><trkpt lat="55.7319" lon="14.09012"><ele>29</ele><time>2000-01-01T08:27:06.000Z</time></trkpt><trkpt lat="55.73179" lon="14.09001"><time>2000-01-01T08:27:16.000Z</time></trkpt><trkpt lat="55.73165" lon="14.08979"><ele>28</ele><time>2000-01-01T08:27:26.000Z</time></trkpt><trkpt lat="55.73167" lon="14.08965"><time>2000-01-01T08:27:36.000Z</time></trkpt><trkpt lat="55.7317" lon="14.08957"><time>2000-01-01T08:27:46.000Z</time></trkpt><trkpt lat="55.7317" lon="14.08946"><ele>28</ele><time>2000-01-01T08:27:56.000Z</time></trkpt><trkpt lat="55.73173" lon="14.08916"><ele>30</ele><time>2000-01-01T08:28:06.000Z</time></trkpt><trkpt lat="55.73175" lon="14.08906"><time>2000-01-01T08:28:16.000Z</time></trkpt><trkpt lat="55.73176" lon="14.08898"><time>2000-01-01T08:28:26.000Z</time></trkpt><trkpt lat="55.73174" lon="14.08888"><ele>31</ele><time>2000-01-01T08:28:36.000Z</time></trkpt><trkpt lat="55.73175" lon="14.08863"><time>2000-01-01T08:28:46.000Z</time></trkpt><trkpt lat="55.73178" lon="14.08813"><ele>33</ele><time>2000-01-01T08:28:56.000Z</time></trkpt><trkpt lat="55.73182" lon="14.08795"><time>2000-01-01T08:29:06.000Z</time></trkpt><trkpt lat="55.73182" lon="14.08779"><ele>35</ele><time>2000-01-01T08:29:16.000Z</time></trkpt><trkpt lat="55.73179" lon="14.08761"><time>2000-01-01T08:29:26.000Z</time></trkpt><trkpt lat="55.73177" lon="14.08719"><ele>36</ele><time>2000-01-01T08:29:36.000Z</time></trkpt><trkpt lat="55.73177" lon="14.08704"><time>2000-01-01T08:29:46.000Z</time></trkpt><trkpt lat="55.73181" lon="14.08663"><ele>38</ele><time>2000-01-01T08:29:56.000Z</time></trkpt><trkpt lat="55.73186" lon="14.08639"><time>2000-01-01T08:30:06.000Z</time></trkpt><trkpt lat="55.73188" lon="14.08613"><ele>39</ele><time>2000-01-01T08:30:16.000Z</time></trkpt><trkpt lat="55.73185" lon="14.08585"><ele>40</ele><time>2000-01-01T08:30:26.000Z</time></trkpt><trkpt lat="55.73184" lon="14.08559"><time>2000-01-01T08:30:36.000Z</time></trkpt><trkpt lat="55.73187" lon="14.08534"><ele>40</ele><time>2000-01-01T08:30:46.000Z</time></trkpt><trkpt lat="55.73192" lon="14.08512"><time>2000-01-01T08:30:56.000Z</time></trkpt><trkpt lat="55.73202" lon="14.08474"><ele>43</ele><time>2000-01-01T08:31:06.000Z</time></trkpt><trkpt lat="55.7321" lon="14.0845"><ele>45</ele><time>2000-01-01T08:31:16.000Z</time></trkpt><trkpt lat="55.73215" lon="14.08437"><time>2000-01-01T08:31:26.000Z</time></trkpt><trkpt lat="55.73223" lon="14.08389"><ele>45</ele><time>2000-01-01T08:31:36.000Z</time></trkpt><trkpt lat="55.73224" lon="14.08372"><time>2000-01-01T08:31:46.000Z</time></trkpt><trkpt lat="55.73231" lon="14.08333"><ele>45</ele><time>2000-01-01T08:31:56.000Z</time></trkpt><trkpt lat="55.73232" lon="14.08304"><ele>44</ele><time>2000-01-01T08:32:06.000Z</time></trkpt><trkpt lat="55.73226" lon="14.08275"><ele>41</ele><time>2000-01-01T08:32:16.000Z</time></trkpt><trkpt lat="55.73224" lon="14.08249"><time>2000-01-01T08:32:26.000Z</time></trkpt><trkpt lat="55.73221" lon="14.08231"><ele>39</ele><time>2000-01-01T08:32:36.000Z</time></trkpt><trkpt lat="55.73216" lon="14.08219"><time>2000-01-01T08:32:46.000Z</time></trkpt><trkpt lat="55.73215" lon="14.08209"><time>2000-01-01T08:32:56.000Z</time></trkpt><trkpt lat="55.73217" lon="14.08198"><ele>35</ele><time>2000-01-01T08:33:06.000Z</time></trkpt><trkpt lat="55.73233" lon="14.08155"><ele>35</ele><time>2000-01-01T08:33:16.000Z</time></trkpt><trkpt lat="55.73241" lon="14.08135"><time>2000-01-01T08:33:26.000Z</time></trkpt><trkpt lat="55.73248" lon="14.08116"><ele>34</ele><time>2000-01-01T08:33:36.000Z</time></trkpt><trkpt lat="55.73255" lon="14.08099"><time>2000-01-01T08:33:46.000Z</time></trkpt><trkpt lat="55.73263" lon="14.08074"><ele>32</ele><time>2000-01-01T08:33:56.000Z</time></trkpt><trkpt lat="55.73268" lon="14.0806"><time>2000-01-01T08:34:06.000Z</time></trkpt><trkpt lat="55.73279" lon="14.08048"><ele>31</ele><time>2000-01-01T08:34:16.000Z</time></trkpt><trkpt lat="55.73284" lon="14.08046"><time>2000-01-01T08:34:26.000Z</time></trkpt><trkpt lat="55.73286" lon="14.08044"><time>2000-01-01T08:34:36.000Z</time></trkpt><trkpt lat="55.73292" lon="14.08027"><ele>31</ele><time>2000-01-01T08:34:46.000Z</time></trkpt><trkpt lat="55.73304" lon="14.08002"><ele>31</ele><time>2000-01-01T08:34:56.000Z</time></trkpt><trkpt lat="55.73304" lon="14.07999"><time>2000-01-01T08:35:06.000Z</time></trkpt><trkpt lat="55.733" lon="14.07991"><time>2000-01-01T08:35:16.000Z</time></trkpt><trkpt lat="55.73294" lon="14.07983"><ele>31</ele><time>2000-01-01T08:35:26.000Z</time></trkpt><trkpt lat="55.73274" lon="14.07965"><ele>30</ele><time>2000-01-01T08:35:36.000Z</time></trkpt><trkpt lat="55.73265" lon="14.07951"><time>2000-01-01T08:35:46.000Z</time></trkpt><trkpt lat="55.73259" lon="14.07938"><ele>30</ele><time>2000-01-01T08:35:56.000Z</time></trkpt><trkpt lat="55.73253" lon="14.07919"><time>2000-01-01T08:36:06.000Z</time></trkpt><trkpt lat="55.73223" lon="14.07816"><ele>30</ele><time>2000-01-01T08:36:16.000Z</time></trkpt><trkpt lat="55.73215" lon="14.07786"><ele>31</ele><time>2000-01-01T08:36:26.000Z</time></trkpt><trkpt lat="55.73206" lon="14.07755"><ele>32</ele><time>2000-01-01T08:36:36.000Z</time></trkpt><trkpt lat="55.73194" lon="14.07733"><ele>32</ele><time>2000-01-01T08:36:46.000Z</time></trkpt><trkpt lat="55.73178" lon="14.07735"><ele>31</ele><time>2000-01-01T08:36:56.000Z</time></trkpt><trkpt lat="55.73161" lon="14.07742"><ele>30</ele><time>2000-01-01T08:37:06.000Z</time></trkpt><trkpt lat="55.73136" lon="14.07751"><ele>29</ele><time>2000-01-01T08:37:16.000Z</time></trkpt><trkpt lat="55.73113" lon="14.07757"><ele>29</ele><time>2000-01-01T08:37:26.000Z</time></trkpt><trkpt lat="55.73093" lon="14.07765"><ele>29</ele><time>2000-01-01T08:37:36.000Z</time></trkpt><trkpt lat="55.73069" lon="14.07773"><ele>27</ele><time>2000-01-01T08:37:46.000Z</time></trkpt><trkpt lat="55.73057" lon="14.07776"><time>2000-01-01T08:37:56.000Z</time></trkpt><trkpt lat="55.73048" lon="14.07766"><ele>27</ele><time>2000-01-01T08:38:06.000Z</time></trkpt><trkpt lat="55.73046" lon="14.07762"><time>2000-01-01T08:38:16.000Z</time></trkpt><trkpt lat="55.73045" lon="14.07745"><time>2000-01-01T08:38:26.000Z</time></trkpt><trkpt lat="55.73048" lon="14.07686"><ele>27</ele><time>2000-01-01T08:38:36.000Z</time></trkpt><trkpt lat="55.73049" lon="14.07643"><ele>27</ele><time>2000-01-01T08:38:46.000Z</time></trkpt><trkpt lat="55.73049" lon="14.07622"><time>2000-01-01T08:38:56.000Z</time></trkpt><trkpt lat="55.73043" lon="14.07509"><ele>26</ele><time>2000-01-01T08:39:06.000Z</time></trkpt><trkpt lat="55.73041" lon="14.0745"><ele>26</ele><time>2000-01-01T08:39:16.000Z</time></trkpt><trkpt lat="55.73039" lon="14.07407"><ele>26</ele><time>2000-01-01T08:39:26.000Z</time></trkpt><trkpt lat="55.73035" lon="14.07331"><ele>26</ele><time>2000-01-01T08:39:36.000Z</time></trkpt><trkpt lat="55.73032" lon="14.07281"><ele>27</ele><time>2000-01-01T08:39:46.000Z</time></trkpt><trkpt lat="55.73029" lon="14.07244"><ele>27</ele><time>2000-01-01T08:39:56.000Z</time></trkpt><trkpt lat="55.73025" lon="14.072"><ele>27</ele><time>2000-01-01T08:40:06.000Z</time></trkpt><trkpt lat="55.73019" lon="14.0717"><ele>27</ele><time>2000-01-01T08:40:16.000Z</time></trkpt><trkpt lat="55.7301" lon="14.07132"><ele>27</ele><time>2000-01-01T08:40:26.000Z</time></trkpt><trkpt lat="55.73001" lon="14.07101"><ele>27</ele><time>2000-01-01T08:40:36.000Z</time></trkpt><trkpt lat="55.72981" lon="14.07062"><ele>28</ele><time>2000-01-01T08:40:46.000Z</time></trkpt><trkpt lat="55.72968" lon="14.07033"><ele>28</ele><time>2000-01-01T08:40:56.000Z</time></trkpt><trkpt lat="55.72957" lon="14.07005"><ele>29</ele><time>2000-01-01T08:41:06.000Z</time></trkpt><trkpt lat="55.72943" lon="14.06966"><ele>32</ele><time>2000-01-01T08:41:16.000Z</time></trkpt><trkpt lat="55.72938" lon="14.06954"><time>2000-01-01T08:41:26.000Z</time></trkpt><trkpt lat="55.72927" lon="14.06919"><ele>35</ele><time>2000-01-01T08:41:36.000Z</time></trkpt><trkpt lat="55.72915" lon="14.0689"><ele>36</ele><time>2000-01-01T08:41:46.000Z</time></trkpt><trkpt lat="55.72899" lon="14.06869"><ele>37</ele><time>2000-01-01T08:41:56.000Z</time></trkpt><trkpt lat="55.72888" lon="14.06845"><ele>39</ele><time>2000-01-01T08:42:06.000Z</time></trkpt><trkpt lat="55.72889" lon="14.06831"><time>2000-01-01T08:42:16.000Z</time></trkpt><trkpt lat="55.72893" lon="14.06815"><ele>42</ele><time>2000-01-01T08:42:26.000Z</time></trkpt><trkpt lat="55.72893" lon="14.06809"><time>2000-01-01T08:42:36.000Z</time></trkpt><trkpt lat="55.72885" lon="14.06792"><ele>43</ele><time>2000-01-01T08:42:46.000Z</time></trkpt><trkpt lat="55.72878" lon="14.0678"><time>2000-01-01T08:42:56.000Z</time></trkpt><trkpt lat="55.72867" lon="14.06757"><ele>45</ele><time>2000-01-01T08:43:06.000Z</time></trkpt><trkpt lat="55.72861" lon="14.06722"><ele>47</ele><time>2000-01-01T08:43:16.000Z</time></trkpt><trkpt lat="55.72861" lon="14.06714"><time>2000-01-01T08:43:26.000Z</time></trkpt><trkpt lat="55.72855" lon="14.06697"><ele>46</ele><time>2000-01-01T08:43:36.000Z</time></trkpt><trkpt lat="55.72849" lon="14.06689"><time>2000-01-01T08:43:46.000Z</time></trkpt><trkpt lat="55.72838" lon="14.06682"><ele>46</ele><time>2000-01-01T08:43:56.000Z</time></trkpt><trkpt lat="55.72832" lon="14.06673"><time>2000-01-01T08:44:06.000Z</time></trkpt><trkpt lat="55.72826" lon="14.06673"><time>2000-01-01T08:44:16.000Z</time></trkpt><trkpt lat="55.72824" lon="14.06674"><ele>46</ele><time>2000-01-01T08:44:26.000Z</time></trkpt><trkpt lat="55.72821" lon="14.06674"><time>2000-01-01T08:44:36.000Z</time></trkpt><trkpt lat="55.72814" lon="14.06672"><time>2000-01-01T08:44:46.000Z</time></trkpt><trkpt lat="55.728" lon="14.06663"><ele>43</ele><time>2000-01-01T08:44:56.000Z</time></trkpt><trkpt lat="55.72795" lon="14.06658"><time>2000-01-01T08:45:06.000Z</time></trkpt><trkpt lat="55.72769" lon="14.06605"><ele>37</ele><time>2000-01-01T08:45:16.000Z</time></trkpt><trkpt lat="55.72759" lon="14.06577"><ele>36</ele><time>2000-01-01T08:45:26.000Z</time></trkpt><trkpt lat="55.72748" lon="14.06548"><ele>36</ele><time>2000-01-01T08:45:36.000Z</time></trkpt><trkpt lat="55.72746" lon="14.06538"><time>2000-01-01T08:45:46.000Z</time></trkpt><trkpt lat="55.72738" lon="14.06516"><ele>36</ele><time>2000-01-01T08:45:56.000Z</time></trkpt><trkpt lat="55.7273" lon="14.06485"><ele>37</ele><time>2000-01-01T08:46:06.000Z</time></trkpt><trkpt lat="55.72719" lon="14.06457"><ele>37</ele><time>2000-01-01T08:46:16.000Z</time></trkpt><trkpt lat="55.72707" lon="14.06426"><ele>38</ele><time>2000-01-01T08:46:26.000Z</time></trkpt><trkpt lat="55.72693" lon="14.06387"><ele>38</ele><time>2000-01-01T08:46:36.000Z</time></trkpt><trkpt lat="55.72683" lon="14.06358"><ele>38</ele><time>2000-01-01T08:46:46.000Z</time></trkpt><trkpt lat="55.72673" lon="14.06329"><ele>38</ele><time>2000-01-01T08:46:56.000Z</time></trkpt><trkpt lat="55.72661" lon="14.06302"><ele>39</ele><time>2000-01-01T08:47:06.000Z</time></trkpt><trkpt lat="55.72659" lon="14.06299"><time>2000-01-01T08:47:16.000Z</time></trkpt><trkpt lat="55.72642" lon="14.06285"><ele>39</ele><time>2000-01-01T08:47:26.000Z</time></trkpt><trkpt lat="55.72606" lon="14.06277"><ele>37</ele><time>2000-01-01T08:47:36.000Z</time></trkpt><trkpt lat="55.72589" lon="14.0627"><ele>37</ele><time>2000-01-01T08:47:46.000Z</time></trkpt><trkpt lat="55.72572" lon="14.06254"><ele>37</ele><time>2000-01-01T08:47:56.000Z</time></trkpt><trkpt lat="55.72563" lon="14.0624"><time>2000-01-01T08:48:06.000Z</time></trkpt><trkpt lat="55.72542" lon="14.06202"><ele>36</ele><time>2000-01-01T08:48:16.000Z</time></trkpt><trkpt lat="55.72526" lon="14.0618"><ele>36</ele><time>2000-01-01T08:48:26.000Z</time></trkpt><trkpt lat="55.72514" lon="14.0616"><ele>36</ele><time>2000-01-01T08:48:36.000Z</time></trkpt><trkpt lat="55.72496" lon="14.06132"><ele>36</ele><time>2000-01-01T08:48:46.000Z</time></trkpt><trkpt lat="55.72468" lon="14.06088"><ele>36</ele><time>2000-01-01T08:48:56.000Z</time></trkpt><trkpt lat="55.72451" lon="14.06072"><ele>37</ele><time>2000-01-01T08:49:06.000Z</time></trkpt><trkpt lat="55.7243" lon="14.06055"><ele>37</ele><time>2000-01-01T08:49:16.000Z</time></trkpt><trkpt lat="55.72398" lon="14.06028"><ele>38</ele><time>2000-01-01T08:49:26.000Z</time></trkpt><trkpt lat="55.72378" lon="14.06007"><ele>38</ele><time>2000-01-01T08:49:36.000Z</time></trkpt><trkpt lat="55.72358" lon="14.05991"><ele>38</ele><time>2000-01-01T08:49:46.000Z</time></trkpt><trkpt lat="55.72333" lon="14.05971"><ele>38</ele><time>2000-01-01T08:49:56.000Z</time></trkpt><trkpt lat="55.72307" lon="14.05953"><ele>38</ele><time>2000-01-01T08:50:06.000Z</time></trkpt><trkpt lat="55.7227" lon="14.05945"><ele>38</ele><time>2000-01-01T08:50:16.000Z</time></trkpt><trkpt lat="55.72259" lon="14.05936"><time>2000-01-01T08:50:26.000Z</time></trkpt><trkpt lat="55.72249" lon="14.05923"><ele>38</ele><time>2000-01-01T08:50:36.000Z</time></trkpt><trkpt lat="55.72242" lon="14.05911"><time>2000-01-01T08:50:46.000Z</time></trkpt><trkpt lat="55.72229" lon="14.05886"><ele>38</ele><time>2000-01-01T08:50:56.000Z</time></trkpt><trkpt lat="55.72211" lon="14.05842"><ele>38</ele><time>2000-01-01T08:51:06.000Z</time></trkpt><trkpt lat="55.72206" lon="14.05804"><ele>39</ele><time>2000-01-01T08:51:16.000Z</time></trkpt><trkpt lat="55.72203" lon="14.05786"><time>2000-01-01T08:51:26.000Z</time></trkpt><trkpt lat="55.72198" lon="14.05764"><ele>39</ele><time>2000-01-01T08:51:36.000Z</time></trkpt><trkpt lat="55.72191" lon="14.05746"><time>2000-01-01T08:51:46.000Z</time></trkpt><trkpt lat="55.72184" lon="14.05733"><ele>39</ele><time>2000-01-01T08:51:56.000Z</time></trkpt><trkpt lat="55.72181" lon="14.05725"><time>2000-01-01T08:52:06.000Z</time></trkpt><trkpt lat="55.72168" lon="14.05683"><ele>39</ele><time>2000-01-01T08:52:16.000Z</time></trkpt><trkpt lat="55.72157" lon="14.05654"><ele>40</ele><time>2000-01-01T08:52:26.000Z</time></trkpt><trkpt lat="55.72147" lon="14.05631"><ele>40</ele><time>2000-01-01T08:52:36.000Z</time></trkpt><trkpt lat="55.72145" lon="14.05619"><time>2000-01-01T08:52:46.000Z</time></trkpt><trkpt lat="55.72142" lon="14.05609"><time>2000-01-01T08:52:56.000Z</time></trkpt><trkpt lat="55.72138" lon="14.056"><ele>42</ele><time>2000-01-01T08:53:06.000Z</time></trkpt><trkpt lat="55.72129" lon="14.05576"><ele>43</ele><time>2000-01-01T08:53:16.000Z</time></trkpt><trkpt lat="55.72126" lon="14.05566"><time>2000-01-01T08:53:26.000Z</time></trkpt><trkpt lat="55.72123" lon="14.05552"><time>2000-01-01T08:53:36.000Z</time></trkpt><trkpt lat="55.72101" lon="14.05495"><ele>47</ele><time>2000-01-01T08:53:46.000Z</time></trkpt><trkpt lat="55.72093" lon="14.05468"><ele>47</ele><time>2000-01-01T08:53:56.000Z</time></trkpt><trkpt lat="55.72084" lon="14.05429"><ele>48</ele><time>2000-01-01T08:54:06.000Z</time></trkpt><trkpt lat="55.72074" lon="14.05406"><ele>48</ele><time>2000-01-01T08:54:16.000Z</time></trkpt><trkpt lat="55.72066" lon="14.05373"><ele>47</ele><time>2000-01-01T08:54:26.000Z</time></trkpt><trkpt lat="55.72057" lon="14.05346"><ele>47</ele><time>2000-01-01T08:54:36.000Z</time></trkpt><trkpt lat="55.72055" lon="14.05333"><time>2000-01-01T08:54:46.000Z</time></trkpt><trkpt lat="55.72052" lon="14.053"><ele>49</ele><time>2000-01-01T08:54:56.000Z</time></trkpt><trkpt lat="55.72045" lon="14.05239"><ele>51</ele><time>2000-01-01T08:55:06.000Z</time></trkpt><trkpt lat="55.72043" lon="14.05195"><ele>53</ele><time>2000-01-01T08:55:16.000Z</time></trkpt><trkpt lat="55.72044" lon="14.05164"><ele>54</ele><time>2000-01-01T08:55:26.000Z</time></trkpt><trkpt lat="55.72043" lon="14.05145"><time>2000-01-01T08:55:36.000Z</time></trkpt><trkpt lat="55.72045" lon="14.05134"><ele>56</ele><time>2000-01-01T08:55:46.000Z</time></trkpt><trkpt lat="55.72046" lon="14.05122"><time>2000-01-01T08:55:56.000Z</time></trkpt><trkpt lat="55.72047" lon="14.05115"><time>2000-01-01T08:56:06.000Z</time></trkpt><trkpt lat="55.72049" lon="14.05106"><ele>57</ele><time>2000-01-01T08:56:16.000Z</time></trkpt><trkpt lat="55.72049" lon="14.05096"><time>2000-01-01T08:56:26.000Z</time></trkpt><trkpt lat="55.72048" lon="14.05081"><time>2000-01-01T08:56:36.000Z</time></trkpt><trkpt lat="55.72045" lon="14.0505"><ele>57</ele><time>2000-01-01T08:56:46.000Z</time></trkpt><trkpt lat="55.72039" lon="14.05023"><ele>58</ele><time>2000-01-01T08:56:56.000Z</time></trkpt><trkpt lat="55.72039" lon="14.0501"><time>2000-01-01T08:57:06.000Z</time></trkpt><trkpt lat="55.72041" lon="14.04997"><time>2000-01-01T08:57:16.000Z</time></trkpt><trkpt lat="55.72049" lon="14.04972"><ele>62</ele><time>2000-01-01T08:57:26.000Z</time></trkpt><trkpt lat="55.72049" lon="14.04965"><time>2000-01-01T08:57:36.000Z</time></trkpt><trkpt lat="55.72044" lon="14.04924"><ele>64</ele><time>2000-01-01T08:57:46.000Z</time></trkpt><trkpt lat="55.72045" lon="14.04899"><time>2000-01-01T08:57:56.000Z</time></trkpt><trkpt lat="55.72044" lon="14.04876"><ele>65</ele><time>2000-01-01T08:58:06.000Z</time></trkpt><trkpt lat="55.72047" lon="14.04828"><ele>66</ele><time>2000-01-01T08:58:16.000Z</time></trkpt><trkpt lat="55.72047" lon="14.04818"><time>2000-01-01T08:58:26.000Z</time></trkpt><trkpt lat="55.72045" lon="14.04804"><time>2000-01-01T08:58:36.000Z</time></trkpt><trkpt lat="55.72046" lon="14.04796"><ele>68</ele><time>2000-01-01T08:58:46.000Z</time></trkpt><trkpt lat="55.7205" lon="14.0478"><time>2000-01-01T08:58:56.000Z</time></trkpt><trkpt lat="55.72049" lon="14.0477"><ele>68</ele><time>2000-01-01T08:59:06.000Z</time></trkpt><trkpt lat="55.7205" lon="14.04768"><time>2000-01-01T08:59:16.000Z</time></trkpt><trkpt lat="55.72049" lon="14.04764"><time>2000-01-01T08:59:26.000Z</time></trkpt><trkpt lat="55.72048" lon="14.04762"><time>2000-01-01T08:59:36.000Z</time></trkpt><trkpt lat="55.72038" lon="14.04751"><ele>68</ele><time>2000-01-01T08:59:46.000Z</time></trkpt><trkpt lat="55.72019" lon="14.04727"><ele>66</ele><time>2000-01-01T08:59:56.000Z</time></trkpt><trkpt lat="55.72011" lon="14.04719"><time>2000-01-01T09:00:06.000Z</time></trkpt><trkpt lat="55.71996" lon="14.0471"><ele>63</ele><time>2000-01-01T09:00:16.000Z</time></trkpt><trkpt lat="55.71973" lon="14.04708"><ele>60</ele><time>2000-01-01T09:00:26.000Z</time></trkpt><trkpt lat="55.71964" lon="14.04703"><time>2000-01-01T09:00:36.000Z</time></trkpt><trkpt lat="55.71946" lon="14.04687"><ele>55</ele><time>2000-01-01T09:00:46.000Z</time></trkpt><trkpt lat="55.71931" lon="14.0468"><ele>56</ele><time>2000-01-01T09:00:56.000Z</time></trkpt><trkpt lat="55.71927" lon="14.04672"><time>2000-01-01T09:01:06.000Z</time></trkpt><trkpt lat="55.71921" lon="14.04639"><ele>56</ele><time>2000-01-01T09:01:16.000Z</time></trkpt><trkpt lat="55.71917" lon="14.04627"><time>2000-01-01T09:01:26.000Z</time></trkpt><trkpt lat="55.71913" lon="14.04617"><time>2000-01-01T09:01:36.000Z</time></trkpt><trkpt lat="55.71908" lon="14.04613"><ele>56</ele><time>2000-01-01T09:01:46.000Z</time></trkpt><trkpt lat="55.71903" lon="14.04611"><time>2000-01-01T09:01:56.000Z</time></trkpt><trkpt lat="55.71891" lon="14.04612"><ele>55</ele><time>2000-01-01T09:02:06.000Z</time></trkpt><trkpt lat="55.71887" lon="14.0461"><time>2000-01-01T09:02:16.000Z</time></trkpt><trkpt lat="55.71859" lon="14.04606"><ele>50</ele><time>2000-01-01T09:02:26.000Z</time></trkpt><trkpt lat="55.71839" lon="14.04599"><ele>50</ele><time>2000-01-01T09:02:36.000Z</time></trkpt><trkpt lat="55.71821" lon="14.04587"><ele>50</ele><time>2000-01-01T09:02:46.000Z</time></trkpt><trkpt lat="55.71806" lon="14.04569"><ele>50</ele><time>2000-01-01T09:02:56.000Z</time></trkpt><trkpt lat="55.718" lon="14.04561"><time>2000-01-01T09:03:06.000Z</time></trkpt><trkpt lat="55.7179" lon="14.04546"><ele>50</ele><time>2000-01-01T09:03:16.000Z</time></trkpt><trkpt lat="55.71775" lon="14.04522"><ele>50</ele><time>2000-01-01T09:03:26.000Z</time></trkpt><trkpt lat="55.71761" lon="14.04506"><ele>50</ele><time>2000-01-01T09:03:36.000Z</time></trkpt><trkpt lat="55.71746" lon="14.04501"><ele>50</ele><time>2000-01-01T09:03:46.000Z</time></trkpt><trkpt lat="55.71725" lon="14.045"><ele>50</ele><time>2000-01-01T09:03:56.000Z</time></trkpt><trkpt lat="55.71707" lon="14.04498"><ele>50</ele><time>2000-01-01T09:04:06.000Z</time></trkpt><trkpt lat="55.71686" lon="14.04491"><ele>50</ele><time>2000-01-01T09:04:16.000Z</time></trkpt><trkpt lat="55.71674" lon="14.04489"><time>2000-01-01T09:04:26.000Z</time></trkpt><trkpt lat="55.71653" lon="14.04493"><ele>50</ele><time>2000-01-01T09:04:36.000Z</time></trkpt><trkpt lat="55.71647" lon="14.04491"><time>2000-01-01T09:04:46.000Z</time></trkpt><trkpt lat="55.71636" lon="14.04485"><ele>50</ele><time>2000-01-01T09:04:56.000Z</time></trkpt><trkpt lat="55.71621" lon="14.04478"><ele>51</ele><time>2000-01-01T09:05:06.000Z</time></trkpt><trkpt lat="55.71619" lon="14.04478"><time>2000-01-01T09:05:16.000Z</time></trkpt><trkpt lat="55.71616" lon="14.0448"><time>2000-01-01T09:05:26.000Z</time></trkpt><trkpt lat="55.71608" lon="14.04478"><time>2000-01-01T09:05:36.000Z</time></trkpt><trkpt lat="55.71597" lon="14.04468"><ele>51</ele><time>2000-01-01T09:05:46.000Z</time></trkpt><trkpt lat="55.71594" lon="14.04461"><time>2000-01-01T09:05:56.000Z</time></trkpt><trkpt lat="55.71586" lon="14.04436"><ele>52</ele><time>2000-01-01T09:06:06.000Z</time></trkpt><trkpt lat="55.71584" lon="14.04423"><time>2000-01-01T09:06:16.000Z</time></trkpt><trkpt lat="55.71588" lon="14.04393"><ele>53</ele><time>2000-01-01T09:06:26.000Z</time></trkpt><trkpt lat="55.71594" lon="14.04378"><time>2000-01-01T09:06:36.000Z</time></trkpt><trkpt lat="55.71596" lon="14.0437"><ele>53</ele><time>2000-01-01T09:06:46.000Z</time></trkpt><trkpt lat="55.71595" lon="14.04351"><time>2000-01-01T09:06:56.000Z</time></trkpt><trkpt lat="55.71587" lon="14.04322"><ele>54</ele><time>2000-01-01T09:07:06.000Z</time></trkpt><trkpt lat="55.71579" lon="14.04316"><time>2000-01-01T09:07:16.000Z</time></trkpt><trkpt lat="55.71571" lon="14.04306"><ele>55</ele><time>2000-01-01T09:07:26.000Z</time></trkpt><trkpt lat="55.71567" lon="14.04304"><time>2000-01-01T09:07:36.000Z</time></trkpt><trkpt lat="55.71561" lon="14.04305"><time>2000-01-01T09:07:46.000Z</time></trkpt><trkpt lat="55.71541" lon="14.04304"><ele>56</ele><time>2000-01-01T09:07:56.000Z</time></trkpt><trkpt lat="55.71535" lon="14.04307"><time>2000-01-01T09:08:06.000Z</time></trkpt><trkpt lat="55.71526" lon="14.04315"><ele>56</ele><time>2000-01-01T09:08:16.000Z</time></trkpt><trkpt lat="55.71523" lon="14.04321"><time>2000-01-01T09:08:26.000Z</time></trkpt><trkpt lat="55.7152" lon="14.04323"><time>2000-01-01T09:08:36.000Z</time></trkpt><trkpt lat="55.71516" lon="14.04341"><ele>55</ele><time>2000-01-01T09:08:46.000Z</time></trkpt><trkpt lat="55.71514" lon="14.04361"><time>2000-01-01T09:08:56.000Z</time></trkpt><trkpt lat="55.7151" lon="14.04374"><ele>55</ele><time>2000-01-01T09:09:06.000Z</time></trkpt><trkpt lat="55.71503" lon="14.04384"><time>2000-01-01T09:09:16.000Z</time></trkpt><trkpt lat="55.71489" lon="14.04383"><ele>56</ele><time>2000-01-01T09:09:26.000Z</time></trkpt><trkpt lat="55.71482" lon="14.04377"><time>2000-01-01T09:09:36.000Z</time></trkpt><trkpt lat="55.7147" lon="14.04365"><ele>57</ele><time>2000-01-01T09:09:46.000Z</time></trkpt><trkpt lat="55.71464" lon="14.04355"><time>2000-01-01T09:09:56.000Z</time></trkpt><trkpt lat="55.71462" lon="14.04344"><time>2000-01-01T09:10:06.000Z</time></trkpt><trkpt lat="55.71463" lon="14.04342"><ele>57</ele><time>2000-01-01T09:10:16.000Z</time></trkpt><trkpt lat="55.71462" lon="14.04322"><time>2000-01-01T09:10:26.000Z</time></trkpt><trkpt lat="55.71464" lon="14.04296"><ele>58</ele><time>2000-01-01T09:10:36.000Z</time></trkpt><trkpt lat="55.71473" lon="14.04276"><time>2000-01-01T09:10:46.000Z</time></trkpt><trkpt lat="55.71473" lon="14.04272"><ele>58</ele><time>2000-01-01T09:10:56.000Z</time></trkpt><trkpt lat="55.7147" lon="14.04249"><time>2000-01-01T09:11:06.000Z</time></trkpt><trkpt lat="55.71468" lon="14.04223"><ele>59</ele><time>2000-01-01T09:11:16.000Z</time></trkpt><trkpt lat="55.71465" lon="14.04202"><time>2000-01-01T09:11:26.000Z</time></trkpt><trkpt lat="55.71451" lon="14.04178"><ele>60</ele><time>2000-01-01T09:11:36.000Z</time></trkpt><trkpt lat="55.71438" lon="14.04154"><ele>62</ele><time>2000-01-01T09:11:46.000Z</time></trkpt><trkpt lat="55.71427" lon="14.0413"><ele>64</ele><time>2000-01-01T09:11:56.000Z</time></trkpt><trkpt lat="55.7141" lon="14.04079"><ele>67</ele><time>2000-01-01T09:12:06.000Z</time></trkpt><trkpt lat="55.71398" lon="14.04051"><ele>69</ele><time>2000-01-01T09:12:16.000Z</time></trkpt><trkpt lat="55.71394" lon="14.04037"><time>2000-01-01T09:12:26.000Z</time></trkpt><trkpt lat="55.71388" lon="14.04024"><ele>69</ele><time>2000-01-01T09:12:36.000Z</time></trkpt><trkpt lat="55.71384" lon="14.0401"><time>2000-01-01T09:12:46.000Z</time></trkpt><trkpt lat="55.71379" lon="14.03986"><ele>69</ele><time>2000-01-01T09:12:56.000Z</time></trkpt><trkpt lat="55.71377" lon="14.0398"><time>2000-01-01T09:13:06.000Z</time></trkpt><trkpt lat="55.71372" lon="14.03956"><ele>67</ele><time>2000-01-01T09:13:16.000Z</time></trkpt><trkpt lat="55.71368" lon="14.03924"><ele>66</ele><time>2000-01-01T09:13:26.000Z</time></trkpt><trkpt lat="55.71363" lon="14.03894"><ele>65</ele><time>2000-01-01T09:13:36.000Z</time></trkpt><trkpt lat="55.71361" lon="14.03859"><ele>63</ele><time>2000-01-01T09:13:46.000Z</time></trkpt><trkpt lat="55.71358" lon="14.0384"><time>2000-01-01T09:13:56.000Z</time></trkpt><trkpt lat="55.71351" lon="14.03814"><ele>63</ele><time>2000-01-01T09:14:06.000Z</time></trkpt><trkpt lat="55.7134" lon="14.03788"><ele>63</ele><time>2000-01-01T09:14:16.000Z</time></trkpt><trkpt lat="55.71332" lon="14.03756"><ele>63</ele><time>2000-01-01T09:14:26.000Z</time></trkpt><trkpt lat="55.71321" lon="14.0372"><ele>63</ele><time>2000-01-01T09:14:36.000Z</time></trkpt><trkpt lat="55.71313" lon="14.03684"><ele>62</ele><time>2000-01-01T09:14:46.000Z</time></trkpt><trkpt lat="55.71289" lon="14.03637"><ele>61</ele><time>2000-01-01T09:14:56.000Z</time></trkpt><trkpt lat="55.71273" lon="14.03592"><ele>61</ele><time>2000-01-01T09:15:06.000Z</time></trkpt><trkpt lat="55.71271" lon="14.03583"><time>2000-01-01T09:15:16.000Z</time></trkpt><trkpt lat="55.71268" lon="14.03573"><time>2000-01-01T09:15:26.000Z</time></trkpt><trkpt lat="55.71265" lon="14.0355"><ele>61</ele><time>2000-01-01T09:15:36.000Z</time></trkpt><trkpt lat="55.71265" lon="14.03517"><ele>62</ele><time>2000-01-01T09:15:46.000Z</time></trkpt><trkpt lat="55.7126" lon="14.03488"><ele>61</ele><time>2000-01-01T09:15:56.000Z</time></trkpt><trkpt lat="55.71249" lon="14.03458"><ele>61</ele><time>2000-01-01T09:16:06.000Z</time></trkpt><trkpt lat="55.71236" lon="14.03424"><ele>61</ele><time>2000-01-01T09:16:16.000Z</time></trkpt><trkpt lat="55.71231" lon="14.03394"><ele>62</ele><time>2000-01-01T09:16:26.000Z</time></trkpt><trkpt lat="55.71231" lon="14.0336"><ele>63</ele><time>2000-01-01T09:16:36.000Z</time></trkpt><trkpt lat="55.71228" lon="14.03314"><ele>63</ele><time>2000-01-01T09:16:46.000Z</time></trkpt><trkpt lat="55.71227" lon="14.03273"><ele>65</ele><time>2000-01-01T09:16:56.000Z</time></trkpt><trkpt lat="55.7122" lon="14.03225"><ele>65</ele><time>2000-01-01T09:17:06.000Z</time></trkpt><trkpt lat="55.71208" lon="14.03191"><ele>65</ele><time>2000-01-01T09:17:16.000Z</time></trkpt><trkpt lat="55.71197" lon="14.03172"><ele>64</ele><time>2000-01-01T09:17:26.000Z</time></trkpt><trkpt lat="55.71188" lon="14.03163"><time>2000-01-01T09:17:36.000Z</time></trkpt><trkpt lat="55.71177" lon="14.03157"><ele>61</ele><time>2000-01-01T09:17:46.000Z</time></trkpt><trkpt lat="55.7117" lon="14.0315"><time>2000-01-01T09:17:56.000Z</time></trkpt><trkpt lat="55.71162" lon="14.03137"><ele>61</ele><time>2000-01-01T09:18:06.000Z</time></trkpt><trkpt lat="55.71157" lon="14.03125"><time>2000-01-01T09:18:16.000Z</time></trkpt><trkpt lat="55.71151" lon="14.03105"><ele>63</ele><time>2000-01-01T09:18:26.000Z</time></trkpt><trkpt lat="55.71145" lon="14.03071"><ele>64</ele><time>2000-01-01T09:18:36.000Z</time></trkpt><trkpt lat="55.71138" lon="14.0304"><ele>65</ele><time>2000-01-01T09:18:46.000Z</time></trkpt><trkpt lat="55.71129" lon="14.03005"><ele>65</ele><time>2000-01-01T09:18:56.000Z</time></trkpt><trkpt lat="55.71132" lon="14.02973"><ele>65</ele><time>2000-01-01T09:19:06.000Z</time></trkpt><trkpt lat="55.71141" lon="14.02943"><ele>65</ele><time>2000-01-01T09:19:16.000Z</time></trkpt><trkpt lat="55.7115" lon="14.02905"><ele>64</ele><time>2000-01-01T09:19:26.000Z</time></trkpt><trkpt lat="55.71157" lon="14.02884"><time>2000-01-01T09:19:36.000Z</time></trkpt><trkpt lat="55.71164" lon="14.02857"><ele>64</ele><time>2000-01-01T09:19:46.000Z</time></trkpt><trkpt lat="55.71171" lon="14.02825"><ele>64</ele><time>2000-01-01T09:19:56.000Z</time></trkpt><trkpt lat="55.71184" lon="14.02776"><ele>67</ele><time>2000-01-01T09:20:06.000Z</time></trkpt><trkpt lat="55.71186" lon="14.02755"><time>2000-01-01T09:20:16.000Z</time></trkpt><trkpt lat="55.71185" lon="14.02741"><ele>67</ele><time>2000-01-01T09:20:26.000Z</time></trkpt><trkpt lat="55.71182" lon="14.02722"><time>2000-01-01T09:20:36.000Z</time></trkpt><trkpt lat="55.71171" lon="14.02694"><ele>67</ele><time>2000-01-01T09:20:46.000Z</time></trkpt><trkpt lat="55.71168" lon="14.02682"><time>2000-01-01T09:20:56.000Z</time></trkpt><trkpt lat="55.71159" lon="14.02658"><ele>67</ele><time>2000-01-01T09:21:06.000Z</time></trkpt><trkpt lat="55.71157" lon="14.02648"><time>2000-01-01T09:21:16.000Z</time></trkpt><trkpt lat="55.71151" lon="14.02625"><ele>68</ele><time>2000-01-01T09:21:26.000Z</time></trkpt><trkpt lat="55.71147" lon="14.02604"><time>2000-01-01T09:21:36.000Z</time></trkpt><trkpt lat="55.71144" lon="14.02568"><ele>69</ele><time>2000-01-01T09:21:46.000Z</time></trkpt><trkpt lat="55.71143" lon="14.02512"><ele>71</ele><time>2000-01-01T09:21:56.000Z</time></trkpt><trkpt lat="55.71139" lon="14.02488"><time>2000-01-01T09:22:06.000Z</time></trkpt><trkpt lat="55.71131" lon="14.02456"><ele>71</ele><time>2000-01-01T09:22:16.000Z</time></trkpt><trkpt lat="55.71118" lon="14.02414"><ele>72</ele><time>2000-01-01T09:22:26.000Z</time></trkpt><trkpt lat="55.711" lon="14.02361"><ele>73</ele><time>2000-01-01T09:22:36.000Z</time></trkpt><trkpt lat="55.71087" lon="14.02338"><ele>73</ele><time>2000-01-01T09:22:46.000Z</time></trkpt><trkpt lat="55.71082" lon="14.02332"><time>2000-01-01T09:22:56.000Z</time></trkpt><trkpt lat="55.71069" lon="14.02311"><ele>73</ele><time>2000-01-01T09:23:06.000Z</time></trkpt><trkpt lat="55.71061" lon="14.02296"><time>2000-01-01T09:23:16.000Z</time></trkpt><trkpt lat="55.71054" lon="14.02285"><ele>75</ele><time>2000-01-01T09:23:26.000Z</time></trkpt><trkpt lat="55.71025" lon="14.02252"><ele>75</ele><time>2000-01-01T09:23:36.000Z</time></trkpt><trkpt lat="55.71016" lon="14.02245"><time>2000-01-01T09:23:46.000Z</time></trkpt><trkpt lat="55.71012" lon="14.02241"><time>2000-01-01T09:23:56.000Z</time></trkpt><trkpt lat="55.71006" lon="14.02237"><ele>75</ele><time>2000-01-01T09:24:06.000Z</time></trkpt><trkpt lat="55.70999" lon="14.02229"><time>2000-01-01T09:24:16.000Z</time></trkpt><trkpt lat="55.70989" lon="14.02213"><ele>74</ele><time>2000-01-01T09:24:26.000Z</time></trkpt><trkpt lat="55.70986" lon="14.02209"><time>2000-01-01T09:24:36.000Z</time></trkpt><trkpt lat="55.70974" lon="14.02201"><ele>74</ele><time>2000-01-01T09:24:46.000Z</time></trkpt><trkpt lat="55.7096" lon="14.02188"><ele>73</ele><time>2000-01-01T09:24:56.000Z</time></trkpt><trkpt lat="55.70943" lon="14.02163"><ele>72</ele><time>2000-01-01T09:25:06.000Z</time></trkpt><trkpt lat="55.70932" lon="14.02145"><time>2000-01-01T09:25:16.000Z</time></trkpt><trkpt lat="55.70929" lon="14.02137"><ele>73</ele><time>2000-01-01T09:25:26.000Z</time></trkpt><trkpt lat="55.70927" lon="14.02113"><time>2000-01-01T09:25:36.000Z</time></trkpt><trkpt lat="55.70921" lon="14.02081"><ele>74</ele><time>2000-01-01T09:25:46.000Z</time></trkpt><trkpt lat="55.70907" lon="14.02034"><ele>74</ele><time>2000-01-01T09:25:56.000Z</time></trkpt><trkpt lat="55.70895" lon="14.02001"><ele>74</ele><time>2000-01-01T09:26:06.000Z</time></trkpt><trkpt lat="55.70885" lon="14.01967"><ele>76</ele><time>2000-01-01T09:26:16.000Z</time></trkpt><trkpt lat="55.70874" lon="14.01947"><ele>76</ele><time>2000-01-01T09:26:26.000Z</time></trkpt><trkpt lat="55.70869" lon="14.01936"><time>2000-01-01T09:26:36.000Z</time></trkpt><trkpt lat="55.70855" lon="14.01916"><ele>75</ele><time>2000-01-01T09:26:46.000Z</time></trkpt><trkpt lat="55.70845" lon="14.01904"><time>2000-01-01T09:26:56.000Z</time></trkpt><trkpt lat="55.70842" lon="14.0189"><ele>75</ele><time>2000-01-01T09:27:06.000Z</time></trkpt><trkpt lat="55.70841" lon="14.0187"><time>2000-01-01T09:27:16.000Z</time></trkpt><trkpt lat="55.70832" lon="14.01821"><ele>77</ele><time>2000-01-01T09:27:26.000Z</time></trkpt><trkpt lat="55.70832" lon="14.01778"><ele>79</ele><time>2000-01-01T09:27:36.000Z</time></trkpt><trkpt lat="55.70841" lon="14.01741"><ele>79</ele><time>2000-01-01T09:27:46.000Z</time></trkpt><trkpt lat="55.70841" lon="14.0173"><time>2000-01-01T09:27:56.000Z</time></trkpt><trkpt lat="55.7084" lon="14.01728"><time>2000-01-01T09:28:06.000Z</time></trkpt><trkpt lat="55.70838" lon="14.01716"><time>2000-01-01T09:28:16.000Z</time></trkpt><trkpt lat="55.7084" lon="14.017"><ele>80</ele><time>2000-01-01T09:28:26.000Z</time></trkpt><trkpt lat="55.70841" lon="14.01699"><time>2000-01-01T09:28:36.000Z</time></trkpt><trkpt lat="55.70843" lon="14.017"><time>2000-01-01T09:28:46.000Z</time></trkpt><trkpt lat="55.7085" lon="14.01712"><time>2000-01-01T09:28:56.000Z</time></trkpt><trkpt lat="55.70852" lon="14.0172"><ele>83</ele><time>2000-01-01T09:29:06.000Z</time></trkpt><trkpt lat="55.70854" lon="14.01731"><time>2000-01-01T09:29:16.000Z</time></trkpt><trkpt lat="55.70859" lon="14.01741"><time>2000-01-01T09:29:26.000Z</time></trkpt><trkpt lat="55.70862" lon="14.01742"><ele>84</ele><time>2000-01-01T09:29:36.000Z</time></trkpt><trkpt lat="55.70863" lon="14.01741"><time>2000-01-01T09:29:46.000Z</time></trkpt><trkpt lat="55.70867" lon="14.01727"><time>2000-01-01T09:29:56.000Z</time></trkpt><trkpt lat="55.70883" lon="14.01659"><ele>88</ele><time>2000-01-01T09:30:06.000Z</time></trkpt><trkpt lat="55.70892" lon="14.01629"><ele>90</ele><time>2000-01-01T09:30:16.000Z</time></trkpt><trkpt lat="55.70903" lon="14.01604"><ele>89</ele><time>2000-01-01T09:30:26.000Z</time></trkpt><trkpt lat="55.70903" lon="14.01601"><time>2000-01-01T09:30:36.000Z</time></trkpt><trkpt lat="55.70895" lon="14.01571"><ele>89</ele><time>2000-01-01T09:30:46.000Z</time></trkpt><trkpt lat="55.70891" lon="14.01553"><time>2000-01-01T09:30:56.000Z</time></trkpt><trkpt lat="55.70889" lon="14.01539"><ele>89</ele><time>2000-01-01T09:31:06.000Z</time></trkpt><trkpt lat="55.70888" lon="14.01519"><time>2000-01-01T09:31:16.000Z</time></trkpt><trkpt lat="55.70888" lon="14.01486"><ele>89</ele><time>2000-01-01T09:31:26.000Z</time></trkpt><trkpt lat="55.70889" lon="14.01451"><ele>89</ele><time>2000-01-01T09:31:36.000Z</time></trkpt><trkpt lat="55.70894" lon="14.01419"><ele>91</ele><time>2000-01-01T09:31:46.000Z</time></trkpt><trkpt lat="55.70898" lon="14.01406"><time>2000-01-01T09:31:56.000Z</time></trkpt><trkpt lat="55.709" lon="14.01389"><ele>92</ele><time>2000-01-01T09:32:06.000Z</time></trkpt><trkpt lat="55.70901" lon="14.01359"><ele>94</ele><time>2000-01-01T09:32:16.000Z</time></trkpt><trkpt lat="55.709" lon="14.01329"><ele>94</ele><time>2000-01-01T09:32:26.000Z</time></trkpt><trkpt lat="55.70893" lon="14.01298"><ele>94</ele><time>2000-01-01T09:32:36.000Z</time></trkpt><trkpt lat="55.70887" lon="14.01266"><ele>93</ele><time>2000-01-01T09:32:46.000Z</time></trkpt><trkpt lat="55.70882" lon="14.01234"><ele>93</ele><time>2000-01-01T09:32:56.000Z</time></trkpt><trkpt lat="55.70882" lon="14.01196"><ele>93</ele><time>2000-01-01T09:33:06.000Z</time></trkpt><trkpt lat="55.70881" lon="14.01169"><ele>92</ele><time>2000-01-01T09:33:16.000Z</time></trkpt><trkpt lat="55.70876" lon="14.01132"><ele>90</ele><time>2000-01-01T09:33:26.000Z</time></trkpt><trkpt lat="55.70871" lon="14.01114"><time>2000-01-01T09:33:36.000Z</time></trkpt><trkpt lat="55.70868" lon="14.01107"><ele>87</ele><time>2000-01-01T09:33:46.000Z</time></trkpt><trkpt lat="55.70857" lon="14.011"><time>2000-01-01T09:33:56.000Z</time></trkpt><trkpt lat="55.70837" lon="14.01091"><ele>83</ele><time>2000-01-01T09:34:06.000Z</time></trkpt><trkpt lat="55.70834" lon="14.01089"><time>2000-01-01T09:34:16.000Z</time></trkpt><trkpt lat="55.7082" lon="14.01067"><ele>82</ele><time>2000-01-01T09:34:26.000Z</time></trkpt><trkpt lat="55.70819" lon="14.01062"><time>2000-01-01T09:34:36.000Z</time></trkpt><trkpt lat="55.70819" lon="14.01035"><ele>82</ele><time>2000-01-01T09:34:46.000Z</time></trkpt><trkpt lat="55.70822" lon="14.0099"><ele>81</ele><time>2000-01-01T09:34:56.000Z</time></trkpt><trkpt lat="55.70826" lon="14.00952"><ele>81</ele><time>2000-01-01T09:35:06.000Z</time></trkpt><trkpt lat="55.70832" lon="14.00899"><ele>83</ele><time>2000-01-01T09:35:16.000Z</time></trkpt><trkpt lat="55.70838" lon="14.00864"><ele>83</ele><time>2000-01-01T09:35:26.000Z</time></trkpt><trkpt lat="55.70845" lon="14.00824"><ele>84</ele><time>2000-01-01T09:35:36.000Z</time></trkpt><trkpt lat="55.70849" lon="14.00791"><ele>85</ele><time>2000-01-01T09:35:46.000Z</time></trkpt><trkpt lat="55.70853" lon="14.00757"><ele>86</ele><time>2000-01-01T09:35:56.000Z</time></trkpt><trkpt lat="55.70854" lon="14.00723"><ele>87</ele><time>2000-01-01T09:36:06.000Z</time></trkpt><trkpt lat="55.7085" lon="14.00696"><ele>88</ele><time>2000-01-01T09:36:16.000Z</time></trkpt><trkpt lat="55.7085" lon="14.00668"><ele>88</ele><time>2000-01-01T09:36:26.000Z</time></trkpt><trkpt lat="55.70849" lon="14.00649"><time>2000-01-01T09:36:36.000Z</time></trkpt><trkpt lat="55.70839" lon="14.00587"><ele>87</ele><time>2000-01-01T09:36:46.000Z</time></trkpt><trkpt lat="55.70833" lon="14.00557"><ele>86</ele><time>2000-01-01T09:36:56.000Z</time></trkpt><trkpt lat="55.70824" lon="14.0052"><ele>86</ele><time>2000-01-01T09:37:06.000Z</time></trkpt><trkpt lat="55.70817" lon="14.00483"><ele>88</ele><time>2000-01-01T09:37:16.000Z</time></trkpt><trkpt lat="55.70808" lon="14.00448"><ele>89</ele><time>2000-01-01T09:37:26.000Z</time></trkpt><trkpt lat="55.70797" lon="14.00403"><ele>90</ele><time>2000-01-01T09:37:36.000Z</time></trkpt><trkpt lat="55.70793" lon="14.00376"><ele>90</ele><time>2000-01-01T09:37:46.000Z</time></trkpt><trkpt lat="55.70781" lon="14.00327"><ele>91</ele><time>2000-01-01T09:37:56.000Z</time></trkpt><trkpt lat="55.70775" lon="14.003"><ele>92</ele><time>2000-01-01T09:38:06.000Z</time></trkpt><trkpt lat="55.70774" lon="14.00277"><time>2000-01-01T09:38:16.000Z</time></trkpt><trkpt lat="55.70773" lon="14.00272"><ele>92</ele><time>2000-01-01T09:38:26.000Z</time></trkpt><trkpt lat="55.70767" lon="14.00251"><time>2000-01-01T09:38:36.000Z</time></trkpt><trkpt lat="55.70744" lon="14.002"><ele>94</ele><time>2000-01-01T09:38:46.000Z</time></trkpt><trkpt lat="55.70731" lon="14.00158"><ele>95</ele><time>2000-01-01T09:38:56.000Z</time></trkpt><trkpt lat="55.70726" lon="14.0014"><time>2000-01-01T09:39:06.000Z</time></trkpt><trkpt lat="55.70724" lon="14.00131"><ele>97</ele><time>2000-01-01T09:39:16.000Z</time></trkpt><trkpt lat="55.70723" lon="14.00119"><time>2000-01-01T09:39:26.000Z</time></trkpt><trkpt lat="55.70717" lon="14.00102"><ele>98</ele><time>2000-01-01T09:39:36.000Z</time></trkpt><trkpt lat="55.70715" lon="14.00076"><time>2000-01-01T09:39:46.000Z</time></trkpt><trkpt lat="55.70716" lon="14.00036"><ele>98</ele><time>2000-01-01T09:39:56.000Z</time></trkpt><trkpt lat="55.7072" lon="14.00001"><ele>97</ele><time>2000-01-01T09:40:06.000Z</time></trkpt><trkpt lat="55.70724" lon="13.99985"><time>2000-01-01T09:40:16.000Z</time></trkpt><trkpt lat="55.70726" lon="13.99971"><ele>97</ele><time>2000-01-01T09:40:26.000Z</time></trkpt><trkpt lat="55.70727" lon="13.9995"><time>2000-01-01T09:40:36.000Z</time></trkpt><trkpt lat="55.70728" lon="13.99945"><time>2000-01-01T09:40:46.000Z</time></trkpt><trkpt lat="55.70733" lon="13.99887"><ele>97</ele><time>2000-01-01T09:40:56.000Z</time></trkpt><trkpt lat="55.70732" lon="13.99866"><time>2000-01-01T09:41:06.000Z</time></trkpt><trkpt lat="55.70727" lon="13.99826"><ele>97</ele><time>2000-01-01T09:41:16.000Z</time></trkpt><trkpt lat="55.7073" lon="13.99812"><time>2000-01-01T09:41:26.000Z</time></trkpt><trkpt lat="55.70729" lon="13.99801"><time>2000-01-01T09:41:36.000Z</time></trkpt><trkpt lat="55.70729" lon="13.99793"><ele>97</ele><time>2000-01-01T09:41:46.000Z</time></trkpt><trkpt lat="55.70733" lon="13.99783"><time>2000-01-01T09:41:56.000Z</time></trkpt><trkpt lat="55.70733" lon="13.99764"><ele>96</ele><time>2000-01-01T09:42:06.000Z</time></trkpt><trkpt lat="55.70731" lon="13.99757"><time>2000-01-01T09:42:16.000Z</time></trkpt><trkpt lat="55.70736" lon="13.99744"><time>2000-01-01T09:42:26.000Z</time></trkpt><trkpt lat="55.70737" lon="13.99728"><ele>96</ele><time>2000-01-01T09:42:36.000Z</time></trkpt><trkpt lat="55.70734" lon="13.99706"><time>2000-01-01T09:42:46.000Z</time></trkpt><trkpt lat="55.70732" lon="13.99703"><ele>96</ele><time>2000-01-01T09:42:56.000Z</time></trkpt><trkpt lat="55.70732" lon="13.99695"><time>2000-01-01T09:43:06.000Z</time></trkpt><trkpt lat="55.70733" lon="13.99683"><time>2000-01-01T09:43:16.000Z</time></trkpt><trkpt lat="55.70752" lon="13.99599"><ele>97</ele><time>2000-01-01T09:43:26.000Z</time></trkpt><trkpt lat="55.70769" lon="13.99555"><ele>99</ele><time>2000-01-01T09:43:36.000Z</time></trkpt><trkpt lat="55.70777" lon="13.99506"><ele>99</ele><time>2000-01-01T09:43:46.000Z</time></trkpt><trkpt lat="55.70786" lon="13.99465"><ele>99</ele><time>2000-01-01T09:43:56.000Z</time></trkpt><trkpt lat="55.70792" lon="13.99442"><time>2000-01-01T09:44:06.000Z</time></trkpt><trkpt lat="55.70802" lon="13.99412"><ele>99</ele><time>2000-01-01T09:44:16.000Z</time></trkpt><trkpt lat="55.70816" lon="13.99386"><ele>99</ele><time>2000-01-01T09:44:26.000Z</time></trkpt><trkpt lat="55.70825" lon="13.99357"><ele>100</ele><time>2000-01-01T09:44:36.000Z</time></trkpt><trkpt lat="55.70828" lon="13.99323"><ele>100</ele><time>2000-01-01T09:44:46.000Z</time></trkpt><trkpt lat="55.70827" lon="13.99308"><time>2000-01-01T09:44:56.000Z</time></trkpt><trkpt lat="55.70837" lon="13.99268"><ele>100</ele><time>2000-01-01T09:45:06.000Z</time></trkpt><trkpt lat="55.70841" lon="13.99234"><ele>99</ele><time>2000-01-01T09:45:16.000Z</time></trkpt><trkpt lat="55.70841" lon="13.99192"><ele>99</ele><time>2000-01-01T09:45:26.000Z</time></trkpt><trkpt lat="55.70842" lon="13.99168"><time>2000-01-01T09:45:36.000Z</time></trkpt><trkpt lat="55.70846" lon="13.99134"><ele>99</ele><time>2000-01-01T09:45:46.000Z</time></trkpt><trkpt lat="55.70853" lon="13.99096"><ele>99</ele><time>2000-01-01T09:45:56.000Z</time></trkpt><trkpt lat="55.70856" lon="13.99089"><time>2000-01-01T09:46:06.000Z</time></trkpt><trkpt lat="55.70862" lon="13.99081"><time>2000-01-01T09:46:16.000Z</time></trkpt><trkpt lat="55.70873" lon="13.99073"><ele>97</ele><time>2000-01-01T09:46:26.000Z</time></trkpt><trkpt lat="55.70885" lon="13.99073"><time>2000-01-01T09:46:36.000Z</time></trkpt><trkpt lat="55.70906" lon="13.99078"><ele>94</ele><time>2000-01-01T09:46:46.000Z</time></trkpt><trkpt lat="55.7091" lon="13.99081"><time>2000-01-01T09:46:56.000Z</time></trkpt><trkpt lat="55.70915" lon="13.99086"><time>2000-01-01T09:47:06.000Z</time></trkpt><trkpt lat="55.70916" lon="13.99088"><time>2000-01-01T09:47:16.000Z</time></trkpt><trkpt lat="55.70923" lon="13.99081"><ele>91</ele><time>2000-01-01T09:47:26.000Z</time></trkpt><trkpt lat="55.70937" lon="13.99054"><ele>91</ele><time>2000-01-01T09:47:36.000Z</time></trkpt><trkpt lat="55.70951" lon="13.99024"><ele>89</ele><time>2000-01-01T09:47:46.000Z</time></trkpt><trkpt lat="55.70964" lon="13.98999"><ele>88</ele><time>2000-01-01T09:47:56.000Z</time></trkpt><trkpt lat="55.70979" lon="13.98973"><ele>88</ele><time>2000-01-01T09:48:06.000Z</time></trkpt><trkpt lat="55.71" lon="13.98926"><ele>86</ele><time>2000-01-01T09:48:16.000Z</time></trkpt><trkpt lat="55.71011" lon="13.98896"><ele>85</ele><time>2000-01-01T09:48:26.000Z</time></trkpt><trkpt lat="55.71024" lon="13.98864"><ele>85</ele><time>2000-01-01T09:48:36.000Z</time></trkpt><trkpt lat="55.71037" lon="13.98835"><ele>85</ele><time>2000-01-01T09:48:46.000Z</time></trkpt><trkpt lat="55.71053" lon="13.988"><ele>86</ele><time>2000-01-01T09:48:56.000Z</time></trkpt><trkpt lat="55.71071" lon="13.98762"><ele>87</ele><time>2000-01-01T09:49:06.000Z</time></trkpt><trkpt lat="55.71075" lon="13.98756"><time>2000-01-01T09:49:16.000Z</time></trkpt><trkpt lat="55.71079" lon="13.98752"><time>2000-01-01T09:49:26.000Z</time></trkpt><trkpt lat="55.71084" lon="13.98749"><time>2000-01-01T09:49:36.000Z</time></trkpt><trkpt lat="55.71091" lon="13.98747"><ele>87</ele><time>2000-01-01T09:49:46.000Z</time></trkpt><trkpt lat="55.71111" lon="13.98745"><ele>87</ele><time>2000-01-01T09:49:56.000Z</time></trkpt><trkpt lat="55.7113" lon="13.98742"><ele>87</ele><time>2000-01-01T09:50:06.000Z</time></trkpt><trkpt lat="55.7115" lon="13.98739"><ele>88</ele><time>2000-01-01T09:50:16.000Z</time></trkpt><trkpt lat="55.71164" lon="13.98733"><time>2000-01-01T09:50:26.000Z</time></trkpt><trkpt lat="55.71167" lon="13.98733"><ele>88</ele><time>2000-01-01T09:50:36.000Z</time></trkpt><trkpt lat="55.71181" lon="13.9873"><time>2000-01-01T09:50:46.000Z</time></trkpt><trkpt lat="55.71198" lon="13.98733"><ele>89</ele><time>2000-01-01T09:50:56.000Z</time></trkpt><trkpt lat="55.71223" lon="13.98733"><ele>90</ele><time>2000-01-01T09:51:06.000Z</time></trkpt><trkpt lat="55.71244" lon="13.98731"><ele>91</ele><time>2000-01-01T09:51:16.000Z</time></trkpt><trkpt lat="55.71265" lon="13.98725"><ele>92</ele><time>2000-01-01T09:51:26.000Z</time></trkpt><trkpt lat="55.71286" lon="13.98724"><ele>93</ele><time>2000-01-01T09:51:36.000Z</time></trkpt><trkpt lat="55.71311" lon="13.98723"><ele>95</ele><time>2000-01-01T09:51:46.000Z</time></trkpt><trkpt lat="55.71313" lon="13.98721"><time>2000-01-01T09:51:56.000Z</time></trkpt><trkpt lat="55.71326" lon="13.98718"><ele>95</ele><time>2000-01-01T09:52:06.000Z</time></trkpt><trkpt lat="55.71328" lon="13.98711"><time>2000-01-01T09:52:16.000Z</time></trkpt><trkpt lat="55.71331" lon="13.98708"><time>2000-01-01T09:52:26.000Z</time></trkpt><trkpt lat="55.71338" lon="13.98698"><ele>96</ele><time>2000-01-01T09:52:36.000Z</time></trkpt><trkpt lat="55.71345" lon="13.98685"><time>2000-01-01T09:52:46.000Z</time></trkpt><trkpt lat="55.71351" lon="13.98669"><ele>96</ele><time>2000-01-01T09:52:56.000Z</time></trkpt><trkpt lat="55.71366" lon="13.98643"><ele>96</ele><time>2000-01-01T09:53:06.000Z</time></trkpt><trkpt lat="55.71381" lon="13.98619"><ele>96</ele><time>2000-01-01T09:53:16.000Z</time></trkpt><trkpt lat="55.71384" lon="13.9861"><time>2000-01-01T09:53:26.000Z</time></trkpt><trkpt lat="55.71383" lon="13.9858"><ele>96</ele><time>2000-01-01T09:53:36.000Z</time></trkpt><trkpt lat="55.71387" lon="13.98546"><ele>94</ele><time>2000-01-01T09:53:46.000Z</time></trkpt><trkpt lat="55.71391" lon="13.98511"><ele>94</ele><time>2000-01-01T09:53:56.000Z</time></trkpt><trkpt lat="55.71393" lon="13.98473"><ele>94</ele><time>2000-01-01T09:54:06.000Z</time></trkpt><trkpt lat="55.71394" lon="13.98468"><time>2000-01-01T09:54:16.000Z</time></trkpt><trkpt lat="55.71399" lon="13.98455"><time>2000-01-01T09:54:26.000Z</time></trkpt><trkpt lat="55.71404" lon="13.98433"><ele>95</ele><time>2000-01-01T09:54:36.000Z</time></trkpt><trkpt lat="55.71408" lon="13.98411"><time>2000-01-01T09:54:46.000Z</time></trkpt><trkpt lat="55.71404" lon="13.98356"><ele>97</ele><time>2000-01-01T09:54:56.000Z</time></trkpt><trkpt lat="55.71397" lon="13.98312"><ele>97</ele><time>2000-01-01T09:55:06.000Z</time></trkpt><trkpt lat="55.71396" lon="13.98302"><time>2000-01-01T09:55:16.000Z</time></trkpt><trkpt lat="55.71398" lon="13.98275"><ele>98</ele><time>2000-01-01T09:55:26.000Z</time></trkpt><trkpt lat="55.71402" lon="13.98241"><ele>99</ele><time>2000-01-01T09:55:36.000Z</time></trkpt><trkpt lat="55.71406" lon="13.98204"><ele>99</ele><time>2000-01-01T09:55:46.000Z</time></trkpt><trkpt lat="55.71413" lon="13.98162"><ele>99</ele><time>2000-01-01T09:55:56.000Z</time></trkpt><trkpt lat="55.71417" lon="13.98147"><time>2000-01-01T09:56:06.000Z</time></trkpt><trkpt lat="55.71426" lon="13.9812"><ele>99</ele><time>2000-01-01T09:56:16.000Z</time></trkpt><trkpt lat="55.71443" lon="13.98072"><ele>99</ele><time>2000-01-01T09:56:26.000Z</time></trkpt><trkpt lat="55.71451" lon="13.9804"><ele>99</ele><time>2000-01-01T09:56:36.000Z</time></trkpt><trkpt lat="55.71456" lon="13.98014"><ele>99</ele><time>2000-01-01T09:56:46.000Z</time></trkpt><trkpt lat="55.7146" lon="13.98002"><time>2000-01-01T09:56:56.000Z</time></trkpt><trkpt lat="55.71472" lon="13.97978"><ele>101</ele><time>2000-01-01T09:57:06.000Z</time></trkpt><trkpt lat="55.7149" lon="13.97951"><ele>102</ele><time>2000-01-01T09:57:16.000Z</time></trkpt><trkpt lat="55.71506" lon="13.97929"><ele>103</ele><time>2000-01-01T09:57:26.000Z</time></trkpt><trkpt lat="55.71524" lon="13.97898"><ele>103</ele><time>2000-01-01T09:57:36.000Z</time></trkpt><trkpt lat="55.71527" lon="13.97891"><time>2000-01-01T09:57:46.000Z</time></trkpt><trkpt lat="55.71541" lon="13.97845"><ele>104</ele><time>2000-01-01T09:57:56.000Z</time></trkpt><trkpt lat="55.71557" lon="13.97806"><ele>104</ele><time>2000-01-01T09:58:06.000Z</time></trkpt><trkpt lat="55.71572" lon="13.97776"><ele>103</ele><time>2000-01-01T09:58:16.000Z</time></trkpt><trkpt lat="55.71592" lon="13.97757"><ele>103</ele><time>2000-01-01T09:58:26.000Z</time></trkpt><trkpt lat="55.71619" lon="13.9773"><ele>103</ele><time>2000-01-01T09:58:36.000Z</time></trkpt><trkpt lat="55.7163" lon="13.97721"><time>2000-01-01T09:58:46.000Z</time></trkpt><trkpt lat="55.71644" lon="13.97705"><ele>104</ele><time>2000-01-01T09:58:56.000Z</time></trkpt><trkpt lat="55.71654" lon="13.97686"><time>2000-01-01T09:59:06.000Z</time></trkpt><trkpt lat="55.71663" lon="13.97661"><ele>105</ele><time>2000-01-01T09:59:16.000Z</time></trkpt><trkpt lat="55.71669" lon="13.97624"><ele>105</ele><time>2000-01-01T09:59:26.000Z</time></trkpt><trkpt lat="55.71674" lon="13.97565"><ele>105</ele><time>2000-01-01T09:59:36.000Z</time></trkpt><trkpt lat="55.71677" lon="13.97539"><time>2000-01-01T09:59:46.000Z</time></trkpt><trkpt lat="55.71678" lon="13.97511"><ele>105</ele><time>2000-01-01T09:59:56.000Z</time></trkpt><trkpt lat="55.71685" lon="13.97476"><ele>105</ele><time>2000-01-01T10:00:06.000Z</time></trkpt><trkpt lat="55.71694" lon="13.97435"><ele>104</ele><time>2000-01-01T10:00:16.000Z</time></trkpt><trkpt lat="55.71704" lon="13.97397"><ele>104</ele><time>2000-01-01T10:00:26.000Z</time></trkpt><trkpt lat="55.7171" lon="13.97369"><ele>104</ele><time>2000-01-01T10:00:36.000Z</time></trkpt><trkpt lat="55.71716" lon="13.97344"><ele>104</ele><time>2000-01-01T10:00:46.000Z</time></trkpt><trkpt lat="55.71717" lon="13.97338"><time>2000-01-01T10:00:56.000Z</time></trkpt><trkpt lat="55.71725" lon="13.97304"><ele>104</ele><time>2000-01-01T10:01:06.000Z</time></trkpt><trkpt lat="55.71737" lon="13.97275"><ele>105</ele><time>2000-01-01T10:01:16.000Z</time></trkpt><trkpt lat="55.71747" lon="13.97244"><ele>106</ele><time>2000-01-01T10:01:26.000Z</time></trkpt><trkpt lat="55.71749" lon="13.97219"><time>2000-01-01T10:01:36.000Z</time></trkpt><trkpt lat="55.71745" lon="13.97201"><ele>107</ele><time>2000-01-01T10:01:46.000Z</time></trkpt><trkpt lat="55.7173" lon="13.97155"><ele>109</ele><time>2000-01-01T10:01:56.000Z</time></trkpt><trkpt lat="55.7172" lon="13.9713"><ele>109</ele><time>2000-01-01T10:02:06.000Z</time></trkpt><trkpt lat="55.71707" lon="13.97108"><ele>110</ele><time>2000-01-01T10:02:16.000Z</time></trkpt><trkpt lat="55.71691" lon="13.97092"><ele>111</ele><time>2000-01-01T10:02:26.000Z</time></trkpt><trkpt lat="55.71672" lon="13.97075"><ele>112</ele><time>2000-01-01T10:02:36.000Z</time></trkpt><trkpt lat="55.71659" lon="13.97065"><time>2000-01-01T10:02:46.000Z</time></trkpt><trkpt lat="55.7164" lon="13.97054"><ele>113</ele><time>2000-01-01T10:02:56.000Z</time></trkpt><trkpt lat="55.71623" lon="13.97041"><ele>113</ele><time>2000-01-01T10:03:06.000Z</time></trkpt><trkpt lat="55.71604" lon="13.9703"><ele>113</ele><time>2000-01-01T10:03:16.000Z</time></trkpt><trkpt lat="55.716" lon="13.97025"><time>2000-01-01T10:03:26.000Z</time></trkpt><trkpt lat="55.71598" lon="13.97018"><time>2000-01-01T10:03:36.000Z</time></trkpt><trkpt lat="55.71602" lon="13.97001"><ele>113</ele><time>2000-01-01T10:03:46.000Z</time></trkpt><trkpt lat="55.71616" lon="13.96962"><ele>113</ele><time>2000-01-01T10:03:56.000Z</time></trkpt><trkpt lat="55.71625" lon="13.96933"><ele>112</ele><time>2000-01-01T10:04:06.000Z</time></trkpt><trkpt lat="55.71634" lon="13.969"><ele>112</ele><time>2000-01-01T10:04:16.000Z</time></trkpt><trkpt lat="55.71643" lon="13.96864"><ele>112</ele><time>2000-01-01T10:04:26.000Z</time></trkpt><trkpt lat="55.71655" lon="13.96816"><ele>112</ele><time>2000-01-01T10:04:36.000Z</time></trkpt><trkpt lat="55.71662" lon="13.96793"><time>2000-01-01T10:04:46.000Z</time></trkpt><trkpt lat="55.71674" lon="13.96769"><ele>112</ele><time>2000-01-01T10:04:56.000Z</time></trkpt><trkpt lat="55.71677" lon="13.96765"><time>2000-01-01T10:05:06.000Z</time></trkpt><trkpt lat="55.71689" lon="13.96738"><ele>112</ele><time>2000-01-01T10:05:16.000Z</time></trkpt><trkpt lat="55.71692" lon="13.96714"><time>2000-01-01T10:05:26.000Z</time></trkpt><trkpt lat="55.717" lon="13.96672"><ele>112</ele><time>2000-01-01T10:05:36.000Z</time></trkpt><trkpt lat="55.71711" lon="13.96652"><ele>113</ele><time>2000-01-01T10:05:46.000Z</time></trkpt><trkpt lat="55.7172" lon="13.96628"><ele>114</ele><time>2000-01-01T10:05:56.000Z</time></trkpt><trkpt lat="55.71721" lon="13.96624"><time>2000-01-01T10:06:06.000Z</time></trkpt><trkpt lat="55.71724" lon="13.96595"><ele>115</ele><time>2000-01-01T10:06:16.000Z</time></trkpt><trkpt lat="55.71723" lon="13.9657"><time>2000-01-01T10:06:26.000Z</time></trkpt><trkpt lat="55.71723" lon="13.96553"><ele>117</ele><time>2000-01-01T10:06:36.000Z</time></trkpt><trkpt lat="55.71724" lon="13.96545"><time>2000-01-01T10:06:46.000Z</time></trkpt><trkpt lat="55.7173" lon="13.96516"><ele>118</ele><time>2000-01-01T10:06:56.000Z</time></trkpt><trkpt lat="55.7173" lon="13.96484"><ele>119</ele><time>2000-01-01T10:07:06.000Z</time></trkpt><trkpt lat="55.7172" lon="13.96461"><ele>120</ele><time>2000-01-01T10:07:16.000Z</time></trkpt><trkpt lat="55.71717" lon="13.96457"><time>2000-01-01T10:07:26.000Z</time></trkpt><trkpt lat="55.71708" lon="13.96437"><ele>121</ele><time>2000-01-01T10:07:36.000Z</time></trkpt><trkpt lat="55.71696" lon="13.96416"><ele>122</ele><time>2000-01-01T10:07:46.000Z</time></trkpt><trkpt lat="55.71692" lon="13.96406"><time>2000-01-01T10:07:56.000Z</time></trkpt><trkpt lat="55.71683" lon="13.96374"><ele>123</ele><time>2000-01-01T10:08:06.000Z</time></trkpt><trkpt lat="55.71681" lon="13.96364"><time>2000-01-01T10:08:16.000Z</time></trkpt><trkpt lat="55.7168" lon="13.96334"><ele>124</ele><time>2000-01-01T10:08:26.000Z</time></trkpt><trkpt lat="55.7168" lon="13.96316"><time>2000-01-01T10:08:36.000Z</time></trkpt><trkpt lat="55.71687" lon="13.96312"><ele>124</ele><time>2000-01-01T10:08:46.000Z</time></trkpt><trkpt lat="55.71694" lon="13.96313"><time>2000-01-01T10:08:56.000Z</time></trkpt><trkpt lat="55.71706" lon="13.96317"><ele>122</ele><time>2000-01-01T10:09:06.000Z</time></trkpt><trkpt lat="55.71708" lon="13.96319"><time>2000-01-01T10:09:16.000Z</time></trkpt><trkpt lat="55.71715" lon="13.96329"><time>2000-01-01T10:09:26.000Z</time></trkpt><trkpt lat="55.71721" lon="13.96333"><ele>121</ele><time>2000-01-01T10:09:36.000Z</time></trkpt><trkpt lat="55.71739" lon="13.96338"><ele>121</ele><time>2000-01-01T10:09:46.000Z</time></trkpt><trkpt lat="55.71751" lon="13.96336"><time>2000-01-01T10:09:56.000Z</time></trkpt><trkpt lat="55.71773" lon="13.96337"><ele>118</ele><time>2000-01-01T10:10:06.000Z</time></trkpt><trkpt lat="55.71779" lon="13.96335"><time>2000-01-01T10:10:16.000Z</time></trkpt><trkpt lat="55.71791" lon="13.96325"><ele>116</ele><time>2000-01-01T10:10:26.000Z</time></trkpt><trkpt lat="55.71799" lon="13.96308"><time>2000-01-01T10:10:36.000Z</time></trkpt><trkpt lat="55.71803" lon="13.96296"><ele>116</ele><time>2000-01-01T10:10:46.000Z</time></trkpt><trkpt lat="55.71813" lon="13.9628"><time>2000-01-01T10:10:56.000Z</time></trkpt><trkpt lat="55.71829" lon="13.96269"><ele>115</ele><time>2000-01-01T10:11:06.000Z</time></trkpt><trkpt lat="55.7184" lon="13.96255"><time>2000-01-01T10:11:16.000Z</time></trkpt><trkpt lat="55.71846" lon="13.96234"><ele>114</ele><time>2000-01-01T10:11:26.000Z</time></trkpt><trkpt lat="55.71849" lon="13.9621"><time>2000-01-01T10:11:36.000Z</time></trkpt><trkpt lat="55.71854" lon="13.9618"><ele>114</ele><time>2000-01-01T10:11:46.000Z</time></trkpt><trkpt lat="55.71852" lon="13.96145"><ele>115</ele><time>2000-01-01T10:11:56.000Z</time></trkpt><trkpt lat="55.71851" lon="13.96101"><ele>115</ele><time>2000-01-01T10:12:06.000Z</time></trkpt><trkpt lat="55.7185" lon="13.96076"><time>2000-01-01T10:12:16.000Z</time></trkpt><trkpt lat="55.71843" lon="13.96073"><ele>116</ele><time>2000-01-01T10:12:26.000Z</time></trkpt><trkpt lat="55.71825" lon="13.96069"><ele>117</ele><time>2000-01-01T10:12:36.000Z</time></trkpt><trkpt lat="55.71821" lon="13.9607"><time>2000-01-01T10:12:46.000Z</time></trkpt><trkpt lat="55.7182" lon="13.96069"><time>2000-01-01T10:12:56.000Z</time></trkpt><trkpt lat="55.71816" lon="13.96068"><time>2000-01-01T10:13:06.000Z</time></trkpt><trkpt lat="55.71807" lon="13.96057"><ele>118</ele><time>2000-01-01T10:13:16.000Z</time></trkpt><trkpt lat="55.71803" lon="13.96049"><time>2000-01-01T10:13:26.000Z</time></trkpt><trkpt lat="55.71792" lon="13.96036"><ele>118</ele><time>2000-01-01T10:13:36.000Z</time></trkpt><trkpt lat="55.71789" lon="13.96034"><time>2000-01-01T10:13:46.000Z</time></trkpt><trkpt lat="55.71784" lon="13.96033"><time>2000-01-01T10:13:56.000Z</time></trkpt><trkpt lat="55.71776" lon="13.96033"><ele>119</ele><time>2000-01-01T10:14:06.000Z</time></trkpt><trkpt lat="55.7176" lon="13.96045"><ele>119</ele><time>2000-01-01T10:14:16.000Z</time></trkpt><trkpt lat="55.71753" lon="13.96049"><time>2000-01-01T10:14:26.000Z</time></trkpt><trkpt lat="55.71744" lon="13.96053"><ele>119</ele><time>2000-01-01T10:14:36.000Z</time></trkpt><trkpt lat="55.71727" lon="13.96053"><ele>119</ele><time>2000-01-01T10:14:46.000Z</time></trkpt><trkpt lat="55.71719" lon="13.96052"><ele>120</ele><time>2000-01-01T10:14:56.000Z</time></trkpt></trkseg></trk></gpx>