<?xml version='1.0' encoding='utf-8'?>
<gpx xmlns="http://www.topografix.com/GPX/1/1" version="1.1" creator="ÖST Analys derived route materializer"><metadata><name>ultra60-2022-2023</name><desc>Derived from dataTrace.geometry embedded in the public Trace de Trail map; not an organizer-direct or authenticated-export GPX.</desc><link href="https://tracedetrail.fr/fr/trace/172147"><text>Trace de Trail public map page</text></link></metadata><trk><trkseg><trkpt lat="55.5567295" lon="14.3547135"><ele>3.0</ele></trkpt><trkpt lat="55.5567315" lon="14.3546551" /><trkpt lat="55.5567447" lon="14.3545536" /><trkpt lat="55.5567717" lon="14.3544449"><ele>4.0</ele></trkpt><trkpt lat="55.5568840" lon="14.3541862"><ele>4.0</ele></trkpt><trkpt lat="55.5569119" lon="14.3541467" /><trkpt lat="55.5570125" lon="14.3540596" /><trkpt lat="55.5571416" lon="14.3539194"><ele>4.0</ele></trkpt><trkpt lat="55.5573219" lon="14.3536948"><ele>5.0</ele></trkpt><trkpt lat="55.5574647" lon="14.3535044"><ele>5.0</ele></trkpt><trkpt lat="55.5574947" lon="14.3534020" /><trkpt lat="55.5575709" lon="14.3532017"><ele>5.0</ele></trkpt><trkpt lat="55.5576019" lon="14.3531729" /><trkpt lat="55.5577319" lon="14.3531567"><ele>5.0</ele></trkpt><trkpt lat="55.5579016" lon="14.3532915"><ele>5.0</ele></trkpt><trkpt lat="55.5581679" lon="14.3534550"><ele>5.0</ele></trkpt><trkpt lat="55.5583259" lon="14.3535592"><ele>5.0</ele></trkpt><trkpt lat="55.5584778" lon="14.3537748"><ele>4.0</ele></trkpt><trkpt lat="55.5584818" lon="14.3539625" /><trkpt lat="55.5584727" lon="14.3540218" /><trkpt lat="55.5583736" lon="14.3541853"><ele>4.0</ele></trkpt><trkpt lat="55.5583629" lon="14.3542257" /><trkpt lat="55.5583746" lon="14.3543039" /><trkpt lat="55.5586256" lon="14.3544512"><ele>3.0</ele></trkpt><trkpt lat="55.5587765" lon="14.3546659"><ele>3.0</ele></trkpt><trkpt lat="55.5588598" lon="14.3547557" /><trkpt lat="55.5588898" lon="14.3547593" /><trkpt lat="55.5589746" lon="14.3547054"><ele>3.0</ele></trkpt><trkpt lat="55.5590859" lon="14.3545069"><ele>3.0</ele></trkpt><trkpt lat="55.5591398" lon="14.3541781"><ele>3.0</ele></trkpt><trkpt lat="55.5591255" lon="14.3538691"><ele>3.0</ele></trkpt><trkpt lat="55.5591728" lon="14.3533813"><ele>3.0</ele></trkpt><trkpt lat="55.5591875" lon="14.3532672" /><trkpt lat="55.5592378" lon="14.3529304"><ele>4.0</ele></trkpt><trkpt lat="55.5592973" lon="14.3526088"><ele>4.0</ele></trkpt><trkpt lat="55.5593567" lon="14.3522854"><ele>4.0</ele></trkpt><trkpt lat="55.5594466" lon="14.3519234"><ele>4.0</ele></trkpt><trkpt lat="55.5595497" lon="14.3516350"><ele>4.0</ele></trkpt><trkpt lat="55.5596707" lon="14.3513251"><ele>4.0</ele></trkpt><trkpt lat="55.5598236" lon="14.3509343"><ele>3.0</ele></trkpt><trkpt lat="55.5599806" lon="14.3505732"><ele>3.0</ele></trkpt><trkpt lat="55.5600446" lon="14.3504411" /><trkpt lat="55.5601619" lon="14.3502453"><ele>3.0</ele></trkpt><trkpt lat="55.5602138" lon="14.3501896" /><trkpt lat="55.5603809" lon="14.3500809"><ele>2.0</ele></trkpt><trkpt lat="55.5605419" lon="14.3498977"><ele>2.0</ele></trkpt><trkpt lat="55.5606659" lon="14.3496461"><ele>2.0</ele></trkpt><trkpt lat="55.5606710" lon="14.3495877" /><trkpt lat="55.5606187" lon="14.3493901"><ele>2.0</ele></trkpt><trkpt lat="55.5604668" lon="14.3491574"><ele>2.0</ele></trkpt><trkpt lat="55.5604170" lon="14.3490074" /><trkpt lat="55.5604276" lon="14.3489544" /><trkpt lat="55.5605277" lon="14.3487864"><ele>2.0</ele></trkpt><trkpt lat="55.5606288" lon="14.3486418" /><trkpt lat="55.5607375" lon="14.3485008"><ele>2.0</ele></trkpt><trkpt lat="55.5609113" lon="14.3483454"><ele>2.0</ele></trkpt><trkpt lat="55.5610926" lon="14.3481837"><ele>2.0</ele></trkpt><trkpt lat="55.5611729" lon="14.3480867" /><trkpt lat="55.5614249" lon="14.3478163"><ele>2.0</ele></trkpt><trkpt lat="55.5616769" lon="14.3474686"><ele>2.0</ele></trkpt><trkpt lat="55.5618354" lon="14.3472279"><ele>2.0</ele></trkpt><trkpt lat="55.5620279" lon="14.3469341"><ele>1.0</ele></trkpt><trkpt lat="55.5622677" lon="14.3466269"><ele>1.0</ele></trkpt><trkpt lat="55.5623068" lon="14.3465514" /><trkpt lat="55.5624379" lon="14.3461391"><ele>1.0</ele></trkpt><trkpt lat="55.5625527" lon="14.3458247"><ele>1.0</ele></trkpt><trkpt lat="55.5625908" lon="14.3456199" /><trkpt lat="55.5626238" lon="14.3454726"><ele>1.0</ele></trkpt><trkpt lat="55.5626766" lon="14.3451815"><ele>1.0</ele></trkpt><trkpt lat="55.5627000" lon="14.3450935" /><trkpt lat="55.5627279" lon="14.3449147"><ele>1.0</ele></trkpt><trkpt lat="55.5628366" lon="14.3446362"><ele>1.0</ele></trkpt><trkpt lat="55.5628559" lon="14.3445985" /><trkpt lat="55.5629286" lon="14.3443757"><ele>1.0</ele></trkpt><trkpt lat="55.5630195" lon="14.3441197"><ele>1.0</ele></trkpt><trkpt lat="55.5631008" lon="14.3438421"><ele>0.0</ele></trkpt><trkpt lat="55.5632009" lon="14.3435457"><ele>0.0</ele></trkpt><trkpt lat="55.5632710" lon="14.3434163" /><trkpt lat="55.5633309" lon="14.3433220"><ele>0.0</ele></trkpt><trkpt lat="55.5634107" lon="14.3431684" /><trkpt lat="55.5634965" lon="14.3430408"><ele>0.0</ele></trkpt><trkpt lat="55.5636545" lon="14.3428369"><ele>1.0</ele></trkpt><trkpt lat="55.5637195" lon="14.3427399" /><trkpt lat="55.5638958" lon="14.3425521"><ele>2.0</ele></trkpt><trkpt lat="55.5640706" lon="14.3423473"><ele>2.0</ele></trkpt><trkpt lat="55.5643438" lon="14.3420634"><ele>2.0</ele></trkpt><trkpt lat="55.5644967" lon="14.3419592"><ele>2.0</ele></trkpt><trkpt lat="55.5646496" lon="14.3418119"><ele>2.0</ele></trkpt><trkpt lat="55.5648300" lon="14.3416844"><ele>2.0</ele></trkpt><trkpt lat="55.5649996" lon="14.3415361"><ele>3.0</ele></trkpt><trkpt lat="55.5650977" lon="14.3414616" /><trkpt lat="55.5651470" lon="14.3414373"><ele>3.0</ele></trkpt><trkpt lat="55.5653156" lon="14.3413286"><ele>3.0</ele></trkpt><trkpt lat="55.5654588" lon="14.3412595" /><trkpt lat="55.5655797" lon="14.3412154"><ele>4.0</ele></trkpt><trkpt lat="55.5657809" lon="14.3411023"><ele>4.0</ele></trkpt><trkpt lat="55.5660298" lon="14.3409621"><ele>4.0</ele></trkpt><trkpt lat="55.5662167" lon="14.3408813"><ele>3.0</ele></trkpt><trkpt lat="55.5663930" lon="14.3407780"><ele>3.0</ele></trkpt><trkpt lat="55.5664158" lon="14.3407582" /><trkpt lat="55.5666048" lon="14.3406594"><ele>2.0</ele></trkpt><trkpt lat="55.5668019" lon="14.3405696"><ele>2.0</ele></trkpt><trkpt lat="55.5670289" lon="14.3404653"><ele>2.0</ele></trkpt><trkpt lat="55.5671717" lon="14.3403854" /><trkpt lat="55.5672540" lon="14.3403252"><ele>2.0</ele></trkpt><trkpt lat="55.5673616" lon="14.3402668" /><trkpt lat="55.5674079" lon="14.3402462"><ele>2.0</ele></trkpt><trkpt lat="55.5675445" lon="14.3402057" /><trkpt lat="55.5676969" lon="14.3401446"><ele>2.0</ele></trkpt><trkpt lat="55.5677360" lon="14.3401213" /><trkpt lat="55.5678228" lon="14.3400890" /><trkpt lat="55.5679767" lon="14.3400063"><ele>2.0</ele></trkpt><trkpt lat="55.5682013" lon="14.3399219"><ele>2.0</ele></trkpt><trkpt lat="55.5685416" lon="14.3397943"><ele>2.0</ele></trkpt><trkpt lat="55.5686878" lon="14.3397126"><ele>2.0</ele></trkpt><trkpt lat="55.5689489" lon="14.3396137"><ele>1.0</ele></trkpt><trkpt lat="55.5690368" lon="14.3395913" /><trkpt lat="55.5691145" lon="14.3395571"><ele>1.0</ele></trkpt><trkpt lat="55.5691749" lon="14.3395015" /><trkpt lat="55.5693106" lon="14.3394098"><ele>1.0</ele></trkpt><trkpt lat="55.5693756" lon="14.3393694" /><trkpt lat="55.5694670" lon="14.3393290"><ele>1.0</ele></trkpt><trkpt lat="55.5696168" lon="14.3392382"><ele>2.0</ele></trkpt><trkpt lat="55.5697687" lon="14.3391304"><ele>2.0</ele></trkpt><trkpt lat="55.5699480" lon="14.3390164"><ele>2.0</ele></trkpt><trkpt lat="55.5701369" lon="14.3389418"><ele>2.0</ele></trkpt><trkpt lat="55.5701588" lon="14.3389274" /><trkpt lat="55.5705158" lon="14.3386175"><ele>1.0</ele></trkpt><trkpt lat="55.5706596" lon="14.3384612"><ele>1.0</ele></trkpt><trkpt lat="55.5707759" lon="14.3383049" /><trkpt lat="55.5709348" lon="14.3381387"><ele>1.0</ele></trkpt><trkpt lat="55.5710486" lon="14.3380489" /><trkpt lat="55.5713015" lon="14.3378809"><ele>0.0</ele></trkpt><trkpt lat="55.5716225" lon="14.3376096"><ele>0.0</ele></trkpt><trkpt lat="55.5717068" lon="14.3375683" /><trkpt lat="55.5720969" lon="14.3374677"><ele>0.0</ele></trkpt><trkpt lat="55.5722167" lon="14.3374281" /><trkpt lat="55.5723747" lon="14.3373527"><ele>0.0</ele></trkpt><trkpt lat="55.5725169" lon="14.3372934" /><trkpt lat="55.5728567" lon="14.3371982"><ele>0.0</ele></trkpt><trkpt lat="55.5730898" lon="14.3371155"><ele>0.0</ele></trkpt><trkpt lat="55.5732767" lon="14.3370392"><ele>0.0</ele></trkpt><trkpt lat="55.5734666" lon="14.3369880"><ele>0.0</ele></trkpt><trkpt lat="55.5736606" lon="14.3369350"><ele>0.0</ele></trkpt><trkpt lat="55.5738902" lon="14.3368191"><ele>0.0</ele></trkpt><trkpt lat="55.5742756" lon="14.3366241"><ele>0.0</ele></trkpt><trkpt lat="55.5745006" lon="14.3365262"><ele>1.0</ele></trkpt><trkpt lat="55.5746585" lon="14.3364714"><ele>2.0</ele></trkpt><trkpt lat="55.5748668" lon="14.3364193"><ele>2.0</ele></trkpt><trkpt lat="55.5751217" lon="14.3363547"><ele>3.0</ele></trkpt><trkpt lat="55.5752299" lon="14.3363187" /><trkpt lat="55.5753649" lon="14.3363259"><ele>3.0</ele></trkpt><trkpt lat="55.5754706" lon="14.3363205" /><trkpt lat="55.5756026" lon="14.3363313"><ele>3.0</ele></trkpt><trkpt lat="55.5759378" lon="14.3363942"><ele>3.0</ele></trkpt><trkpt lat="55.5761739" lon="14.3364068"><ele>3.0</ele></trkpt><trkpt lat="55.5763146" lon="14.3363726" /><trkpt lat="55.5764715" lon="14.3362136"><ele>4.0</ele></trkpt><trkpt lat="55.5765797" lon="14.3361606" /><trkpt lat="55.5766858" lon="14.3361561"><ele>5.0</ele></trkpt><trkpt lat="55.5768448" lon="14.3361067"><ele>6.0</ele></trkpt><trkpt lat="55.5769575" lon="14.3361256" /><trkpt lat="55.5771058" lon="14.3362549"><ele>6.0</ele></trkpt><trkpt lat="55.5771830" lon="14.3362846" /><trkpt lat="55.5772627" lon="14.3363313"><ele>6.0</ele></trkpt><trkpt lat="55.5774338" lon="14.3364607"><ele>5.0</ele></trkpt><trkpt lat="55.5775527" lon="14.3364714" /><trkpt lat="55.5777507" lon="14.3365756"><ele>5.0</ele></trkpt><trkpt lat="55.5778538" lon="14.3366457" /><trkpt lat="55.5779528" lon="14.3366682"><ele>4.0</ele></trkpt><trkpt lat="55.5780437" lon="14.3365694" /><trkpt lat="55.5781580" lon="14.3363726"><ele>4.0</ele></trkpt><trkpt lat="55.5782605" lon="14.3361031"><ele>5.0</ele></trkpt><trkpt lat="55.5783575" lon="14.3358327"><ele>6.0</ele></trkpt><trkpt lat="55.5784286" lon="14.3356189" /><trkpt lat="55.5784728" lon="14.3355084"><ele>7.0</ele></trkpt><trkpt lat="55.5785048" lon="14.3354483" /><trkpt lat="55.5785667" lon="14.3353036" /><trkpt lat="55.5786678" lon="14.3351204"><ele>7.0</ele></trkpt><trkpt lat="55.5786739" lon="14.3350737" /><trkpt lat="55.5786790" lon="14.3349497" /><trkpt lat="55.5787379" lon="14.3347799"><ele>7.0</ele></trkpt><trkpt lat="55.5787759" lon="14.3346299" /><trkpt lat="55.5788196" lon="14.3344880"><ele>7.0</ele></trkpt><trkpt lat="55.5789638" lon="14.3342454"><ele>6.0</ele></trkpt><trkpt lat="55.5789887" lon="14.3342113" /><trkpt lat="55.5791735" lon="14.3340092"><ele>4.0</ele></trkpt><trkpt lat="55.5791999" lon="14.3339876" /><trkpt lat="55.5794219" lon="14.3338555"><ele>4.0</ele></trkpt><trkpt lat="55.5795879" lon="14.3338142"><ele>3.0</ele></trkpt><trkpt lat="55.5797570" lon="14.3337909"><ele>3.0</ele></trkpt><trkpt lat="55.5797839" lon="14.3337747" /><trkpt lat="55.5801627" lon="14.3334468"><ele>3.0</ele></trkpt><trkpt lat="55.5802470" lon="14.3333866" /><trkpt lat="55.5803836" lon="14.3333435"><ele>3.0</ele></trkpt><trkpt lat="55.5805836" lon="14.3333318"><ele>3.0</ele></trkpt><trkpt lat="55.5807766" lon="14.3333004"><ele>3.0</ele></trkpt><trkpt lat="55.5808289" lon="14.3333076" /><trkpt lat="55.5809528" lon="14.3333507"><ele>3.0</ele></trkpt><trkpt lat="55.5812839" lon="14.3334244"><ele>3.0</ele></trkpt><trkpt lat="55.5813956" lon="14.3334567" /><trkpt lat="55.5817109" lon="14.3336202"><ele>3.0</ele></trkpt><trkpt lat="55.5818348" lon="14.3336337" /><trkpt lat="55.5819119" lon="14.3336274"><ele>3.0</ele></trkpt><trkpt lat="55.5819597" lon="14.3336031" /><trkpt lat="55.5820907" lon="14.3336031"><ele>3.0</ele></trkpt><trkpt lat="55.5821998" lon="14.3336319" /><trkpt lat="55.5822846" lon="14.3336678"><ele>4.0</ele></trkpt><trkpt lat="55.5824796" lon="14.3338025"><ele>4.0</ele></trkpt><trkpt lat="55.5826949" lon="14.3338798"><ele>4.0</ele></trkpt><trkpt lat="55.5829056" lon="14.3339085"><ele>4.0</ele></trkpt><trkpt lat="55.5831249" lon="14.3338672"><ele>4.0</ele></trkpt><trkpt lat="55.5833209" lon="14.3337927"><ele>5.0</ele></trkpt><trkpt lat="55.5833489" lon="14.3337765" /><trkpt lat="55.5834479" lon="14.3336992" /><trkpt lat="55.5835667" lon="14.3335816"><ele>5.0</ele></trkpt><trkpt lat="55.5836129" lon="14.3335474" /><trkpt lat="55.5837916" lon="14.3333875"><ele>5.0</ele></trkpt><trkpt lat="55.5839495" lon="14.3332007"><ele>5.0</ele></trkpt><trkpt lat="55.5840475" lon="14.3330066" /><trkpt lat="55.5840759" lon="14.3329869"><ele>5.0</ele></trkpt><trkpt lat="55.5841607" lon="14.3329393" /><trkpt lat="55.5842247" lon="14.3329294"><ele>4.0</ele></trkpt><trkpt lat="55.5842546" lon="14.3329357" /><trkpt lat="55.5844049" lon="14.3329348"><ele>4.0</ele></trkpt><trkpt lat="55.5845638" lon="14.3327461"><ele>4.0</ele></trkpt><trkpt lat="55.5847258" lon="14.3326796"><ele>4.0</ele></trkpt><trkpt lat="55.5848588" lon="14.3326114" /><trkpt lat="55.5850000" lon="14.3326626"><ele>4.0</ele></trkpt><trkpt lat="55.5850518" lon="14.3326464" /><trkpt lat="55.5851345" lon="14.3326006" /><trkpt lat="55.5852797" lon="14.3325036"><ele>4.0</ele></trkpt><trkpt lat="55.5854422" lon="14.3323248"><ele>5.0</ele></trkpt><trkpt lat="55.5856057" lon="14.3321451"><ele>5.0</ele></trkpt><trkpt lat="55.5857499" lon="14.3320454"><ele>5.0</ele></trkpt><trkpt lat="55.5857986" lon="14.3320347" /><trkpt lat="55.5859408" lon="14.3319152"><ele>5.0</ele></trkpt><trkpt lat="55.5861327" lon="14.3317247"><ele>5.0</ele></trkpt><trkpt lat="55.5863606" lon="14.3313906"><ele>5.0</ele></trkpt><trkpt lat="55.5864977" lon="14.3312118"><ele>5.0</ele></trkpt><trkpt lat="55.5865337" lon="14.3311534" /><trkpt lat="55.5866317" lon="14.3309378"><ele>5.0</ele></trkpt><trkpt lat="55.5867800" lon="14.3307375"><ele>6.0</ele></trkpt><trkpt lat="55.5869358" lon="14.3305794"><ele>6.0</ele></trkpt><trkpt lat="55.5869825" lon="14.3305084" /><trkpt lat="55.5871318" lon="14.3303180"><ele>6.0</ele></trkpt><trkpt lat="55.5871816" lon="14.3302614" /><trkpt lat="55.5874765" lon="14.3298571"><ele>5.0</ele></trkpt><trkpt lat="55.5875298" lon="14.3297970" /><trkpt lat="55.5877816" lon="14.3295616"><ele>5.0</ele></trkpt><trkpt lat="55.5879380" lon="14.3293676"><ele>5.0</ele></trkpt><trkpt lat="55.5881649" lon="14.3291223"><ele>5.0</ele></trkpt><trkpt lat="55.5883568" lon="14.3289660"><ele>5.0</ele></trkpt><trkpt lat="55.5885970" lon="14.3287720"><ele>4.0</ele></trkpt><trkpt lat="55.5887457" lon="14.3285941"><ele>4.0</ele></trkpt><trkpt lat="55.5888127" lon="14.3284926" /><trkpt lat="55.5888325" lon="14.3283956" /><trkpt lat="55.5888899" lon="14.3281764"><ele>4.0</ele></trkpt><trkpt lat="55.5889528" lon="14.3281009" /><trkpt lat="55.5890280" lon="14.3280830" /><trkpt lat="55.5890757" lon="14.3280237"><ele>4.0</ele></trkpt><trkpt lat="55.5890965" lon="14.3279859" /><trkpt lat="55.5891960" lon="14.3276572"><ele>4.0</ele></trkpt><trkpt lat="55.5893315" lon="14.3273859"><ele>4.0</ele></trkpt><trkpt lat="55.5894407" lon="14.3271856"><ele>4.0</ele></trkpt><trkpt lat="55.5895316" lon="14.3269367"><ele>4.0</ele></trkpt><trkpt lat="55.5896590" lon="14.3265415"><ele>4.0</ele></trkpt><trkpt lat="55.5897387" lon="14.3263456" /><trkpt lat="55.5898158" lon="14.3260977"><ele>4.0</ele></trkpt><trkpt lat="55.5899859" lon="14.3257438"><ele>4.0</ele></trkpt><trkpt lat="55.5900357" lon="14.3256782" /><trkpt lat="55.5901509" lon="14.3254392"><ele>4.0</ele></trkpt><trkpt lat="55.5902179" lon="14.3251643"><ele>4.0</ele></trkpt><trkpt lat="55.5902935" lon="14.3248948"><ele>4.0</ele></trkpt><trkpt lat="55.5902626" lon="14.3246766" /><trkpt lat="55.5902839" lon="14.3244430"><ele>5.0</ele></trkpt><trkpt lat="55.5902946" lon="14.3243442" /><trkpt lat="55.5903519" lon="14.3241214"><ele>5.0</ele></trkpt><trkpt lat="55.5903677" lon="14.3240783" /><trkpt lat="55.5904468" lon="14.3239148" /><trkpt lat="55.5906316" lon="14.3235923"><ele>4.0</ele></trkpt><trkpt lat="55.5907499" lon="14.3232545"><ele>4.0</ele></trkpt><trkpt lat="55.5908088" lon="14.3230677" /><trkpt lat="55.5909078" lon="14.3229518"><ele>4.0</ele></trkpt><trkpt lat="55.5910636" lon="14.3228161"><ele>4.0</ele></trkpt><trkpt lat="55.5911367" lon="14.3226634" /><trkpt lat="55.5911778" lon="14.3224173"><ele>5.0</ele></trkpt><trkpt lat="55.5912276" lon="14.3222215" /><trkpt lat="55.5913327" lon="14.3219529"><ele>5.0</ele></trkpt><trkpt lat="55.5915068" lon="14.3215962"><ele>5.0</ele></trkpt><trkpt lat="55.5916520" lon="14.3213366"><ele>5.0</ele></trkpt><trkpt lat="55.5917088" lon="14.3211408" /><trkpt lat="55.5917169" lon="14.3207563"><ele>7.0</ele></trkpt><trkpt lat="55.5917286" lon="14.3206467" /><trkpt lat="55.5917926" lon="14.3203215"><ele>7.0</ele></trkpt><trkpt lat="55.5919068" lon="14.3200826"><ele>7.0</ele></trkpt><trkpt lat="55.5920078" lon="14.3199002" /><trkpt lat="55.5921190" lon="14.3196568"><ele>7.0</ele></trkpt><trkpt lat="55.5922109" lon="14.3195175" /><trkpt lat="55.5923317" lon="14.3192777"><ele>7.0</ele></trkpt><trkpt lat="55.5924956" lon="14.3190217"><ele>7.0</ele></trkpt><trkpt lat="55.5926875" lon="14.3187073"><ele>6.0</ele></trkpt><trkpt lat="55.5929170" lon="14.3182922"><ele>5.0</ele></trkpt><trkpt lat="55.5930606" lon="14.3180506"><ele>5.0</ele></trkpt><trkpt lat="55.5931779" lon="14.3178404"><ele>4.0</ele></trkpt><trkpt lat="55.5932809" lon="14.3175682"><ele>4.0</ele></trkpt><trkpt lat="55.5933027" lon="14.3173176" /><trkpt lat="55.5933225" lon="14.3169762"><ele>5.0</ele></trkpt><trkpt lat="55.5933829" lon="14.3166375"><ele>5.0</ele></trkpt><trkpt lat="55.5934037" lon="14.3164785" /><trkpt lat="55.5934738" lon="14.3160842"><ele>5.0</ele></trkpt><trkpt lat="55.5934829" lon="14.3157904"><ele>6.0</ele></trkpt><trkpt lat="55.5934225" lon="14.3154679"><ele>6.0</ele></trkpt><trkpt lat="55.5934225" lon="14.3154122" /><trkpt lat="55.5934317" lon="14.3153062" /><trkpt lat="55.5934779" lon="14.3150978"><ele>6.0</ele></trkpt><trkpt lat="55.5935875" lon="14.3147574"><ele>6.0</ele></trkpt><trkpt lat="55.5937276" lon="14.3143666"><ele>7.0</ele></trkpt><trkpt lat="55.5938667" lon="14.3141160"><ele>7.0</ele></trkpt><trkpt lat="55.5940428" lon="14.3138851"><ele>7.0</ele></trkpt><trkpt lat="55.5942819" lon="14.3135725"><ele>7.0</ele></trkpt><trkpt lat="55.5944129" lon="14.3133344"><ele>7.0</ele></trkpt><trkpt lat="55.5944788" lon="14.3132284" /><trkpt lat="55.5945738" lon="14.3131197"><ele>8.0</ele></trkpt><trkpt lat="55.5946118" lon="14.3130559" /><trkpt lat="55.5946956" lon="14.3128727"><ele>10.0</ele></trkpt><trkpt lat="55.5947616" lon="14.3127128" /><trkpt lat="55.5948017" lon="14.3126373"><ele>10.0</ele></trkpt><trkpt lat="55.5948265" lon="14.3126068" /><trkpt lat="55.5948839" lon="14.3125574" /><trkpt lat="55.5953260" lon="14.3122502"><ele>10.0</ele></trkpt><trkpt lat="55.5954448" lon="14.3121810" /><trkpt lat="55.5956275" lon="14.3121082"><ele>8.0</ele></trkpt><trkpt lat="55.5956920" lon="14.3121019" /><trkpt lat="55.5958315" lon="14.3120669"><ele>8.0</ele></trkpt><trkpt lat="55.5958610" lon="14.3120400" /><trkpt lat="55.5960056" lon="14.3118280"><ele>8.0</ele></trkpt><trkpt lat="55.5961635" lon="14.3116707"><ele>8.0</ele></trkpt><trkpt lat="55.5962066" lon="14.3115917" /><trkpt lat="55.5962538" lon="14.3114552" /><trkpt lat="55.5963417" lon="14.3112935"><ele>10.0</ele></trkpt><trkpt lat="55.5965386" lon="14.3110949"><ele>10.0</ele></trkpt><trkpt lat="55.5966005" lon="14.3110437" /><trkpt lat="55.5967259" lon="14.3109674"><ele>9.0</ele></trkpt><trkpt lat="55.5969837" lon="14.3108784"><ele>8.0</ele></trkpt><trkpt lat="55.5970538" lon="14.3108721" /><trkpt lat="55.5972329" lon="14.3108829"><ele>6.0</ele></trkpt><trkpt lat="55.5973228" lon="14.3108686" /><trkpt lat="55.5976496" lon="14.3104544"><ele>6.0</ele></trkpt><trkpt lat="55.5977907" lon="14.3102325"><ele>6.0</ele></trkpt><trkpt lat="55.5979308" lon="14.3099487"><ele>7.0</ele></trkpt><trkpt lat="55.5979760" lon="14.3098723" /><trkpt lat="55.5982638" lon="14.3094789"><ele>8.0</ele></trkpt><trkpt lat="55.5984526" lon="14.3093127"><ele>8.0</ele></trkpt><trkpt lat="55.5985607" lon="14.3092839" /><trkpt lat="55.5987007" lon="14.3091833"><ele>7.0</ele></trkpt><trkpt lat="55.5988865" lon="14.3090333"><ele>7.0</ele></trkpt><trkpt lat="55.5991656" lon="14.3087845"><ele>7.0</ele></trkpt><trkpt lat="55.5991976" lon="14.3087737" /><trkpt lat="55.5993890" lon="14.3086506"><ele>7.0</ele></trkpt><trkpt lat="55.5995828" lon="14.3084548"><ele>6.0</ele></trkpt><trkpt lat="55.5997539" lon="14.3083128"><ele>6.0</ele></trkpt><trkpt lat="55.5997798" lon="14.3082823" /><trkpt lat="55.5998716" lon="14.3081476" /><trkpt lat="55.5999335" lon="14.3080335"><ele>8.0</ele></trkpt><trkpt lat="55.6000777" lon="14.3077262"><ele>10.0</ele></trkpt><trkpt lat="55.6002340" lon="14.3075708"><ele>10.0</ele></trkpt><trkpt lat="55.6004086" lon="14.3074756"><ele>9.0</ele></trkpt><trkpt lat="55.6004385" lon="14.3074675" /><trkpt lat="55.6005497" lon="14.3075241" /><trkpt lat="55.6007258" lon="14.3075861"><ele>7.0</ele></trkpt><trkpt lat="55.6008039" lon="14.3075367" /><trkpt lat="55.6008750" lon="14.3074559"><ele>7.0</ele></trkpt><trkpt lat="55.6009318" lon="14.3073579" /><trkpt lat="55.6010125" lon="14.3072385"><ele>6.0</ele></trkpt><trkpt lat="55.6010627" lon="14.3070732" /><trkpt lat="55.6011120" lon="14.3069510"><ele>6.0</ele></trkpt><trkpt lat="55.6012079" lon="14.3066788"><ele>6.0</ele></trkpt><trkpt lat="55.6013018" lon="14.3063743"><ele>7.0</ele></trkpt><trkpt lat="55.6014535" lon="14.3061740"><ele>7.0</ele></trkpt><trkpt lat="55.6014789" lon="14.3061317" /><trkpt lat="55.6016905" lon="14.3059099"><ele>5.0</ele></trkpt><trkpt lat="55.6017966" lon="14.3057832" /><trkpt lat="55.6018707" lon="14.3056736"><ele>5.0</ele></trkpt><trkpt lat="55.6018900" lon="14.3056296" /><trkpt lat="55.6019539" lon="14.3053331"><ele>5.0</ele></trkpt><trkpt lat="55.6020519" lon="14.3050529"><ele>5.0</ele></trkpt><trkpt lat="55.6021366" lon="14.3049738" /><trkpt lat="55.6024376" lon="14.3047636"><ele>1.0</ele></trkpt><trkpt lat="55.6026055" lon="14.3045947"><ele>1.0</ele></trkpt><trkpt lat="55.6026588" lon="14.3045238" /><trkpt lat="55.6028156" lon="14.3042399"><ele>1.0</ele></trkpt><trkpt lat="55.6029567" lon="14.3040144"><ele>1.0</ele></trkpt><trkpt lat="55.6030247" lon="14.3038967" /><trkpt lat="55.6030577" lon="14.3038024"><ele>1.0</ele></trkpt><trkpt lat="55.6031308" lon="14.3036254" /><trkpt lat="55.6032566" lon="14.3033883"><ele>1.0</ele></trkpt><trkpt lat="55.6032937" lon="14.3032984" /><trkpt lat="55.6034160" lon="14.3030604"><ele>1.0</ele></trkpt><trkpt lat="55.6035347" lon="14.3028646"><ele>2.0</ele></trkpt><trkpt lat="55.6035636" lon="14.3027855" /><trkpt lat="55.6035946" lon="14.3026229" /><trkpt lat="55.6036215" lon="14.3023112"><ele>2.0</ele></trkpt><trkpt lat="55.6036408" lon="14.3022160" /><trkpt lat="55.6036870" lon="14.3020264"><ele>3.0</ele></trkpt><trkpt lat="55.6037966" lon="14.3018495" /><trkpt lat="55.6039427" lon="14.3016348"><ele>3.0</ele></trkpt><trkpt lat="55.6041036" lon="14.3014578"><ele>3.0</ele></trkpt><trkpt lat="55.6041736" lon="14.3013419" /><trkpt lat="55.6042766" lon="14.3011191"><ele>3.0</ele></trkpt><trkpt lat="55.6043609" lon="14.3009538" /><trkpt lat="55.6044268" lon="14.3008443"><ele>3.0</ele></trkpt><trkpt lat="55.6045735" lon="14.3006412"><ele>3.0</ele></trkpt><trkpt lat="55.6045989" lon="14.3006170" /><trkpt lat="55.6047308" lon="14.3004095"><ele>2.0</ele></trkpt><trkpt lat="55.6048567" lon="14.3001813"><ele>2.0</ele></trkpt><trkpt lat="55.6049790" lon="14.3000609" /><trkpt lat="55.6052256" lon="14.2995947"><ele>5.0</ele></trkpt><trkpt lat="55.6053266" lon="14.2994626" /><trkpt lat="55.6053809" lon="14.2994114"><ele>5.0</ele></trkpt><trkpt lat="55.6055275" lon="14.2992210"><ele>6.0</ele></trkpt><trkpt lat="55.6056305" lon="14.2990332" /><trkpt lat="55.6057335" lon="14.2988877"><ele>8.0</ele></trkpt><trkpt lat="55.6059330" lon="14.2987575"><ele>8.0</ele></trkpt><trkpt lat="55.6061877" lon="14.2985410"><ele>8.0</ele></trkpt><trkpt lat="55.6063770" lon="14.2984116"><ele>9.0</ele></trkpt><trkpt lat="55.6065419" lon="14.2983200"><ele>9.0</ele></trkpt><trkpt lat="55.6067236" lon="14.2982571"><ele>9.0</ele></trkpt><trkpt lat="55.6069595" lon="14.2982266"><ele>8.0</ele></trkpt><trkpt lat="55.6071726" lon="14.2982149"><ele>8.0</ele></trkpt><trkpt lat="55.6072046" lon="14.2982203" /><trkpt lat="55.6073857" lon="14.2982230"><ele>8.0</ele></trkpt><trkpt lat="55.6076126" lon="14.2981897"><ele>8.0</ele></trkpt><trkpt lat="55.6078698" lon="14.2982086"><ele>7.0</ele></trkpt><trkpt lat="55.6080510" lon="14.2982041"><ele>7.0</ele></trkpt><trkpt lat="55.6082595" lon="14.2982382"><ele>7.0</ele></trkpt><trkpt lat="55.6084148" lon="14.2982023"><ele>7.0</ele></trkpt><trkpt lat="55.6086005" lon="14.2980981"><ele>7.0</ele></trkpt><trkpt lat="55.6088050" lon="14.2979454"><ele>7.0</ele></trkpt><trkpt lat="55.6091028" lon="14.2976750"><ele>10.0</ele></trkpt><trkpt lat="55.6091926" lon="14.2975843" /><trkpt lat="55.6093768" lon="14.2974747"><ele>11.0</ele></trkpt><trkpt lat="55.6094057" lon="14.2974639" /><trkpt lat="55.6095757" lon="14.2973579"><ele>12.0</ele></trkpt><trkpt lat="55.6096315" lon="14.2973130" /><trkpt lat="55.6097528" lon="14.2972806"><ele>12.0</ele></trkpt><trkpt lat="55.6099441" lon="14.2973076"><ele>12.0</ele></trkpt><trkpt lat="55.6101389" lon="14.2973354"><ele>12.0</ele></trkpt><trkpt lat="55.6103226" lon="14.2974037"><ele>11.0</ele></trkpt><trkpt lat="55.6105337" lon="14.2975088"><ele>10.0</ele></trkpt><trkpt lat="55.6106118" lon="14.2975313" /><trkpt lat="55.6107118" lon="14.2975205"><ele>10.0</ele></trkpt><trkpt lat="55.6109046" lon="14.2974396"><ele>10.0</ele></trkpt><trkpt lat="55.6109680" lon="14.2974333" /><trkpt lat="55.6110776" lon="14.2974585"><ele>10.0</ele></trkpt><trkpt lat="55.6112465" lon="14.2975313"><ele>9.0</ele></trkpt><trkpt lat="55.6113429" lon="14.2975627" /><trkpt lat="55.6114195" lon="14.2975627"><ele>9.0</ele></trkpt><trkpt lat="55.6116068" lon="14.2975133"><ele>9.0</ele></trkpt><trkpt lat="55.6117889" lon="14.2973408"><ele>10.0</ele></trkpt><trkpt lat="55.6118178" lon="14.2973013" /><trkpt lat="55.6119949" lon="14.2971162"><ele>10.0</ele></trkpt><trkpt lat="55.6121720" lon="14.2969519"><ele>10.0</ele></trkpt><trkpt lat="55.6124196" lon="14.2966617"><ele>9.0</ele></trkpt><trkpt lat="55.6125652" lon="14.2964012"><ele>9.0</ele></trkpt><trkpt lat="55.6127387" lon="14.2960895"><ele>8.0</ele></trkpt><trkpt lat="55.6129239" lon="14.2957032"><ele>8.0</ele></trkpt><trkpt lat="55.6130299" lon="14.2954328"><ele>8.0</ele></trkpt><trkpt lat="55.6130588" lon="14.2953349" /><trkpt lat="55.6131999" lon="14.2949738"><ele>8.0</ele></trkpt><trkpt lat="55.6132897" lon="14.2948184" /><trkpt lat="55.6133546" lon="14.2946953"><ele>8.0</ele></trkpt><trkpt lat="55.6134627" lon="14.2944267"><ele>8.0</ele></trkpt><trkpt lat="55.6135459" lon="14.2942515" /><trkpt lat="55.6136656" lon="14.2939784"><ele>7.0</ele></trkpt><trkpt lat="55.6137985" lon="14.2937287"><ele>7.0</ele></trkpt><trkpt lat="55.6139218" lon="14.2934260"><ele>7.0</ele></trkpt><trkpt lat="55.6140745" lon="14.2930514"><ele>7.0</ele></trkpt><trkpt lat="55.6141390" lon="14.2929247" /><trkpt lat="55.6142496" lon="14.2926687"><ele>6.0</ele></trkpt><trkpt lat="55.6143769" lon="14.2923372"><ele>6.0</ele></trkpt><trkpt lat="55.6145626" lon="14.2918521"><ele>5.0</ele></trkpt><trkpt lat="55.6147209" lon="14.2915862"><ele>5.0</ele></trkpt><trkpt lat="55.6148797" lon="14.2912458"><ele>5.0</ele></trkpt><trkpt lat="55.6150065" lon="14.2909269"><ele>5.0</ele></trkpt><trkpt lat="55.6150856" lon="14.2905765"><ele>5.0</ele></trkpt><trkpt lat="55.6152038" lon="14.2903223"><ele>5.0</ele></trkpt><trkpt lat="55.6153637" lon="14.2901363"><ele>4.0</ele></trkpt><trkpt lat="55.6154139" lon="14.2900717" /><trkpt lat="55.6154570" lon="14.2899962" /><trkpt lat="55.6155458" lon="14.2897662"><ele>4.0</ele></trkpt><trkpt lat="55.6155985" lon="14.2895605" /><trkpt lat="55.6156290" lon="14.2894096"><ele>3.0</ele></trkpt><trkpt lat="55.6156640" lon="14.2890934"><ele>3.0</ele></trkpt><trkpt lat="55.6156675" lon="14.2889919" /><trkpt lat="55.6156488" lon="14.2887368"><ele>3.0</ele></trkpt><trkpt lat="55.6156396" lon="14.2886802" /><trkpt lat="55.6156290" lon="14.2885122" /><trkpt lat="55.6156209" lon="14.2882876"><ele>4.0</ele></trkpt><trkpt lat="55.6156396" lon="14.2878501"><ele>5.0</ele></trkpt><trkpt lat="55.6156980" lon="14.2873677"><ele>5.0</ele></trkpt><trkpt lat="55.6157406" lon="14.2870794"><ele>5.0</ele></trkpt><trkpt lat="55.6158030" lon="14.2868817" /><trkpt lat="55.6158578" lon="14.2866113"><ele>6.0</ele></trkpt><trkpt lat="55.6159948" lon="14.2863742"><ele>6.0</ele></trkpt><trkpt lat="55.6160216" lon="14.2863374" /><trkpt lat="55.6161317" lon="14.2860616"><ele>6.0</ele></trkpt><trkpt lat="55.6162276" lon="14.2857705"><ele>7.0</ele></trkpt><trkpt lat="55.6164118" lon="14.2854732"><ele>7.0</ele></trkpt><trkpt lat="55.6165158" lon="14.2852872" /><trkpt lat="55.6166456" lon="14.2851174"><ele>7.0</ele></trkpt><trkpt lat="55.6167750" lon="14.2849378"><ele>7.0</ele></trkpt><trkpt lat="55.6169358" lon="14.2847536"><ele>8.0</ele></trkpt><trkpt lat="55.6171113" lon="14.2845767"><ele>8.0</ele></trkpt><trkpt lat="55.6173107" lon="14.2843763"><ele>7.0</ele></trkpt><trkpt lat="55.6173908" lon="14.2843727" /><trkpt lat="55.6174426" lon="14.2843781" /><trkpt lat="55.6175207" lon="14.2843718"><ele>7.0</ele></trkpt><trkpt lat="55.6177155" lon="14.2841994"><ele>8.0</ele></trkpt><trkpt lat="55.6178139" lon="14.2840916" /><trkpt lat="55.6178586" lon="14.2840556"><ele>10.0</ele></trkpt><trkpt lat="55.6179778" lon="14.2839398" /><trkpt lat="55.6179976" lon="14.2839380"><ele>11.0</ele></trkpt><trkpt lat="55.6181087" lon="14.2838921" /><trkpt lat="55.6182629" lon="14.2837969"><ele>11.0</ele></trkpt><trkpt lat="55.6184440" lon="14.2837278"><ele>11.0</ele></trkpt><trkpt lat="55.6185759" lon="14.2836469" /><trkpt lat="55.6187108" lon="14.2835921"><ele>11.0</ele></trkpt><trkpt lat="55.6190557" lon="14.2834825"><ele>10.0</ele></trkpt><trkpt lat="55.6191760" lon="14.2833648" /><trkpt lat="55.6193089" lon="14.2833109"><ele>8.0</ele></trkpt><trkpt lat="55.6193525" lon="14.2832804" /><trkpt lat="55.6194798" lon="14.2832139"><ele>8.0</ele></trkpt><trkpt lat="55.6196219" lon="14.2830998"><ele>8.0</ele></trkpt><trkpt lat="55.6196629" lon="14.2830747" /><trkpt lat="55.6200916" lon="14.2829265"><ele>8.0</ele></trkpt><trkpt lat="55.6202027" lon="14.2828636" /><trkpt lat="55.6203675" lon="14.2827998"><ele>8.0</ele></trkpt><trkpt lat="55.6205197" lon="14.2827522"><ele>9.0</ele></trkpt><trkpt lat="55.6206638" lon="14.2827279" /><trkpt lat="55.6207307" lon="14.2826983"><ele>9.0</ele></trkpt><trkpt lat="55.6207830" lon="14.2826947" /><trkpt lat="55.6209027" lon="14.2826372"><ele>9.0</ele></trkpt><trkpt lat="55.6211117" lon="14.2826013"><ele>9.0</ele></trkpt><trkpt lat="55.6213688" lon="14.2825563"><ele>10.0</ele></trkpt><trkpt lat="55.6215099" lon="14.2824665" /><trkpt lat="55.6215509" lon="14.2824153"><ele>11.0</ele></trkpt><trkpt lat="55.6217696" lon="14.2823282"><ele>12.0</ele></trkpt><trkpt lat="55.6219217" lon="14.2822931"><ele>13.0</ele></trkpt><trkpt lat="55.6220886" lon="14.2822159"><ele>13.0</ele></trkpt><trkpt lat="55.6221916" lon="14.2822536" /><trkpt lat="55.6222656" lon="14.2822258"><ele>13.0</ele></trkpt><trkpt lat="55.6223346" lon="14.2822204" /><trkpt lat="55.6224797" lon="14.2821943"><ele>13.0</ele></trkpt><trkpt lat="55.6226217" lon="14.2821898" /><trkpt lat="55.6227069" lon="14.2821638"><ele>14.0</ele></trkpt><trkpt lat="55.6229316" lon="14.2820398"><ele>14.0</ele></trkpt><trkpt lat="55.6230569" lon="14.2820129" /><trkpt lat="55.6232958" lon="14.2820120"><ele>14.0</ele></trkpt><trkpt lat="55.6234175" lon="14.2819805" /><trkpt lat="55.6235479" lon="14.2819042"><ele>14.0</ele></trkpt><trkpt lat="55.6235636" lon="14.2818835" /><trkpt lat="55.6236828" lon="14.2817955" /><trkpt lat="55.6238137" lon="14.2817604"><ele>15.0</ele></trkpt><trkpt lat="55.6238629" lon="14.2817344" /><trkpt lat="55.6238669" lon="14.2817092" /><trkpt lat="55.6238776" lon="14.2816859" /><trkpt lat="55.6239126" lon="14.2816661" /><trkpt lat="55.6240120" lon="14.2816320"><ele>15.0</ele></trkpt><trkpt lat="55.6240546" lon="14.2816428" /><trkpt lat="55.6240906" lon="14.2816347" /><trkpt lat="55.6242656" lon="14.2815772"><ele>14.0</ele></trkpt><trkpt lat="55.6244649" lon="14.2814865"><ele>14.0</ele></trkpt><trkpt lat="55.6246516" lon="14.2814110"><ele>13.0</ele></trkpt><trkpt lat="55.6246708" lon="14.2813948" /><trkpt lat="55.6247535" lon="14.2813517" /><trkpt lat="55.6249097" lon="14.2812888"><ele>12.0</ele></trkpt><trkpt lat="55.6252546" lon="14.2811891"><ele>11.0</ele></trkpt><trkpt lat="55.6253480" lon="14.2811792" /><trkpt lat="55.6254007" lon="14.2812089" /><trkpt lat="55.6254869" lon="14.2812170"><ele>9.0</ele></trkpt><trkpt lat="55.6255676" lon="14.2811496" /><trkpt lat="55.6256376" lon="14.2811352"><ele>9.0</ele></trkpt><trkpt lat="55.6256837" lon="14.2811155" /><trkpt lat="55.6257775" lon="14.2810517" /><trkpt lat="55.6258769" lon="14.2809609"><ele>11.0</ele></trkpt><trkpt lat="55.6259388" lon="14.2809196" /><trkpt lat="55.6261767" lon="14.2808172"><ele>11.0</ele></trkpt><trkpt lat="55.6261995" lon="14.2808145" /><trkpt lat="55.6262335" lon="14.2808352" /><trkpt lat="55.6263380" lon="14.2808729"><ele>10.0</ele></trkpt><trkpt lat="55.6265130" lon="14.2808639"><ele>9.0</ele></trkpt><trkpt lat="55.6267366" lon="14.2808091"><ele>9.0</ele></trkpt><trkpt lat="55.6267767" lon="14.2807687" /><trkpt lat="55.6268036" lon="14.2807606" /><trkpt lat="55.6268426" lon="14.2807328" /><trkpt lat="55.6270688" lon="14.2806690"><ele>9.0</ele></trkpt><trkpt lat="55.6270916" lon="14.2806582" /><trkpt lat="55.6271956" lon="14.2805863" /><trkpt lat="55.6272418" lon="14.2806582"><ele>10.0</ele></trkpt><trkpt lat="55.6272986" lon="14.2806690" /><trkpt lat="55.6274639" lon="14.2805872"><ele>11.0</ele></trkpt><trkpt lat="55.6275379" lon="14.2805747" /><trkpt lat="55.6275390" lon="14.2805558" /><trkpt lat="55.6275466" lon="14.2805477" /><trkpt lat="55.6275597" lon="14.2805603" /><trkpt lat="55.6275775" lon="14.2805648" /><trkpt lat="55.6276556" lon="14.2805351"><ele>11.0</ele></trkpt><trkpt lat="55.6278118" lon="14.2804956"><ele>11.0</ele></trkpt><trkpt lat="55.6278625" lon="14.2804723" /><trkpt lat="55.6279959" lon="14.2804525"><ele>11.0</ele></trkpt><trkpt lat="55.6280918" lon="14.2804579" /><trkpt lat="55.6281658" lon="14.2804345"><ele>11.0</ele></trkpt><trkpt lat="55.6281815" lon="14.2804381" /><trkpt lat="55.6284118" lon="14.2803537"><ele>11.0</ele></trkpt><trkpt lat="55.6287379" lon="14.2803492"><ele>11.0</ele></trkpt><trkpt lat="55.6287556" lon="14.2803294" /><trkpt lat="55.6288215" lon="14.2802953" /><trkpt lat="55.6288976" lon="14.2802944"><ele>11.0</ele></trkpt><trkpt lat="55.6289899" lon="14.2802764" /><trkpt lat="55.6291598" lon="14.2802028"><ele>11.0</ele></trkpt><trkpt lat="55.6292836" lon="14.2801623" /><trkpt lat="55.6294798" lon="14.2801246"><ele>10.0</ele></trkpt><trkpt lat="55.6296669" lon="14.2800986"><ele>9.0</ele></trkpt><trkpt lat="55.6297775" lon="14.2800599" /><trkpt lat="55.6299276" lon="14.2800429"><ele>8.0</ele></trkpt><trkpt lat="55.6300635" lon="14.2799890" /><trkpt lat="55.6301878" lon="14.2799503"><ele>8.0</ele></trkpt><trkpt lat="55.6303430" lon="14.2798794"><ele>9.0</ele></trkpt><trkpt lat="55.6305230" lon="14.2798282"><ele>9.0</ele></trkpt><trkpt lat="55.6308298" lon="14.2798210"><ele>9.0</ele></trkpt><trkpt lat="55.6309378" lon="14.2797868" /><trkpt lat="55.6311447" lon="14.2797563"><ele>8.0</ele></trkpt><trkpt lat="55.6313126" lon="14.2797033"><ele>7.0</ele></trkpt><trkpt lat="55.6314069" lon="14.2796988" /><trkpt lat="55.6315575" lon="14.2796557"><ele>7.0</ele></trkpt><trkpt lat="55.6318496" lon="14.2795138"><ele>7.0</ele></trkpt><trkpt lat="55.6319470" lon="14.2794221" /><trkpt lat="55.6319875" lon="14.2793934"><ele>7.0</ele></trkpt><trkpt lat="55.6319885" lon="14.2793035" /><trkpt lat="55.6320109" lon="14.2792470" /><trkpt lat="55.6321295" lon="14.2791652"><ele>6.0</ele></trkpt><trkpt lat="55.6322558" lon="14.2792362" /><trkpt lat="55.6323106" lon="14.2792380"><ele>6.0</ele></trkpt><trkpt lat="55.6323577" lon="14.2792559" /><trkpt lat="55.6324216" lon="14.2793233" /><trkpt lat="55.6324769" lon="14.2793224"><ele>6.0</ele></trkpt><trkpt lat="55.6327269" lon="14.2792622"><ele>6.0</ele></trkpt><trkpt lat="55.6330489" lon="14.2792146"><ele>6.0</ele></trkpt><trkpt lat="55.6331888" lon="14.2792254" /><trkpt lat="55.6332669" lon="14.2792443"><ele>6.0</ele></trkpt><trkpt lat="55.6332948" lon="14.2792443" /><trkpt lat="55.6333476" lon="14.2792173" /><trkpt lat="55.6334779" lon="14.2791185"><ele>6.0</ele></trkpt><trkpt lat="55.6336589" lon="14.2790008"><ele>8.0</ele></trkpt><trkpt lat="55.6339408" lon="14.2789523"><ele>10.0</ele></trkpt><trkpt lat="55.6341077" lon="14.2789424"><ele>10.0</ele></trkpt><trkpt lat="55.6343729" lon="14.2789918"><ele>11.0</ele></trkpt><trkpt lat="55.6345397" lon="14.2789667"><ele>12.0</ele></trkpt><trkpt lat="55.6346396" lon="14.2789433" /><trkpt lat="55.6347466" lon="14.2788813"><ele>13.0</ele></trkpt><trkpt lat="55.6348799" lon="14.2788292" /><trkpt lat="55.6351715" lon="14.2786999"><ele>14.0</ele></trkpt><trkpt lat="55.6353388" lon="14.2786406"><ele>15.0</ele></trkpt><trkpt lat="55.6353840" lon="14.2786334" /><trkpt lat="55.6354717" lon="14.2786334" /><trkpt lat="55.6355640" lon="14.2785894"><ele>14.0</ele></trkpt><trkpt lat="55.6358347" lon="14.2786020"><ele>14.0</ele></trkpt><trkpt lat="55.6358596" lon="14.2785975" /><trkpt lat="55.6360426" lon="14.2785265"><ele>14.0</ele></trkpt><trkpt lat="55.6360726" lon="14.2785238" /><trkpt lat="55.6362318" lon="14.2784627"><ele>13.0</ele></trkpt><trkpt lat="55.6362718" lon="14.2784403" /><trkpt lat="55.6362926" lon="14.2784888" /><trkpt lat="55.6363200" lon="14.2785094" /><trkpt lat="55.6365015" lon="14.2785014"><ele>12.0</ele></trkpt><trkpt lat="55.6365456" lon="14.2784915" /><trkpt lat="55.6367038" lon="14.2785094"><ele>11.0</ele></trkpt><trkpt lat="55.6368316" lon="14.2785023" /><trkpt lat="55.6370116" lon="14.2784627"><ele>11.0</ele></trkpt><trkpt lat="55.6373538" lon="14.2784232"><ele>10.0</ele></trkpt><trkpt lat="55.6373746" lon="14.2784115" /><trkpt lat="55.6374989" lon="14.2783783" /><trkpt lat="55.6376429" lon="14.2783846"><ele>9.0</ele></trkpt><trkpt lat="55.6379628" lon="14.2784537"><ele>8.0</ele></trkpt><trkpt lat="55.6380728" lon="14.2784304" /><trkpt lat="55.6381428" lon="14.2784061"><ele>7.0</ele></trkpt><trkpt lat="55.6381839" lon="14.2783603" /><trkpt lat="55.6382878" lon="14.2783028"><ele>7.0</ele></trkpt><trkpt lat="55.6384019" lon="14.2782543" /><trkpt lat="55.6384516" lon="14.2782417"><ele>8.0</ele></trkpt><trkpt lat="55.6386016" lon="14.2782220" /><trkpt lat="55.6386458" lon="14.2782265"><ele>8.0</ele></trkpt><trkpt lat="55.6388587" lon="14.2781654"><ele>9.0</ele></trkpt><trkpt lat="55.6391386" lon="14.2780845"><ele>10.0</ele></trkpt><trkpt lat="55.6391619" lon="14.2780854" /><trkpt lat="55.6391807" lon="14.2780729" /><trkpt lat="55.6392917" lon="14.2780827"><ele>10.0</ele></trkpt><trkpt lat="55.6392947" lon="14.2780747" /><trkpt lat="55.6393759" lon="14.2780899" /><trkpt lat="55.6395046" lon="14.2780378"><ele>10.0</ele></trkpt><trkpt lat="55.6396993" lon="14.2780333"><ele>10.0</ele></trkpt><trkpt lat="55.6399026" lon="14.2780288"><ele>9.0</ele></trkpt><trkpt lat="55.6401440" lon="14.2780369"><ele>8.0</ele></trkpt><trkpt lat="55.6402530" lon="14.2780073" /><trkpt lat="55.6405308" lon="14.2778743"><ele>8.0</ele></trkpt><trkpt lat="55.6407458" lon="14.2778483"><ele>7.0</ele></trkpt><trkpt lat="55.6409116" lon="14.2778052"><ele>6.0</ele></trkpt><trkpt lat="55.6411057" lon="14.2778025"><ele>6.0</ele></trkpt><trkpt lat="55.6412649" lon="14.2778141"><ele>6.0</ele></trkpt><trkpt lat="55.6414459" lon="14.2778555"><ele>7.0</ele></trkpt><trkpt lat="55.6415950" lon="14.2778788" /><trkpt lat="55.6417359" lon="14.2778555"><ele>7.0</ele></trkpt><trkpt lat="55.6418997" lon="14.2778177"><ele>7.0</ele></trkpt><trkpt lat="55.6419848" lon="14.2777737" /><trkpt lat="55.6421618" lon="14.2777234"><ele>8.0</ele></trkpt><trkpt lat="55.6422657" lon="14.2776767" /><trkpt lat="55.6423909" lon="14.2776498"><ele>8.0</ele></trkpt><trkpt lat="55.6425116" lon="14.2776506" /><trkpt lat="55.6425379" lon="14.2776614" /><trkpt lat="55.6427747" lon="14.2776084"><ele>8.0</ele></trkpt><trkpt lat="55.6430089" lon="14.2775294"><ele>8.0</ele></trkpt><trkpt lat="55.6431047" lon="14.2775177" /><trkpt lat="55.6432137" lon="14.2775213"><ele>8.0</ele></trkpt><trkpt lat="55.6432497" lon="14.2775159" /><trkpt lat="55.6432817" lon="14.2775204" /><trkpt lat="55.6433298" lon="14.2775429" /><trkpt lat="55.6433597" lon="14.2775312" /><trkpt lat="55.6433947" lon="14.2775087"><ele>8.0</ele></trkpt><trkpt lat="55.6435569" lon="14.2774943"><ele>9.0</ele></trkpt><trkpt lat="55.6436816" lon="14.2774665" /><trkpt lat="55.6437759" lon="14.2774548"><ele>9.0</ele></trkpt><trkpt lat="55.6440096" lon="14.2773946"><ele>9.0</ele></trkpt><trkpt lat="55.6441359" lon="14.2773740" /><trkpt lat="55.6442606" lon="14.2773803"><ele>9.0</ele></trkpt><trkpt lat="55.6443169" lon="14.2773946" /><trkpt lat="55.6444710" lon="14.2773937"><ele>9.0</ele></trkpt><trkpt lat="55.6446616" lon="14.2774225"><ele>8.0</ele></trkpt><trkpt lat="55.6448370" lon="14.2774108"><ele>8.0</ele></trkpt><trkpt lat="55.6449110" lon="14.2773928" /><trkpt lat="55.6450697" lon="14.2773389"><ele>8.0</ele></trkpt><trkpt lat="55.6451345" lon="14.2773057" /><trkpt lat="55.6451989" lon="14.2772922" /><trkpt lat="55.6452608" lon="14.2772473"><ele>8.0</ele></trkpt><trkpt lat="55.6453596" lon="14.2772275" /><trkpt lat="55.6456268" lon="14.2772248"><ele>8.0</ele></trkpt><trkpt lat="55.6457758" lon="14.2771988" /><trkpt lat="55.6458275" lon="14.2772087"><ele>8.0</ele></trkpt><trkpt lat="55.6460247" lon="14.2772132"><ele>7.0</ele></trkpt><trkpt lat="55.6462057" lon="14.2771961"><ele>7.0</ele></trkpt><trkpt lat="55.6462756" lon="14.2771745" /><trkpt lat="55.6463720" lon="14.2771674"><ele>7.0</ele></trkpt><trkpt lat="55.6464779" lon="14.2771224" /><trkpt lat="55.6465169" lon="14.2770739"><ele>7.0</ele></trkpt><trkpt lat="55.6466127" lon="14.2771413" /><trkpt lat="55.6466660" lon="14.2771440"><ele>6.0</ele></trkpt><trkpt lat="55.6469676" lon="14.2771054"><ele>6.0</ele></trkpt><trkpt lat="55.6471800" lon="14.2770667"><ele>5.0</ele></trkpt><trkpt lat="55.6473508" lon="14.2770524"><ele>5.0</ele></trkpt><trkpt lat="55.6475505" lon="14.2770766"><ele>5.0</ele></trkpt><trkpt lat="55.6477087" lon="14.2770479"><ele>5.0</ele></trkpt><trkpt lat="55.6479936" lon="14.2770263"><ele>5.0</ele></trkpt><trkpt lat="55.6482029" lon="14.2770434"><ele>6.0</ele></trkpt><trkpt lat="55.6483499" lon="14.2770326" /><trkpt lat="55.6484178" lon="14.2770003"><ele>6.0</ele></trkpt><trkpt lat="55.6485369" lon="14.2769302" /><trkpt lat="55.6486120" lon="14.2769131"><ele>7.0</ele></trkpt><trkpt lat="55.6488127" lon="14.2768440"><ele>7.0</ele></trkpt><trkpt lat="55.6489536" lon="14.2768359" /><trkpt lat="55.6491026" lon="14.2768494"><ele>6.0</ele></trkpt><trkpt lat="55.6491999" lon="14.2768664" /><trkpt lat="55.6493748" lon="14.2768511"><ele>6.0</ele></trkpt><trkpt lat="55.6495527" lon="14.2768736"><ele>5.0</ele></trkpt><trkpt lat="55.6497337" lon="14.2769194"><ele>4.0</ele></trkpt><trkpt lat="55.6499207" lon="14.2769015"><ele>4.0</ele></trkpt><trkpt lat="55.6500976" lon="14.2767487"><ele>4.0</ele></trkpt><trkpt lat="55.6502365" lon="14.2766957" /><trkpt lat="55.6504190" lon="14.2766805"><ele>5.0</ele></trkpt><trkpt lat="55.6504676" lon="14.2767038" /><trkpt lat="55.6505300" lon="14.2767011" /><trkpt lat="55.6505629" lon="14.2767101" /><trkpt lat="55.6506998" lon="14.2767227"><ele>5.0</ele></trkpt><trkpt lat="55.6510237" lon="14.2766984"><ele>6.0</ele></trkpt><trkpt lat="55.6512208" lon="14.2767254"><ele>6.0</ele></trkpt><trkpt lat="55.6515837" lon="14.2768404"><ele>5.0</ele></trkpt><trkpt lat="55.6516866" lon="14.2768628" /><trkpt lat="55.6518169" lon="14.2768754"><ele>4.0</ele></trkpt><trkpt lat="55.6518666" lon="14.2768736" /><trkpt lat="55.6520379" lon="14.2768476"><ele>4.0</ele></trkpt><trkpt lat="55.6522467" lon="14.2767972"><ele>4.0</ele></trkpt><trkpt lat="55.6523835" lon="14.2767748" /><trkpt lat="55.6525158" lon="14.2766975"><ele>4.0</ele></trkpt><trkpt lat="55.6526937" lon="14.2765583"><ele>5.0</ele></trkpt><trkpt lat="55.6528468" lon="14.2764649"><ele>5.0</ele></trkpt><trkpt lat="55.6529948" lon="14.2764496" /><trkpt lat="55.6530566" lon="14.2764496"><ele>4.0</ele></trkpt><trkpt lat="55.6531605" lon="14.2764748" /><trkpt lat="55.6532568" lon="14.2764712"><ele>4.0</ele></trkpt><trkpt lat="55.6533070" lon="14.2765062" /><trkpt lat="55.6534646" lon="14.2765754"><ele>3.0</ele></trkpt><trkpt lat="55.6535168" lon="14.2765817" /><trkpt lat="55.6535670" lon="14.2765637" /><trkpt lat="55.6536760" lon="14.2765448"><ele>3.0</ele></trkpt><trkpt lat="55.6538295" lon="14.2765475"><ele>3.0</ele></trkpt><trkpt lat="55.6539638" lon="14.2765403" /><trkpt lat="55.6542466" lon="14.2765116"><ele>3.0</ele></trkpt><trkpt lat="55.6543718" lon="14.2764882" /><trkpt lat="55.6544930" lon="14.2764882"><ele>4.0</ele></trkpt><trkpt lat="55.6546156" lon="14.2765089" /><trkpt lat="55.6549496" lon="14.2765296"><ele>4.0</ele></trkpt><trkpt lat="55.6550880" lon="14.2764828" /><trkpt lat="55.6552577" lon="14.2764766"><ele>4.0</ele></trkpt><trkpt lat="55.6554118" lon="14.2765134"><ele>3.0</ele></trkpt><trkpt lat="55.6556018" lon="14.2764766"><ele>3.0</ele></trkpt><trkpt lat="55.6556277" lon="14.2764622" /><trkpt lat="55.6556799" lon="14.2763975" /><trkpt lat="55.6557108" lon="14.2763436" /><trkpt lat="55.6557306" lon="14.2762816"><ele>4.0</ele></trkpt><trkpt lat="55.6557635" lon="14.2762035" /><trkpt lat="55.6557960" lon="14.2760669" /><trkpt lat="55.6557939" lon="14.2759205"><ele>6.0</ele></trkpt><trkpt lat="55.6557848" lon="14.2758926" /><trkpt lat="55.6557407" lon="14.2758073" /><trkpt lat="55.6556829" lon="14.2757274"><ele>7.0</ele></trkpt><trkpt lat="55.6556267" lon="14.2755675" /><trkpt lat="55.6556196" lon="14.2755369" /><trkpt lat="55.6556130" lon="14.2754516"><ele>9.0</ele></trkpt><trkpt lat="55.6555937" lon="14.2753914" /><trkpt lat="55.6555076" lon="14.2752468"><ele>10.0</ele></trkpt><trkpt lat="55.6554559" lon="14.2751417" /><trkpt lat="55.6554189" lon="14.2749270"><ele>12.0</ele></trkpt><trkpt lat="55.6554179" lon="14.2748272" /><trkpt lat="55.6554326" lon="14.2744715"><ele>13.0</ele></trkpt><trkpt lat="55.6554610" lon="14.2741239"><ele>14.0</ele></trkpt><trkpt lat="55.6554716" lon="14.2737789"><ele>15.0</ele></trkpt><trkpt lat="55.6554675" lon="14.2737295" /><trkpt lat="55.6554326" lon="14.2735373" /><trkpt lat="55.6553986" lon="14.2734519"><ele>16.0</ele></trkpt><trkpt lat="55.6552866" lon="14.2732803" /><trkpt lat="55.6551716" lon="14.2732238"><ele>17.0</ele></trkpt><trkpt lat="55.6550530" lon="14.2731905" /><trkpt lat="55.6548695" lon="14.2731052"><ele>18.0</ele></trkpt><trkpt lat="55.6548416" lon="14.2730827" /><trkpt lat="55.6547646" lon="14.2729956" /><trkpt lat="55.6546947" lon="14.2728339"><ele>19.0</ele></trkpt><trkpt lat="55.6547068" lon="14.2725895" /><trkpt lat="55.6547327" lon="14.2724773"><ele>20.0</ele></trkpt><trkpt lat="55.6548209" lon="14.2722464"><ele>20.0</ele></trkpt><trkpt lat="55.6548908" lon="14.2720308" /><trkpt lat="55.6549187" lon="14.2717442"><ele>21.0</ele></trkpt><trkpt lat="55.6549177" lon="14.2715466" /><trkpt lat="55.6549237" lon="14.2713427"><ele>22.0</ele></trkpt><trkpt lat="55.6549379" lon="14.2710283"><ele>22.0</ele></trkpt><trkpt lat="55.6549435" lon="14.2709798" /><trkpt lat="55.6549369" lon="14.2705944"><ele>23.0</ele></trkpt><trkpt lat="55.6549547" lon="14.2702746"><ele>24.0</ele></trkpt><trkpt lat="55.6549770" lon="14.2700644" /><trkpt lat="55.6549957" lon="14.2697616"><ele>26.0</ele></trkpt><trkpt lat="55.6550307" lon="14.2693709"><ele>29.0</ele></trkpt><trkpt lat="55.6550520" lon="14.2689909"><ele>31.0</ele></trkpt><trkpt lat="55.6550540" lon="14.2688777" /><trkpt lat="55.6550727" lon="14.2687115"><ele>32.0</ele></trkpt><trkpt lat="55.6551199" lon="14.2685525" /><trkpt lat="55.6551498" lon="14.2684672"><ele>34.0</ele></trkpt><trkpt lat="55.6551848" lon="14.2684106" /><trkpt lat="55.6552405" lon="14.2683414" /><trkpt lat="55.6554620" lon="14.2681007"><ele>36.0</ele></trkpt><trkpt lat="55.6555208" lon="14.2680593" /><trkpt lat="55.6557458" lon="14.2677413"><ele>38.0</ele></trkpt><trkpt lat="55.6558527" lon="14.2676317" /><trkpt lat="55.6560037" lon="14.2675527"><ele>38.0</ele></trkpt><trkpt lat="55.6561700" lon="14.2675689"><ele>39.0</ele></trkpt><trkpt lat="55.6562957" lon="14.2675976" /><trkpt lat="55.6563869" lon="14.2675886"><ele>40.0</ele></trkpt><trkpt lat="55.6565496" lon="14.2675464"><ele>40.0</ele></trkpt><trkpt lat="55.6567138" lon="14.2674179"><ele>41.0</ele></trkpt><trkpt lat="55.6567649" lon="14.2673515" /><trkpt lat="55.6568886" lon="14.2670829"><ele>42.0</ele></trkpt><trkpt lat="55.6569408" lon="14.2668646" /><trkpt lat="55.6569788" lon="14.2665367"><ele>44.0</ele></trkpt><trkpt lat="55.6570366" lon="14.2662358"><ele>46.0</ele></trkpt><trkpt lat="55.6570670" lon="14.2658935"><ele>48.0</ele></trkpt><trkpt lat="55.6571019" lon="14.2657049" /><trkpt lat="55.6571476" lon="14.2655072"><ele>49.0</ele></trkpt><trkpt lat="55.6571587" lon="14.2654219" /><trkpt lat="55.6571496" lon="14.2653788" /><trkpt lat="55.6571769" lon="14.2650895"><ele>51.0</ele></trkpt><trkpt lat="55.6571815" lon="14.2648748" /><trkpt lat="55.6571937" lon="14.2647329"><ele>52.0</ele></trkpt><trkpt lat="55.6572555" lon="14.2643646"><ele>54.0</ele></trkpt><trkpt lat="55.6572839" lon="14.2641059" /><trkpt lat="55.6573107" lon="14.2639019"><ele>56.0</ele></trkpt><trkpt lat="55.6573893" lon="14.2634815"><ele>58.0</ele></trkpt><trkpt lat="55.6575398" lon="14.2626748"><ele>63.0</ele></trkpt><trkpt lat="55.6575788" lon="14.2625437" /><trkpt lat="55.6576356" lon="14.2623919"><ele>65.0</ele></trkpt><trkpt lat="55.6577187" lon="14.2622383" /><trkpt lat="55.6578809" lon="14.2620658"><ele>69.0</ele></trkpt><trkpt lat="55.6579260" lon="14.2620020" /><trkpt lat="55.6580856" lon="14.2618187"><ele>72.0</ele></trkpt><trkpt lat="55.6583000" lon="14.2615609"><ele>75.0</ele></trkpt><trkpt lat="55.6583876" lon="14.2614693" /><trkpt lat="55.6584966" lon="14.2613408"><ele>77.0</ele></trkpt><trkpt lat="55.6585467" lon="14.2612618" /><trkpt lat="55.6587256" lon="14.2610462"><ele>80.0</ele></trkpt><trkpt lat="55.6589268" lon="14.2609195"><ele>82.0</ele></trkpt><trkpt lat="55.6589866" lon="14.2608629" /><trkpt lat="55.6590545" lon="14.2606599"><ele>84.0</ele></trkpt><trkpt lat="55.6590535" lon="14.2603482"><ele>85.0</ele></trkpt><trkpt lat="55.6591037" lon="14.2597176"><ele>87.0</ele></trkpt><trkpt lat="55.6591057" lon="14.2595882" /><trkpt lat="55.6591366" lon="14.2593834"><ele>89.0</ele></trkpt><trkpt lat="55.6591979" lon="14.2593385" /><trkpt lat="55.6592699" lon="14.2593753" /><trkpt lat="55.6594189" lon="14.2594813"><ele>91.0</ele></trkpt><trkpt lat="55.6595983" lon="14.2596340"><ele>91.0</ele></trkpt><trkpt lat="55.6597959" lon="14.2598011"><ele>91.0</ele></trkpt><trkpt lat="55.6599753" lon="14.2599449"><ele>92.0</ele></trkpt><trkpt lat="55.6601678" lon="14.2600994"><ele>93.0</ele></trkpt><trkpt lat="55.6603315" lon="14.2602440"><ele>93.0</ele></trkpt><trkpt lat="55.6606117" lon="14.2604677"><ele>94.0</ele></trkpt><trkpt lat="55.6607410" lon="14.2605898" /><trkpt lat="55.6608347" lon="14.2606698"><ele>94.0</ele></trkpt><trkpt lat="55.6609589" lon="14.2607713" /><trkpt lat="55.6610126" lon="14.2607992"><ele>94.0</ele></trkpt><trkpt lat="55.6612376" lon="14.2608998"><ele>94.0</ele></trkpt><trkpt lat="55.6614109" lon="14.2609303"><ele>94.0</ele></trkpt><trkpt lat="55.6615558" lon="14.2609267" /><trkpt lat="55.6617088" lon="14.2608944"><ele>94.0</ele></trkpt><trkpt lat="55.6618826" lon="14.2608890"><ele>94.0</ele></trkpt><trkpt lat="55.6621137" lon="14.2608405"><ele>93.0</ele></trkpt><trkpt lat="55.6622819" lon="14.2607722"><ele>93.0</ele></trkpt><trkpt lat="55.6623316" lon="14.2607255" /><trkpt lat="55.6624268" lon="14.2606087"><ele>93.0</ele></trkpt><trkpt lat="55.6625935" lon="14.2604335"><ele>93.0</ele></trkpt><trkpt lat="55.6627567" lon="14.2602413"><ele>94.0</ele></trkpt><trkpt lat="55.6628185" lon="14.2601775" /><trkpt lat="55.6630156" lon="14.2600544"><ele>94.0</ele></trkpt><trkpt lat="55.6632355" lon="14.2600122"><ele>93.0</ele></trkpt><trkpt lat="55.6635416" lon="14.2599538"><ele>93.0</ele></trkpt><trkpt lat="55.6635689" lon="14.2599440" /><trkpt lat="55.6637346" lon="14.2598362"><ele>94.0</ele></trkpt><trkpt lat="55.6638197" lon="14.2596996" /><trkpt lat="55.6638370" lon="14.2596592" /><trkpt lat="55.6639748" lon="14.2593026"><ele>95.0</ele></trkpt><trkpt lat="55.6640817" lon="14.2589783"><ele>98.0</ele></trkpt><trkpt lat="55.6641886" lon="14.2586863"><ele>99.0</ele></trkpt><trkpt lat="55.6642357" lon="14.2585399" /><trkpt lat="55.6643396" lon="14.2583270"><ele>99.0</ele></trkpt><trkpt lat="55.6645235" lon="14.2580539"><ele>99.0</ele></trkpt><trkpt lat="55.6646928" lon="14.2578563"><ele>99.0</ele></trkpt><trkpt lat="55.6649415" lon="14.2576245"><ele>99.0</ele></trkpt><trkpt lat="55.6650996" lon="14.2574395"><ele>99.0</ele></trkpt><trkpt lat="55.6651746" lon="14.2572086" /><trkpt lat="55.6651827" lon="14.2571313"><ele>101.0</ele></trkpt><trkpt lat="55.6652020" lon="14.2566651"><ele>104.0</ele></trkpt><trkpt lat="55.6651989" lon="14.2564863" /><trkpt lat="55.6652065" lon="14.2562914"><ele>106.0</ele></trkpt><trkpt lat="55.6652055" lon="14.2559887"><ele>107.0</ele></trkpt><trkpt lat="55.6652177" lon="14.2557776" /><trkpt lat="55.6652329" lon="14.2552556"><ele>109.0</ele></trkpt><trkpt lat="55.6652329" lon="14.2548649"><ele>110.0</ele></trkpt><trkpt lat="55.6652329" lon="14.2543268"><ele>110.0</ele></trkpt><trkpt lat="55.6652380" lon="14.2541004" /><trkpt lat="55.6652719" lon="14.2537833"><ele>110.0</ele></trkpt><trkpt lat="55.6653808" lon="14.2536054" /><trkpt lat="55.6655126" lon="14.2535012"><ele>109.0</ele></trkpt><trkpt lat="55.6655587" lon="14.2533225" /><trkpt lat="55.6655556" lon="14.2532210"><ele>109.0</ele></trkpt><trkpt lat="55.6655409" lon="14.2530647" /><trkpt lat="55.6654006" lon="14.2519993"><ele>110.0</ele></trkpt><trkpt lat="55.6653378" lon="14.2514378"><ele>111.0</ele></trkpt><trkpt lat="55.6652608" lon="14.2508252"><ele>112.0</ele></trkpt><trkpt lat="55.6652167" lon="14.2504065"><ele>112.0</ele></trkpt><trkpt lat="55.6651736" lon="14.2501335"><ele>112.0</ele></trkpt><trkpt lat="55.6651376" lon="14.2498002"><ele>112.0</ele></trkpt><trkpt lat="55.6650829" lon="14.2493744"><ele>113.0</ele></trkpt><trkpt lat="55.6650464" lon="14.2490312"><ele>113.0</ele></trkpt><trkpt lat="55.6650069" lon="14.2486593"><ele>113.0</ele></trkpt><trkpt lat="55.6649329" lon="14.2481149"><ele>113.0</ele></trkpt><trkpt lat="55.6648757" lon="14.2476316"><ele>113.0</ele></trkpt><trkpt lat="55.6648184" lon="14.2471475"><ele>113.0</ele></trkpt><trkpt lat="55.6647186" lon="14.2463048"><ele>112.0</ele></trkpt><trkpt lat="55.6646487" lon="14.2457721"><ele>110.0</ele></trkpt><trkpt lat="55.6646310" lon="14.2455682" /><trkpt lat="55.6645940" lon="14.2450077"><ele>108.0</ele></trkpt><trkpt lat="55.6645818" lon="14.2447157"><ele>108.0</ele></trkpt><trkpt lat="55.6645828" lon="14.2442737"><ele>107.0</ele></trkpt><trkpt lat="55.6645848" lon="14.2434293"><ele>105.0</ele></trkpt><trkpt lat="55.6645793" lon="14.2429784"><ele>105.0</ele></trkpt><trkpt lat="55.6645742" lon="14.2425274"><ele>105.0</ele></trkpt><trkpt lat="55.6645686" lon="14.2420648"><ele>105.0</ele></trkpt><trkpt lat="55.6645737" lon="14.2416498"><ele>104.0</ele></trkpt><trkpt lat="55.6645727" lon="14.2412662"><ele>104.0</ele></trkpt><trkpt lat="55.6645717" lon="14.2407613"><ele>103.0</ele></trkpt><trkpt lat="55.6645575" lon="14.2403454"><ele>102.0</ele></trkpt><trkpt lat="55.6645347" lon="14.2396708"><ele>101.0</ele></trkpt><trkpt lat="55.6645296" lon="14.2392962"><ele>100.0</ele></trkpt><trkpt lat="55.6645225" lon="14.2388264"><ele>100.0</ele></trkpt><trkpt lat="55.6645129" lon="14.2385425"><ele>99.0</ele></trkpt><trkpt lat="55.6645134" lon="14.2381616"><ele>99.0</ele></trkpt><trkpt lat="55.6645139" lon="14.2376675"><ele>98.0</ele></trkpt><trkpt lat="55.6645200" lon="14.2371187"><ele>97.0</ele></trkpt><trkpt lat="55.6645180" lon="14.2366506"><ele>97.0</ele></trkpt><trkpt lat="55.6645109" lon="14.2364117" /><trkpt lat="55.6645159" lon="14.2357335"><ele>95.0</ele></trkpt><trkpt lat="55.6645149" lon="14.2353876"><ele>94.0</ele></trkpt><trkpt lat="55.6645139" lon="14.2350220"><ele>94.0</ele></trkpt><trkpt lat="55.6645048" lon="14.2346528"><ele>93.0</ele></trkpt><trkpt lat="55.6644936" lon="14.2342063"><ele>93.0</ele></trkpt><trkpt lat="55.6644987" lon="14.2337123"><ele>93.0</ele></trkpt><trkpt lat="55.6644967" lon="14.2332882"><ele>93.0</ele></trkpt><trkpt lat="55.6644926" lon="14.2325651"><ele>92.0</ele></trkpt><trkpt lat="55.6645225" lon="14.2324007" /><trkpt lat="55.6645479" lon="14.2323576" /><trkpt lat="55.6646659" lon="14.2322399"><ele>91.0</ele></trkpt><trkpt lat="55.6647617" lon="14.2321824" /><trkpt lat="55.6649147" lon="14.2321195"><ele>91.0</ele></trkpt><trkpt lat="55.6651260" lon="14.2320549"><ele>91.0</ele></trkpt><trkpt lat="55.6653986" lon="14.2319713"><ele>91.0</ele></trkpt><trkpt lat="55.6654867" lon="14.2319354" /><trkpt lat="55.6656357" lon="14.2319004"><ele>91.0</ele></trkpt><trkpt lat="55.6659929" lon="14.2318330"><ele>91.0</ele></trkpt><trkpt lat="55.6661717" lon="14.2317836"><ele>91.0</ele></trkpt><trkpt lat="55.6663876" lon="14.2317090"><ele>91.0</ele></trkpt><trkpt lat="55.6666830" lon="14.2316075"><ele>90.0</ele></trkpt><trkpt lat="55.6669044" lon="14.2315195"><ele>90.0</ele></trkpt><trkpt lat="55.6672327" lon="14.2313892"><ele>89.0</ele></trkpt><trkpt lat="55.6673249" lon="14.2313793" /><trkpt lat="55.6675635" lon="14.2313883"><ele>89.0</ele></trkpt><trkpt lat="55.6678148" lon="14.2314323"><ele>88.0</ele></trkpt><trkpt lat="55.6683118" lon="14.2315186"><ele>88.0</ele></trkpt><trkpt lat="55.6685469" lon="14.2315536"><ele>87.0</ele></trkpt><trkpt lat="55.6689330" lon="14.2316120"><ele>87.0</ele></trkpt><trkpt lat="55.6691447" lon="14.2316497"><ele>87.0</ele></trkpt><trkpt lat="55.6694735" lon="14.2316749"><ele>86.0</ele></trkpt><trkpt lat="55.6696797" lon="14.2316623"><ele>86.0</ele></trkpt><trkpt lat="55.6698920" lon="14.2316255"><ele>86.0</ele></trkpt><trkpt lat="55.6701377" lon="14.2315473"><ele>85.0</ele></trkpt><trkpt lat="55.6704057" lon="14.2314054"><ele>84.0</ele></trkpt><trkpt lat="55.6704639" lon="14.2313632" /><trkpt lat="55.6705577" lon="14.2313084"><ele>83.0</ele></trkpt><trkpt lat="55.6706519" lon="14.2312643" /><trkpt lat="55.6708110" lon="14.2312257"><ele>82.0</ele></trkpt><trkpt lat="55.6711418" lon="14.2311772"><ele>80.0</ele></trkpt><trkpt lat="55.6712416" lon="14.2311736" /><trkpt lat="55.6714047" lon="14.2311862"><ele>78.0</ele></trkpt><trkpt lat="55.6716286" lon="14.2312634"><ele>78.0</ele></trkpt><trkpt lat="55.6718454" lon="14.2313730"><ele>77.0</ele></trkpt><trkpt lat="55.6721605" lon="14.2315329"><ele>77.0</ele></trkpt><trkpt lat="55.6723556" lon="14.2316138"><ele>77.0</ele></trkpt><trkpt lat="55.6725466" lon="14.2317072"><ele>76.0</ele></trkpt><trkpt lat="55.6727548" lon="14.2318096"><ele>76.0</ele></trkpt><trkpt lat="55.6729488" lon="14.2318950"><ele>74.0</ele></trkpt><trkpt lat="55.6731636" lon="14.2319902"><ele>73.0</ele></trkpt><trkpt lat="55.6734199" lon="14.2320953"><ele>71.0</ele></trkpt><trkpt lat="55.6734538" lon="14.2321052" /><trkpt lat="55.6736995" lon="14.2321186"><ele>69.0</ele></trkpt><trkpt lat="55.6739447" lon="14.2320845"><ele>67.0</ele></trkpt><trkpt lat="55.6742805" lon="14.2320737"><ele>64.0</ele></trkpt><trkpt lat="55.6745110" lon="14.2320809"><ele>61.0</ele></trkpt><trkpt lat="55.6748646" lon="14.2320917"><ele>58.0</ele></trkpt><trkpt lat="55.6749669" lon="14.2321159" /><trkpt lat="55.6749988" lon="14.2321294" /><trkpt lat="55.6753098" lon="14.2323432"><ele>55.0</ele></trkpt><trkpt lat="55.6753919" lon="14.2323926" /><trkpt lat="55.6754669" lon="14.2324232"><ele>54.0</ele></trkpt><trkpt lat="55.6756077" lon="14.2325085" /><trkpt lat="55.6757146" lon="14.2325543"><ele>51.0</ele></trkpt><trkpt lat="55.6758529" lon="14.2325956" /><trkpt lat="55.6759618" lon="14.2326109"><ele>49.0</ele></trkpt><trkpt lat="55.6761076" lon="14.2325938" /><trkpt lat="55.6762069" lon="14.2325938"><ele>46.0</ele></trkpt><trkpt lat="55.6765038" lon="14.2325678"><ele>44.0</ele></trkpt><trkpt lat="55.6767428" lon="14.2325642"><ele>42.0</ele></trkpt><trkpt lat="55.6771475" lon="14.2325597"><ele>39.0</ele></trkpt><trkpt lat="55.6772215" lon="14.2325444" /><trkpt lat="55.6773299" lon="14.2325094"><ele>37.0</ele></trkpt><trkpt lat="55.6775138" lon="14.2324384"><ele>36.0</ele></trkpt><trkpt lat="55.6776885" lon="14.2323558"><ele>36.0</ele></trkpt><trkpt lat="55.6777817" lon="14.2322965" /><trkpt lat="55.6779088" lon="14.2322040"><ele>35.0</ele></trkpt><trkpt lat="55.6781089" lon="14.2320252"><ele>34.0</ele></trkpt><trkpt lat="55.6783966" lon="14.2317683"><ele>34.0</ele></trkpt><trkpt lat="55.6785207" lon="14.2317027" /><trkpt lat="55.6785496" lon="14.2317180"><ele>34.0</ele></trkpt><trkpt lat="55.6785739" lon="14.2317593" /><trkpt lat="55.6786038" lon="14.2319318" /><trkpt lat="55.6786098" lon="14.2321671"><ele>34.0</ele></trkpt><trkpt lat="55.6786088" lon="14.2323872" /><trkpt lat="55.6785896" lon="14.2327457"><ele>34.0</ele></trkpt><trkpt lat="55.6785906" lon="14.2327888" /><trkpt lat="55.6786109" lon="14.2328589" /><trkpt lat="55.6786580" lon="14.2328867" /><trkpt lat="55.6788575" lon="14.2329235"><ele>33.0</ele></trkpt><trkpt lat="55.6789978" lon="14.2329343" /><trkpt lat="55.6790596" lon="14.2329595"><ele>33.0</ele></trkpt><trkpt lat="55.6791366" lon="14.2330134" /><trkpt lat="55.6792009" lon="14.2330843"><ele>32.0</ele></trkpt><trkpt lat="55.6792936" lon="14.2331670" /><trkpt lat="55.6794147" lon="14.2332954"><ele>31.0</ele></trkpt><trkpt lat="55.6795539" lon="14.2333907" /><trkpt lat="55.6797459" lon="14.2334068"><ele>30.0</ele></trkpt><trkpt lat="55.6799789" lon="14.2333907"><ele>29.0</ele></trkpt><trkpt lat="55.6800559" lon="14.2334104" /><trkpt lat="55.6801288" lon="14.2334544"><ele>27.0</ele></trkpt><trkpt lat="55.6802007" lon="14.2335119" /><trkpt lat="55.6803147" lon="14.2336152"><ele>25.0</ele></trkpt><trkpt lat="55.6804935" lon="14.2337446"><ele>24.0</ele></trkpt><trkpt lat="55.6806788" lon="14.2338784"><ele>22.0</ele></trkpt><trkpt lat="55.6808586" lon="14.2340419"><ele>20.0</ele></trkpt><trkpt lat="55.6809468" lon="14.2341318" /><trkpt lat="55.6810339" lon="14.2342450"><ele>18.0</ele></trkpt><trkpt lat="55.6810688" lon="14.2342818" /><trkpt lat="55.6811438" lon="14.2343033" /><trkpt lat="55.6812056" lon="14.2343123"><ele>16.0</ele></trkpt><trkpt lat="55.6813216" lon="14.2343887" /><trkpt lat="55.6814618" lon="14.2345064"><ele>14.0</ele></trkpt><trkpt lat="55.6816796" lon="14.2347875"><ele>14.0</ele></trkpt><trkpt lat="55.6818189" lon="14.2350220"><ele>13.0</ele></trkpt><trkpt lat="55.6818787" lon="14.2351666" /><trkpt lat="55.6819658" lon="14.2352654"><ele>13.0</ele></trkpt><trkpt lat="55.6820600" lon="14.2353490" /><trkpt lat="55.6823968" lon="14.2357415"><ele>13.0</ele></trkpt><trkpt lat="55.6824226" lon="14.2357595" /><trkpt lat="55.6824717" lon="14.2357541" /><trkpt lat="55.6825978" lon="14.2355951"><ele>14.0</ele></trkpt><trkpt lat="55.6827148" lon="14.2354738" /><trkpt lat="55.6828460" lon="14.2354505"><ele>14.0</ele></trkpt><trkpt lat="55.6830065" lon="14.2355008"><ele>15.0</ele></trkpt><trkpt lat="55.6830779" lon="14.2354801" /><trkpt lat="55.6834188" lon="14.2353068"><ele>15.0</ele></trkpt><trkpt lat="55.6835636" lon="14.2352933" /><trkpt lat="55.6836578" lon="14.2353122"><ele>14.0</ele></trkpt><trkpt lat="55.6837718" lon="14.2353652" /><trkpt lat="55.6841759" lon="14.2356239"><ele>11.0</ele></trkpt><trkpt lat="55.6843638" lon="14.2356122"><ele>10.0</ele></trkpt><trkpt lat="55.6844028" lon="14.2356032" /><trkpt lat="55.6845496" lon="14.2355233"><ele>10.0</ele></trkpt><trkpt lat="55.6846767" lon="14.2353526"><ele>10.0</ele></trkpt><trkpt lat="55.6848358" lon="14.2351936"><ele>10.0</ele></trkpt><trkpt lat="55.6850100" lon="14.2350489"><ele>9.0</ele></trkpt><trkpt lat="55.6851548" lon="14.2348522"><ele>9.0</ele></trkpt><trkpt lat="55.6853027" lon="14.2346357"><ele>7.0</ele></trkpt><trkpt lat="55.6854288" lon="14.2344345"><ele>7.0</ele></trkpt><trkpt lat="55.6854668" lon="14.2343483" /><trkpt lat="55.6855296" lon="14.2340931"><ele>7.0</ele></trkpt><trkpt lat="55.6855377" lon="14.2340374" /><trkpt lat="55.6855675" lon="14.2336485"><ele>7.0</ele></trkpt><trkpt lat="55.6855706" lon="14.2333395"><ele>7.0</ele></trkpt><trkpt lat="55.6855609" lon="14.2330125"><ele>7.0</ele></trkpt><trkpt lat="55.6855746" lon="14.2323756"><ele>7.0</ele></trkpt><trkpt lat="55.6855848" lon="14.2321905" /><trkpt lat="55.6856167" lon="14.2318509"><ele>6.0</ele></trkpt><trkpt lat="55.6856638" lon="14.2315042"><ele>6.0</ele></trkpt><trkpt lat="55.6857169" lon="14.2311152"><ele>5.0</ele></trkpt><trkpt lat="55.6857478" lon="14.2309562" /><trkpt lat="55.6858587" lon="14.2306149"><ele>5.0</ele></trkpt><trkpt lat="55.6859706" lon="14.2303373"><ele>4.0</ele></trkpt><trkpt lat="55.6860977" lon="14.2301702"><ele>4.0</ele></trkpt><trkpt lat="55.6862178" lon="14.2301316" /><trkpt lat="55.6862649" lon="14.2300696"><ele>3.0</ele></trkpt><trkpt lat="55.6863276" lon="14.2299618" /><trkpt lat="55.6864087" lon="14.2298693"><ele>3.0</ele></trkpt><trkpt lat="55.6865626" lon="14.2296168"><ele>3.0</ele></trkpt><trkpt lat="55.6866917" lon="14.2293752"><ele>3.0</ele></trkpt><trkpt lat="55.6867358" lon="14.2293024" /><trkpt lat="55.6868918" lon="14.2291102"><ele>2.0</ele></trkpt><trkpt lat="55.6870229" lon="14.2288784"><ele>1.0</ele></trkpt><trkpt lat="55.6870999" lon="14.2287886" /><trkpt lat="55.6872376" lon="14.2287104"><ele>1.0</ele></trkpt><trkpt lat="55.6873779" lon="14.2284266"><ele>1.0</ele></trkpt><trkpt lat="55.6874296" lon="14.2281993" /><trkpt lat="55.6874108" lon="14.2280547"><ele>1.0</ele></trkpt><trkpt lat="55.6873617" lon="14.2279280" /><trkpt lat="55.6872366" lon="14.2276926"><ele>2.0</ele></trkpt><trkpt lat="55.6871865" lon="14.2276208" /><trkpt lat="55.6871166" lon="14.2274402"><ele>3.0</ele></trkpt><trkpt lat="55.6870629" lon="14.2269614"><ele>4.0</ele></trkpt><trkpt lat="55.6869996" lon="14.2267898" /><trkpt lat="55.6868118" lon="14.2264009"><ele>5.0</ele></trkpt><trkpt lat="55.6867090" lon="14.2262104" /><trkpt lat="55.6866806" lon="14.2261296"><ele>7.0</ele></trkpt><trkpt lat="55.6866776" lon="14.2260829" /><trkpt lat="55.6867110" lon="14.2259337" /><trkpt lat="55.6868189" lon="14.2256607"><ele>7.0</ele></trkpt><trkpt lat="55.6868639" lon="14.2255268" /><trkpt lat="55.6869429" lon="14.2253382"><ele>7.0</ele></trkpt><trkpt lat="55.6870589" lon="14.2251073"><ele>7.0</ele></trkpt><trkpt lat="55.6871495" lon="14.2249564" /><trkpt lat="55.6872108" lon="14.2248261"><ele>7.0</ele></trkpt><trkpt lat="55.6872108" lon="14.2247767" /><trkpt lat="55.6871819" lon="14.2246177" /><trkpt lat="55.6871850" lon="14.2245674" /><trkpt lat="55.6872189" lon="14.2244695"><ele>7.0</ele></trkpt><trkpt lat="55.6873136" lon="14.2242638" /><trkpt lat="55.6873055" lon="14.2240500"><ele>7.0</ele></trkpt><trkpt lat="55.6872098" lon="14.2237616"><ele>8.0</ele></trkpt><trkpt lat="55.6871586" lon="14.2235236" /><trkpt lat="55.6871728" lon="14.2232424"><ele>10.0</ele></trkpt><trkpt lat="55.6871698" lon="14.2230492" /><trkpt lat="55.6871789" lon="14.2230007" /><trkpt lat="55.6872640" lon="14.2228615"><ele>9.0</ele></trkpt><trkpt lat="55.6874017" lon="14.2228453" /><trkpt lat="55.6876438" lon="14.2228992"><ele>8.0</ele></trkpt><trkpt lat="55.6877425" lon="14.2230708" /><trkpt lat="55.6878139" lon="14.2233178"><ele>6.0</ele></trkpt><trkpt lat="55.6878488" lon="14.2234553" /><trkpt lat="55.6878757" lon="14.2235334" /><trkpt lat="55.6878970" lon="14.2235559"><ele>6.0</ele></trkpt><trkpt lat="55.6880398" lon="14.2235137" /><trkpt lat="55.6882479" lon="14.2233169"><ele>5.0</ele></trkpt><trkpt lat="55.6884150" lon="14.2231121"><ele>5.0</ele></trkpt><trkpt lat="55.6884727" lon="14.2229531" /><trkpt lat="55.6884707" lon="14.2229055" /><trkpt lat="55.6883208" lon="14.2221779"><ele>7.0</ele></trkpt><trkpt lat="55.6882377" lon="14.2218446"><ele>7.0</ele></trkpt><trkpt lat="55.6881856" lon="14.2215994" /><trkpt lat="55.6881015" lon="14.2211421"><ele>11.0</ele></trkpt><trkpt lat="55.6879547" lon="14.2206328"><ele>15.0</ele></trkpt><trkpt lat="55.6879045" lon="14.2204172" /><trkpt lat="55.6878726" lon="14.2203148"><ele>17.0</ele></trkpt><trkpt lat="55.6878478" lon="14.2202124" /><trkpt lat="55.6877977" lon="14.2199797"><ele>20.0</ele></trkpt><trkpt lat="55.6877876" lon="14.2198989" /><trkpt lat="55.6878048" lon="14.2198692" /><trkpt lat="55.6878180" lon="14.2198665" /><trkpt lat="55.6878448" lon="14.2197659" /><trkpt lat="55.6878488" lon="14.2195809"><ele>22.0</ele></trkpt><trkpt lat="55.6878569" lon="14.2194740" /><trkpt lat="55.6878828" lon="14.2193338" /><trkpt lat="55.6878970" lon="14.2192952"><ele>23.0</ele></trkpt><trkpt lat="55.6879167" lon="14.2192655" /><trkpt lat="55.6880676" lon="14.2190517"><ele>24.0</ele></trkpt><trkpt lat="55.6881917" lon="14.2188874"><ele>25.0</ele></trkpt><trkpt lat="55.6882859" lon="14.2188083" /><trkpt lat="55.6883917" lon="14.2185307"><ele>26.0</ele></trkpt><trkpt lat="55.6885709" lon="14.2183582"><ele>26.0</ele></trkpt><trkpt lat="55.6886449" lon="14.2183708" /><trkpt lat="55.6886849" lon="14.2184050" /><trkpt lat="55.6888459" lon="14.2188433"><ele>22.0</ele></trkpt><trkpt lat="55.6889107" lon="14.2188829" /><trkpt lat="55.6889978" lon="14.2188622"><ele>22.0</ele></trkpt><trkpt lat="55.6890439" lon="14.2189017" /><trkpt lat="55.6891376" lon="14.2191973"><ele>19.0</ele></trkpt><trkpt lat="55.6891487" lon="14.2192161" /><trkpt lat="55.6892459" lon="14.2193248" /><trkpt lat="55.6892677" lon="14.2193617"><ele>17.0</ele></trkpt><trkpt lat="55.6893366" lon="14.2195135" /><trkpt lat="55.6893669" lon="14.2195467" /><trkpt lat="55.6894080" lon="14.2196150"><ele>14.0</ele></trkpt><trkpt lat="55.6894145" lon="14.2196545" /><trkpt lat="55.6894277" lon="14.2198414" /><trkpt lat="55.6895138" lon="14.2200857"><ele>11.0</ele></trkpt><trkpt lat="55.6896525" lon="14.2205133"><ele>9.0</ele></trkpt><trkpt lat="55.6897315" lon="14.2208106"><ele>7.0</ele></trkpt><trkpt lat="55.6898470" lon="14.2212005"><ele>6.0</ele></trkpt><trkpt lat="55.6899518" lon="14.2215832"><ele>5.0</ele></trkpt><trkpt lat="55.6900627" lon="14.2217683"><ele>4.0</ele></trkpt><trkpt lat="55.6901938" lon="14.2216353" /><trkpt lat="55.6903716" lon="14.2213622"><ele>4.0</ele></trkpt><trkpt lat="55.6905650" lon="14.2209679"><ele>4.0</ele></trkpt><trkpt lat="55.6906647" lon="14.2207325"><ele>4.0</ele></trkpt><trkpt lat="55.6907756" lon="14.2204396"><ele>4.0</ele></trkpt><trkpt lat="55.6908936" lon="14.2201764"><ele>5.0</ele></trkpt><trkpt lat="55.6909498" lon="14.2200390" /><trkpt lat="55.6910688" lon="14.2197758"><ele>5.0</ele></trkpt><trkpt lat="55.6912399" lon="14.2194272"><ele>5.0</ele></trkpt><trkpt lat="55.6914237" lon="14.2191155"><ele>5.0</ele></trkpt><trkpt lat="55.6916187" lon="14.2188442"><ele>4.0</ele></trkpt><trkpt lat="55.6917716" lon="14.2186547"><ele>4.0</ele></trkpt><trkpt lat="55.6919498" lon="14.2184454"><ele>4.0</ele></trkpt><trkpt lat="55.6921787" lon="14.2181777"><ele>4.0</ele></trkpt><trkpt lat="55.6922526" lon="14.2180618" /><trkpt lat="55.6922329" lon="14.2178983"><ele>5.0</ele></trkpt><trkpt lat="55.6921726" lon="14.2175444"><ele>7.0</ele></trkpt><trkpt lat="55.6921437" lon="14.2173467" /><trkpt lat="55.6920885" lon="14.2168599"><ele>12.0</ele></trkpt><trkpt lat="55.6920749" lon="14.2166739" /><trkpt lat="55.6921179" lon="14.2165248"><ele>13.0</ele></trkpt><trkpt lat="55.6921275" lon="14.2164242" /><trkpt lat="55.6921696" lon="14.2162239"><ele>15.0</ele></trkpt><trkpt lat="55.6921797" lon="14.2160846" /><trkpt lat="55.6922020" lon="14.2159957" /><trkpt lat="55.6922496" lon="14.2158780"><ele>16.0</ele></trkpt><trkpt lat="55.6922896" lon="14.2157567" /><trkpt lat="55.6923169" lon="14.2155726"><ele>17.0</ele></trkpt><trkpt lat="55.6923230" lon="14.2154720" /><trkpt lat="55.6923058" lon="14.2153776" /><trkpt lat="55.6922987" lon="14.2152851"><ele>20.0</ele></trkpt><trkpt lat="55.6923316" lon="14.2149743"><ele>21.0</ele></trkpt><trkpt lat="55.6924126" lon="14.2144712"><ele>23.0</ele></trkpt><trkpt lat="55.6925316" lon="14.2139349"><ele>24.0</ele></trkpt><trkpt lat="55.6925696" lon="14.2137427" /><trkpt lat="55.6926820" lon="14.2129693"><ele>25.0</ele></trkpt><trkpt lat="55.6927189" lon="14.2127779" /><trkpt lat="55.6927437" lon="14.2126863"><ele>25.0</ele></trkpt><trkpt lat="55.6927939" lon="14.2125614" /><trkpt lat="55.6928587" lon="14.2124554"><ele>24.0</ele></trkpt><trkpt lat="55.6929797" lon="14.2123027" /><trkpt lat="55.6931417" lon="14.2120593"><ele>23.0</ele></trkpt><trkpt lat="55.6932688" lon="14.2119775" /><trkpt lat="55.6933386" lon="14.2119083"><ele>23.0</ele></trkpt><trkpt lat="55.6935270" lon="14.2117934"><ele>23.0</ele></trkpt><trkpt lat="55.6935969" lon="14.2117224" /><trkpt lat="55.6937017" lon="14.2116344"><ele>23.0</ele></trkpt><trkpt lat="55.6938556" lon="14.2115302"><ele>23.0</ele></trkpt><trkpt lat="55.6940419" lon="14.2113676"><ele>23.0</ele></trkpt><trkpt lat="55.6943416" lon="14.2111556"><ele>23.0</ele></trkpt><trkpt lat="55.6946277" lon="14.2109112"><ele>22.0</ele></trkpt><trkpt lat="55.6948216" lon="14.2107810"><ele>22.0</ele></trkpt><trkpt lat="55.6949937" lon="14.2106507"><ele>22.0</ele></trkpt><trkpt lat="55.6952550" lon="14.2104683"><ele>22.0</ele></trkpt><trkpt lat="55.6954909" lon="14.2103659"><ele>23.0</ele></trkpt><trkpt lat="55.6958109" lon="14.2102141"><ele>23.0</ele></trkpt><trkpt lat="55.6958559" lon="14.2101917" /><trkpt lat="55.6959248" lon="14.2101324" /><trkpt lat="55.6960357" lon="14.2100973"><ele>24.0</ele></trkpt><trkpt lat="55.6961865" lon="14.2101216" /><trkpt lat="55.6963536" lon="14.2101072"><ele>24.0</ele></trkpt><trkpt lat="55.6964047" lon="14.2100955" /><trkpt lat="55.6964746" lon="14.2101072" /><trkpt lat="55.6965040" lon="14.2101521"><ele>23.0</ele></trkpt><trkpt lat="55.6965956" lon="14.2102366" /><trkpt lat="55.6966660" lon="14.2102294"><ele>23.0</ele></trkpt><trkpt lat="55.6967009" lon="14.2102069" /><trkpt lat="55.6967677" lon="14.2101414" /><trkpt lat="55.6968118" lon="14.2100614"><ele>22.0</ele></trkpt><trkpt lat="55.6968305" lon="14.2100372" /><trkpt lat="55.6968968" lon="14.2099267" /><trkpt lat="55.6969156" lon="14.2097668"><ele>22.0</ele></trkpt><trkpt lat="55.6970219" lon="14.2095224"><ele>22.0</ele></trkpt><trkpt lat="55.6970558" lon="14.2093634" /><trkpt lat="55.6971039" lon="14.2091694"><ele>23.0</ele></trkpt><trkpt lat="55.6971176" lon="14.2090427" /><trkpt lat="55.6971778" lon="14.2088199"><ele>25.0</ele></trkpt><trkpt lat="55.6971930" lon="14.2085954" /><trkpt lat="55.6972188" lon="14.2084310"><ele>26.0</ele></trkpt><trkpt lat="55.6972578" lon="14.2082854" /><trkpt lat="55.6973206" lon="14.2081723"><ele>25.0</ele></trkpt><trkpt lat="55.6974775" lon="14.2079953"><ele>25.0</ele></trkpt><trkpt lat="55.6975038" lon="14.2079593" /><trkpt lat="55.6977327" lon="14.2077087"><ele>21.0</ele></trkpt><trkpt lat="55.6977539" lon="14.2076674" /><trkpt lat="55.6977656" lon="14.2076252" /><trkpt lat="55.6977848" lon="14.2076072" /><trkpt lat="55.6977970" lon="14.2076144" /><trkpt lat="55.6978197" lon="14.2076575" /><trkpt lat="55.6978319" lon="14.2077267"><ele>20.0</ele></trkpt><trkpt lat="55.6978390" lon="14.2077994" /><trkpt lat="55.6978228" lon="14.2079926" /><trkpt lat="55.6978309" lon="14.2082244"><ele>18.0</ele></trkpt><trkpt lat="55.6977737" lon="14.2086771"><ele>18.0</ele></trkpt><trkpt lat="55.6977970" lon="14.2087508" /><trkpt lat="55.6978845" lon="14.2088163" /><trkpt lat="55.6979615" lon="14.2088586"><ele>14.0</ele></trkpt><trkpt lat="55.6981245" lon="14.2089637"><ele>11.0</ele></trkpt><trkpt lat="55.6983159" lon="14.2091263"><ele>8.0</ele></trkpt><trkpt lat="55.6984870" lon="14.2092412"><ele>6.0</ele></trkpt><trkpt lat="55.6986829" lon="14.2093401"><ele>4.0</ele></trkpt><trkpt lat="55.6989107" lon="14.2094532"><ele>3.0</ele></trkpt><trkpt lat="55.6989365" lon="14.2094515" /><trkpt lat="55.6989558" lon="14.2094335" /><trkpt lat="55.6989917" lon="14.2093095" /><trkpt lat="55.6990778" lon="14.2089223"><ele>3.0</ele></trkpt><trkpt lat="55.6991076" lon="14.2086259"><ele>3.0</ele></trkpt><trkpt lat="55.6991785" lon="14.2083088"><ele>3.0</ele></trkpt><trkpt lat="55.6992509" lon="14.2079836"><ele>4.0</ele></trkpt><trkpt lat="55.6993370" lon="14.2073512"><ele>5.0</ele></trkpt><trkpt lat="55.6993926" lon="14.2070592"><ele>5.0</ele></trkpt><trkpt lat="55.6994610" lon="14.2067197"><ele>5.0</ele></trkpt><trkpt lat="55.6994949" lon="14.2065831" /><trkpt lat="55.6995400" lon="14.2064538"><ele>6.0</ele></trkpt><trkpt lat="55.6996746" lon="14.2061843"><ele>5.0</ele></trkpt><trkpt lat="55.6997678" lon="14.2060639" /><trkpt lat="55.7001049" lon="14.2056821"><ele>5.0</ele></trkpt><trkpt lat="55.7002689" lon="14.2055339"><ele>5.0</ele></trkpt><trkpt lat="55.7005549" lon="14.2052509"><ele>4.0</ele></trkpt><trkpt lat="55.7006906" lon="14.2050084"><ele>4.0</ele></trkpt><trkpt lat="55.7007777" lon="14.2046850"><ele>4.0</ele></trkpt><trkpt lat="55.7008617" lon="14.2044532"><ele>4.0</ele></trkpt><trkpt lat="55.7010480" lon="14.2042933"><ele>4.0</ele></trkpt><trkpt lat="55.7011928" lon="14.2042834" /><trkpt lat="55.7013148" lon="14.2044056"><ele>3.0</ele></trkpt><trkpt lat="55.7013816" lon="14.2044415" /><trkpt lat="55.7015739" lon="14.2044487"><ele>3.0</ele></trkpt><trkpt lat="55.7016777" lon="14.2044038" /><trkpt lat="55.7017627" lon="14.2042987"><ele>2.0</ele></trkpt><trkpt lat="55.7019576" lon="14.2041738"><ele>2.0</ele></trkpt><trkpt lat="55.7020690" lon="14.2040876" /><trkpt lat="55.7022958" lon="14.2039888"><ele>1.0</ele></trkpt><trkpt lat="55.7023656" lon="14.2039942" /><trkpt lat="55.7024917" lon="14.2039645"><ele>1.0</ele></trkpt><trkpt lat="55.7027296" lon="14.2039403"><ele>1.0</ele></trkpt><trkpt lat="55.7031300" lon="14.2038999"><ele>1.0</ele></trkpt><trkpt lat="55.7032788" lon="14.2038693" /><trkpt lat="55.7033497" lon="14.2038253"><ele>2.0</ele></trkpt><trkpt lat="55.7034246" lon="14.2037957" /><trkpt lat="55.7036017" lon="14.2037427"><ele>2.0</ele></trkpt><trkpt lat="55.7037779" lon="14.2037121"><ele>2.0</ele></trkpt><trkpt lat="55.7039338" lon="14.2036052"><ele>3.0</ele></trkpt><trkpt lat="55.7040330" lon="14.2035666" /><trkpt lat="55.7042086" lon="14.2034633"><ele>3.0</ele></trkpt><trkpt lat="55.7043898" lon="14.2033968"><ele>3.0</ele></trkpt><trkpt lat="55.7045705" lon="14.2033429"><ele>2.0</ele></trkpt><trkpt lat="55.7047507" lon="14.2032396"><ele>2.0</ele></trkpt><trkpt lat="55.7049836" lon="14.2030914"><ele>2.0</ele></trkpt><trkpt lat="55.7050868" lon="14.2030519" /><trkpt lat="55.7051648" lon="14.2030033"><ele>2.0</ele></trkpt><trkpt lat="55.7054325" lon="14.2028686"><ele>3.0</ele></trkpt><trkpt lat="55.7056279" lon="14.2028785"><ele>3.0</ele></trkpt><trkpt lat="55.7058476" lon="14.2029018"><ele>3.0</ele></trkpt><trkpt lat="55.7059807" lon="14.2028902" /><trkpt lat="55.7061366" lon="14.2028219"><ele>3.0</ele></trkpt><trkpt lat="55.7063158" lon="14.2026898"><ele>3.0</ele></trkpt><trkpt lat="55.7065268" lon="14.2026431"><ele>3.0</ele></trkpt><trkpt lat="55.7065987" lon="14.2025838" /><trkpt lat="55.7067267" lon="14.2024518"><ele>3.0</ele></trkpt><trkpt lat="55.7069287" lon="14.2023098"><ele>3.0</ele></trkpt><trkpt lat="55.7070795" lon="14.2022757"><ele>3.0</ele></trkpt><trkpt lat="55.7072597" lon="14.2021922"><ele>3.0</ele></trkpt><trkpt lat="55.7074308" lon="14.2020969"><ele>3.0</ele></trkpt><trkpt lat="55.7076008" lon="14.2019397"><ele>4.0</ele></trkpt><trkpt lat="55.7077117" lon="14.2018939" /><trkpt lat="55.7079268" lon="14.2017888"><ele>6.0</ele></trkpt><trkpt lat="55.7080958" lon="14.2017367"><ele>6.0</ele></trkpt><trkpt lat="55.7082067" lon="14.2017179" /><trkpt lat="55.7083747" lon="14.2017026"><ele>6.0</ele></trkpt><trkpt lat="55.7085640" lon="14.2016559"><ele>6.0</ele></trkpt><trkpt lat="55.7087836" lon="14.2015598"><ele>7.0</ele></trkpt><trkpt lat="55.7089947" lon="14.2015023"><ele>7.0</ele></trkpt><trkpt lat="55.7092670" lon="14.2014277"><ele>7.0</ele></trkpt><trkpt lat="55.7095236" lon="14.2013927"><ele>8.0</ele></trkpt><trkpt lat="55.7096577" lon="14.2013001" /><trkpt lat="55.7098480" lon="14.2012121"><ele>9.0</ele></trkpt><trkpt lat="55.7100767" lon="14.2010414"><ele>10.0</ele></trkpt><trkpt lat="55.7101577" lon="14.2009929" /><trkpt lat="55.7103328" lon="14.2008573"><ele>10.0</ele></trkpt><trkpt lat="55.7105408" lon="14.2006012"><ele>11.0</ele></trkpt><trkpt lat="55.7106916" lon="14.2004467"><ele>12.0</ele></trkpt><trkpt lat="55.7107437" lon="14.2004072" /><trkpt lat="55.7109209" lon="14.2003003"><ele>12.0</ele></trkpt><trkpt lat="55.7110388" lon="14.2002491" /><trkpt lat="55.7115788" lon="14.2005402"><ele>11.0</ele></trkpt><trkpt lat="55.7117109" lon="14.2006039" /><trkpt lat="55.7117696" lon="14.2006237"><ele>10.0</ele></trkpt><trkpt lat="55.7119877" lon="14.2006435"><ele>10.0</ele></trkpt><trkpt lat="55.7120120" lon="14.2006390" /><trkpt lat="55.7121658" lon="14.2005716"><ele>10.0</ele></trkpt><trkpt lat="55.7124067" lon="14.2005105"><ele>10.0</ele></trkpt><trkpt lat="55.7125206" lon="14.2005159" /><trkpt lat="55.7127119" lon="14.2004809"><ele>10.0</ele></trkpt><trkpt lat="55.7129446" lon="14.2005267"><ele>9.0</ele></trkpt><trkpt lat="55.7131916" lon="14.2004692"><ele>9.0</ele></trkpt><trkpt lat="55.7134608" lon="14.2005141"><ele>9.0</ele></trkpt><trkpt lat="55.7134917" lon="14.2005141" /><trkpt lat="55.7136627" lon="14.2005662"><ele>9.0</ele></trkpt><trkpt lat="55.7137629" lon="14.2005348" /><trkpt lat="55.7138955" lon="14.2004503"><ele>9.0</ele></trkpt><trkpt lat="55.7141329" lon="14.2004135"><ele>9.0</ele></trkpt><trkpt lat="55.7141627" lon="14.2004189" /><trkpt lat="55.7143317" lon="14.2003919"><ele>9.0</ele></trkpt><trkpt lat="55.7145220" lon="14.2003389"><ele>8.0</ele></trkpt><trkpt lat="55.7148990" lon="14.2003147"><ele>7.0</ele></trkpt><trkpt lat="55.7150918" lon="14.2002922"><ele>6.0</ele></trkpt><trkpt lat="55.7152917" lon="14.2002698"><ele>6.0</ele></trkpt><trkpt lat="55.7154870" lon="14.2002365"><ele>6.0</ele></trkpt><trkpt lat="55.7156575" lon="14.2001530"><ele>6.0</ele></trkpt><trkpt lat="55.7158245" lon="14.2000802"><ele>7.0</ele></trkpt><trkpt lat="55.7159900" lon="14.1999877"><ele>7.0</ele></trkpt><trkpt lat="55.7161529" lon="14.1999455"><ele>7.0</ele></trkpt><trkpt lat="55.7163690" lon="14.1999257"><ele>7.0</ele></trkpt><trkpt lat="55.7166048" lon="14.1998916"><ele>7.0</ele></trkpt><trkpt lat="55.7167880" lon="14.1997910"><ele>7.0</ele></trkpt><trkpt lat="55.7169980" lon="14.1997092"><ele>7.0</ele></trkpt><trkpt lat="55.7171680" lon="14.1996203"><ele>7.0</ele></trkpt><trkpt lat="55.7173258" lon="14.1995215"><ele>8.0</ele></trkpt><trkpt lat="55.7175040" lon="14.1993876"><ele>8.0</ele></trkpt><trkpt lat="55.7176886" lon="14.1992484"><ele>9.0</ele></trkpt><trkpt lat="55.7179077" lon="14.1991684"><ele>9.0</ele></trkpt><trkpt lat="55.7180818" lon="14.1990939"><ele>9.0</ele></trkpt><trkpt lat="55.7181380" lon="14.1990858" /><trkpt lat="55.7182979" lon="14.1989789"><ele>8.0</ele></trkpt><trkpt lat="55.7185847" lon="14.1988046"><ele>8.0</ele></trkpt><trkpt lat="55.7187239" lon="14.1987031" /><trkpt lat="55.7189167" lon="14.1985881"><ele>7.0</ele></trkpt><trkpt lat="55.7191282" lon="14.1984372"><ele>6.0</ele></trkpt><trkpt lat="55.7194469" lon="14.1982099"><ele>6.0</ele></trkpt><trkpt lat="55.7195547" lon="14.1981453" /><trkpt lat="55.7198148" lon="14.1979315"><ele>7.0</ele></trkpt><trkpt lat="55.7199160" lon="14.1978776" /><trkpt lat="55.7200718" lon="14.1978228"><ele>7.0</ele></trkpt><trkpt lat="55.7201988" lon="14.1977680" /><trkpt lat="55.7205859" lon="14.1974473"><ele>6.0</ele></trkpt><trkpt lat="55.7206936" lon="14.1973745" /><trkpt lat="55.7209107" lon="14.1972496"><ele>5.0</ele></trkpt><trkpt lat="55.7210776" lon="14.1971634"><ele>5.0</ele></trkpt><trkpt lat="55.7213139" lon="14.1969909"><ele>5.0</ele></trkpt><trkpt lat="55.7215016" lon="14.1968714"><ele>5.0</ele></trkpt><trkpt lat="55.7216600" lon="14.1967960"><ele>5.0</ele></trkpt><trkpt lat="55.7218406" lon="14.1966954"><ele>5.0</ele></trkpt><trkpt lat="55.7219787" lon="14.1965894" /><trkpt lat="55.7220809" lon="14.1965319"><ele>4.0</ele></trkpt><trkpt lat="55.7222960" lon="14.1964304"><ele>4.0</ele></trkpt><trkpt lat="55.7224948" lon="14.1962884"><ele>4.0</ele></trkpt><trkpt lat="55.7226218" lon="14.1961887" /><trkpt lat="55.7229405" lon="14.1959848"><ele>4.0</ele></trkpt><trkpt lat="55.7230640" lon="14.1958914" /><trkpt lat="55.7236640" lon="14.1955177"><ele>4.0</ele></trkpt><trkpt lat="55.7238375" lon="14.1954198"><ele>4.0</ele></trkpt><trkpt lat="55.7239878" lon="14.1954476" /><trkpt lat="55.7240115" lon="14.1954629"><ele>4.0</ele></trkpt><trkpt lat="55.7240566" lon="14.1954728" /><trkpt lat="55.7241188" lon="14.1954341" /><trkpt lat="55.7241750" lon="14.1953749"><ele>5.0</ele></trkpt><trkpt lat="55.7242417" lon="14.1953704" /><trkpt lat="55.7243095" lon="14.1954018" /><trkpt lat="55.7243788" lon="14.1954180"><ele>5.0</ele></trkpt><trkpt lat="55.7244729" lon="14.1953138" /><trkpt lat="55.7245438" lon="14.1951368"><ele>7.0</ele></trkpt><trkpt lat="55.7245655" lon="14.1950631" /><trkpt lat="55.7246389" lon="14.1947361"><ele>9.0</ele></trkpt><trkpt lat="55.7246647" lon="14.1945664" /><trkpt lat="55.7247229" lon="14.1942735"><ele>11.0</ele></trkpt><trkpt lat="55.7247385" lon="14.1941307" /><trkpt lat="55.7247395" lon="14.1940103" /><trkpt lat="55.7247355" lon="14.1939438"><ele>12.0</ele></trkpt><trkpt lat="55.7246965" lon="14.1937489" /><trkpt lat="55.7246227" lon="14.1935342"><ele>13.0</ele></trkpt><trkpt lat="55.7245610" lon="14.1933078" /><trkpt lat="55.7245407" lon="14.1931758"><ele>13.0</ele></trkpt><trkpt lat="55.7245428" lon="14.1930994" /><trkpt lat="55.7245377" lon="14.1930536" /><trkpt lat="55.7245235" lon="14.1930150" /><trkpt lat="55.7244896" lon="14.1928470"><ele>13.0</ele></trkpt><trkpt lat="55.7244229" lon="14.1925874"><ele>13.0</ele></trkpt><trkpt lat="55.7243480" lon="14.1921921"><ele>13.0</ele></trkpt><trkpt lat="55.7243186" lon="14.1919990" /><trkpt lat="55.7243085" lon="14.1918472"><ele>13.0</ele></trkpt><trkpt lat="55.7242918" lon="14.1914762"><ele>12.0</ele></trkpt><trkpt lat="55.7242706" lon="14.1910189"><ele>12.0</ele></trkpt><trkpt lat="55.7242685" lon="14.1907413"><ele>12.0</ele></trkpt><trkpt lat="55.7242519" lon="14.1905734" /><trkpt lat="55.7242417" lon="14.1905428" /><trkpt lat="55.7242326" lon="14.1904871" /><trkpt lat="55.7242099" lon="14.1904413"><ele>12.0</ele></trkpt><trkpt lat="55.7241896" lon="14.1904296" /><trkpt lat="55.7240429" lon="14.1904638"><ele>11.0</ele></trkpt><trkpt lat="55.7238507" lon="14.1904485"><ele>10.0</ele></trkpt><trkpt lat="55.7236473" lon="14.1904727"><ele>9.0</ele></trkpt><trkpt lat="55.7234105" lon="14.1905015"><ele>8.0</ele></trkpt><trkpt lat="55.7233316" lon="14.1904979" /><trkpt lat="55.7232360" lon="14.1905078"><ele>7.0</ele></trkpt><trkpt lat="55.7230948" lon="14.1904943" /><trkpt lat="55.7230169" lon="14.1905401"><ele>6.0</ele></trkpt><trkpt lat="55.7229780" lon="14.1905805" /><trkpt lat="55.7229527" lon="14.1906084" /><trkpt lat="55.7229086" lon="14.1907063" /><trkpt lat="55.7228909" lon="14.1907180"><ele>6.0</ele></trkpt><trkpt lat="55.7228606" lon="14.1907072" /><trkpt lat="55.7226678" lon="14.1905069"><ele>5.0</ele></trkpt><trkpt lat="55.7224326" lon="14.1903587"><ele>5.0</ele></trkpt><trkpt lat="55.7222307" lon="14.1902410"><ele>5.0</ele></trkpt><trkpt lat="55.7221735" lon="14.1902167" /><trkpt lat="55.7220809" lon="14.1901925"><ele>5.0</ele></trkpt><trkpt lat="55.7219018" lon="14.1901125"><ele>5.0</ele></trkpt><trkpt lat="55.7217359" lon="14.1900667"><ele>5.0</ele></trkpt><trkpt lat="55.7216858" lon="14.1900407" /><trkpt lat="55.7215957" lon="14.1900631" /><trkpt lat="55.7215335" lon="14.1902446"><ele>5.0</ele></trkpt><trkpt lat="55.7214268" lon="14.1904036" /><trkpt lat="55.7213028" lon="14.1904862"><ele>6.0</ele></trkpt><trkpt lat="55.7211358" lon="14.1906156"><ele>8.0</ele></trkpt><trkpt lat="55.7210508" lon="14.1906650" /><trkpt lat="55.7208965" lon="14.1906704"><ele>10.0</ele></trkpt><trkpt lat="55.7207316" lon="14.1905392"><ele>10.0</ele></trkpt><trkpt lat="55.7205717" lon="14.1903119"><ele>10.0</ele></trkpt><trkpt lat="55.7204088" lon="14.1901098"><ele>10.0</ele></trkpt><trkpt lat="55.7202605" lon="14.1899742"><ele>12.0</ele></trkpt><trkpt lat="55.7200556" lon="14.1898799"><ele>13.0</ele></trkpt><trkpt lat="55.7199580" lon="14.1898053" /><trkpt lat="55.7199387" lon="14.1897649" /><trkpt lat="55.7198628" lon="14.1895322"><ele>14.0</ele></trkpt><trkpt lat="55.7198026" lon="14.1892295"><ele>15.0</ele></trkpt><trkpt lat="55.7197880" lon="14.1890247" /><trkpt lat="55.7197627" lon="14.1884129"><ele>15.0</ele></trkpt><trkpt lat="55.7197566" lon="14.1880168"><ele>14.0</ele></trkpt><trkpt lat="55.7197480" lon="14.1874526"><ele>14.0</ele></trkpt><trkpt lat="55.7197288" lon="14.1871292"><ele>14.0</ele></trkpt><trkpt lat="55.7196837" lon="14.1866468"><ele>14.0</ele></trkpt><trkpt lat="55.7196488" lon="14.1863989" /><trkpt lat="55.7196149" lon="14.1861042"><ele>14.0</ele></trkpt><trkpt lat="55.7195588" lon="14.1858249"><ele>15.0</ele></trkpt><trkpt lat="55.7194717" lon="14.1854350"><ele>15.0</ele></trkpt><trkpt lat="55.7194125" lon="14.1851412"><ele>15.0</ele></trkpt><trkpt lat="55.7193817" lon="14.1850056" /><trkpt lat="55.7193209" lon="14.1847918"><ele>15.0</ele></trkpt><trkpt lat="55.7192046" lon="14.1844666"><ele>15.0</ele></trkpt><trkpt lat="55.7191130" lon="14.1842438"><ele>15.0</ele></trkpt><trkpt lat="55.7190497" lon="14.1841028" /><trkpt lat="55.7189658" lon="14.1839312"><ele>15.0</ele></trkpt><trkpt lat="55.7188286" lon="14.1835836"><ele>14.0</ele></trkpt><trkpt lat="55.7187558" lon="14.1833015"><ele>14.0</ele></trkpt><trkpt lat="55.7187269" lon="14.1831560" /><trkpt lat="55.7186859" lon="14.1827365"><ele>13.0</ele></trkpt><trkpt lat="55.7186576" lon="14.1822801"><ele>13.0</ele></trkpt><trkpt lat="55.7186470" lon="14.1820097"><ele>12.0</ele></trkpt><trkpt lat="55.7186394" lon="14.1816073"><ele>12.0</ele></trkpt><trkpt lat="55.7186288" lon="14.1810126"><ele>11.0</ele></trkpt><trkpt lat="55.7185746" lon="14.1804026"><ele>10.0</ele></trkpt><trkpt lat="55.7185594" lon="14.1800604"><ele>10.0</ele></trkpt><trkpt lat="55.7185438" lon="14.1797055"><ele>10.0</ele></trkpt><trkpt lat="55.7185326" lon="14.1795447" /><trkpt lat="55.7185119" lon="14.1789105"><ele>9.0</ele></trkpt><trkpt lat="55.7185028" lon="14.1785009"><ele>9.0</ele></trkpt><trkpt lat="55.7184886" lon="14.1778640"><ele>9.0</ele></trkpt><trkpt lat="55.7184815" lon="14.1777688" /><trkpt lat="55.7184319" lon="14.1774094"><ele>9.0</ele></trkpt><trkpt lat="55.7183677" lon="14.1770313"><ele>10.0</ele></trkpt><trkpt lat="55.7182766" lon="14.1764968"><ele>11.0</ele></trkpt><trkpt lat="55.7182387" lon="14.1761707"><ele>12.0</ele></trkpt><trkpt lat="55.7181739" lon="14.1758060"><ele>13.0</ele></trkpt><trkpt lat="55.7180889" lon="14.1753254"><ele>14.0</ele></trkpt><trkpt lat="55.7180297" lon="14.1750433"><ele>14.0</ele></trkpt><trkpt lat="55.7179735" lon="14.1748133" /><trkpt lat="55.7178318" lon="14.1741773"><ele>18.0</ele></trkpt><trkpt lat="55.7177666" lon="14.1739357" /><trkpt lat="55.7177478" lon="14.1738090"><ele>20.0</ele></trkpt><trkpt lat="55.7177777" lon="14.1735656" /><trkpt lat="55.7178055" lon="14.1730364"><ele>22.0</ele></trkpt><trkpt lat="55.7178268" lon="14.1729017" /><trkpt lat="55.7178339" lon="14.1724004"><ele>22.0</ele></trkpt><trkpt lat="55.7178430" lon="14.1722989" /><trkpt lat="55.7178799" lon="14.1722154" /><trkpt lat="55.7179487" lon="14.1721184"><ele>22.0</ele></trkpt><trkpt lat="55.7179659" lon="14.1720743" /><trkpt lat="55.7179786" lon="14.1716611"><ele>22.0</ele></trkpt><trkpt lat="55.7179927" lon="14.1713782"><ele>23.0</ele></trkpt><trkpt lat="55.7179867" lon="14.1710916"><ele>23.0</ele></trkpt><trkpt lat="55.7179386" lon="14.1707305"><ele>23.0</ele></trkpt><trkpt lat="55.7178966" lon="14.1704861" /><trkpt lat="55.7178779" lon="14.1703181"><ele>25.0</ele></trkpt><trkpt lat="55.7178667" lon="14.1701538" /><trkpt lat="55.7178526" lon="14.1700612" /><trkpt lat="55.7178010" lon="14.1697962"><ele>26.0</ele></trkpt><trkpt lat="55.7177448" lon="14.1693902"><ele>27.0</ele></trkpt><trkpt lat="55.7176816" lon="14.1689806"><ele>29.0</ele></trkpt><trkpt lat="55.7176775" lon="14.1684685"><ele>30.0</ele></trkpt><trkpt lat="55.7176866" lon="14.1680068"><ele>31.0</ele></trkpt><trkpt lat="55.7176907" lon="14.1675334"><ele>31.0</ele></trkpt><trkpt lat="55.7177079" lon="14.1671686"><ele>30.0</ele></trkpt><trkpt lat="55.7177949" lon="14.1666404"><ele>30.0</ele></trkpt><trkpt lat="55.7178485" lon="14.1662542"><ele>29.0</ele></trkpt><trkpt lat="55.7178738" lon="14.1661122" /><trkpt lat="55.7179148" lon="14.1658230"><ele>29.0</ele></trkpt><trkpt lat="55.7179836" lon="14.1653927"><ele>29.0</ele></trkpt><trkpt lat="55.7180155" lon="14.1651142"><ele>29.0</ele></trkpt><trkpt lat="55.7180196" lon="14.1650136" /><trkpt lat="55.7180636" lon="14.1647243"><ele>29.0</ele></trkpt><trkpt lat="55.7180990" lon="14.1644207"><ele>29.0</ele></trkpt><trkpt lat="55.7182037" lon="14.1637937"><ele>29.0</ele></trkpt><trkpt lat="55.7182417" lon="14.1634056"><ele>29.0</ele></trkpt><trkpt lat="55.7183090" lon="14.1631128"><ele>29.0</ele></trkpt><trkpt lat="55.7183348" lon="14.1630193" /><trkpt lat="55.7183879" lon="14.1627723"><ele>30.0</ele></trkpt><trkpt lat="55.7183975" lon="14.1625630" /><trkpt lat="55.7183626" lon="14.1620042"><ele>32.0</ele></trkpt><trkpt lat="55.7183940" lon="14.1616422"><ele>32.0</ele></trkpt><trkpt lat="55.7184749" lon="14.1611859"><ele>31.0</ele></trkpt><trkpt lat="55.7185119" lon="14.1609361" /><trkpt lat="55.7185665" lon="14.1607143"><ele>30.0</ele></trkpt><trkpt lat="55.7185868" lon="14.1605678" /><trkpt lat="55.7186166" lon="14.1602894"><ele>28.0</ele></trkpt><trkpt lat="55.7186627" lon="14.1600486" /><trkpt lat="55.7186819" lon="14.1599049"><ele>28.0</ele></trkpt><trkpt lat="55.7187097" lon="14.1597540" /><trkpt lat="55.7187487" lon="14.1596111"><ele>26.0</ele></trkpt><trkpt lat="55.7187826" lon="14.1594422" /><trkpt lat="55.7188296" lon="14.1592446"><ele>25.0</ele></trkpt><trkpt lat="55.7188499" lon="14.1591045" /><trkpt lat="55.7188570" lon="14.1589688"><ele>24.0</ele></trkpt><trkpt lat="55.7188716" lon="14.1588853" /><trkpt lat="55.7188848" lon="14.1588664" /><trkpt lat="55.7188969" lon="14.1588655" /><trkpt lat="55.7189506" lon="14.1588224" /><trkpt lat="55.7190280" lon="14.1587469"><ele>22.0</ele></trkpt><trkpt lat="55.7191059" lon="14.1586320" /><trkpt lat="55.7191919" lon="14.1584235"><ele>20.0</ele></trkpt><trkpt lat="55.7192289" lon="14.1582529" /><trkpt lat="55.7192466" lon="14.1581442"><ele>18.0</ele></trkpt><trkpt lat="55.7192476" lon="14.1580939" /><trkpt lat="55.7192127" lon="14.1579025" /><trkpt lat="55.7192678" lon="14.1575980"><ele>17.0</ele></trkpt><trkpt lat="55.7193118" lon="14.1573860" /><trkpt lat="55.7193609" lon="14.1571839"><ele>15.0</ele></trkpt><trkpt lat="55.7194297" lon="14.1570033" /><trkpt lat="55.7195238" lon="14.1568174"><ele>14.0</ele></trkpt><trkpt lat="55.7195350" lon="14.1567015" /><trkpt lat="55.7195567" lon="14.1566161" /><trkpt lat="55.7196169" lon="14.1563197"><ele>14.0</ele></trkpt><trkpt lat="55.7196397" lon="14.1561463" /><trkpt lat="55.7196529" lon="14.1559226"><ele>16.0</ele></trkpt><trkpt lat="55.7196478" lon="14.1556406"><ele>17.0</ele></trkpt><trkpt lat="55.7195967" lon="14.1551169"><ele>19.0</ele></trkpt><trkpt lat="55.7195679" lon="14.1549543" /><trkpt lat="55.7195198" lon="14.1547270"><ele>21.0</ele></trkpt><trkpt lat="55.7195056" lon="14.1546210" /><trkpt lat="55.7195056" lon="14.1545698" /><trkpt lat="55.7194839" lon="14.1544422"><ele>23.0</ele></trkpt><trkpt lat="55.7194247" lon="14.1542922" /><trkpt lat="55.7194125" lon="14.1542248" /><trkpt lat="55.7193857" lon="14.1541305"><ele>26.0</ele></trkpt><trkpt lat="55.7193295" lon="14.1539607" /><trkpt lat="55.7192739" lon="14.1538134"><ele>29.0</ele></trkpt><trkpt lat="55.7192278" lon="14.1536679" /><trkpt lat="55.7191899" lon="14.1534406"><ele>31.0</ele></trkpt><trkpt lat="55.7191656" lon="14.1532618" /><trkpt lat="55.7191616" lon="14.1532187" /><trkpt lat="55.7191747" lon="14.1531406"><ele>31.0</ele></trkpt><trkpt lat="55.7192268" lon="14.1529753" /><trkpt lat="55.7193199" lon="14.1527722"><ele>31.0</ele></trkpt><trkpt lat="55.7194176" lon="14.1525854" /><trkpt lat="55.7195289" lon="14.1523563"><ele>29.0</ele></trkpt><trkpt lat="55.7196685" lon="14.1520150"><ele>28.0</ele></trkpt><trkpt lat="55.7197460" lon="14.1518479" /><trkpt lat="55.7199058" lon="14.1514679"><ele>28.0</ele></trkpt><trkpt lat="55.7199676" lon="14.1512020"><ele>28.0</ele></trkpt><trkpt lat="55.7199696" lon="14.1509702" /><trkpt lat="55.7199757" lon="14.1508373"><ele>29.0</ele></trkpt><trkpt lat="55.7199919" lon="14.1507798" /><trkpt lat="55.7200586" lon="14.1506046"><ele>29.0</ele></trkpt><trkpt lat="55.7201199" lon="14.1504905" /><trkpt lat="55.7201568" lon="14.1503791"><ele>29.0</ele></trkpt><trkpt lat="55.7202266" lon="14.1500647"><ele>29.0</ele></trkpt><trkpt lat="55.7202448" lon="14.1500054" /><trkpt lat="55.7203268" lon="14.1497952"><ele>29.0</ele></trkpt><trkpt lat="55.7204017" lon="14.1496901" /><trkpt lat="55.7205019" lon="14.1496344"><ele>29.0</ele></trkpt><trkpt lat="55.7206299" lon="14.1495042" /><trkpt lat="55.7206926" lon="14.1494287"><ele>29.0</ele></trkpt><trkpt lat="55.7208687" lon="14.1491709"><ele>28.0</ele></trkpt><trkpt lat="55.7209415" lon="14.1490236" /><trkpt lat="55.7211429" lon="14.1486885"><ele>27.0</ele></trkpt><trkpt lat="55.7212077" lon="14.1485591" /><trkpt lat="55.7213180" lon="14.1483840"><ele>25.0</ele></trkpt><trkpt lat="55.7214925" lon="14.1481432"><ele>25.0</ele></trkpt><trkpt lat="55.7215300" lon="14.1481001" /><trkpt lat="55.7215608" lon="14.1480345" /><trkpt lat="55.7216226" lon="14.1479833"><ele>23.0</ele></trkpt><trkpt lat="55.7217045" lon="14.1478908" /><trkpt lat="55.7219939" lon="14.1475135"><ele>21.0</ele></trkpt><trkpt lat="55.7220966" lon="14.1473976" /><trkpt lat="55.7221968" lon="14.1472979"><ele>20.0</ele></trkpt><trkpt lat="55.7223116" lon="14.1471398" /><trkpt lat="55.7223268" lon="14.1471084"><ele>19.0</ele></trkpt><trkpt lat="55.7223820" lon="14.1470302" /><trkpt lat="55.7224017" lon="14.1469062" /><trkpt lat="55.7223926" lon="14.1467832"><ele>19.0</ele></trkpt><trkpt lat="55.7224027" lon="14.1467589" /><trkpt lat="55.7225216" lon="14.1466314"><ele>18.0</ele></trkpt><trkpt lat="55.7225869" lon="14.1465954" /><trkpt lat="55.7226096" lon="14.1465622" /><trkpt lat="55.7226279" lon="14.1465083" /><trkpt lat="55.7226875" lon="14.1463996"><ele>18.0</ele></trkpt><trkpt lat="55.7227230" lon="14.1462927" /><trkpt lat="55.7227488" lon="14.1461768" /><trkpt lat="55.7227705" lon="14.1460448"><ele>18.0</ele></trkpt><trkpt lat="55.7227827" lon="14.1459522" /><trkpt lat="55.7228029" lon="14.1457106"><ele>19.0</ele></trkpt><trkpt lat="55.7228439" lon="14.1454743" /><trkpt lat="55.7229076" lon="14.1451536"><ele>20.0</ele></trkpt><trkpt lat="55.7229319" lon="14.1449075" /><trkpt lat="55.7229906" lon="14.1445877"><ele>21.0</ele></trkpt><trkpt lat="55.7229967" lon="14.1445419" /><trkpt lat="55.7229997" lon="14.1443883" /><trkpt lat="55.7230285" lon="14.1443362"><ele>21.0</ele></trkpt><trkpt lat="55.7230498" lon="14.1443137" /><trkpt lat="55.7230508" lon="14.1442832" /><trkpt lat="55.7230387" lon="14.1442427" /><trkpt lat="55.7230397" lon="14.1442266" /><trkpt lat="55.7230427" lon="14.1442203" /><trkpt lat="55.7230407" lon="14.1442320" /><trkpt lat="55.7230518" lon="14.1442338" /><trkpt lat="55.7230938" lon="14.1441385"><ele>21.0</ele></trkpt><trkpt lat="55.7231206" lon="14.1440909" /><trkpt lat="55.7231459" lon="14.1440218" /><trkpt lat="55.7231409" lon="14.1440137" /><trkpt lat="55.7231378" lon="14.1439670" /><trkpt lat="55.7231545" lon="14.1438619"><ele>21.0</ele></trkpt><trkpt lat="55.7231596" lon="14.1438044" /><trkpt lat="55.7231586" lon="14.1437020" /><trkpt lat="55.7231525" lon="14.1435942" /><trkpt lat="55.7231348" lon="14.1435052"><ele>21.0</ele></trkpt><trkpt lat="55.7230220" lon="14.1430992"><ele>22.0</ele></trkpt><trkpt lat="55.7229886" lon="14.1428836" /><trkpt lat="55.7229380" lon="14.1426186"><ele>22.0</ele></trkpt><trkpt lat="55.7228839" lon="14.1424434" /><trkpt lat="55.7228489" lon="14.1422916"><ele>23.0</ele></trkpt><trkpt lat="55.7228297" lon="14.1421362" /><trkpt lat="55.7228100" lon="14.1420383" /><trkpt lat="55.7226987" lon="14.1416457"><ele>25.0</ele></trkpt><trkpt lat="55.7226830" lon="14.1415577" /><trkpt lat="55.7226370" lon="14.1413915"><ele>25.0</ele></trkpt><trkpt lat="55.7225100" lon="14.1409899"><ele>26.0</ele></trkpt><trkpt lat="55.7224558" lon="14.1408453" /><trkpt lat="55.7224336" lon="14.1408148" /><trkpt lat="55.7223916" lon="14.1407133"><ele>27.0</ele></trkpt><trkpt lat="55.7223789" lon="14.1406064" /><trkpt lat="55.7223729" lon="14.1404258"><ele>28.0</ele></trkpt><trkpt lat="55.7223658" lon="14.1403872" /><trkpt lat="55.7223329" lon="14.1402713" /><trkpt lat="55.7223597" lon="14.1402021" /><trkpt lat="55.7223577" lon="14.1401725"><ele>28.0</ele></trkpt><trkpt lat="55.7222990" lon="14.1400243" /><trkpt lat="55.7222327" lon="14.1398087"><ele>30.0</ele></trkpt><trkpt lat="55.7222069" lon="14.1396685" /><trkpt lat="55.7222110" lon="14.1395473" /><trkpt lat="55.7222929" lon="14.1391044"><ele>32.0</ele></trkpt><trkpt lat="55.7223496" lon="14.1388205"><ele>33.0</ele></trkpt><trkpt lat="55.7223855" lon="14.1385169"><ele>34.0</ele></trkpt><trkpt lat="55.7223956" lon="14.1384747" /><trkpt lat="55.7224660" lon="14.1383103" /><trkpt lat="55.7228828" lon="14.1374802"><ele>37.0</ele></trkpt><trkpt lat="55.7229739" lon="14.1372727" /><trkpt lat="55.7230746" lon="14.1370706"><ele>37.0</ele></trkpt><trkpt lat="55.7232188" lon="14.1367643"><ele>37.0</ele></trkpt><trkpt lat="55.7233665" lon="14.1364966"><ele>37.0</ele></trkpt><trkpt lat="55.7235087" lon="14.1361642"><ele>35.0</ele></trkpt><trkpt lat="55.7235749" lon="14.1359899" /><trkpt lat="55.7236038" lon="14.1359019"><ele>35.0</ele></trkpt><trkpt lat="55.7236468" lon="14.1356755" /><trkpt lat="55.7236529" lon="14.1356692" /><trkpt lat="55.7236579" lon="14.1356459"><ele>35.0</ele></trkpt><trkpt lat="55.7237237" lon="14.1355659" /><trkpt lat="55.7237556" lon="14.1355372" /><trkpt lat="55.7239180" lon="14.1353368"><ele>34.0</ele></trkpt><trkpt lat="55.7240849" lon="14.1349515"><ele>34.0</ele></trkpt><trkpt lat="55.7242468" lon="14.1345436"><ele>34.0</ele></trkpt><trkpt lat="55.7243460" lon="14.1343146"><ele>33.0</ele></trkpt><trkpt lat="55.7246439" lon="14.1339103"><ele>33.0</ele></trkpt><trkpt lat="55.7246839" lon="14.1338358" /><trkpt lat="55.7247977" lon="14.1335366"><ele>33.0</ele></trkpt><trkpt lat="55.7249439" lon="14.1332644"><ele>32.0</ele></trkpt><trkpt lat="55.7250340" lon="14.1330093"><ele>31.0</ele></trkpt><trkpt lat="55.7250825" lon="14.1329563" /><trkpt lat="55.7251756" lon="14.1329024"><ele>31.0</ele></trkpt><trkpt lat="55.7255308" lon="14.1327775"><ele>28.0</ele></trkpt><trkpt lat="55.7256557" lon="14.1326509" /><trkpt lat="55.7257736" lon="14.1324065"><ele>28.0</ele></trkpt><trkpt lat="55.7258935" lon="14.1320993"><ele>27.0</ele></trkpt><trkpt lat="55.7259856" lon="14.1318172"><ele>27.0</ele></trkpt><trkpt lat="55.7260665" lon="14.1315972" /><trkpt lat="55.7261636" lon="14.1312720"><ele>26.0</ele></trkpt><trkpt lat="55.7263518" lon="14.1307402"><ele>25.0</ele></trkpt><trkpt lat="55.7263650" lon="14.1306926" /><trkpt lat="55.7264115" lon="14.1303916"><ele>25.0</ele></trkpt><trkpt lat="55.7264227" lon="14.1301877" /><trkpt lat="55.7263417" lon="14.1299892"><ele>25.0</ele></trkpt><trkpt lat="55.7262395" lon="14.1298158" /><trkpt lat="55.7261019" lon="14.1296227"><ele>26.0</ele></trkpt><trkpt lat="55.7260169" lon="14.1295230" /><trkpt lat="55.7259577" lon="14.1294762"><ele>26.0</ele></trkpt><trkpt lat="55.7259026" lon="14.1294466" /><trkpt lat="55.7258920" lon="14.1294152" /><trkpt lat="55.7258900" lon="14.1293756" /><trkpt lat="55.7258965" lon="14.1293271" /><trkpt lat="55.7259259" lon="14.1292346"><ele>26.0</ele></trkpt><trkpt lat="55.7259689" lon="14.1291187" /><trkpt lat="55.7259749" lon="14.1290819" /><trkpt lat="55.7259395" lon="14.1289732"><ele>26.0</ele></trkpt><trkpt lat="55.7258945" lon="14.1287010"><ele>26.0</ele></trkpt><trkpt lat="55.7258935" lon="14.1285878" /><trkpt lat="55.7259218" lon="14.1283048"><ele>26.0</ele></trkpt><trkpt lat="55.7259876" lon="14.1278988"><ele>27.0</ele></trkpt><trkpt lat="55.7259486" lon="14.1277308" /><trkpt lat="55.7258500" lon="14.1275637"><ele>28.0</ele></trkpt><trkpt lat="55.7258626" lon="14.1273014" /><trkpt lat="55.7258869" lon="14.1269762"><ele>28.0</ele></trkpt><trkpt lat="55.7258829" lon="14.1269304" /><trkpt lat="55.7258996" lon="14.1267939" /><trkpt lat="55.7259077" lon="14.1266807"><ele>29.0</ele></trkpt><trkpt lat="55.7259218" lon="14.1263753"><ele>29.0</ele></trkpt><trkpt lat="55.7258986" lon="14.1260357"><ele>29.0</ele></trkpt><trkpt lat="55.7258601" lon="14.1256970"><ele>30.0</ele></trkpt><trkpt lat="55.7258196" lon="14.1253395"><ele>30.0</ele></trkpt><trkpt lat="55.7257908" lon="14.1249847"><ele>28.0</ele></trkpt><trkpt lat="55.7258009" lon="14.1248364" /><trkpt lat="55.7258126" lon="14.1247376" /><trkpt lat="55.7259259" lon="14.1240845"><ele>27.0</ele></trkpt><trkpt lat="55.7259319" lon="14.1240046" /><trkpt lat="55.7259608" lon="14.1238124"><ele>27.0</ele></trkpt><trkpt lat="55.7259770" lon="14.1234342"><ele>27.0</ele></trkpt><trkpt lat="55.7259395" lon="14.1230623"><ele>27.0</ele></trkpt><trkpt lat="55.7259046" lon="14.1226544"><ele>28.0</ele></trkpt><trkpt lat="55.7258439" lon="14.1223454"><ele>30.0</ele></trkpt><trkpt lat="55.7257438" lon="14.1220795"><ele>32.0</ele></trkpt><trkpt lat="55.7256228" lon="14.1218217"><ele>34.0</ele></trkpt><trkpt lat="55.7256218" lon="14.1217471" /><trkpt lat="55.7255697" lon="14.1215756" /><trkpt lat="55.7255338" lon="14.1213447"><ele>35.0</ele></trkpt><trkpt lat="55.7255778" lon="14.1211533" /><trkpt lat="55.7256426" lon="14.1209342"><ele>36.0</ele></trkpt><trkpt lat="55.7257488" lon="14.1205973"><ele>36.0</ele></trkpt><trkpt lat="55.7258470" lon="14.1203287"><ele>35.0</ele></trkpt><trkpt lat="55.7258697" lon="14.1203260" /><trkpt lat="55.7259876" lon="14.1203898" /><trkpt lat="55.7260599" lon="14.1204176"><ele>33.0</ele></trkpt><trkpt lat="55.7261490" lon="14.1203997" /><trkpt lat="55.7263119" lon="14.1202685"><ele>32.0</ele></trkpt><trkpt lat="55.7264409" lon="14.1200565"><ele>32.0</ele></trkpt><trkpt lat="55.7265678" lon="14.1197915"><ele>34.0</ele></trkpt><trkpt lat="55.7267257" lon="14.1195310"><ele>34.0</ele></trkpt><trkpt lat="55.7269017" lon="14.1192750"><ele>34.0</ele></trkpt><trkpt lat="55.7271658" lon="14.1188923"><ele>33.0</ele></trkpt><trkpt lat="55.7272088" lon="14.1188222" /><trkpt lat="55.7273307" lon="14.1186614"><ele>30.0</ele></trkpt><trkpt lat="55.7273929" lon="14.1186417" /><trkpt lat="55.7274329" lon="14.1186991" /><trkpt lat="55.7274435" lon="14.1187908"><ele>28.0</ele></trkpt><trkpt lat="55.7274718" lon="14.1191986"><ele>27.0</ele></trkpt><trkpt lat="55.7274789" lon="14.1195463"><ele>25.0</ele></trkpt><trkpt lat="55.7274875" lon="14.1195975" /><trkpt lat="55.7275715" lon="14.1199128"><ele>24.0</ele></trkpt><trkpt lat="55.7275938" lon="14.1199236" /><trkpt lat="55.7276636" lon="14.1199038" /><trkpt lat="55.7276909" lon="14.1198867" /><trkpt lat="55.7278138" lon="14.1197646"><ele>24.0</ele></trkpt><trkpt lat="55.7279226" lon="14.1196846" /><trkpt lat="55.7279458" lon="14.1196864" /><trkpt lat="55.7279949" lon="14.1197142"><ele>25.0</ele></trkpt><trkpt lat="55.7280020" lon="14.1197268" /><trkpt lat="55.7280627" lon="14.1196828" /><trkpt lat="55.7282079" lon="14.1198391"><ele>26.0</ele></trkpt><trkpt lat="55.7282529" lon="14.1198634" /><trkpt lat="55.7282655" lon="14.1198912" /><trkpt lat="55.7282736" lon="14.1198849" /><trkpt lat="55.7282777" lon="14.1198921" /><trkpt lat="55.7282918" lon="14.1198652" /><trkpt lat="55.7283606" lon="14.1198014"><ele>26.0</ele></trkpt><trkpt lat="55.7283439" lon="14.1197978" /><trkpt lat="55.7283187" lon="14.1196397" /><trkpt lat="55.7283050" lon="14.1194995"><ele>26.0</ele></trkpt><trkpt lat="55.7283207" lon="14.1194654" /><trkpt lat="55.7285797" lon="14.1194106"><ele>28.0</ele></trkpt><trkpt lat="55.7285969" lon="14.1193953" /><trkpt lat="55.7286308" lon="14.1193477" /><trkpt lat="55.7287157" lon="14.1192031"><ele>28.0</ele></trkpt><trkpt lat="55.7287689" lon="14.1191357" /><trkpt lat="55.7288275" lon="14.1190737" /><trkpt lat="55.7288918" lon="14.1190297"><ele>28.0</ele></trkpt><trkpt lat="55.7289808" lon="14.1190297" /><trkpt lat="55.7290425" lon="14.1190585"><ele>30.0</ele></trkpt><trkpt lat="55.7290607" lon="14.1190755" /><trkpt lat="55.7291457" lon="14.1192103" /><trkpt lat="55.7292079" lon="14.1193495"><ele>34.0</ele></trkpt><trkpt lat="55.7292439" lon="14.1194582" /><trkpt lat="55.7293298" lon="14.1196792"><ele>36.0</ele></trkpt><trkpt lat="55.7293465" lon="14.1197080" /><trkpt lat="55.7294427" lon="14.1199325"><ele>38.0</ele></trkpt><trkpt lat="55.7295782" lon="14.1202299"><ele>40.0</ele></trkpt><trkpt lat="55.7297568" lon="14.1206206"><ele>42.0</ele></trkpt><trkpt lat="55.7298625" lon="14.1209081"><ele>42.0</ele></trkpt><trkpt lat="55.7299535" lon="14.1211273"><ele>43.0</ele></trkpt><trkpt lat="55.7301245" lon="14.1214058"><ele>45.0</ele></trkpt><trkpt lat="55.7302287" lon="14.1216501"><ele>45.0</ele></trkpt><trkpt lat="55.7302930" lon="14.1218289" /><trkpt lat="55.7303157" lon="14.1218720"><ele>45.0</ele></trkpt><trkpt lat="55.7303269" lon="14.1219133" /><trkpt lat="55.7304159" lon="14.1221092"><ele>45.0</ele></trkpt><trkpt lat="55.7305079" lon="14.1222888" /><trkpt lat="55.7307578" lon="14.1227272"><ele>45.0</ele></trkpt><trkpt lat="55.7308418" lon="14.1228628" /><trkpt lat="55.7308858" lon="14.1229257"><ele>45.0</ele></trkpt><trkpt lat="55.7310497" lon="14.1231216"><ele>45.0</ele></trkpt><trkpt lat="55.7313208" lon="14.1234701"><ele>45.0</ele></trkpt><trkpt lat="55.7315049" lon="14.1238025"><ele>45.0</ele></trkpt><trkpt lat="55.7318256" lon="14.1241384"><ele>45.0</ele></trkpt><trkpt lat="55.7320466" lon="14.1242705"><ele>45.0</ele></trkpt><trkpt lat="55.7322399" lon="14.1243235"><ele>45.0</ele></trkpt><trkpt lat="55.7324179" lon="14.1243882"><ele>45.0</ele></trkpt><trkpt lat="55.7326066" lon="14.1244412"><ele>45.0</ele></trkpt><trkpt lat="55.7327426" lon="14.1246307"><ele>45.0</ele></trkpt><trkpt lat="55.7327639" lon="14.1248867" /><trkpt lat="55.7327669" lon="14.1252182"><ele>46.0</ele></trkpt><trkpt lat="55.7327467" lon="14.1255856"><ele>47.0</ele></trkpt><trkpt lat="55.7327720" lon="14.1258587"><ele>48.0</ele></trkpt><trkpt lat="55.7327730" lon="14.1259108" /><trkpt lat="55.7328509" lon="14.1261722"><ele>50.0</ele></trkpt><trkpt lat="55.7329535" lon="14.1263223" /><trkpt lat="55.7330239" lon="14.1263690"><ele>50.0</ele></trkpt><trkpt lat="55.7333465" lon="14.1263779"><ele>50.0</ele></trkpt><trkpt lat="55.7335600" lon="14.1264022"><ele>50.0</ele></trkpt><trkpt lat="55.7335898" lon="14.1263977" /><trkpt lat="55.7337896" lon="14.1264229"><ele>49.0</ele></trkpt><trkpt lat="55.7339838" lon="14.1265154"><ele>49.0</ele></trkpt><trkpt lat="55.7340936" lon="14.1265855" /><trkpt lat="55.7342286" lon="14.1267022"><ele>48.0</ele></trkpt><trkpt lat="55.7344846" lon="14.1269762"><ele>48.0</ele></trkpt><trkpt lat="55.7346338" lon="14.1271182"><ele>49.0</ele></trkpt><trkpt lat="55.7346859" lon="14.1271658" /><trkpt lat="55.7348710" lon="14.1273095"><ele>50.0</ele></trkpt><trkpt lat="55.7351486" lon="14.1274631"><ele>50.0</ele></trkpt><trkpt lat="55.7353479" lon="14.1275880"><ele>50.0</ele></trkpt><trkpt lat="55.7355325" lon="14.1277191"><ele>51.0</ele></trkpt><trkpt lat="55.7357318" lon="14.1278162"><ele>52.0</ele></trkpt><trkpt lat="55.7358486" lon="14.1279006" /><trkpt lat="55.7359660" lon="14.1279563"><ele>52.0</ele></trkpt><trkpt lat="55.7361587" lon="14.1280749"><ele>52.0</ele></trkpt><trkpt lat="55.7363458" lon="14.1282051"><ele>52.0</ele></trkpt><trkpt lat="55.7365157" lon="14.1282887"><ele>51.0</ele></trkpt><trkpt lat="55.7366988" lon="14.1283506"><ele>51.0</ele></trkpt><trkpt lat="55.7368227" lon="14.1284045" /><trkpt lat="55.7371646" lon="14.1284719"><ele>49.0</ele></trkpt><trkpt lat="55.7374336" lon="14.1284261"><ele>48.0</ele></trkpt><trkpt lat="55.7377487" lon="14.1282446"><ele>46.0</ele></trkpt><trkpt lat="55.7380926" lon="14.1279752"><ele>44.0</ele></trkpt><trkpt lat="55.7383237" lon="14.1277578"><ele>42.0</ele></trkpt><trkpt lat="55.7384259" lon="14.1276904" /><trkpt lat="55.7384648" lon="14.1276850" /><trkpt lat="55.7385599" lon="14.1277344"><ele>40.0</ele></trkpt><trkpt lat="55.7385837" lon="14.1277694" /><trkpt lat="55.7386616" lon="14.1279392"><ele>40.0</ele></trkpt><trkpt lat="55.7388047" lon="14.1282968"><ele>39.0</ele></trkpt><trkpt lat="55.7390697" lon="14.1289597"><ele>39.0</ele></trkpt><trkpt lat="55.7391036" lon="14.1290334" /><trkpt lat="55.7392118" lon="14.1293316"><ele>39.0</ele></trkpt><trkpt lat="55.7393675" lon="14.1297134"><ele>39.0</ele></trkpt><trkpt lat="55.7394490" lon="14.1299712"><ele>39.0</ele></trkpt><trkpt lat="55.7395830" lon="14.1303368"><ele>39.0</ele></trkpt><trkpt lat="55.7396786" lon="14.1305803"><ele>39.0</ele></trkpt><trkpt lat="55.7398257" lon="14.1308219"><ele>39.0</ele></trkpt><trkpt lat="55.7399926" lon="14.1310222"><ele>38.0</ele></trkpt><trkpt lat="55.7401590" lon="14.1312028"><ele>38.0</ele></trkpt><trkpt lat="55.7401868" lon="14.1312253" /><trkpt lat="55.7402748" lon="14.1312738" /><trkpt lat="55.7403178" lon="14.1313133"><ele>37.0</ele></trkpt><trkpt lat="55.7403506" lon="14.1313654" /><trkpt lat="55.7404159" lon="14.1314229" /><trkpt lat="55.7406176" lon="14.1315603"><ele>36.0</ele></trkpt><trkpt lat="55.7406986" lon="14.1316313" /><trkpt lat="55.7408128" lon="14.1317094"><ele>36.0</ele></trkpt><trkpt lat="55.7409807" lon="14.1318388"><ele>35.0</ele></trkpt><trkpt lat="55.7411704" lon="14.1319888"><ele>35.0</ele></trkpt><trkpt lat="55.7413989" lon="14.1321703"><ele>35.0</ele></trkpt><trkpt lat="55.7415876" lon="14.1323032"><ele>36.0</ele></trkpt><trkpt lat="55.7417696" lon="14.1324542"><ele>36.0</ele></trkpt><trkpt lat="55.7419739" lon="14.1326239"><ele>37.0</ele></trkpt><trkpt lat="55.7421529" lon="14.1328018"><ele>38.0</ele></trkpt><trkpt lat="55.7422546" lon="14.1329330" /><trkpt lat="55.7424427" lon="14.1330982"><ele>39.0</ele></trkpt><trkpt lat="55.7426176" lon="14.1332662"><ele>40.0</ele></trkpt><trkpt lat="55.7427238" lon="14.1333929" /><trkpt lat="55.7429620" lon="14.1335878"><ele>40.0</ele></trkpt><trkpt lat="55.7431789" lon="14.1337073"><ele>41.0</ele></trkpt><trkpt lat="55.7432325" lon="14.1337477" /><trkpt lat="55.7434707" lon="14.1338807"><ele>42.0</ele></trkpt><trkpt lat="55.7436638" lon="14.1339678"><ele>42.0</ele></trkpt><trkpt lat="55.7438697" lon="14.1340208"><ele>42.0</ele></trkpt><trkpt lat="55.7441129" lon="14.1340343"><ele>43.0</ele></trkpt><trkpt lat="55.7444790" lon="14.1341520"><ele>43.0</ele></trkpt><trkpt lat="55.7446489" lon="14.1342328"><ele>43.0</ele></trkpt><trkpt lat="55.7449578" lon="14.1344646"><ele>43.0</ele></trkpt><trkpt lat="55.7451510" lon="14.1345850"><ele>43.0</ele></trkpt><trkpt lat="55.7453168" lon="14.1347485"><ele>44.0</ele></trkpt><trkpt lat="55.7454275" lon="14.1348392" /><trkpt lat="55.7455019" lon="14.1349164"><ele>44.0</ele></trkpt><trkpt lat="55.7456586" lon="14.1350907"><ele>44.0</ele></trkpt><trkpt lat="55.7458558" lon="14.1353377"><ele>44.0</ele></trkpt><trkpt lat="55.7459666" lon="14.1355183" /><trkpt lat="55.7460358" lon="14.1356072"><ele>45.0</ele></trkpt><trkpt lat="55.7460975" lon="14.1356962" /><trkpt lat="55.7461718" lon="14.1358174"><ele>46.0</ele></trkpt><trkpt lat="55.7462730" lon="14.1359522" /><trkpt lat="55.7463215" lon="14.1360492"><ele>47.0</ele></trkpt><trkpt lat="55.7464737" lon="14.1363196"><ele>47.0</ele></trkpt><trkpt lat="55.7465657" lon="14.1365172" /><trkpt lat="55.7466385" lon="14.1366592"><ele>48.0</ele></trkpt><trkpt lat="55.7467189" lon="14.1367607" /><trkpt lat="55.7470516" lon="14.1372583"><ele>51.0</ele></trkpt><trkpt lat="55.7470820" lon="14.1373536" /><trkpt lat="55.7472660" lon="14.1376464"><ele>52.0</ele></trkpt><trkpt lat="55.7474025" lon="14.1379087"><ele>53.0</ele></trkpt><trkpt lat="55.7475658" lon="14.1381576"><ele>53.0</ele></trkpt><trkpt lat="55.7477160" lon="14.1383507"><ele>53.0</ele></trkpt><trkpt lat="55.7479268" lon="14.1385708"><ele>53.0</ele></trkpt><trkpt lat="55.7481387" lon="14.1387567"><ele>53.0</ele></trkpt><trkpt lat="55.7483323" lon="14.1389023"><ele>53.0</ele></trkpt><trkpt lat="55.7485740" lon="14.1390837"><ele>53.0</ele></trkpt><trkpt lat="55.7487697" lon="14.1392158"><ele>53.0</ele></trkpt><trkpt lat="55.7489587" lon="14.1393784"><ele>52.0</ele></trkpt><trkpt lat="55.7491069" lon="14.1394790"><ele>51.0</ele></trkpt><trkpt lat="55.7493207" lon="14.1396101"><ele>51.0</ele></trkpt><trkpt lat="55.7495058" lon="14.1397539"><ele>50.0</ele></trkpt><trkpt lat="55.7498400" lon="14.1400278"><ele>49.0</ele></trkpt><trkpt lat="55.7500078" lon="14.1401392"><ele>49.0</ele></trkpt><trkpt lat="55.7502434" lon="14.1402587"><ele>48.0</ele></trkpt><trkpt lat="55.7506737" lon="14.1404779"><ele>48.0</ele></trkpt><trkpt lat="55.7508157" lon="14.1405345" /><trkpt lat="55.7511469" lon="14.1406450"><ele>48.0</ele></trkpt><trkpt lat="55.7513577" lon="14.1406818"><ele>47.0</ele></trkpt><trkpt lat="55.7515488" lon="14.1406701"><ele>47.0</ele></trkpt><trkpt lat="55.7517399" lon="14.1406809"><ele>47.0</ele></trkpt><trkpt lat="55.7518749" lon="14.1406576" /><trkpt lat="55.7520827" lon="14.1406594"><ele>47.0</ele></trkpt><trkpt lat="55.7524365" lon="14.1406773"><ele>47.0</ele></trkpt><trkpt lat="55.7526155" lon="14.1406719"><ele>47.0</ele></trkpt><trkpt lat="55.7528117" lon="14.1407815"><ele>47.0</ele></trkpt><trkpt lat="55.7529926" lon="14.1408732"><ele>47.0</ele></trkpt><trkpt lat="55.7531676" lon="14.1409837"><ele>47.0</ele></trkpt><trkpt lat="55.7533288" lon="14.1411067"><ele>47.0</ele></trkpt><trkpt lat="55.7535027" lon="14.1412145"><ele>47.0</ele></trkpt><trkpt lat="55.7536640" lon="14.1413241"><ele>46.0</ele></trkpt><trkpt lat="55.7537717" lon="14.1414157" /><trkpt lat="55.7539557" lon="14.1415945"><ele>46.0</ele></trkpt><trkpt lat="55.7541397" lon="14.1416978"><ele>46.0</ele></trkpt><trkpt lat="55.7543758" lon="14.1418712"><ele>46.0</ele></trkpt><trkpt lat="55.7546376" lon="14.1420365"><ele>46.0</ele></trkpt><trkpt lat="55.7548959" lon="14.1421802"><ele>46.0</ele></trkpt><trkpt lat="55.7550997" lon="14.1423033"><ele>45.0</ele></trkpt><trkpt lat="55.7553686" lon="14.1424659"><ele>45.0</ele></trkpt><trkpt lat="55.7555207" lon="14.1425485"><ele>44.0</ele></trkpt><trkpt lat="55.7557209" lon="14.1426779"><ele>44.0</ele></trkpt><trkpt lat="55.7559777" lon="14.1428432"><ele>44.0</ele></trkpt><trkpt lat="55.7561627" lon="14.1430040"><ele>45.0</ele></trkpt><trkpt lat="55.7563326" lon="14.1431306"><ele>45.0</ele></trkpt><trkpt lat="55.7564878" lon="14.1432672"><ele>45.0</ele></trkpt><trkpt lat="55.7566546" lon="14.1434028"><ele>45.0</ele></trkpt><trkpt lat="55.7568517" lon="14.1435448"><ele>45.0</ele></trkpt><trkpt lat="55.7570529" lon="14.1436633"><ele>45.0</ele></trkpt><trkpt lat="55.7572698" lon="14.1438178"><ele>44.0</ele></trkpt><trkpt lat="55.7574497" lon="14.1439185"><ele>44.0</ele></trkpt><trkpt lat="55.7576767" lon="14.1440658"><ele>43.0</ele></trkpt><trkpt lat="55.7578965" lon="14.1441951"><ele>43.0</ele></trkpt><trkpt lat="55.7580507" lon="14.1443164"><ele>43.0</ele></trkpt><trkpt lat="55.7582271" lon="14.1444467"><ele>42.0</ele></trkpt><trkpt lat="55.7584066" lon="14.1445796"><ele>42.0</ele></trkpt><trkpt lat="55.7585279" lon="14.1446515" /><trkpt lat="55.7585875" lon="14.1446964"><ele>42.0</ele></trkpt><trkpt lat="55.7587558" lon="14.1448024"><ele>42.0</ele></trkpt><trkpt lat="55.7590869" lon="14.1450467"><ele>42.0</ele></trkpt><trkpt lat="55.7592719" lon="14.1451662"><ele>42.0</ele></trkpt><trkpt lat="55.7594716" lon="14.1452947"><ele>41.0</ele></trkpt><trkpt lat="55.7598269" lon="14.1454995"><ele>41.0</ele></trkpt><trkpt lat="55.7600437" lon="14.1456118"><ele>40.0</ele></trkpt><trkpt lat="55.7603288" lon="14.1458193"><ele>40.0</ele></trkpt><trkpt lat="55.7604147" lon="14.1458723" /><trkpt lat="55.7607655" lon="14.1461562"><ele>39.0</ele></trkpt><trkpt lat="55.7609828" lon="14.1463421"><ele>39.0</ele></trkpt><trkpt lat="55.7612133" lon="14.1465200"><ele>38.0</ele></trkpt><trkpt lat="55.7616677" lon="14.1468685"><ele>38.0</ele></trkpt><trkpt lat="55.7618552" lon="14.1469772"><ele>37.0</ele></trkpt><trkpt lat="55.7620579" lon="14.1470949"><ele>36.0</ele></trkpt><trkpt lat="55.7622616" lon="14.1472305"><ele>35.0</ele></trkpt><trkpt lat="55.7624668" lon="14.1473806"><ele>34.0</ele></trkpt><trkpt lat="55.7627240" lon="14.1475494"><ele>34.0</ele></trkpt><trkpt lat="55.7629813" lon="14.1477183"><ele>34.0</ele></trkpt><trkpt lat="55.7633967" lon="14.1479905"><ele>34.0</ele></trkpt><trkpt lat="55.7636848" lon="14.1481953"><ele>35.0</ele></trkpt><trkpt lat="55.7638516" lon="14.1483004"><ele>35.0</ele></trkpt><trkpt lat="55.7640340" lon="14.1484307"><ele>35.0</ele></trkpt><trkpt lat="55.7642296" lon="14.1485708"><ele>35.0</ele></trkpt><trkpt lat="55.7643898" lon="14.1486939"><ele>35.0</ele></trkpt><trkpt lat="55.7646658" lon="14.1488834"><ele>36.0</ele></trkpt><trkpt lat="55.7647355" lon="14.1489409" /><trkpt lat="55.7651909" lon="14.1492419"><ele>37.0</ele></trkpt><trkpt lat="55.7654137" lon="14.1494036"><ele>39.0</ele></trkpt><trkpt lat="55.7658039" lon="14.1496865"><ele>40.0</ele></trkpt><trkpt lat="55.7659924" lon="14.1498177"><ele>40.0</ele></trkpt><trkpt lat="55.7662087" lon="14.1499677"><ele>41.0</ele></trkpt><trkpt lat="55.7664250" lon="14.1501321"><ele>41.0</ele></trkpt><trkpt lat="55.7667787" lon="14.1504007"><ele>41.0</ele></trkpt><trkpt lat="55.7671199" lon="14.1506441"><ele>42.0</ele></trkpt><trkpt lat="55.7674337" lon="14.1509550"><ele>43.0</ele></trkpt><trkpt lat="55.7676217" lon="14.1511670"><ele>44.0</ele></trkpt><trkpt lat="55.7678890" lon="14.1514688"><ele>44.0</ele></trkpt><trkpt lat="55.7680719" lon="14.1517158"><ele>44.0</ele></trkpt><trkpt lat="55.7682316" lon="14.1519539"><ele>45.0</ele></trkpt><trkpt lat="55.7684696" lon="14.1523518"><ele>45.0</ele></trkpt><trkpt lat="55.7685085" lon="14.1523959" /><trkpt lat="55.7685500" lon="14.1523833" /><trkpt lat="55.7686728" lon="14.1522081"><ele>47.0</ele></trkpt><trkpt lat="55.7688234" lon="14.1519736"><ele>48.0</ele></trkpt><trkpt lat="55.7689926" lon="14.1517095"><ele>49.0</ele></trkpt><trkpt lat="55.7691458" lon="14.1515137"><ele>50.0</ele></trkpt><trkpt lat="55.7693449" lon="14.1513358"><ele>52.0</ele></trkpt><trkpt lat="55.7694687" lon="14.1513879" /><trkpt lat="55.7698209" lon="14.1516197"><ele>54.0</ele></trkpt><trkpt lat="55.7698719" lon="14.1516404" /><trkpt lat="55.7700548" lon="14.1516772"><ele>55.0</ele></trkpt><trkpt lat="55.7702539" lon="14.1516673"><ele>55.0</ele></trkpt><trkpt lat="55.7704449" lon="14.1516242"><ele>55.0</ele></trkpt><trkpt lat="55.7707729" lon="14.1515335"><ele>56.0</ele></trkpt><trkpt lat="55.7709836" lon="14.1514688"><ele>56.0</ele></trkpt><trkpt lat="55.7712570" lon="14.1513852"><ele>57.0</ele></trkpt><trkpt lat="55.7714389" lon="14.1512451"><ele>57.0</ele></trkpt><trkpt lat="55.7716486" lon="14.1507430"><ele>59.0</ele></trkpt><trkpt lat="55.7718886" lon="14.1503540"><ele>60.0</ele></trkpt><trkpt lat="55.7719528" lon="14.1500854"><ele>61.0</ele></trkpt><trkpt lat="55.7719416" lon="14.1499012" /><trkpt lat="55.7718477" lon="14.1495814"><ele>62.0</ele></trkpt><trkpt lat="55.7717759" lon="14.1492500"><ele>62.0</ele></trkpt><trkpt lat="55.7717279" lon="14.1489113"><ele>62.0</ele></trkpt><trkpt lat="55.7717077" lon="14.1485385"><ele>63.0</ele></trkpt><trkpt lat="55.7717456" lon="14.1481217"><ele>64.0</ele></trkpt><trkpt lat="55.7718067" lon="14.1476860"><ele>65.0</ele></trkpt><trkpt lat="55.7718148" lon="14.1473356"><ele>66.0</ele></trkpt><trkpt lat="55.7717840" lon="14.1467940"><ele>67.0</ele></trkpt><trkpt lat="55.7717309" lon="14.1464005"><ele>67.0</ele></trkpt><trkpt lat="55.7716915" lon="14.1460277"><ele>68.0</ele></trkpt><trkpt lat="55.7716036" lon="14.1453809"><ele>68.0</ele></trkpt><trkpt lat="55.7715450" lon="14.1449964"><ele>69.0</ele></trkpt><trkpt lat="55.7714606" lon="14.1444440"><ele>69.0</ele></trkpt><trkpt lat="55.7714156" lon="14.1441008"><ele>70.0</ele></trkpt><trkpt lat="55.7713666" lon="14.1437253"><ele>71.0</ele></trkpt><trkpt lat="55.7713019" lon="14.1433283"><ele>72.0</ele></trkpt><trkpt lat="55.7712357" lon="14.1430525"><ele>73.0</ele></trkpt><trkpt lat="55.7711685" lon="14.1425674"><ele>74.0</ele></trkpt><trkpt lat="55.7711130" lon="14.1422135"><ele>75.0</ele></trkpt><trkpt lat="55.7710458" lon="14.1417885"><ele>75.0</ele></trkpt><trkpt lat="55.7709988" lon="14.1414463"><ele>75.0</ele></trkpt><trkpt lat="55.7709957" lon="14.1414023" /><trkpt lat="55.7709346" lon="14.1411256"><ele>76.0</ele></trkpt><trkpt lat="55.7709058" lon="14.1408965" /><trkpt lat="55.7708270" lon="14.1404644"><ele>78.0</ele></trkpt><trkpt lat="55.7707865" lon="14.1401626"><ele>78.0</ele></trkpt><trkpt lat="55.7707628" lon="14.1397449"><ele>79.0</ele></trkpt><trkpt lat="55.7707517" lon="14.1393361"><ele>79.0</ele></trkpt><trkpt lat="55.7707138" lon="14.1390065"><ele>79.0</ele></trkpt><trkpt lat="55.7706546" lon="14.1387765" /><trkpt lat="55.7706577" lon="14.1387648" /><trkpt lat="55.7706658" lon="14.1387567"><ele>79.0</ele></trkpt><trkpt lat="55.7705859" lon="14.1386759" /><trkpt lat="55.7705440" lon="14.1386049" /><trkpt lat="55.7705066" lon="14.1385277"><ele>78.0</ele></trkpt><trkpt lat="55.7704010" lon="14.1382788"><ele>78.0</ele></trkpt><trkpt lat="55.7703429" lon="14.1380992" /><trkpt lat="55.7702645" lon="14.1378045"><ele>77.0</ele></trkpt><trkpt lat="55.7702176" lon="14.1376635" /><trkpt lat="55.7701569" lon="14.1374587"><ele>76.0</ele></trkpt><trkpt lat="55.7700675" lon="14.1371101"><ele>76.0</ele></trkpt><trkpt lat="55.7699507" lon="14.1366538"><ele>76.0</ele></trkpt><trkpt lat="55.7699027" lon="14.1364382" /><trkpt lat="55.7698477" lon="14.1362397"><ele>76.0</ele></trkpt><trkpt lat="55.7698158" lon="14.1360735" /><trkpt lat="55.7697137" lon="14.1356036"><ele>77.0</ele></trkpt><trkpt lat="55.7695778" lon="14.1350485"><ele>79.0</ele></trkpt><trkpt lat="55.7694919" lon="14.1347332"><ele>79.0</ele></trkpt><trkpt lat="55.7693989" lon="14.1343927"><ele>79.0</ele></trkpt><trkpt lat="55.7693322" lon="14.1340666"><ele>79.0</ele></trkpt><trkpt lat="55.7692620" lon="14.1337217"><ele>79.0</ele></trkpt><trkpt lat="55.7691387" lon="14.1333731"><ele>79.0</ele></trkpt><trkpt lat="55.7690113" lon="14.1330803"><ele>80.0</ele></trkpt><trkpt lat="55.7688547" lon="14.1327210"><ele>80.0</ele></trkpt><trkpt lat="55.7687935" lon="14.1325628" /><trkpt lat="55.7686778" lon="14.1322862"><ele>80.0</ele></trkpt><trkpt lat="55.7686399" lon="14.1322098" /><trkpt lat="55.7683817" lon="14.1315963"><ele>80.0</ele></trkpt><trkpt lat="55.7683499" lon="14.1315064" /><trkpt lat="55.7682079" lon="14.1311866"><ele>81.0</ele></trkpt><trkpt lat="55.7680815" lon="14.1309387"><ele>81.0</ele></trkpt><trkpt lat="55.7680168" lon="14.1308587" /><trkpt lat="55.7679415" lon="14.1308444"><ele>81.0</ele></trkpt><trkpt lat="55.7676328" lon="14.1311588"><ele>80.0</ele></trkpt><trkpt lat="55.7675145" lon="14.1312666" /><trkpt lat="55.7673938" lon="14.1314094"><ele>80.0</ele></trkpt><trkpt lat="55.7672467" lon="14.1316124"><ele>80.0</ele></trkpt><trkpt lat="55.7671537" lon="14.1318262"><ele>80.0</ele></trkpt><trkpt lat="55.7671249" lon="14.1318774" /><trkpt lat="55.7670456" lon="14.1319762" /><trkpt lat="55.7669935" lon="14.1320894"><ele>81.0</ele></trkpt><trkpt lat="55.7669778" lon="14.1321317" /><trkpt lat="55.7669495" lon="14.1322359" /><trkpt lat="55.7668490" lon="14.1325602"><ele>81.0</ele></trkpt><trkpt lat="55.7667398" lon="14.1326931" /><trkpt lat="55.7665978" lon="14.1327713"><ele>80.0</ele></trkpt><trkpt lat="55.7665225" lon="14.1327650" /><trkpt lat="55.7664285" lon="14.1328063"><ele>79.0</ele></trkpt><trkpt lat="55.7662638" lon="14.1327758"><ele>78.0</ele></trkpt><trkpt lat="55.7661986" lon="14.1327713" /><trkpt lat="55.7661268" lon="14.1327811" /><trkpt lat="55.7660065" lon="14.1328467"><ele>77.0</ele></trkpt><trkpt lat="55.7659257" lon="14.1328656" /><trkpt lat="55.7657599" lon="14.1329357"><ele>73.0</ele></trkpt><trkpt lat="55.7656295" lon="14.1330434" /><trkpt lat="55.7655866" lon="14.1330677"><ele>71.0</ele></trkpt><trkpt lat="55.7655310" lon="14.1330228" /><trkpt lat="55.7654946" lon="14.1329545" /><trkpt lat="55.7653976" lon="14.1328090"><ele>68.0</ele></trkpt><trkpt lat="55.7653496" lon="14.1327542" /><trkpt lat="55.7652950" lon="14.1327066" /><trkpt lat="55.7650777" lon="14.1326347"><ele>64.0</ele></trkpt><trkpt lat="55.7649159" lon="14.1325278"><ele>63.0</ele></trkpt><trkpt lat="55.7647669" lon="14.1324407"><ele>61.0</ele></trkpt><trkpt lat="55.7645465" lon="14.1322377"><ele>58.0</ele></trkpt><trkpt lat="55.7644697" lon="14.1321514" /><trkpt lat="55.7643787" lon="14.1320176"><ele>56.0</ele></trkpt><trkpt lat="55.7643256" lon="14.1319565" /><trkpt lat="55.7642488" lon="14.1318774"><ele>55.0</ele></trkpt><trkpt lat="55.7641265" lon="14.1317687" /><trkpt lat="55.7640537" lon="14.1316133"><ele>53.0</ele></trkpt><trkpt lat="55.7640426" lon="14.1315621" /><trkpt lat="55.7640290" lon="14.1314606" /><trkpt lat="55.7640027" lon="14.1313627" /><trkpt lat="55.7639628" lon="14.1312747"><ele>53.0</ele></trkpt><trkpt lat="55.7639239" lon="14.1311237" /><trkpt lat="55.7638238" lon="14.1303332"><ele>55.0</ele></trkpt><trkpt lat="55.7638117" lon="14.1300404"><ele>55.0</ele></trkpt><trkpt lat="55.7638248" lon="14.1297700"><ele>56.0</ele></trkpt><trkpt lat="55.7638379" lon="14.1296523" /><trkpt lat="55.7638688" lon="14.1294735"><ele>56.0</ele></trkpt><trkpt lat="55.7638738" lon="14.1292975" /><trkpt lat="55.7638617" lon="14.1291708"><ele>56.0</ele></trkpt><trkpt lat="55.7638319" lon="14.1287019"><ele>55.0</ele></trkpt><trkpt lat="55.7638319" lon="14.1282339"><ele>54.0</ele></trkpt><trkpt lat="55.7638248" lon="14.1281342" /><trkpt lat="55.7637920" lon="14.1278745"><ele>53.0</ele></trkpt><trkpt lat="55.7637525" lon="14.1276616" /><trkpt lat="55.7637268" lon="14.1275736"><ele>52.0</ele></trkpt><trkpt lat="55.7637065" lon="14.1274451" /><trkpt lat="55.7637010" lon="14.1273553" /><trkpt lat="55.7636626" lon="14.1273104"><ele>51.0</ele></trkpt><trkpt lat="55.7636585" lon="14.1273149" /><trkpt lat="55.7636408" lon="14.1269996"><ele>51.0</ele></trkpt><trkpt lat="55.7636626" lon="14.1266636"><ele>51.0</ele></trkpt><trkpt lat="55.7636646" lon="14.1265558" /><trkpt lat="55.7636686" lon="14.1262315"><ele>52.0</ele></trkpt><trkpt lat="55.7636671" lon="14.1258884"><ele>53.0</ele></trkpt><trkpt lat="55.7636656" lon="14.1255308"><ele>55.0</ele></trkpt><trkpt lat="55.7636540" lon="14.1253368" /><trkpt lat="55.7636429" lon="14.1253090" /><trkpt lat="55.7636156" lon="14.1251859"><ele>56.0</ele></trkpt><trkpt lat="55.7636418" lon="14.1251410" /><trkpt lat="55.7636585" lon="14.1250925" /><trkpt lat="55.7636676" lon="14.1250350" /><trkpt lat="55.7636636" lon="14.1250206" /><trkpt lat="55.7635448" lon="14.1248957"><ele>58.0</ele></trkpt><trkpt lat="55.7635140" lon="14.1248463" /><trkpt lat="55.7634417" lon="14.1246622"><ele>59.0</ele></trkpt><trkpt lat="55.7634346" lon="14.1246208" /><trkpt lat="55.7634210" lon="14.1245948" /><trkpt lat="55.7633927" lon="14.1245643" /><trkpt lat="55.7633416" lon="14.1244807" /><trkpt lat="55.7632916" lon="14.1243172"><ele>61.0</ele></trkpt><trkpt lat="55.7632057" lon="14.1241663" /><trkpt lat="55.7631198" lon="14.1239777"><ele>63.0</ele></trkpt><trkpt lat="55.7629666" lon="14.1235698"><ele>65.0</ele></trkpt><trkpt lat="55.7629328" lon="14.1234997" /><trkpt lat="55.7628347" lon="14.1233345"><ele>66.0</ele></trkpt><trkpt lat="55.7628110" lon="14.1233282" /><trkpt lat="55.7627498" lon="14.1234423" /><trkpt lat="55.7627058" lon="14.1237162"><ele>66.0</ele></trkpt><trkpt lat="55.7627038" lon="14.1237630" /><trkpt lat="55.7626659" lon="14.1240046"><ele>67.0</ele></trkpt><trkpt lat="55.7626427" lon="14.1241061" /><trkpt lat="55.7625780" lon="14.1242678"><ele>67.0</ele></trkpt><trkpt lat="55.7625588" lon="14.1243046" /><trkpt lat="55.7624455" lon="14.1244744"><ele>67.0</ele></trkpt><trkpt lat="55.7623566" lon="14.1245957" /><trkpt lat="55.7622378" lon="14.1247385"><ele>67.0</ele></trkpt><trkpt lat="55.7621009" lon="14.1248796"><ele>67.0</ele></trkpt><trkpt lat="55.7619199" lon="14.1250053"><ele>65.0</ele></trkpt><trkpt lat="55.7618219" lon="14.1250826" /><trkpt lat="55.7616728" lon="14.1252344"><ele>65.0</ele></trkpt><trkpt lat="55.7615656" lon="14.1253709" /><trkpt lat="55.7614767" lon="14.1255084"><ele>63.0</ele></trkpt><trkpt lat="55.7613569" lon="14.1257842"><ele>62.0</ele></trkpt><trkpt lat="55.7613397" lon="14.1258408" /><trkpt lat="55.7612598" lon="14.1261938"><ele>59.0</ele></trkpt><trkpt lat="55.7611658" lon="14.1268244"><ele>56.0</ele></trkpt><trkpt lat="55.7610657" lon="14.1270813"><ele>56.0</ele></trkpt><trkpt lat="55.7609358" lon="14.1272843"><ele>55.0</ele></trkpt><trkpt lat="55.7608236" lon="14.1273957" /><trkpt lat="55.7606048" lon="14.1275790"><ele>55.0</ele></trkpt><trkpt lat="55.7605825" lon="14.1276024" /><trkpt lat="55.7604688" lon="14.1276832" /><trkpt lat="55.7603460" lon="14.1277542"><ele>54.0</ele></trkpt><trkpt lat="55.7602545" lon="14.1278197" /><trkpt lat="55.7601615" lon="14.1280075"><ele>53.0</ele></trkpt><trkpt lat="55.7601529" lon="14.1280686" /><trkpt lat="55.7601140" lon="14.1285725"><ele>52.0</ele></trkpt><trkpt lat="55.7600756" lon="14.1287163" /><trkpt lat="55.7600306" lon="14.1287747" /><trkpt lat="55.7597688" lon="14.1288519"><ele>52.0</ele></trkpt><trkpt lat="55.7597268" lon="14.1289965" /><trkpt lat="55.7596586" lon="14.1297107"><ele>53.0</ele></trkpt><trkpt lat="55.7596399" lon="14.1297933" /><trkpt lat="55.7596566" lon="14.1298508" /><trkpt lat="55.7596576" lon="14.1299353" /><trkpt lat="55.7596449" lon="14.1300503"><ele>52.0</ele></trkpt><trkpt lat="55.7596116" lon="14.1301446" /><trkpt lat="55.7595570" lon="14.1302164" /><trkpt lat="55.7594185" lon="14.1304195"><ele>52.0</ele></trkpt><trkpt lat="55.7593487" lon="14.1307114"><ele>52.0</ele></trkpt><trkpt lat="55.7593316" lon="14.1310384"><ele>52.0</ele></trkpt><trkpt lat="55.7593417" lon="14.1311597" /><trkpt lat="55.7593548" lon="14.1314687"><ele>52.0</ele></trkpt><trkpt lat="55.7593619" lon="14.1315567" /><trkpt lat="55.7593528" lon="14.1318298"><ele>51.0</ele></trkpt><trkpt lat="55.7592780" lon="14.1320077" /><trkpt lat="55.7592279" lon="14.1320760"><ele>51.0</ele></trkpt><trkpt lat="55.7591056" lon="14.1322673"><ele>49.0</ele></trkpt><trkpt lat="55.7590419" lon="14.1323976" /><trkpt lat="55.7590278" lon="14.1324434" /><trkpt lat="55.7589636" lon="14.1327048"><ele>46.0</ele></trkpt><trkpt lat="55.7589358" lon="14.1329096" /><trkpt lat="55.7588696" lon="14.1332671"><ele>46.0</ele></trkpt><trkpt lat="55.7588256" lon="14.1336139"><ele>46.0</ele></trkpt><trkpt lat="55.7587948" lon="14.1337675" /><trkpt lat="55.7587756" lon="14.1338564" /><trkpt lat="55.7587508" lon="14.1339382"><ele>46.0</ele></trkpt><trkpt lat="55.7587109" lon="14.1339930" /><trkpt lat="55.7585895" lon="14.1340091"><ele>46.0</ele></trkpt><trkpt lat="55.7584859" lon="14.1339229" /><trkpt lat="55.7583616" lon="14.1337819"><ele>46.0</ele></trkpt><trkpt lat="55.7581998" lon="14.1335797"><ele>47.0</ele></trkpt><trkpt lat="55.7581387" lon="14.1334773" /><trkpt lat="55.7580290" lon="14.1332294"><ele>47.0</ele></trkpt><trkpt lat="55.7578329" lon="14.1328557"><ele>47.0</ele></trkpt><trkpt lat="55.7576898" lon="14.1325323"><ele>47.0</ele></trkpt><trkpt lat="55.7576499" lon="14.1323482" /><trkpt lat="55.7576787" lon="14.1321245"><ele>47.0</ele></trkpt><trkpt lat="55.7576898" lon="14.1321047" /><trkpt lat="55.7576959" lon="14.1320409" /><trkpt lat="55.7576645" lon="14.1319475" /><trkpt lat="55.7575968" lon="14.1317077"><ele>47.0</ele></trkpt><trkpt lat="55.7574876" lon="14.1314462"><ele>48.0</ele></trkpt><trkpt lat="55.7574280" lon="14.1313340" /><trkpt lat="55.7572106" lon="14.1309917"><ele>50.0</ele></trkpt><trkpt lat="55.7571449" lon="14.1308794" /><trkpt lat="55.7570878" lon="14.1308147"><ele>51.0</ele></trkpt><trkpt lat="55.7570676" lon="14.1307581" /><trkpt lat="55.7570018" lon="14.1306207" /><trkpt lat="55.7569670" lon="14.1304886"><ele>52.0</ele></trkpt><trkpt lat="55.7568618" lon="14.1303728" /><trkpt lat="55.7567648" lon="14.1302102"><ele>55.0</ele></trkpt><trkpt lat="55.7566157" lon="14.1298949"><ele>55.0</ele></trkpt><trkpt lat="55.7565378" lon="14.1296748" /><trkpt lat="55.7565247" lon="14.1296272"><ele>55.0</ele></trkpt><trkpt lat="55.7564387" lon="14.1294035"><ele>55.0</ele></trkpt><trkpt lat="55.7563745" lon="14.1292615" /><trkpt lat="55.7563220" lon="14.1291277"><ele>55.0</ele></trkpt><trkpt lat="55.7562279" lon="14.1289597" /><trkpt lat="55.7561390" lon="14.1287513"><ele>55.0</ele></trkpt><trkpt lat="55.7560637" lon="14.1285914" /><trkpt lat="55.7558968" lon="14.1281557"><ele>56.0</ele></trkpt><trkpt lat="55.7557624" lon="14.1279123"><ele>56.0</ele></trkpt><trkpt lat="55.7556249" lon="14.1276625"><ele>56.0</ele></trkpt><trkpt lat="55.7555359" lon="14.1275269" /><trkpt lat="55.7553676" lon="14.1272835"><ele>56.0</ele></trkpt><trkpt lat="55.7552998" lon="14.1272152" /><trkpt lat="55.7552488" lon="14.1271999" /><trkpt lat="55.7552265" lon="14.1271846"><ele>56.0</ele></trkpt><trkpt lat="55.7552149" lon="14.1271137" /><trkpt lat="55.7552139" lon="14.1269906" /><trkpt lat="55.7552447" lon="14.1266681"><ele>54.0</ele></trkpt><trkpt lat="55.7552599" lon="14.1263357"><ele>52.0</ele></trkpt><trkpt lat="55.7552640" lon="14.1260959" /><trkpt lat="55.7552756" lon="14.1257482"><ele>51.0</ele></trkpt><trkpt lat="55.7552589" lon="14.1255129" /><trkpt lat="55.7552538" lon="14.1253664"><ele>50.0</ele></trkpt><trkpt lat="55.7552356" lon="14.1251535" /><trkpt lat="55.7552367" lon="14.1250062"><ele>50.0</ele></trkpt><trkpt lat="55.7552609" lon="14.1248185" /><trkpt lat="55.7552837" lon="14.1245346"><ele>53.0</ele></trkpt><trkpt lat="55.7553256" lon="14.1243765" /><trkpt lat="55.7554717" lon="14.1241654"><ele>55.0</ele></trkpt><trkpt lat="55.7556689" lon="14.1238034"><ele>57.0</ele></trkpt><trkpt lat="55.7557679" lon="14.1236534" /><trkpt lat="55.7557897" lon="14.1236390"><ele>60.0</ele></trkpt><trkpt lat="55.7558119" lon="14.1236093" /><trkpt lat="55.7558786" lon="14.1234755" /><trkpt lat="55.7559378" lon="14.1233812"><ele>65.0</ele></trkpt><trkpt lat="55.7560227" lon="14.1231862" /><trkpt lat="55.7561516" lon="14.1229841"><ele>71.0</ele></trkpt><trkpt lat="55.7561885" lon="14.1229185" /><trkpt lat="55.7562477" lon="14.1227964" /><trkpt lat="55.7563129" lon="14.1226302"><ele>76.0</ele></trkpt><trkpt lat="55.7563998" lon="14.1224694" /><trkpt lat="55.7564746" lon="14.1223005"><ele>80.0</ele></trkpt><trkpt lat="55.7565135" lon="14.1222313" /><trkpt lat="55.7565378" lon="14.1221586" /><trkpt lat="55.7565449" lon="14.1220993" /><trkpt lat="55.7565575" lon="14.1220445"><ele>84.0</ele></trkpt><trkpt lat="55.7565919" lon="14.1219834" /><trkpt lat="55.7566485" lon="14.1219178" /><trkpt lat="55.7566859" lon="14.1218549"><ele>86.0</ele></trkpt><trkpt lat="55.7567688" lon="14.1217669" /><trkpt lat="55.7567885" lon="14.1217507" /><trkpt lat="55.7568588" lon="14.1217328"><ele>88.0</ele></trkpt><trkpt lat="55.7569427" lon="14.1216555" /><trkpt lat="55.7570999" lon="14.1214112"><ele>91.0</ele></trkpt><trkpt lat="55.7572045" lon="14.1213168" /><trkpt lat="55.7572945" lon="14.1212540"><ele>92.0</ele></trkpt><trkpt lat="55.7573446" lon="14.1212423" /><trkpt lat="55.7574548" lon="14.1212459"><ele>93.0</ele></trkpt><trkpt lat="55.7574709" lon="14.1210896" /><trkpt lat="55.7574760" lon="14.1208389"><ele>93.0</ele></trkpt><trkpt lat="55.7574649" lon="14.1207859" /><trkpt lat="55.7574128" lon="14.1206242" /><trkpt lat="55.7573228" lon="14.1203691"><ele>93.0</ele></trkpt><trkpt lat="55.7572136" lon="14.1200385"><ele>93.0</ele></trkpt><trkpt lat="55.7571757" lon="14.1198643" /><trkpt lat="55.7571848" lon="14.1198193" /><trkpt lat="55.7572596" lon="14.1196127"><ele>92.0</ele></trkpt><trkpt lat="55.7572829" lon="14.1195175" /><trkpt lat="55.7572910" lon="14.1193576" /><trkpt lat="55.7572935" lon="14.1190495"><ele>89.0</ele></trkpt><trkpt lat="55.7573026" lon="14.1187090"><ele>87.0</ele></trkpt><trkpt lat="55.7573117" lon="14.1183596"><ele>85.0</ele></trkpt><trkpt lat="55.7572945" lon="14.1180847"><ele>84.0</ele></trkpt><trkpt lat="55.7572546" lon="14.1178107"><ele>83.0</ele></trkpt><trkpt lat="55.7572248" lon="14.1175259"><ele>82.0</ele></trkpt><trkpt lat="55.7572308" lon="14.1172493"><ele>81.0</ele></trkpt><trkpt lat="55.7572475" lon="14.1169447"><ele>80.0</ele></trkpt><trkpt lat="55.7572460" lon="14.1166977" /><trkpt lat="55.7572349" lon="14.1162944"><ele>80.0</ele></trkpt><trkpt lat="55.7572187" lon="14.1159386"><ele>80.0</ele></trkpt><trkpt lat="55.7572005" lon="14.1155362"><ele>80.0</ele></trkpt><trkpt lat="55.7572025" lon="14.1153700" /><trkpt lat="55.7571949" lon="14.1152002"><ele>81.0</ele></trkpt><trkpt lat="55.7571621" lon="14.1148508"><ele>81.0</ele></trkpt><trkpt lat="55.7571257" lon="14.1144636"><ele>82.0</ele></trkpt><trkpt lat="55.7570858" lon="14.1140935"><ele>82.0</ele></trkpt><trkpt lat="55.7570569" lon="14.1136371"><ele>84.0</ele></trkpt><trkpt lat="55.7570347" lon="14.1134045" /><trkpt lat="55.7570347" lon="14.1132104"><ele>85.0</ele></trkpt><trkpt lat="55.7570645" lon="14.1127568"><ele>85.0</ele></trkpt><trkpt lat="55.7570165" lon="14.1125556" /><trkpt lat="55.7569599" lon="14.1124262"><ele>86.0</ele></trkpt><trkpt lat="55.7569028" lon="14.1123499" /><trkpt lat="55.7567759" lon="14.1122834"><ele>88.0</ele></trkpt><trkpt lat="55.7567617" lon="14.1122699" /><trkpt lat="55.7567390" lon="14.1122735" /><trkpt lat="55.7566778" lon="14.1122439" /><trkpt lat="55.7565176" lon="14.1121208"><ele>89.0</ele></trkpt><trkpt lat="55.7564499" lon="14.1120893" /><trkpt lat="55.7564266" lon="14.1120705" /><trkpt lat="55.7563447" lon="14.1120759"><ele>90.0</ele></trkpt><trkpt lat="55.7562729" lon="14.1120292" /><trkpt lat="55.7561046" lon="14.1119806"><ele>91.0</ele></trkpt><trkpt lat="55.7558958" lon="14.1119447"><ele>93.0</ele></trkpt><trkpt lat="55.7556987" lon="14.1119241"><ele>95.0</ele></trkpt><trkpt lat="55.7554838" lon="14.1119025"><ele>96.0</ele></trkpt><trkpt lat="55.7552139" lon="14.1118899"><ele>97.0</ele></trkpt><trkpt lat="55.7549965" lon="14.1118881"><ele>100.0</ele></trkpt><trkpt lat="55.7549460" lon="14.1119142" /><trkpt lat="55.7549126" lon="14.1119106" /><trkpt lat="55.7548697" lon="14.1119375" /><trkpt lat="55.7546589" lon="14.1121154"><ele>102.0</ele></trkpt><trkpt lat="55.7544475" lon="14.1122807"><ele>104.0</ele></trkpt><trkpt lat="55.7542019" lon="14.1124415"><ele>105.0</ele></trkpt><trkpt lat="55.7539638" lon="14.1126373"><ele>106.0</ele></trkpt><trkpt lat="55.7538020" lon="14.1127613"><ele>106.0</ele></trkpt><trkpt lat="55.7536286" lon="14.1129077"><ele>106.0</ele></trkpt><trkpt lat="55.7534218" lon="14.1131512"><ele>107.0</ele></trkpt><trkpt lat="55.7532869" lon="14.1132464" /><trkpt lat="55.7530240" lon="14.1133173"><ele>107.0</ele></trkpt><trkpt lat="55.7529406" lon="14.1133488" /><trkpt lat="55.7527697" lon="14.1133775"><ele>108.0</ele></trkpt><trkpt lat="55.7525735" lon="14.1134458"><ele>109.0</ele></trkpt><trkpt lat="55.7523789" lon="14.1135204"><ele>110.0</ele></trkpt><trkpt lat="55.7521625" lon="14.1136021"><ele>110.0</ele></trkpt><trkpt lat="55.7520088" lon="14.1137270"><ele>110.0</ele></trkpt><trkpt lat="55.7519007" lon="14.1139587"><ele>110.0</ele></trkpt><trkpt lat="55.7516919" lon="14.1144618"><ele>110.0</ele></trkpt><trkpt lat="55.7516509" lon="14.1145399" /><trkpt lat="55.7515579" lon="14.1147502"><ele>110.0</ele></trkpt><trkpt lat="55.7514386" lon="14.1150583"><ele>110.0</ele></trkpt><trkpt lat="55.7513066" lon="14.1153233"><ele>109.0</ele></trkpt><trkpt lat="55.7511550" lon="14.1154158"><ele>108.0</ele></trkpt><trkpt lat="55.7510089" lon="14.1154149" /><trkpt lat="55.7508208" lon="14.1154463"><ele>107.0</ele></trkpt><trkpt lat="55.7507065" lon="14.1155038" /><trkpt lat="55.7505736" lon="14.1156233"><ele>106.0</ele></trkpt><trkpt lat="55.7504148" lon="14.1157976"><ele>105.0</ele></trkpt><trkpt lat="55.7501726" lon="14.1161003"><ele>102.0</ele></trkpt><trkpt lat="55.7500387" lon="14.1161982" /><trkpt lat="55.7498688" lon="14.1163105"><ele>100.0</ele></trkpt><trkpt lat="55.7497368" lon="14.1164318" /><trkpt lat="55.7496686" lon="14.1165153"><ele>99.0</ele></trkpt><trkpt lat="55.7495786" lon="14.1166483" /><trkpt lat="55.7494118" lon="14.1168531"><ele>98.0</ele></trkpt><trkpt lat="55.7493556" lon="14.1169106" /><trkpt lat="55.7491969" lon="14.1171046"><ele>98.0</ele></trkpt><trkpt lat="55.7491488" lon="14.1171729" /><trkpt lat="55.7489678" lon="14.1173643"><ele>98.0</ele></trkpt><trkpt lat="55.7489026" lon="14.1174164" /><trkpt lat="55.7487970" lon="14.1175924"><ele>99.0</ele></trkpt><trkpt lat="55.7487439" lon="14.1177362" /><trkpt lat="55.7487090" lon="14.1178583"><ele>99.0</ele></trkpt><trkpt lat="55.7486655" lon="14.1179419" /><trkpt lat="55.7486048" lon="14.1180335" /><trkpt lat="55.7485305" lon="14.1181736"><ele>100.0</ele></trkpt><trkpt lat="55.7485027" lon="14.1182662" /><trkpt lat="55.7484456" lon="14.1183838" /><trkpt lat="55.7483889" lon="14.1184368"><ele>101.0</ele></trkpt><trkpt lat="55.7483298" lon="14.1184656" /><trkpt lat="55.7483030" lon="14.1184907" /><trkpt lat="55.7482858" lon="14.1184961" /><trkpt lat="55.7482479" lon="14.1185401"><ele>102.0</ele></trkpt><trkpt lat="55.7481867" lon="14.1185923" /><trkpt lat="55.7480320" lon="14.1186758"><ele>104.0</ele></trkpt><trkpt lat="55.7478444" lon="14.1188069"><ele>105.0</ele></trkpt><trkpt lat="55.7476315" lon="14.1189552"><ele>106.0</ele></trkpt><trkpt lat="55.7474207" lon="14.1191357"><ele>106.0</ele></trkpt><trkpt lat="55.7472286" lon="14.1193244"><ele>106.0</ele></trkpt><trkpt lat="55.7471497" lon="14.1194178" /><trkpt lat="55.7470759" lon="14.1194789"><ele>106.0</ele></trkpt><trkpt lat="55.7469616" lon="14.1194933" /><trkpt lat="55.7467037" lon="14.1192193"><ele>106.0</ele></trkpt><trkpt lat="55.7465925" lon="14.1190845" /><trkpt lat="55.7464267" lon="14.1188447"><ele>105.0</ele></trkpt><trkpt lat="55.7463028" lon="14.1187045" /><trkpt lat="55.7462740" lon="14.1186785"><ele>104.0</ele></trkpt><trkpt lat="55.7460889" lon="14.1184629"><ele>103.0</ele></trkpt><trkpt lat="55.7458305" lon="14.1181629"><ele>102.0</ele></trkpt><trkpt lat="55.7456768" lon="14.1180227"><ele>101.0</ele></trkpt><trkpt lat="55.7455626" lon="14.1179293" /><trkpt lat="55.7454149" lon="14.1178260"><ele>100.0</ele></trkpt><trkpt lat="55.7453876" lon="14.1177999" /><trkpt lat="55.7453375" lon="14.1177290" /><trkpt lat="55.7452445" lon="14.1175592"><ele>99.0</ele></trkpt><trkpt lat="55.7451328" lon="14.1173894" /><trkpt lat="55.7450079" lon="14.1172520"><ele>96.0</ele></trkpt><trkpt lat="55.7449356" lon="14.1171945" /><trkpt lat="55.7448309" lon="14.1171325"><ele>95.0</ele></trkpt><trkpt lat="55.7446049" lon="14.1170669"><ele>93.0</ele></trkpt><trkpt lat="55.7445457" lon="14.1170606" /><trkpt lat="55.7443156" lon="14.1170606"><ele>91.0</ele></trkpt><trkpt lat="55.7441968" lon="14.1170750" /><trkpt lat="55.7440547" lon="14.1171154"><ele>89.0</ele></trkpt><trkpt lat="55.7438868" lon="14.1171990"><ele>88.0</ele></trkpt><trkpt lat="55.7437407" lon="14.1173050"><ele>87.0</ele></trkpt><trkpt lat="55.7436886" lon="14.1173643" /><trkpt lat="55.7435870" lon="14.1174406"><ele>85.0</ele></trkpt><trkpt lat="55.7435248" lon="14.1174729" /><trkpt lat="55.7431698" lon="14.1175754"><ele>82.0</ele></trkpt><trkpt lat="55.7430378" lon="14.1176427" /><trkpt lat="55.7428877" lon="14.1176706"><ele>80.0</ele></trkpt><trkpt lat="55.7428588" lon="14.1176688" /><trkpt lat="55.7426965" lon="14.1177622"><ele>78.0</ele></trkpt><trkpt lat="55.7425666" lon="14.1179320"><ele>77.0</ele></trkpt><trkpt lat="55.7424260" lon="14.1181458"><ele>76.0</ele></trkpt><trkpt lat="55.7423425" lon="14.1182976" /><trkpt lat="55.7422556" lon="14.1184854"><ele>76.0</ele></trkpt><trkpt lat="55.7421919" lon="14.1185608" /><trkpt lat="55.7420917" lon="14.1184566"><ele>76.0</ele></trkpt><trkpt lat="55.7420568" lon="14.1183919" /><trkpt lat="55.7419658" lon="14.1182572"><ele>77.0</ele></trkpt><trkpt lat="55.7418596" lon="14.1181602" /><trkpt lat="55.7417109" lon="14.1180604"><ele>79.0</ele></trkpt><trkpt lat="55.7415876" lon="14.1180326" /><trkpt lat="55.7415319" lon="14.1180524"><ele>81.0</ele></trkpt><trkpt lat="55.7414768" lon="14.1180578" /><trkpt lat="55.7413737" lon="14.1180488"><ele>82.0</ele></trkpt><trkpt lat="55.7412619" lon="14.1179850" /><trkpt lat="55.7411906" lon="14.1179544"><ele>82.0</ele></trkpt><trkpt lat="55.7410819" lon="14.1179176" /><trkpt lat="55.7410485" lon="14.1179122" /><trkpt lat="55.7410040" lon="14.1178754"><ele>82.0</ele></trkpt><trkpt lat="55.7408867" lon="14.1178458" /><trkpt lat="55.7407946" lon="14.1178880"><ele>82.0</ele></trkpt><trkpt lat="55.7407547" lon="14.1179571" /><trkpt lat="55.7407370" lon="14.1180146" /><trkpt lat="55.7406945" lon="14.1182015"><ele>82.0</ele></trkpt><trkpt lat="55.7406809" lon="14.1182895" /><trkpt lat="55.7406419" lon="14.1184135" /><trkpt lat="55.7406288" lon="14.1184386" /><trkpt lat="55.7404998" lon="14.1186156"><ele>81.0</ele></trkpt><trkpt lat="55.7403557" lon="14.1187036"><ele>79.0</ele></trkpt><trkpt lat="55.7403036" lon="14.1187135" /><trkpt lat="55.7402186" lon="14.1187423" /><trkpt lat="55.7401939" lon="14.1187647"><ele>76.0</ele></trkpt><trkpt lat="55.7400765" lon="14.1188114" /><trkpt lat="55.7398616" lon="14.1187809"><ele>71.0</ele></trkpt><trkpt lat="55.7398298" lon="14.1187674" /><trkpt lat="55.7397787" lon="14.1187306" /><trkpt lat="55.7397246" lon="14.1187198" /><trkpt lat="55.7396700" lon="14.1187198"><ele>67.0</ele></trkpt><trkpt lat="55.7396088" lon="14.1186991" /><trkpt lat="55.7395597" lon="14.1186677" /><trkpt lat="55.7395157" lon="14.1186506"><ele>65.0</ele></trkpt><trkpt lat="55.7394166" lon="14.1186444" /><trkpt lat="55.7392730" lon="14.1185653"><ele>59.0</ele></trkpt><trkpt lat="55.7391556" lon="14.1184925" /><trkpt lat="55.7391208" lon="14.1184539"><ele>58.0</ele></trkpt><trkpt lat="55.7390929" lon="14.1184108" /><trkpt lat="55.7390439" lon="14.1183102" /><trkpt lat="55.7390247" lon="14.1183057" /><trkpt lat="55.7388750" lon="14.1183614"><ele>55.0</ele></trkpt><trkpt lat="55.7388118" lon="14.1183614" /><trkpt lat="55.7387177" lon="14.1183389"><ele>54.0</ele></trkpt><trkpt lat="55.7386929" lon="14.1183057" /><trkpt lat="55.7386509" lon="14.1182311" /><trkpt lat="55.7385149" lon="14.1179535"><ele>52.0</ele></trkpt><trkpt lat="55.7384385" lon="14.1177820" /><trkpt lat="55.7383278" lon="14.1176508"><ele>51.0</ele></trkpt><trkpt lat="55.7382757" lon="14.1175996" /><trkpt lat="55.7382519" lon="14.1175834" /><trkpt lat="55.7381847" lon="14.1175709"><ele>51.0</ele></trkpt><trkpt lat="55.7379819" lon="14.1176266"><ele>51.0</ele></trkpt><trkpt lat="55.7378817" lon="14.1176625" /><trkpt lat="55.7376855" lon="14.1177694"><ele>51.0</ele></trkpt><trkpt lat="55.7375788" lon="14.1177910" /><trkpt lat="55.7373917" lon="14.1177802"><ele>50.0</ele></trkpt><trkpt lat="55.7372905" lon="14.1178053" /><trkpt lat="55.7371155" lon="14.1178943"><ele>50.0</ele></trkpt><trkpt lat="55.7370897" lon="14.1179185" /><trkpt lat="55.7369269" lon="14.1180236"><ele>50.0</ele></trkpt><trkpt lat="55.7369056" lon="14.1180218" /><trkpt lat="55.7368738" lon="14.1179688" /><trkpt lat="55.7368677" lon="14.1177936"><ele>50.0</ele></trkpt><trkpt lat="55.7368515" lon="14.1175394" /><trkpt lat="55.7367529" lon="14.1172313"><ele>52.0</ele></trkpt><trkpt lat="55.7366578" lon="14.1169582"><ele>52.0</ele></trkpt><trkpt lat="55.7365668" lon="14.1167013"><ele>53.0</ele></trkpt><trkpt lat="55.7364747" lon="14.1164668"><ele>54.0</ele></trkpt><trkpt lat="55.7363938" lon="14.1162054"><ele>54.0</ele></trkpt><trkpt lat="55.7362795" lon="14.1159072"><ele>55.0</ele></trkpt><trkpt lat="55.7362335" lon="14.1157275" /><trkpt lat="55.7362300" lon="14.1156817" /><trkpt lat="55.7361688" lon="14.1154625"><ele>55.0</ele></trkpt><trkpt lat="55.7361086" lon="14.1151418"><ele>56.0</ele></trkpt><trkpt lat="55.7360990" lon="14.1149550" /><trkpt lat="55.7360727" lon="14.1148517"><ele>56.0</ele></trkpt><trkpt lat="55.7359149" lon="14.1143127"><ele>56.0</ele></trkpt><trkpt lat="55.7358188" lon="14.1141249" /><trkpt lat="55.7356635" lon="14.1139641"><ele>56.0</ele></trkpt><trkpt lat="55.7356448" lon="14.1139237" /><trkpt lat="55.7355219" lon="14.1137144"><ele>56.0</ele></trkpt><trkpt lat="55.7353636" lon="14.1135168"><ele>54.0</ele></trkpt><trkpt lat="55.7351987" lon="14.1133102"><ele>53.0</ele></trkpt><trkpt lat="55.7350429" lon="14.1131305"><ele>53.0</ele></trkpt><trkpt lat="55.7349367" lon="14.1129553" /><trkpt lat="55.7348887" lon="14.1126966"><ele>53.0</ele></trkpt><trkpt lat="55.7348710" lon="14.1125556" /><trkpt lat="55.7348315" lon="14.1124783" /><trkpt lat="55.7347536" lon="14.1123822"><ele>52.0</ele></trkpt><trkpt lat="55.7347198" lon="14.1123013" /><trkpt lat="55.7346257" lon="14.1121423"><ele>52.0</ele></trkpt><trkpt lat="55.7345306" lon="14.1119977" /><trkpt lat="55.7344436" lon="14.1117480"><ele>51.0</ele></trkpt><trkpt lat="55.7343738" lon="14.1114686"><ele>51.0</ele></trkpt><trkpt lat="55.7343389" lon="14.1112431" /><trkpt lat="55.7343298" lon="14.1111389"><ele>51.0</ele></trkpt><trkpt lat="55.7343308" lon="14.1107976"><ele>52.0</ele></trkpt><trkpt lat="55.7343217" lon="14.1106197" /><trkpt lat="55.7342878" lon="14.1102945"><ele>52.0</ele></trkpt><trkpt lat="55.7342737" lon="14.1102316" /><trkpt lat="55.7342666" lon="14.1099352"><ele>52.0</ele></trkpt><trkpt lat="55.7342236" lon="14.1097124" /><trkpt lat="55.7341366" lon="14.1096603"><ele>51.0</ele></trkpt><trkpt lat="55.7340708" lon="14.1095947" /><trkpt lat="55.7340496" lon="14.1095552" /><trkpt lat="55.7340415" lon="14.1095229" /><trkpt lat="55.7340380" lon="14.1094743"><ele>51.0</ele></trkpt><trkpt lat="55.7340415" lon="14.1093737" /><trkpt lat="55.7340855" lon="14.1090477"><ele>51.0</ele></trkpt><trkpt lat="55.7341189" lon="14.1088743" /><trkpt lat="55.7341487" lon="14.1087512"><ele>51.0</ele></trkpt><trkpt lat="55.7342049" lon="14.1084215"><ele>50.0</ele></trkpt><trkpt lat="55.7342686" lon="14.1081745"><ele>50.0</ele></trkpt><trkpt lat="55.7342747" lon="14.1079409" /><trkpt lat="55.7342519" lon="14.1078304"><ele>48.0</ele></trkpt><trkpt lat="55.7341877" lon="14.1076014" /><trkpt lat="55.7341346" lon="14.1073759"><ele>44.0</ele></trkpt><trkpt lat="55.7340759" lon="14.1071612" /><trkpt lat="55.7340187" lon="14.1068863"><ele>40.0</ele></trkpt><trkpt lat="55.7339828" lon="14.1066626" /><trkpt lat="55.7339747" lon="14.1064830"><ele>37.0</ele></trkpt><trkpt lat="55.7339859" lon="14.1061793"><ele>37.0</ele></trkpt><trkpt lat="55.7339798" lon="14.1060652" /><trkpt lat="55.7339545" lon="14.1059000"><ele>36.0</ele></trkpt><trkpt lat="55.7338458" lon="14.1054733"><ele>34.0</ele></trkpt><trkpt lat="55.7337987" lon="14.1053304" /><trkpt lat="55.7337299" lon="14.1050654"><ele>33.0</ele></trkpt><trkpt lat="55.7336718" lon="14.1046989"><ele>33.0</ele></trkpt><trkpt lat="55.7336207" lon="14.1044141"><ele>34.0</ele></trkpt><trkpt lat="55.7336136" lon="14.1043342" /><trkpt lat="55.7336166" lon="14.1042848" /><trkpt lat="55.7336318" lon="14.1042318" /><trkpt lat="55.7336419" lon="14.1041258"><ele>34.0</ele></trkpt><trkpt lat="55.7336318" lon="14.1040153" /><trkpt lat="55.7336217" lon="14.1038266"><ele>35.0</ele></trkpt><trkpt lat="55.7336227" lon="14.1037862" /><trkpt lat="55.7336409" lon="14.1035922" /><trkpt lat="55.7336586" lon="14.1034970"><ele>35.0</ele></trkpt><trkpt lat="55.7336617" lon="14.1033784" /><trkpt lat="55.7336910" lon="14.1031466"><ele>36.0</ele></trkpt><trkpt lat="55.7337750" lon="14.1028053"><ele>38.0</ele></trkpt><trkpt lat="55.7338448" lon="14.1024486"><ele>40.0</ele></trkpt><trkpt lat="55.7338797" lon="14.1021675"><ele>40.0</ele></trkpt><trkpt lat="55.7339586" lon="14.1016204"><ele>42.0</ele></trkpt><trkpt lat="55.7339757" lon="14.1014695" /><trkpt lat="55.7340850" lon="14.1009466"><ele>43.0</ele></trkpt><trkpt lat="55.7340976" lon="14.1008200" /><trkpt lat="55.7341047" lon="14.1007212" /><trkpt lat="55.7341037" lon="14.1006188"><ele>43.0</ele></trkpt><trkpt lat="55.7340946" lon="14.1005199" /><trkpt lat="55.7340789" lon="14.1004247" /><trkpt lat="55.7340749" lon="14.1003753" /><trkpt lat="55.7340718" lon="14.1002280"><ele>43.0</ele></trkpt><trkpt lat="55.7340557" lon="14.1000358" /><trkpt lat="55.7340359" lon="14.0996773"><ele>41.0</ele></trkpt><trkpt lat="55.7340198" lon="14.0995507" /><trkpt lat="55.7339757" lon="14.0993027"><ele>39.0</ele></trkpt><trkpt lat="55.7339070" lon="14.0990072"><ele>38.0</ele></trkpt><trkpt lat="55.7338559" lon="14.0988482" /><trkpt lat="55.7338129" lon="14.0987449"><ele>36.0</ele></trkpt><trkpt lat="55.7337987" lon="14.0986955" /><trkpt lat="55.7337340" lon="14.0983766"><ele>34.0</ele></trkpt><trkpt lat="55.7337178" lon="14.0982598" /><trkpt lat="55.7336859" lon="14.0979373"><ele>32.0</ele></trkpt><trkpt lat="55.7336359" lon="14.0975492"><ele>31.0</ele></trkpt><trkpt lat="55.7336217" lon="14.0974082" /><trkpt lat="55.7335559" lon="14.0972375"><ele>30.0</ele></trkpt><trkpt lat="55.7335438" lon="14.0971935" /><trkpt lat="55.7335165" lon="14.0970498" /><trkpt lat="55.7334598" lon="14.0968431"><ele>29.0</ele></trkpt><trkpt lat="55.7334290" lon="14.0967066" /><trkpt lat="55.7333885" lon="14.0965817"><ele>29.0</ele></trkpt><trkpt lat="55.7333627" lon="14.0964703" /><trkpt lat="55.7333015" lon="14.0961164"><ele>29.0</ele></trkpt><trkpt lat="55.7332788" lon="14.0957741"><ele>29.0</ele></trkpt><trkpt lat="55.7333025" lon="14.0953672"><ele>31.0</ele></trkpt><trkpt lat="55.7333127" lon="14.0949495"><ele>31.0</ele></trkpt><trkpt lat="55.7332606" lon="14.0947007" /><trkpt lat="55.7331569" lon="14.0943656"><ele>30.0</ele></trkpt><trkpt lat="55.7330588" lon="14.0939757"><ele>29.0</ele></trkpt><trkpt lat="55.7329586" lon="14.0935993"><ele>29.0</ele></trkpt><trkpt lat="55.7328837" lon="14.0932741"><ele>28.0</ele></trkpt><trkpt lat="55.7328170" lon="14.0930522" /><trkpt lat="55.7327325" lon="14.0927100"><ele>28.0</ele></trkpt><trkpt lat="55.7326749" lon="14.0925097" /><trkpt lat="55.7326187" lon="14.0922222"><ele>28.0</ele></trkpt><trkpt lat="55.7325418" lon="14.0918799"><ele>28.0</ele></trkpt><trkpt lat="55.7324847" lon="14.0915835"><ele>28.0</ele></trkpt><trkpt lat="55.7324619" lon="14.0914883" /><trkpt lat="55.7324128" lon="14.0911873"><ele>29.0</ele></trkpt><trkpt lat="55.7323709" lon="14.0908550"><ele>29.0</ele></trkpt><trkpt lat="55.7323238" lon="14.0905873"><ele>30.0</ele></trkpt><trkpt lat="55.7323076" lon="14.0905549" /><trkpt lat="55.7320517" lon="14.0902127"><ele>30.0</ele></trkpt><trkpt lat="55.7318969" lon="14.0901166"><ele>29.0</ele></trkpt><trkpt lat="55.7317897" lon="14.0900132" /><trkpt lat="55.7316536" lon="14.0897950"><ele>29.0</ele></trkpt><trkpt lat="55.7316708" lon="14.0896512" /><trkpt lat="55.7316956" lon="14.0895677" /><trkpt lat="55.7317027" lon="14.0894626"><ele>29.0</ele></trkpt><trkpt lat="55.7317346" lon="14.0891563"><ele>30.0</ele></trkpt><trkpt lat="55.7317467" lon="14.0890628" /><trkpt lat="55.7317629" lon="14.0889838" /><trkpt lat="55.7317427" lon="14.0888814"><ele>31.0</ele></trkpt><trkpt lat="55.7317396" lon="14.0888176" /><trkpt lat="55.7317548" lon="14.0886289" /><trkpt lat="55.7317669" lon="14.0883172"><ele>32.0</ele></trkpt><trkpt lat="55.7317846" lon="14.0881340" /><trkpt lat="55.7318069" lon="14.0880019"><ele>34.0</ele></trkpt><trkpt lat="55.7318226" lon="14.0879471" /><trkpt lat="55.7318165" lon="14.0877899" /><trkpt lat="55.7317917" lon="14.0876067"><ele>34.0</ele></trkpt><trkpt lat="55.7317776" lon="14.0873992" /><trkpt lat="55.7317700" lon="14.0871925"><ele>36.0</ele></trkpt><trkpt lat="55.7317710" lon="14.0870443" /><trkpt lat="55.7317765" lon="14.0869500" /><trkpt lat="55.7318099" lon="14.0866347"><ele>38.0</ele></trkpt><trkpt lat="55.7318615" lon="14.0863939" /><trkpt lat="55.7318807" lon="14.0861253"><ele>39.0</ele></trkpt><trkpt lat="55.7318529" lon="14.0858460"><ele>40.0</ele></trkpt><trkpt lat="55.7318448" lon="14.0855899" /><trkpt lat="55.7318706" lon="14.0853411"><ele>40.0</ele></trkpt><trkpt lat="55.7319156" lon="14.0851246" /><trkpt lat="55.7320198" lon="14.0847365"><ele>43.0</ele></trkpt><trkpt lat="55.7321048" lon="14.0845048"><ele>43.0</ele></trkpt><trkpt lat="55.7321498" lon="14.0843709" /><trkpt lat="55.7321599" lon="14.0843224" /><trkpt lat="55.7321948" lon="14.0841248"><ele>44.0</ele></trkpt><trkpt lat="55.7322257" lon="14.0838858" /><trkpt lat="55.7322429" lon="14.0837205"><ele>45.0</ele></trkpt><trkpt lat="55.7323117" lon="14.0833307"><ele>45.0</ele></trkpt><trkpt lat="55.7323178" lon="14.0830387"><ele>44.0</ele></trkpt><trkpt lat="55.7322626" lon="14.0827549"><ele>41.0</ele></trkpt><trkpt lat="55.7322399" lon="14.0824943" /><trkpt lat="55.7322095" lon="14.0823093"><ele>39.0</ele></trkpt><trkpt lat="55.7321640" lon="14.0821916" /><trkpt lat="55.7321508" lon="14.0820865" /><trkpt lat="55.7321675" lon="14.0819823"><ele>35.0</ele></trkpt><trkpt lat="55.7322176" lon="14.0818386" /><trkpt lat="55.7323269" lon="14.0815475"><ele>35.0</ele></trkpt><trkpt lat="55.7324098" lon="14.0813517" /><trkpt lat="55.7324806" lon="14.0811612"><ele>34.0</ele></trkpt><trkpt lat="55.7325519" lon="14.0809924" /><trkpt lat="55.7326308" lon="14.0807363"><ele>32.0</ele></trkpt><trkpt lat="55.7326819" lon="14.0805989" /><trkpt lat="55.7327937" lon="14.0804758"><ele>31.0</ele></trkpt><trkpt lat="55.7328418" lon="14.0804615" /><trkpt lat="55.7328580" lon="14.0804417" /><trkpt lat="55.7329186" lon="14.0802719"><ele>31.0</ele></trkpt><trkpt lat="55.7330259" lon="14.0800446"><ele>31.0</ele></trkpt><trkpt lat="55.7330360" lon="14.0800168" /><trkpt lat="55.7330375" lon="14.0799943" /><trkpt lat="55.7330046" lon="14.0799099" /><trkpt lat="55.7329379" lon="14.0798308"><ele>31.0</ele></trkpt><trkpt lat="55.7327426" lon="14.0796512"><ele>30.0</ele></trkpt><trkpt lat="55.7326465" lon="14.0795092" /><trkpt lat="55.7325899" lon="14.0793790"><ele>30.0</ele></trkpt><trkpt lat="55.7325277" lon="14.0791921" /><trkpt lat="55.7322267" lon="14.0781636"><ele>30.0</ele></trkpt><trkpt lat="55.7321908" lon="14.0780145" /><trkpt lat="55.7321458" lon="14.0778743"><ele>31.0</ele></trkpt><trkpt lat="55.7320557" lon="14.0775455"><ele>32.0</ele></trkpt><trkpt lat="55.7319419" lon="14.0773335"><ele>32.0</ele></trkpt><trkpt lat="55.7317826" lon="14.0773452"><ele>31.0</ele></trkpt><trkpt lat="55.7316066" lon="14.0774207"><ele>30.0</ele></trkpt><trkpt lat="55.7313608" lon="14.0775051"><ele>29.0</ele></trkpt><trkpt lat="55.7311306" lon="14.0775725"><ele>29.0</ele></trkpt><trkpt lat="55.7309293" lon="14.0776461"><ele>29.0</ele></trkpt><trkpt lat="55.7306895" lon="14.0777333"><ele>27.0</ele></trkpt><trkpt lat="55.7305737" lon="14.0777611" /><trkpt lat="55.7304756" lon="14.0776641"><ele>27.0</ele></trkpt><trkpt lat="55.7304619" lon="14.0776192" /><trkpt lat="55.7304467" lon="14.0774548" /><trkpt lat="55.7304776" lon="14.0768583"><ele>27.0</ele></trkpt><trkpt lat="55.7304887" lon="14.0764298"><ele>27.0</ele></trkpt><trkpt lat="55.7304867" lon="14.0762151" /><trkpt lat="55.7304690" lon="14.0758836"><ele>27.0</ele></trkpt><trkpt lat="55.7304538" lon="14.0754902"><ele>26.0</ele></trkpt><trkpt lat="55.7304326" lon="14.0749359"><ele>26.0</ele></trkpt><trkpt lat="55.7304108" lon="14.0744993"><ele>26.0</ele></trkpt><trkpt lat="55.7303709" lon="14.0736918"><ele>26.0</ele></trkpt><trkpt lat="55.7303471" lon="14.0733118"><ele>26.0</ele></trkpt><trkpt lat="55.7303157" lon="14.0728123"><ele>27.0</ele></trkpt><trkpt lat="55.7302869" lon="14.0724467"><ele>27.0</ele></trkpt><trkpt lat="55.7302520" lon="14.0720047"><ele>27.0</ele></trkpt><trkpt lat="55.7301898" lon="14.0717047"><ele>27.0</ele></trkpt><trkpt lat="55.7300967" lon="14.0713157"><ele>27.0</ele></trkpt><trkpt lat="55.7300057" lon="14.0710130"><ele>27.0</ele></trkpt><trkpt lat="55.7298109" lon="14.0706213"><ele>28.0</ele></trkpt><trkpt lat="55.7296849" lon="14.0703267"><ele>28.0</ele></trkpt><trkpt lat="55.7295737" lon="14.0700464"><ele>29.0</ele></trkpt><trkpt lat="55.7294335" lon="14.0696637"><ele>32.0</ele></trkpt><trkpt lat="55.7293820" lon="14.0695362" /><trkpt lat="55.7292777" lon="14.0692298"><ele>34.0</ele></trkpt><trkpt lat="55.7292686" lon="14.0691885" /><trkpt lat="55.7291477" lon="14.0689019"><ele>36.0</ele></trkpt><trkpt lat="55.7289889" lon="14.0686863"><ele>37.0</ele></trkpt><trkpt lat="55.7288827" lon="14.0684492"><ele>39.0</ele></trkpt><trkpt lat="55.7288898" lon="14.0683108" /><trkpt lat="55.7289257" lon="14.0681509"><ele>42.0</ele></trkpt><trkpt lat="55.7289297" lon="14.0681132" /><trkpt lat="55.7289257" lon="14.0680908" /><trkpt lat="55.7288528" lon="14.0679237"><ele>43.0</ele></trkpt><trkpt lat="55.7287770" lon="14.0677952" /><trkpt lat="55.7286738" lon="14.0675715"><ele>45.0</ele></trkpt><trkpt lat="55.7286287" lon="14.0673541" /><trkpt lat="55.7286146" lon="14.0672248"><ele>47.0</ele></trkpt><trkpt lat="55.7286115" lon="14.0671412" /><trkpt lat="55.7285488" lon="14.0669724"><ele>46.0</ele></trkpt><trkpt lat="55.7284896" lon="14.0668924" /><trkpt lat="55.7283809" lon="14.0668214"><ele>46.0</ele></trkpt><trkpt lat="55.7283515" lon="14.0667837" /><trkpt lat="55.7283227" lon="14.0667325" /><trkpt lat="55.7282569" lon="14.0667262" /><trkpt lat="55.7282397" lon="14.0667379"><ele>46.0</ele></trkpt><trkpt lat="55.7282129" lon="14.0667397" /><trkpt lat="55.7281396" lon="14.0667199" /><trkpt lat="55.7280010" lon="14.0666310"><ele>43.0</ele></trkpt><trkpt lat="55.7279468" lon="14.0665816" /><trkpt lat="55.7276949" lon="14.0660507"><ele>37.0</ele></trkpt><trkpt lat="55.7275877" lon="14.0657686"><ele>36.0</ele></trkpt><trkpt lat="55.7274779" lon="14.0654794"><ele>36.0</ele></trkpt><trkpt lat="55.7274557" lon="14.0653787" /><trkpt lat="55.7273818" lon="14.0651623"><ele>36.0</ele></trkpt><trkpt lat="55.7272968" lon="14.0648532"><ele>36.0</ele></trkpt><trkpt lat="55.7271865" lon="14.0645658"><ele>37.0</ele></trkpt><trkpt lat="55.7270641" lon="14.0642181"><ele>38.0</ele></trkpt><trkpt lat="55.7268739" lon="14.0636764"><ele>38.0</ele></trkpt><trkpt lat="55.7267257" lon="14.0632893"><ele>38.0</ele></trkpt><trkpt lat="55.7266119" lon="14.0630234"><ele>39.0</ele></trkpt><trkpt lat="55.7265906" lon="14.0629928" /><trkpt lat="55.7264196" lon="14.0628545"><ele>39.0</ele></trkpt><trkpt lat="55.7260569" lon="14.0627745"><ele>37.0</ele></trkpt><trkpt lat="55.7258900" lon="14.0626982"><ele>37.0</ele></trkpt><trkpt lat="55.7257210" lon="14.0625437"><ele>37.0</ele></trkpt><trkpt lat="55.7256279" lon="14.0624044" /><trkpt lat="55.7255515" lon="14.0622571"><ele>36.0</ele></trkpt><trkpt lat="55.7254190" lon="14.0620226"><ele>36.0</ele></trkpt><trkpt lat="55.7252616" lon="14.0618008"><ele>36.0</ele></trkpt><trkpt lat="55.7251417" lon="14.0615995"><ele>36.0</ele></trkpt><trkpt lat="55.7250097" lon="14.0614019"><ele>36.0</ele></trkpt><trkpt lat="55.7248296" lon="14.0611082"><ele>36.0</ele></trkpt><trkpt lat="55.7246778" lon="14.0608755"><ele>36.0</ele></trkpt><trkpt lat="55.7245068" lon="14.0607246"><ele>37.0</ele></trkpt><trkpt lat="55.7243338" lon="14.0605728"><ele>37.0</ele></trkpt><trkpt lat="55.7241557" lon="14.0604326"><ele>38.0</ele></trkpt><trkpt lat="55.7239847" lon="14.0602772"><ele>38.0</ele></trkpt><trkpt lat="55.7237798" lon="14.0600706"><ele>38.0</ele></trkpt><trkpt lat="55.7237237" lon="14.0600203" /><trkpt lat="55.7236028" lon="14.0599350"><ele>38.0</ele></trkpt><trkpt lat="55.7235198" lon="14.0598568" /><trkpt lat="55.7233336" lon="14.0597068"><ele>38.0</ele></trkpt><trkpt lat="55.7230660" lon="14.0595334"><ele>38.0</ele></trkpt><trkpt lat="55.7226977" lon="14.0594535"><ele>37.0</ele></trkpt><trkpt lat="55.7225869" lon="14.0593591" /><trkpt lat="55.7224887" lon="14.0592307"><ele>37.0</ele></trkpt><trkpt lat="55.7224169" lon="14.0591112" /><trkpt lat="55.7222889" lon="14.0588570"><ele>38.0</ele></trkpt><trkpt lat="55.7221958" lon="14.0586414"><ele>38.0</ele></trkpt><trkpt lat="55.7221118" lon="14.0584168"><ele>38.0</ele></trkpt><trkpt lat="55.7220607" lon="14.0580368"><ele>39.0</ele></trkpt><trkpt lat="55.7220298" lon="14.0578554" /><trkpt lat="55.7219757" lon="14.0576362"><ele>39.0</ele></trkpt><trkpt lat="55.7219069" lon="14.0574592" /><trkpt lat="55.7218386" lon="14.0573262"><ele>39.0</ele></trkpt><trkpt lat="55.7218118" lon="14.0572535" /><trkpt lat="55.7216797" lon="14.0568259"><ele>39.0</ele></trkpt><trkpt lat="55.7215679" lon="14.0565357"><ele>40.0</ele></trkpt><trkpt lat="55.7214728" lon="14.0563058"><ele>40.0</ele></trkpt><trkpt lat="55.7214460" lon="14.0561863" /><trkpt lat="55.7214176" lon="14.0560902" /><trkpt lat="55.7213807" lon="14.0560039"><ele>42.0</ele></trkpt><trkpt lat="55.7212917" lon="14.0557596"><ele>43.0</ele></trkpt><trkpt lat="55.7212608" lon="14.0556563" /><trkpt lat="55.7212330" lon="14.0555179" /><trkpt lat="55.7210139" lon="14.0549511"><ele>47.0</ele></trkpt><trkpt lat="55.7209350" lon="14.0546825"><ele>47.0</ele></trkpt><trkpt lat="55.7208429" lon="14.0542899"><ele>48.0</ele></trkpt><trkpt lat="55.7207366" lon="14.0540564"><ele>48.0</ele></trkpt><trkpt lat="55.7206557" lon="14.0537339"><ele>47.0</ele></trkpt><trkpt lat="55.7205727" lon="14.0534572"><ele>47.0</ele></trkpt><trkpt lat="55.7205509" lon="14.0533278" /><trkpt lat="55.7205206" lon="14.0529955"><ele>49.0</ele></trkpt><trkpt lat="55.7204528" lon="14.0523891"><ele>51.0</ele></trkpt><trkpt lat="55.7204275" lon="14.0519516"><ele>53.0</ele></trkpt><trkpt lat="55.7204386" lon="14.0516435"><ele>54.0</ele></trkpt><trkpt lat="55.7204270" lon="14.0514495" /><trkpt lat="55.7204477" lon="14.0513426"><ele>56.0</ele></trkpt><trkpt lat="55.7204558" lon="14.0512177" /><trkpt lat="55.7204745" lon="14.0511512" /><trkpt lat="55.7204857" lon="14.0510623"><ele>57.0</ele></trkpt><trkpt lat="55.7204907" lon="14.0509644" /><trkpt lat="55.7204806" lon="14.0508072" /><trkpt lat="55.7204528" lon="14.0505026"><ele>57.0</ele></trkpt><trkpt lat="55.7203916" lon="14.0502287"><ele>58.0</ele></trkpt><trkpt lat="55.7203926" lon="14.0501047" /><trkpt lat="55.7204148" lon="14.0499681" /><trkpt lat="55.7204948" lon="14.0497202"><ele>62.0</ele></trkpt><trkpt lat="55.7204948" lon="14.0496492" /><trkpt lat="55.7204376" lon="14.0492369"><ele>64.0</ele></trkpt><trkpt lat="55.7204477" lon="14.0489872" /><trkpt lat="55.7204427" lon="14.0487581"><ele>65.0</ele></trkpt><trkpt lat="55.7204700" lon="14.0482793"><ele>66.0</ele></trkpt><trkpt lat="55.7204690" lon="14.0481787" /><trkpt lat="55.7204528" lon="14.0480368" /><trkpt lat="55.7204619" lon="14.0479622"><ele>68.0</ele></trkpt><trkpt lat="55.7204978" lon="14.0477951" /><trkpt lat="55.7204918" lon="14.0476963"><ele>68.0</ele></trkpt><trkpt lat="55.7204958" lon="14.0476774" /><trkpt lat="55.7204948" lon="14.0476361" /><trkpt lat="55.7204837" lon="14.0476173" /><trkpt lat="55.7203799" lon="14.0475095"><ele>68.0</ele></trkpt><trkpt lat="55.7201856" lon="14.0472723"><ele>66.0</ele></trkpt><trkpt lat="55.7201087" lon="14.0471888" /><trkpt lat="55.7199559" lon="14.0471034"><ele>63.0</ele></trkpt><trkpt lat="55.7198816" lon="14.0470899" /><trkpt lat="55.7197308" lon="14.0470828"><ele>60.0</ele></trkpt><trkpt lat="55.7196397" lon="14.0470253" /><trkpt lat="55.7196235" lon="14.0470064" /><trkpt lat="55.7194636" lon="14.0468726"><ele>55.0</ele></trkpt><trkpt lat="55.7193128" lon="14.0468043"><ele>56.0</ele></trkpt><trkpt lat="55.7192719" lon="14.0467243" /><trkpt lat="55.7192127" lon="14.0463857"><ele>56.0</ele></trkpt><trkpt lat="55.7191717" lon="14.0462698" /><trkpt lat="55.7191287" lon="14.0461737" /><trkpt lat="55.7190796" lon="14.0461305"><ele>56.0</ele></trkpt><trkpt lat="55.7190280" lon="14.0461117" /><trkpt lat="55.7189076" lon="14.0461234"><ele>55.0</ele></trkpt><trkpt lat="55.7188656" lon="14.0461036" /><trkpt lat="55.7185888" lon="14.0460596"><ele>50.0</ele></trkpt><trkpt lat="55.7183910" lon="14.0459859"><ele>50.0</ele></trkpt><trkpt lat="55.7182118" lon="14.0458664"><ele>50.0</ele></trkpt><trkpt lat="55.7180560" lon="14.0456895"><ele>50.0</ele></trkpt><trkpt lat="55.7179968" lon="14.0456113" /><trkpt lat="55.7179047" lon="14.0454595"><ele>50.0</ele></trkpt><trkpt lat="55.7177499" lon="14.0452232"><ele>50.0</ele></trkpt><trkpt lat="55.7176087" lon="14.0450553"><ele>50.0</ele></trkpt><trkpt lat="55.7174589" lon="14.0450068"><ele>50.0</ele></trkpt><trkpt lat="55.7172469" lon="14.0449987"><ele>50.0</ele></trkpt><trkpt lat="55.7170739" lon="14.0449798"><ele>50.0</ele></trkpt><trkpt lat="55.7168639" lon="14.0449133"><ele>50.0</ele></trkpt><trkpt lat="55.7167409" lon="14.0448945" /><trkpt lat="55.7165319" lon="14.0449277"><ele>50.0</ele></trkpt><trkpt lat="55.7164656" lon="14.0449133" /><trkpt lat="55.7163579" lon="14.0448549"><ele>50.0</ele></trkpt><trkpt lat="55.7162055" lon="14.0447849"><ele>51.0</ele></trkpt><trkpt lat="55.7161878" lon="14.0447804" /><trkpt lat="55.7161580" lon="14.0447956" /><trkpt lat="55.7160826" lon="14.0447768" /><trkpt lat="55.7159748" lon="14.0446762"><ele>51.0</ele></trkpt><trkpt lat="55.7159358" lon="14.0446115" /><trkpt lat="55.7158589" lon="14.0443645"><ele>52.0</ele></trkpt><trkpt lat="55.7158397" lon="14.0442252" /><trkpt lat="55.7158468" lon="14.0441480" /><trkpt lat="55.7158847" lon="14.0439333"><ele>53.0</ele></trkpt><trkpt lat="55.7159409" lon="14.0437788" /><trkpt lat="55.7159596" lon="14.0437042" /><trkpt lat="55.7159647" lon="14.0436557"><ele>53.0</ele></trkpt><trkpt lat="55.7159505" lon="14.0435057" /><trkpt lat="55.7158736" lon="14.0432245"><ele>54.0</ele></trkpt><trkpt lat="55.7157916" lon="14.0431553" /><trkpt lat="55.7157117" lon="14.0430556"><ele>55.0</ele></trkpt><trkpt lat="55.7156727" lon="14.0430439" /><trkpt lat="55.7156100" lon="14.0430502" /><trkpt lat="55.7154678" lon="14.0430358"><ele>56.0</ele></trkpt><trkpt lat="55.7154055" lon="14.0430448" /><trkpt lat="55.7153478" lon="14.0430682" /><trkpt lat="55.7152638" lon="14.0431544"><ele>56.0</ele></trkpt><trkpt lat="55.7152330" lon="14.0432056" /><trkpt lat="55.7152036" lon="14.0432308" /><trkpt lat="55.7151636" lon="14.0434113"><ele>55.0</ele></trkpt><trkpt lat="55.7151358" lon="14.0436090" /><trkpt lat="55.7150999" lon="14.0437356"><ele>55.0</ele></trkpt><trkpt lat="55.7150275" lon="14.0438371" /><trkpt lat="55.7148868" lon="14.0438282"><ele>56.0</ele></trkpt><trkpt lat="55.7148165" lon="14.0437680" /><trkpt lat="55.7146996" lon="14.0436503"><ele>57.0</ele></trkpt><trkpt lat="55.7146429" lon="14.0435524" /><trkpt lat="55.7146217" lon="14.0434437" /><trkpt lat="55.7146257" lon="14.0434176"><ele>57.0</ele></trkpt><trkpt lat="55.7146207" lon="14.0432227" /><trkpt lat="55.7146359" lon="14.0429577"><ele>58.0</ele></trkpt><trkpt lat="55.7147280" lon="14.0427592" /><trkpt lat="55.7147290" lon="14.0427178"><ele>58.0</ele></trkpt><trkpt lat="55.7147037" lon="14.0424897" /><trkpt lat="55.7146819" lon="14.0422346"><ele>59.0</ele></trkpt><trkpt lat="55.7146546" lon="14.0420154" /><trkpt lat="55.7145129" lon="14.0417836"><ele>60.0</ele></trkpt><trkpt lat="55.7143798" lon="14.0415375"><ele>62.0</ele></trkpt><trkpt lat="55.7142690" lon="14.0412958"><ele>64.0</ele></trkpt><trkpt lat="55.7140969" lon="14.0407919"><ele>68.0</ele></trkpt><trkpt lat="55.7139836" lon="14.0405098"><ele>69.0</ele></trkpt><trkpt lat="55.7139385" lon="14.0403732" /><trkpt lat="55.7138819" lon="14.0402385"><ele>69.0</ele></trkpt><trkpt lat="55.7138409" lon="14.0401020" /><trkpt lat="55.7137898" lon="14.0398621"><ele>69.0</ele></trkpt><trkpt lat="55.7137715" lon="14.0397992" /><trkpt lat="55.7137230" lon="14.0395612"><ele>67.0</ele></trkpt><trkpt lat="55.7136810" lon="14.0392432"><ele>66.0</ele></trkpt><trkpt lat="55.7136329" lon="14.0389359"><ele>65.0</ele></trkpt><trkpt lat="55.7136167" lon="14.0387958" /><trkpt lat="55.7136066" lon="14.0385919"><ele>63.0</ele></trkpt><trkpt lat="55.7135818" lon="14.0383978" /><trkpt lat="55.7135089" lon="14.0381436"><ele>63.0</ele></trkpt><trkpt lat="55.7133986" lon="14.0378813"><ele>63.0</ele></trkpt><trkpt lat="55.7133186" lon="14.0375588"><ele>63.0</ele></trkpt><trkpt lat="55.7132098" lon="14.0371977"><ele>63.0</ele></trkpt><trkpt lat="55.7131410" lon="14.0368797"><ele>62.0</ele></trkpt><trkpt lat="55.7131258" lon="14.0368393" /><trkpt lat="55.7129917" lon="14.0365563"><ele>61.0</ele></trkpt><trkpt lat="55.7128945" lon="14.0363677" /><trkpt lat="55.7127346" lon="14.0359194"><ele>61.0</ele></trkpt><trkpt lat="55.7127068" lon="14.0358296" /><trkpt lat="55.7126845" lon="14.0357334" /><trkpt lat="55.7126456" lon="14.0354999"><ele>61.0</ele></trkpt><trkpt lat="55.7126496" lon="14.0351747"><ele>62.0</ele></trkpt><trkpt lat="55.7126015" lon="14.0348827"><ele>61.0</ele></trkpt><trkpt lat="55.7124927" lon="14.0345935"><ele>61.0</ele></trkpt><trkpt lat="55.7123768" lon="14.0342854"><ele>61.0</ele></trkpt><trkpt lat="55.7123637" lon="14.0342386" /><trkpt lat="55.7123106" lon="14.0339395"><ele>62.0</ele></trkpt><trkpt lat="55.7123095" lon="14.0336035"><ele>63.0</ele></trkpt><trkpt lat="55.7122766" lon="14.0331373"><ele>63.0</ele></trkpt><trkpt lat="55.7122655" lon="14.0327340"><ele>65.0</ele></trkpt><trkpt lat="55.7122519" lon="14.0325804" /><trkpt lat="55.7122018" lon="14.0322507"><ele>65.0</ele></trkpt><trkpt lat="55.7120818" lon="14.0319129"><ele>65.0</ele></trkpt><trkpt lat="55.7119725" lon="14.0317225"><ele>64.0</ele></trkpt><trkpt lat="55.7118779" lon="14.0316317" /><trkpt lat="55.7117726" lon="14.0315680"><ele>61.0</ele></trkpt><trkpt lat="55.7117018" lon="14.0314979" /><trkpt lat="55.7116167" lon="14.0313676"><ele>61.0</ele></trkpt><trkpt lat="55.7115656" lon="14.0312535" /><trkpt lat="55.7115130" lon="14.0310487"><ele>63.0</ele></trkpt><trkpt lat="55.7114487" lon="14.0307065"><ele>64.0</ele></trkpt><trkpt lat="55.7113758" lon="14.0303975"><ele>65.0</ele></trkpt><trkpt lat="55.7112868" lon="14.0300462"><ele>65.0</ele></trkpt><trkpt lat="55.7113207" lon="14.0297282"><ele>65.0</ele></trkpt><trkpt lat="55.7114077" lon="14.0294282"><ele>65.0</ele></trkpt><trkpt lat="55.7115019" lon="14.0290482"><ele>64.0</ele></trkpt><trkpt lat="55.7115737" lon="14.0288443" /><trkpt lat="55.7116370" lon="14.0285703"><ele>64.0</ele></trkpt><trkpt lat="55.7117144" lon="14.0282550"><ele>64.0</ele></trkpt><trkpt lat="55.7117959" lon="14.0279235"><ele>65.0</ele></trkpt><trkpt lat="55.7118409" lon="14.0277573" /><trkpt lat="55.7118617" lon="14.0275534"><ele>68.0</ele></trkpt><trkpt lat="55.7118546" lon="14.0274115" /><trkpt lat="55.7118187" lon="14.0272237"><ele>67.0</ele></trkpt><trkpt lat="55.7117078" lon="14.0269353"><ele>67.0</ele></trkpt><trkpt lat="55.7116759" lon="14.0268186" /><trkpt lat="55.7115919" lon="14.0265787"><ele>67.0</ele></trkpt><trkpt lat="55.7115737" lon="14.0264817" /><trkpt lat="55.7115069" lon="14.0262499"><ele>68.0</ele></trkpt><trkpt lat="55.7114720" lon="14.0260406" /><trkpt lat="55.7114416" lon="14.0256786"><ele>69.0</ele></trkpt><trkpt lat="55.7114335" lon="14.0252232"><ele>71.0</ele></trkpt><trkpt lat="55.7114290" lon="14.0251207" /><trkpt lat="55.7113880" lon="14.0248764"><ele>71.0</ele></trkpt><trkpt lat="55.7113095" lon="14.0245620"><ele>71.0</ele></trkpt><trkpt lat="55.7111805" lon="14.0241398"><ele>72.0</ele></trkpt><trkpt lat="55.7109998" lon="14.0236134"><ele>73.0</ele></trkpt><trkpt lat="55.7108708" lon="14.0233843"><ele>73.0</ele></trkpt><trkpt lat="55.7108207" lon="14.0233196" /><trkpt lat="55.7106947" lon="14.0231112"><ele>73.0</ele></trkpt><trkpt lat="55.7106117" lon="14.0229567" /><trkpt lat="55.7105398" lon="14.0228489"><ele>75.0</ele></trkpt><trkpt lat="55.7102549" lon="14.0225219"><ele>75.0</ele></trkpt><trkpt lat="55.7101587" lon="14.0224519" /><trkpt lat="55.7101228" lon="14.0224105" /><trkpt lat="55.7100646" lon="14.0223665"><ele>75.0</ele></trkpt><trkpt lat="55.7099856" lon="14.0222902" /><trkpt lat="55.7098935" lon="14.0221276"><ele>74.0</ele></trkpt><trkpt lat="55.7098596" lon="14.0220934" /><trkpt lat="55.7097366" lon="14.0220072"><ele>74.0</ele></trkpt><trkpt lat="55.7095980" lon="14.0218805"><ele>72.0</ele></trkpt><trkpt lat="55.7094289" lon="14.0216335"><ele>72.0</ele></trkpt><trkpt lat="55.7093216" lon="14.0214511" /><trkpt lat="55.7092857" lon="14.0213748"><ele>73.0</ele></trkpt><trkpt lat="55.7092690" lon="14.0211268" /><trkpt lat="55.7092118" lon="14.0208115"><ele>74.0</ele></trkpt><trkpt lat="55.7090726" lon="14.0203381"><ele>74.0</ele></trkpt><trkpt lat="55.7089537" lon="14.0200102"><ele>74.0</ele></trkpt><trkpt lat="55.7088459" lon="14.0196716"><ele>76.0</ele></trkpt><trkpt lat="55.7087376" lon="14.0194748"><ele>76.0</ele></trkpt><trkpt lat="55.7086870" lon="14.0193599" /><trkpt lat="55.7085508" lon="14.0191568"><ele>76.0</ele></trkpt><trkpt lat="55.7084536" lon="14.0190427" /><trkpt lat="55.7084218" lon="14.0188981"><ele>76.0</ele></trkpt><trkpt lat="55.7084127" lon="14.0186996" /><trkpt lat="55.7083205" lon="14.0182055"><ele>77.0</ele></trkpt><trkpt lat="55.7083160" lon="14.0178597"><ele>79.0</ele></trkpt><trkpt lat="55.7083246" lon="14.0177779" /><trkpt lat="55.7083666" lon="14.0175695"><ele>79.0</ele></trkpt><trkpt lat="55.7084106" lon="14.0174114" /><trkpt lat="55.7084127" lon="14.0173009"><ele>81.0</ele></trkpt><trkpt lat="55.7084025" lon="14.0172758" /><trkpt lat="55.7083787" lon="14.0171617" /><trkpt lat="55.7083767" lon="14.0171356" /><trkpt lat="55.7084025" lon="14.0169973"><ele>81.0</ele></trkpt><trkpt lat="55.7084137" lon="14.0169910" /><trkpt lat="55.7084349" lon="14.0169964" /><trkpt lat="55.7084638" lon="14.0170458" /><trkpt lat="55.7084957" lon="14.0171204" /><trkpt lat="55.7085210" lon="14.0172039"><ele>83.0</ele></trkpt><trkpt lat="55.7085447" lon="14.0173072" /><trkpt lat="55.7085898" lon="14.0174069" /><trkpt lat="55.7086186" lon="14.0174204"><ele>84.0</ele></trkpt><trkpt lat="55.7086308" lon="14.0174114" /><trkpt lat="55.7086738" lon="14.0172740" /><trkpt lat="55.7087887" lon="14.0167592"><ele>86.0</ele></trkpt><trkpt lat="55.7088307" lon="14.0165885" /><trkpt lat="55.7089218" lon="14.0162948"><ele>90.0</ele></trkpt><trkpt lat="55.7090286" lon="14.0160442"><ele>89.0</ele></trkpt><trkpt lat="55.7090347" lon="14.0160091" /><trkpt lat="55.7089947" lon="14.0158456" /><trkpt lat="55.7089496" lon="14.0157073"><ele>89.0</ele></trkpt><trkpt lat="55.7089097" lon="14.0155339" /><trkpt lat="55.7088909" lon="14.0153947"><ele>89.0</ele></trkpt><trkpt lat="55.7088808" lon="14.0151917" /><trkpt lat="55.7088818" lon="14.0148575"><ele>89.0</ele></trkpt><trkpt lat="55.7088919" lon="14.0145054"><ele>89.0</ele></trkpt><trkpt lat="55.7089446" lon="14.0141865"><ele>91.0</ele></trkpt><trkpt lat="55.7089770" lon="14.0140589" /><trkpt lat="55.7089967" lon="14.0138927"><ele>92.0</ele></trkpt><trkpt lat="55.7090129" lon="14.0135918"><ele>94.0</ele></trkpt><trkpt lat="55.7090028" lon="14.0132872"><ele>94.0</ele></trkpt><trkpt lat="55.7089289" lon="14.0129782"><ele>94.0</ele></trkpt><trkpt lat="55.7088656" lon="14.0126611"><ele>93.0</ele></trkpt><trkpt lat="55.7088165" lon="14.0123431"><ele>93.0</ele></trkpt><trkpt lat="55.7088216" lon="14.0121590" /><trkpt lat="55.7088175" lon="14.0120619"><ele>93.0</ele></trkpt><trkpt lat="55.7088196" lon="14.0119586" /><trkpt lat="55.7088089" lon="14.0116927"><ele>92.0</ele></trkpt><trkpt lat="55.7087629" lon="14.0113226"><ele>90.0</ele></trkpt><trkpt lat="55.7087148" lon="14.0111358" /><trkpt lat="55.7086799" lon="14.0110693"><ele>87.0</ele></trkpt><trkpt lat="55.7085716" lon="14.0109965" /><trkpt lat="55.7083737" lon="14.0109112"><ele>83.0</ele></trkpt><trkpt lat="55.7083438" lon="14.0108923" /><trkpt lat="55.7082016" lon="14.0106687"><ele>82.0</ele></trkpt><trkpt lat="55.7081920" lon="14.0106183" /><trkpt lat="55.7081920" lon="14.0103489"><ele>82.0</ele></trkpt><trkpt lat="55.7082249" lon="14.0098970"><ele>82.0</ele></trkpt><trkpt lat="55.7082659" lon="14.0094362"><ele>82.0</ele></trkpt><trkpt lat="55.7083226" lon="14.0089906"><ele>83.0</ele></trkpt><trkpt lat="55.7083757" lon="14.0086546"><ele>83.0</ele></trkpt><trkpt lat="55.7084547" lon="14.0082351"><ele>84.0</ele></trkpt><trkpt lat="55.7084936" lon="14.0079063"><ele>85.0</ele></trkpt><trkpt lat="55.7085275" lon="14.0075677"><ele>86.0</ele></trkpt><trkpt lat="55.7085397" lon="14.0072281"><ele>87.0</ele></trkpt><trkpt lat="55.7085027" lon="14.0069640"><ele>88.0</ele></trkpt><trkpt lat="55.7084967" lon="14.0068679" /><trkpt lat="55.7085007" lon="14.0066846"><ele>88.0</ele></trkpt><trkpt lat="55.7084906" lon="14.0064924" /><trkpt lat="55.7083899" lon="14.0058707"><ele>87.0</ele></trkpt><trkpt lat="55.7083337" lon="14.0055743"><ele>87.0</ele></trkpt><trkpt lat="55.7082385" lon="14.0052015"><ele>87.0</ele></trkpt><trkpt lat="55.7081687" lon="14.0048305"><ele>88.0</ele></trkpt><trkpt lat="55.7080498" lon="14.0043355"><ele>89.0</ele></trkpt><trkpt lat="55.7079698" lon="14.0040265"><ele>90.0</ele></trkpt><trkpt lat="55.7079318" lon="14.0037597"><ele>90.0</ele></trkpt><trkpt lat="55.7078139" lon="14.0032674"><ele>91.0</ele></trkpt><trkpt lat="55.7077547" lon="14.0029952"><ele>92.0</ele></trkpt><trkpt lat="55.7077425" lon="14.0027725" /><trkpt lat="55.7077329" lon="14.0027186"><ele>92.0</ele></trkpt><trkpt lat="55.7076717" lon="14.0025066" /><trkpt lat="55.7075649" lon="14.0022613"><ele>93.0</ele></trkpt><trkpt lat="55.7074389" lon="14.0019981"><ele>94.0</ele></trkpt><trkpt lat="55.7073068" lon="14.0015822"><ele>95.0</ele></trkpt><trkpt lat="55.7072587" lon="14.0014016" /><trkpt lat="55.7072420" lon="14.0013145"><ele>97.0</ele></trkpt><trkpt lat="55.7072339" lon="14.0011851" /><trkpt lat="55.7072248" lon="14.0011744" /><trkpt lat="55.7071747" lon="14.0010163"><ele>98.0</ele></trkpt><trkpt lat="55.7071499" lon="14.0007611" /><trkpt lat="55.7071489" lon="14.0007126"><ele>98.0</ele></trkpt><trkpt lat="55.7071635" lon="14.0003587"><ele>98.0</ele></trkpt><trkpt lat="55.7072015" lon="14.0000137"><ele>97.0</ele></trkpt><trkpt lat="55.7072359" lon="13.9998493" /><trkpt lat="55.7072577" lon="13.9997128"><ele>97.0</ele></trkpt><trkpt lat="55.7072739" lon="13.9995008" /><trkpt lat="55.7072840" lon="13.9994523" /><trkpt lat="55.7073128" lon="13.9991154"><ele>96.0</ele></trkpt><trkpt lat="55.7073296" lon="13.9988720" /><trkpt lat="55.7073199" lon="13.9986636"><ele>96.0</ele></trkpt><trkpt lat="55.7073078" lon="13.9985854" /><trkpt lat="55.7072749" lon="13.9982593"><ele>97.0</ele></trkpt><trkpt lat="55.7072956" lon="13.9981192" /><trkpt lat="55.7072896" lon="13.9980114" /><trkpt lat="55.7072896" lon="13.9979296"><ele>97.0</ele></trkpt><trkpt lat="55.7073265" lon="13.9978263" /><trkpt lat="55.7073296" lon="13.9977841" /><trkpt lat="55.7073306" lon="13.9976440"><ele>96.0</ele></trkpt><trkpt lat="55.7073098" lon="13.9975739" /><trkpt lat="55.7073179" lon="13.9975380" /><trkpt lat="55.7073579" lon="13.9974383" /><trkpt lat="55.7073736" lon="13.9972757"><ele>96.0</ele></trkpt><trkpt lat="55.7073366" lon="13.9970574" /><trkpt lat="55.7073250" lon="13.9970313" /><trkpt lat="55.7073199" lon="13.9969505"><ele>96.0</ele></trkpt><trkpt lat="55.7073346" lon="13.9968283" /><trkpt lat="55.7074718" lon="13.9961977"><ele>97.0</ele></trkpt><trkpt lat="55.7075239" lon="13.9959929" /><trkpt lat="55.7076859" lon="13.9955482"><ele>99.0</ele></trkpt><trkpt lat="55.7077749" lon="13.9950649"><ele>99.0</ele></trkpt><trkpt lat="55.7078635" lon="13.9946454"><ele>99.0</ele></trkpt><trkpt lat="55.7079227" lon="13.9944199" /><trkpt lat="55.7080189" lon="13.9941199"><ele>99.0</ele></trkpt><trkpt lat="55.7081555" lon="13.9938567"><ele>99.0</ele></trkpt><trkpt lat="55.7082456" lon="13.9935656"><ele>100.0</ele></trkpt><trkpt lat="55.7082755" lon="13.9932279"><ele>100.0</ele></trkpt><trkpt lat="55.7082730" lon="13.9930769" /><trkpt lat="55.7083089" lon="13.9929152"><ele>100.0</ele></trkpt><trkpt lat="55.7083696" lon="13.9926817" /><trkpt lat="55.7084086" lon="13.9923412"><ele>99.0</ele></trkpt><trkpt lat="55.7084137" lon="13.9920044"><ele>99.0</ele></trkpt><trkpt lat="55.7084096" lon="13.9919181" /><trkpt lat="55.7084157" lon="13.9916819"><ele>99.0</ele></trkpt><trkpt lat="55.7084567" lon="13.9913432"><ele>99.0</ele></trkpt><trkpt lat="55.7085336" lon="13.9909596"><ele>99.0</ele></trkpt><trkpt lat="55.7085599" lon="13.9908895" /><trkpt lat="55.7086176" lon="13.9908078" /><trkpt lat="55.7087269" lon="13.9907341"><ele>97.0</ele></trkpt><trkpt lat="55.7088499" lon="13.9907305" /><trkpt lat="55.7090559" lon="13.9907835"><ele>94.0</ele></trkpt><trkpt lat="55.7091040" lon="13.9908096" /><trkpt lat="55.7091516" lon="13.9908617" /><trkpt lat="55.7091587" lon="13.9908833" /><trkpt lat="55.7092346" lon="13.9908096"><ele>91.0</ele></trkpt><trkpt lat="55.7093727" lon="13.9905356"><ele>91.0</ele></trkpt><trkpt lat="55.7095089" lon="13.9902437"><ele>89.0</ele></trkpt><trkpt lat="55.7096435" lon="13.9899930"><ele>88.0</ele></trkpt><trkpt lat="55.7097867" lon="13.9897271"><ele>88.0</ele></trkpt><trkpt lat="55.7100049" lon="13.9892573"><ele>86.0</ele></trkpt><trkpt lat="55.7101137" lon="13.9889645"><ele>85.0</ele></trkpt><trkpt lat="55.7102447" lon="13.9886420"><ele>85.0</ele></trkpt><trkpt lat="55.7104745" lon="13.9881389"><ele>85.0</ele></trkpt><trkpt lat="55.7106279" lon="13.9877904"><ele>86.0</ele></trkpt><trkpt lat="55.7107098" lon="13.9876152" /><trkpt lat="55.7107468" lon="13.9875604"><ele>87.0</ele></trkpt><trkpt lat="55.7107898" lon="13.9875155" /><trkpt lat="55.7108399" lon="13.9874867" /><trkpt lat="55.7109148" lon="13.9874715"><ele>87.0</ele></trkpt><trkpt lat="55.7111102" lon="13.9874490"><ele>87.0</ele></trkpt><trkpt lat="55.7113187" lon="13.9874247"><ele>87.0</ele></trkpt><trkpt lat="55.7114958" lon="13.9873852"><ele>87.0</ele></trkpt><trkpt lat="55.7116446" lon="13.9873313"><ele>88.0</ele></trkpt><trkpt lat="55.7116699" lon="13.9873322" /><trkpt lat="55.7118055" lon="13.9873026"><ele>89.0</ele></trkpt><trkpt lat="55.7119806" lon="13.9873322"><ele>89.0</ele></trkpt><trkpt lat="55.7122336" lon="13.9873295"><ele>90.0</ele></trkpt><trkpt lat="55.7124366" lon="13.9873089"><ele>91.0</ele></trkpt><trkpt lat="55.7126486" lon="13.9872469"><ele>92.0</ele></trkpt><trkpt lat="55.7128561" lon="13.9872397"><ele>93.0</ele></trkpt><trkpt lat="55.7131056" lon="13.9872307"><ele>95.0</ele></trkpt><trkpt lat="55.7131299" lon="13.9872145" /><trkpt lat="55.7132609" lon="13.9871795"><ele>95.0</ele></trkpt><trkpt lat="55.7132827" lon="13.9871139" /><trkpt lat="55.7133080" lon="13.9870834" /><trkpt lat="55.7133758" lon="13.9869774"><ele>96.0</ele></trkpt><trkpt lat="55.7134456" lon="13.9868489" /><trkpt lat="55.7135129" lon="13.9866854"><ele>96.0</ele></trkpt><trkpt lat="55.7136597" lon="13.9864276"><ele>96.0</ele></trkpt><trkpt lat="55.7138059" lon="13.9861914"><ele>96.0</ele></trkpt><trkpt lat="55.7138449" lon="13.9861033" /><trkpt lat="55.7138348" lon="13.9858033"><ele>96.0</ele></trkpt><trkpt lat="55.7138697" lon="13.9854467"><ele>94.0</ele></trkpt><trkpt lat="55.7139087" lon="13.9851134"><ele>94.0</ele></trkpt><trkpt lat="55.7139350" lon="13.9847334"><ele>94.0</ele></trkpt><trkpt lat="55.7139446" lon="13.9846768" /><trkpt lat="55.7139866" lon="13.9845546" /><trkpt lat="55.7140397" lon="13.9843265"><ele>95.0</ele></trkpt><trkpt lat="55.7140828" lon="13.9841118" /><trkpt lat="55.7140645" lon="13.9838153"><ele>96.0</ele></trkpt><trkpt lat="55.7140397" lon="13.9835584" /><trkpt lat="55.7139669" lon="13.9831182"><ele>97.0</ele></trkpt><trkpt lat="55.7139557" lon="13.9830230" /><trkpt lat="55.7139760" lon="13.9827526"><ele>98.0</ele></trkpt><trkpt lat="55.7140180" lon="13.9824112"><ele>99.0</ele></trkpt><trkpt lat="55.7140635" lon="13.9820429"><ele>99.0</ele></trkpt><trkpt lat="55.7141349" lon="13.9816243"><ele>99.0</ele></trkpt><trkpt lat="55.7141728" lon="13.9814716" /><trkpt lat="55.7142578" lon="13.9811985"><ele>99.0</ele></trkpt><trkpt lat="55.7144269" lon="13.9807233"><ele>99.0</ele></trkpt><trkpt lat="55.7145078" lon="13.9803981"><ele>99.0</ele></trkpt><trkpt lat="55.7145645" lon="13.9801376"><ele>99.0</ele></trkpt><trkpt lat="55.7146040" lon="13.9800199" /><trkpt lat="55.7147229" lon="13.9797792"><ele>101.0</ele></trkpt><trkpt lat="55.7148970" lon="13.9795133"><ele>102.0</ele></trkpt><trkpt lat="55.7150609" lon="13.9792878"><ele>103.0</ele></trkpt><trkpt lat="55.7151039" lon="13.9792204" /><trkpt lat="55.7152355" lon="13.9789752"><ele>103.0</ele></trkpt><trkpt lat="55.7152679" lon="13.9789078" /><trkpt lat="55.7154146" lon="13.9784506"><ele>104.0</ele></trkpt><trkpt lat="55.7155745" lon="13.9780643"><ele>104.0</ele></trkpt><trkpt lat="55.7157218" lon="13.9777562"><ele>103.0</ele></trkpt><trkpt lat="55.7159161" lon="13.9775666"><ele>103.0</ele></trkpt><trkpt lat="55.7161909" lon="13.9772971"><ele>103.0</ele></trkpt><trkpt lat="55.7162956" lon="13.9772091" /><trkpt lat="55.7164398" lon="13.9770456"><ele>104.0</ele></trkpt><trkpt lat="55.7165380" lon="13.9768633" /><trkpt lat="55.7166296" lon="13.9766126"><ele>105.0</ele></trkpt><trkpt lat="55.7166938" lon="13.9762371"><ele>105.0</ele></trkpt><trkpt lat="55.7167429" lon="13.9756505"><ele>105.0</ele></trkpt><trkpt lat="55.7167697" lon="13.9753909" /><trkpt lat="55.7167799" lon="13.9751061"><ele>105.0</ele></trkpt><trkpt lat="55.7167890" lon="13.9750558" /><trkpt lat="55.7169408" lon="13.9743507"><ele>104.0</ele></trkpt><trkpt lat="55.7170445" lon="13.9739689"><ele>104.0</ele></trkpt><trkpt lat="55.7170986" lon="13.9736877"><ele>104.0</ele></trkpt><trkpt lat="55.7171619" lon="13.9734389"><ele>104.0</ele></trkpt><trkpt lat="55.7171705" lon="13.9733850" /><trkpt lat="55.7172540" lon="13.9730427"><ele>104.0</ele></trkpt><trkpt lat="55.7173749" lon="13.9727526"><ele>105.0</ele></trkpt><trkpt lat="55.7174746" lon="13.9724364"><ele>106.0</ele></trkpt><trkpt lat="55.7174857" lon="13.9721938" /><trkpt lat="55.7174787" lon="13.9721462"><ele>107.0</ele></trkpt><trkpt lat="55.7174468" lon="13.9720079" /><trkpt lat="55.7173835" lon="13.9717896"><ele>108.0</ele></trkpt><trkpt lat="55.7172970" lon="13.9715479"><ele>109.0</ele></trkpt><trkpt lat="55.7171998" lon="13.9713018"><ele>109.0</ele></trkpt><trkpt lat="55.7170739" lon="13.9710790"><ele>110.0</ele></trkpt><trkpt lat="55.7169150" lon="13.9709200"><ele>111.0</ele></trkpt><trkpt lat="55.7167207" lon="13.9707529"><ele>112.0</ele></trkpt><trkpt lat="55.7165856" lon="13.9706514" /><trkpt lat="55.7163968" lon="13.9705355"><ele>113.0</ele></trkpt><trkpt lat="55.7162278" lon="13.9704080"><ele>113.0</ele></trkpt><trkpt lat="55.7160375" lon="13.9702975"><ele>113.0</ele></trkpt><trkpt lat="55.7159986" lon="13.9702543" /><trkpt lat="55.7159809" lon="13.9701807" /><trkpt lat="55.7160249" lon="13.9700091"><ele>113.0</ele></trkpt><trkpt lat="55.7161646" lon="13.9696165"><ele>113.0</ele></trkpt><trkpt lat="55.7162536" lon="13.9693318"><ele>112.0</ele></trkpt><trkpt lat="55.7163386" lon="13.9690003"><ele>112.0</ele></trkpt><trkpt lat="55.7164388" lon="13.9686113"><ele>112.0</ele></trkpt><trkpt lat="55.7165466" lon="13.9681622"><ele>112.0</ele></trkpt><trkpt lat="55.7166235" lon="13.9679304" /><trkpt lat="55.7167429" lon="13.9676852"><ele>112.0</ele></trkpt><trkpt lat="55.7167687" lon="13.9676519" /><trkpt lat="55.7168927" lon="13.9673842"><ele>112.0</ele></trkpt><trkpt lat="55.7169195" lon="13.9671444" /><trkpt lat="55.7169367" lon="13.9670357"><ele>112.0</ele></trkpt><trkpt lat="55.7170045" lon="13.9667177"><ele>113.0</ele></trkpt><trkpt lat="55.7171098" lon="13.9665192"><ele>113.0</ele></trkpt><trkpt lat="55.7171978" lon="13.9662757"><ele>114.0</ele></trkpt><trkpt lat="55.7172079" lon="13.9662353" /><trkpt lat="55.7172418" lon="13.9659451"><ele>115.0</ele></trkpt><trkpt lat="55.7172307" lon="13.9656954" /><trkpt lat="55.7172307" lon="13.9655319"><ele>117.0</ele></trkpt><trkpt lat="55.7172429" lon="13.9654466" /><trkpt lat="55.7173026" lon="13.9651618"><ele>118.0</ele></trkpt><trkpt lat="55.7172960" lon="13.9648357"><ele>120.0</ele></trkpt><trkpt lat="55.7171998" lon="13.9646102"><ele>120.0</ele></trkpt><trkpt lat="55.7171745" lon="13.9645671" /><trkpt lat="55.7170819" lon="13.9643722"><ele>121.0</ele></trkpt><trkpt lat="55.7169635" lon="13.9641566"><ele>122.0</ele></trkpt><trkpt lat="55.7169175" lon="13.9640605" /><trkpt lat="55.7168289" lon="13.9637434"><ele>123.0</ele></trkpt><trkpt lat="55.7168097" lon="13.9636427" /><trkpt lat="55.7168006" lon="13.9633382"><ele>124.0</ele></trkpt><trkpt lat="55.7168006" lon="13.9631639" /><trkpt lat="55.7168208" lon="13.9631469" /><trkpt lat="55.7168699" lon="13.9631226"><ele>124.0</ele></trkpt><trkpt lat="55.7169418" lon="13.9631289" /><trkpt lat="55.7170597" lon="13.9631702"><ele>122.0</ele></trkpt><trkpt lat="55.7170830" lon="13.9631882" /><trkpt lat="55.7171548" lon="13.9632915" /><trkpt lat="55.7172079" lon="13.9633301"><ele>121.0</ele></trkpt><trkpt lat="55.7173547" lon="13.9633715" /><trkpt lat="55.7173896" lon="13.9633759"><ele>121.0</ele></trkpt><trkpt lat="55.7175136" lon="13.9633562" /><trkpt lat="55.7176618" lon="13.9633715"><ele>118.0</ele></trkpt><trkpt lat="55.7177296" lon="13.9633697" /><trkpt lat="55.7177919" lon="13.9633508" /><trkpt lat="55.7179108" lon="13.9632484"><ele>116.0</ele></trkpt><trkpt lat="55.7179927" lon="13.9630768" /><trkpt lat="55.7180347" lon="13.9629591"><ele>116.0</ele></trkpt><trkpt lat="55.7181289" lon="13.9628001" /><trkpt lat="55.7182887" lon="13.9626905"><ele>115.0</ele></trkpt><trkpt lat="55.7184016" lon="13.9625504" /><trkpt lat="55.7184638" lon="13.9623366"><ele>114.0</ele></trkpt><trkpt lat="55.7184886" lon="13.9620985" /><trkpt lat="55.7185357" lon="13.9617958"><ele>114.0</ele></trkpt><trkpt lat="55.7185235" lon="13.9614544"><ele>115.0</ele></trkpt><trkpt lat="55.7185109" lon="13.9611041"><ele>115.0</ele></trkpt><trkpt lat="55.7185129" lon="13.9610116" /><trkpt lat="55.7184987" lon="13.9607574"><ele>116.0</ele></trkpt><trkpt lat="55.7184279" lon="13.9607331" /><trkpt lat="55.7182518" lon="13.9606945"><ele>117.0</ele></trkpt><trkpt lat="55.7182139" lon="13.9607017" /><trkpt lat="55.7181956" lon="13.9606909" /><trkpt lat="55.7181577" lon="13.9606828" /><trkpt lat="55.7180727" lon="13.9605678"><ele>118.0</ele></trkpt><trkpt lat="55.7180266" lon="13.9604888" /><trkpt lat="55.7179229" lon="13.9603603"><ele>118.0</ele></trkpt><trkpt lat="55.7178915" lon="13.9603441" /><trkpt lat="55.7178420" lon="13.9603325" /><trkpt lat="55.7177645" lon="13.9603253"><ele>119.0</ele></trkpt><trkpt lat="55.7176026" lon="13.9604465"><ele>119.0</ele></trkpt><trkpt lat="55.7175348" lon="13.9604852" /><trkpt lat="55.7174356" lon="13.9605256"><ele>119.0</ele></trkpt><trkpt lat="55.7172747" lon="13.9605328"><ele>119.0</ele></trkpt><trkpt lat="55.7171938" lon="13.9605202"><ele>120.0</ele></trkpt></trkseg></trk></gpx>