<?xml version='1.0' encoding='utf-8'?>
<gpx xmlns="http://www.topografix.com/GPX/1/1" version="1.1" creator="ÖST Analys derived route materializer"><metadata><name>ultra60-2018</name><desc>Derived from dataTrace.geometry embedded in the public Trace de Trail map; not an organizer-direct or authenticated-export GPX.</desc><link href="https://tracedetrail.fr/fr/trace/43970"><text>Trace de Trail public map page</text></link></metadata><trk><trkseg><trkpt lat="55.5561488" lon="14.3563503"><ele>7.0</ele></trkpt><trkpt lat="55.5561777" lon="14.3562622" /><trkpt lat="55.5562336" lon="14.3561212"><ele>6.5</ele></trkpt><trkpt lat="55.5562687" lon="14.3560035" /><trkpt lat="55.5563139" lon="14.3558885"><ele>7.2</ele></trkpt><trkpt lat="55.5564109" lon="14.3556370"><ele>8.0</ele></trkpt><trkpt lat="55.5564877" lon="14.3553935"><ele>8.0</ele></trkpt><trkpt lat="55.5565380" lon="14.3551393" /><trkpt lat="55.5566035" lon="14.3548635"><ele>8.0</ele></trkpt><trkpt lat="55.5566736" lon="14.3546318" /><trkpt lat="55.5567387" lon="14.3543937"><ele>8.0</ele></trkpt><trkpt lat="55.5568169" lon="14.3541494"><ele>8.0</ele></trkpt><trkpt lat="55.5569170" lon="14.3539437"><ele>6.5</ele></trkpt><trkpt lat="55.5570267" lon="14.3537415"><ele>5.0</ele></trkpt><trkpt lat="55.5571426" lon="14.3535816" /><trkpt lat="55.5572747" lon="14.3534119"><ele>5.5</ele></trkpt><trkpt lat="55.5574088" lon="14.3532789"><ele>5.2</ele></trkpt><trkpt lat="55.5575348" lon="14.3531738" /><trkpt lat="55.5576766" lon="14.3531091"><ele>9.6</ele></trkpt><trkpt lat="55.5578087" lon="14.3531810" /><trkpt lat="55.5579240" lon="14.3532825"><ele>14.0</ele></trkpt><trkpt lat="55.5580439" lon="14.3533759" /><trkpt lat="55.5581709" lon="14.3533687"><ele>14.0</ele></trkpt><trkpt lat="55.5583396" lon="14.3534604"><ele>9.0</ele></trkpt><trkpt lat="55.5584325" lon="14.3535403" /><trkpt lat="55.5584615" lon="14.3537047"><ele>8.0</ele></trkpt><trkpt lat="55.5584859" lon="14.3538664" /><trkpt lat="55.5585006" lon="14.3541215"><ele>8.5</ele></trkpt><trkpt lat="55.5583345" lon="14.3542482"><ele>9.0</ele></trkpt><trkpt lat="55.5583289" lon="14.3544108" /><trkpt lat="55.5585016" lon="14.3544494"><ele>9.0</ele></trkpt><trkpt lat="55.5586459" lon="14.3545464"><ele>4.0</ele></trkpt><trkpt lat="55.5587867" lon="14.3547566"><ele>4.0</ele></trkpt><trkpt lat="55.5589599" lon="14.3547432"><ele>2.0</ele></trkpt><trkpt lat="55.5590635" lon="14.3545599" /><trkpt lat="55.5591245" lon="14.3543335"><ele>2.0</ele></trkpt><trkpt lat="55.5591276" lon="14.3540919" /><trkpt lat="55.5591235" lon="14.3537865"><ele>3.0</ele></trkpt><trkpt lat="55.5591616" lon="14.3534882"><ele>4.0</ele></trkpt><trkpt lat="55.5591936" lon="14.3532358" /><trkpt lat="55.5592378" lon="14.3529780"><ele>6.0</ele></trkpt><trkpt lat="55.5592779" lon="14.3527265" /><trkpt lat="55.5593328" lon="14.3524929"><ele>5.5</ele></trkpt><trkpt lat="55.5593867" lon="14.3522539" /><trkpt lat="55.5594466" lon="14.3520105"><ele>6.2</ele></trkpt><trkpt lat="55.5595208" lon="14.3517940" /><trkpt lat="55.5596199" lon="14.3515380"><ele>5.1</ele></trkpt><trkpt lat="55.5597037" lon="14.3513233" /><trkpt lat="55.5597819" lon="14.3511140"><ele>4.0</ele></trkpt><trkpt lat="55.5598556" lon="14.3509271" /><trkpt lat="55.5599379" lon="14.3507124"><ele>4.0</ele></trkpt><trkpt lat="55.5600177" lon="14.3505615" /><trkpt lat="55.5600979" lon="14.3504088"><ele>4.0</ele></trkpt><trkpt lat="55.5601995" lon="14.3502498" /><trkpt lat="55.5603377" lon="14.3501483"><ele>4.0</ele></trkpt><trkpt lat="55.5604749" lon="14.3500585" /><trkpt lat="55.5605907" lon="14.3499237"><ele>5.0</ele></trkpt><trkpt lat="55.5606959" lon="14.3497746" /><trkpt lat="55.5606959" lon="14.3495356"><ele>6.0</ele></trkpt><trkpt lat="55.5606278" lon="14.3493272" /><trkpt lat="55.5605958" lon="14.3491143"><ele>7.0</ele></trkpt><trkpt lat="55.5606329" lon="14.3488727" /><trkpt lat="55.5606918" lon="14.3486391"><ele>8.0</ele></trkpt><trkpt lat="55.5608026" lon="14.3484738" /><trkpt lat="55.5609326" lon="14.3483597"><ele>8.0</ele></trkpt><trkpt lat="55.5610667" lon="14.3482457" /><trkpt lat="55.5611907" lon="14.3481262"><ele>7.0</ele></trkpt><trkpt lat="55.5613258" lon="14.3479887"><ele>7.0</ele></trkpt><trkpt lat="55.5614518" lon="14.3478585" /><trkpt lat="55.5615707" lon="14.3477103"><ele>7.0</ele></trkpt><trkpt lat="55.5616855" lon="14.3475602" /><trkpt lat="55.5617896" lon="14.3473806"><ele>5.0</ele></trkpt><trkpt lat="55.5618978" lon="14.3471955" /><trkpt lat="55.5619969" lon="14.3470087"><ele>5.0</ele></trkpt><trkpt lat="55.5620848" lon="14.3467769"><ele>4.0</ele></trkpt><trkpt lat="55.5621366" lon="14.3465910" /><trkpt lat="55.5622077" lon="14.3463664"><ele>4.0</ele></trkpt><trkpt lat="55.5622616" lon="14.3460960"><ele>4.0</ele></trkpt><trkpt lat="55.5623195" lon="14.3458525" /><trkpt lat="55.5623769" lon="14.3456082"><ele>4.0</ele></trkpt><trkpt lat="55.5624368" lon="14.3453773" /><trkpt lat="55.5624846" lon="14.3451366"><ele>7.0</ele></trkpt><trkpt lat="55.5625400" lon="14.3449129" /><trkpt lat="55.5626299" lon="14.3446740"><ele>6.0</ele></trkpt><trkpt lat="55.5627188" lon="14.3444637" /><trkpt lat="55.5628026" lon="14.3442499"><ele>5.0</ele></trkpt><trkpt lat="55.5628768" lon="14.3440119"><ele>5.0</ele></trkpt><trkpt lat="55.5629545" lon="14.3438098" /><trkpt lat="55.5630195" lon="14.3435286"><ele>5.0</ele></trkpt><trkpt lat="55.5630647" lon="14.3432573"><ele>5.5</ele></trkpt><trkpt lat="55.5631038" lon="14.3430615" /><trkpt lat="55.5631359" lon="14.3428207"><ele>4.7</ele></trkpt><trkpt lat="55.5632049" lon="14.3425845" /><trkpt lat="55.5633340" lon="14.3423895"><ele>4.0</ele></trkpt><trkpt lat="55.5634467" lon="14.3422072"><ele>4.0</ele></trkpt><trkpt lat="55.5635636" lon="14.3420087"><ele>4.0</ele></trkpt><trkpt lat="55.5636667" lon="14.3418155" /><trkpt lat="55.5637790" lon="14.3416359"><ele>4.0</ele></trkpt><trkpt lat="55.5638917" lon="14.3414831" /><trkpt lat="55.5639898" lon="14.3413708"><ele>5.0</ele></trkpt><trkpt lat="55.5640888" lon="14.3411939" /><trkpt lat="55.5642240" lon="14.3409810"><ele>5.0</ele></trkpt><trkpt lat="55.5643276" lon="14.3408642" /><trkpt lat="55.5644277" lon="14.3407357"><ele>5.5</ele></trkpt><trkpt lat="55.5645338" lon="14.3406279" /><trkpt lat="55.5646720" lon="14.3405076"><ele>6.0</ele></trkpt><trkpt lat="55.5648005" lon="14.3403737" /><trkpt lat="55.5649306" lon="14.3402264"><ele>6.0</ele></trkpt><trkpt lat="55.5650575" lon="14.3400925" /><trkpt lat="55.5651688" lon="14.3399506"><ele>6.0</ele></trkpt><trkpt lat="55.5652719" lon="14.3397754" /><trkpt lat="55.5653379" lon="14.3396119"><ele>6.0</ele></trkpt><trkpt lat="55.5654279" lon="14.3394152" /><trkpt lat="55.5655096" lon="14.3392086"><ele>6.0</ele></trkpt><trkpt lat="55.5656117" lon="14.3390227" /><trkpt lat="55.5657118" lon="14.3388538"><ele>6.0</ele></trkpt><trkpt lat="55.5658297" lon="14.3387154" /><trkpt lat="55.5659546" lon="14.3385906"><ele>6.0</ele></trkpt><trkpt lat="55.5660628" lon="14.3385061" /><trkpt lat="55.5662436" lon="14.3383723"><ele>6.0</ele></trkpt><trkpt lat="55.5664697" lon="14.3382402"><ele>6.0</ele></trkpt><trkpt lat="55.5666581" lon="14.3381414"><ele>8.0</ele></trkpt><trkpt lat="55.5668598" lon="14.3380372"><ele>11.0</ele></trkpt><trkpt lat="55.5671158" lon="14.3379752"><ele>11.5</ele></trkpt><trkpt lat="55.5673215" lon="14.3378216"><ele>12.0</ele></trkpt><trkpt lat="55.5674495" lon="14.3376195"><ele>11.0</ele></trkpt><trkpt lat="55.5675938" lon="14.3373554"><ele>11.5</ele></trkpt><trkpt lat="55.5677340" lon="14.3371398"><ele>10.7</ele></trkpt><trkpt lat="55.5679366" lon="14.3367894" /><trkpt lat="55.5681367" lon="14.3366233"><ele>11.3</ele></trkpt><trkpt lat="55.5682810" lon="14.3365352"><ele>12.0</ele></trkpt><trkpt lat="55.5684247" lon="14.3363870"><ele>12.0</ele></trkpt><trkpt lat="55.5685776" lon="14.3363529"><ele>11.5</ele></trkpt><trkpt lat="55.5687600" lon="14.3364121"><ele>12.2</ele></trkpt><trkpt lat="55.5689306" lon="14.3365226"><ele>12.1</ele></trkpt><trkpt lat="55.5691617" lon="14.3365792"><ele>12.0</ele></trkpt><trkpt lat="55.5693857" lon="14.3365172"><ele>12.0</ele></trkpt><trkpt lat="55.5695726" lon="14.3364301"><ele>10.0</ele></trkpt><trkpt lat="55.5697585" lon="14.3362558"><ele>7.0</ele></trkpt><trkpt lat="55.5700389" lon="14.3361561"><ele>7.0</ele></trkpt><trkpt lat="55.5703619" lon="14.3358848" /><trkpt lat="55.5704859" lon="14.3357142"><ele>9.5</ele></trkpt><trkpt lat="55.5707139" lon="14.3356917"><ele>7.7</ele></trkpt><trkpt lat="55.5709247" lon="14.3356046"><ele>6.0</ele></trkpt><trkpt lat="55.5711116" lon="14.3354878" /><trkpt lat="55.5712518" lon="14.3356944"><ele>6.0</ele></trkpt><trkpt lat="55.5714229" lon="14.3358866"><ele>5.0</ele></trkpt><trkpt lat="55.5715677" lon="14.3361750"><ele>5.0</ele></trkpt><trkpt lat="55.5715585" lon="14.3365020"><ele>7.0</ele></trkpt><trkpt lat="55.5716337" lon="14.3367903"><ele>9.0</ele></trkpt><trkpt lat="55.5717195" lon="14.3371092"><ele>12.0</ele></trkpt><trkpt lat="55.5718008" lon="14.3374389"><ele>11.5</ele></trkpt><trkpt lat="55.5718856" lon="14.3376222" /><trkpt lat="55.5720187" lon="14.3377785"><ele>11.0</ele></trkpt><trkpt lat="55.5721426" lon="14.3379716"><ele>11.0</ele></trkpt><trkpt lat="55.5723539" lon="14.3379950"><ele>11.5</ele></trkpt><trkpt lat="55.5725926" lon="14.3379420"><ele>9.7</ele></trkpt><trkpt lat="55.5727236" lon="14.3378944" /><trkpt lat="55.5728998" lon="14.3377443"><ele>8.0</ele></trkpt><trkpt lat="55.5730060" lon="14.3375620" /><trkpt lat="55.5731157" lon="14.3373733"><ele>6.0</ele></trkpt><trkpt lat="55.5733488" lon="14.3372341"><ele>6.0</ele></trkpt><trkpt lat="55.5735220" lon="14.3371712"><ele>6.0</ele></trkpt><trkpt lat="55.5738008" lon="14.3370086"><ele>5.0</ele></trkpt><trkpt lat="55.5740070" lon="14.3368406"><ele>6.5</ele></trkpt><trkpt lat="55.5743198" lon="14.3369026"><ele>8.0</ele></trkpt><trkpt lat="55.5745976" lon="14.3367966"><ele>8.0</ele></trkpt><trkpt lat="55.5748678" lon="14.3368326"><ele>4.0</ele></trkpt><trkpt lat="55.5750090" lon="14.3367436" /><trkpt lat="55.5752700" lon="14.3366322"><ele>4.0</ele></trkpt><trkpt lat="55.5755046" lon="14.3366134"><ele>4.5</ele></trkpt><trkpt lat="55.5757616" lon="14.3366116"><ele>5.0</ele></trkpt><trkpt lat="55.5759556" lon="14.3365065"><ele>4.5</ele></trkpt><trkpt lat="55.5761719" lon="14.3363591"><ele>5.2</ele></trkpt><trkpt lat="55.5762719" lon="14.3363017" /><trkpt lat="55.5764228" lon="14.3361813"><ele>6.0</ele></trkpt><trkpt lat="55.5765766" lon="14.3360735"><ele>5.5</ele></trkpt><trkpt lat="55.5768828" lon="14.3360438"><ele>6.7</ele></trkpt><trkpt lat="55.5770819" lon="14.3362109"><ele>8.0</ele></trkpt><trkpt lat="55.5773226" lon="14.3362693"><ele>8.0</ele></trkpt><trkpt lat="55.5774668" lon="14.3362478" /><trkpt lat="55.5776166" lon="14.3363385"><ele>8.0</ele></trkpt><trkpt lat="55.5778177" lon="14.3364894"><ele>5.0</ele></trkpt><trkpt lat="55.5779817" lon="14.3363906"><ele>5.0</ele></trkpt><trkpt lat="55.5781666" lon="14.3361507"><ele>4.0</ele></trkpt><trkpt lat="55.5782839" lon="14.3358615"><ele>3.0</ele></trkpt><trkpt lat="55.5783778" lon="14.3355578"><ele>3.5</ele></trkpt><trkpt lat="55.5785408" lon="14.3354204"><ele>4.0</ele></trkpt><trkpt lat="55.5786688" lon="14.3351815"><ele>6.0</ele></trkpt><trkpt lat="55.5787998" lon="14.3349030"><ele>6.0</ele></trkpt><trkpt lat="55.5788120" lon="14.3345437"><ele>5.5</ele></trkpt><trkpt lat="55.5789547" lon="14.3343308"><ele>5.0</ele></trkpt><trkpt lat="55.5791370" lon="14.3340747"><ele>5.0</ele></trkpt><trkpt lat="55.5792589" lon="14.3339175" /><trkpt lat="55.5794447" lon="14.3338151"><ele>7.0</ele></trkpt><trkpt lat="55.5796727" lon="14.3337693"><ele>9.0</ele></trkpt><trkpt lat="55.5798946" lon="14.3336732"><ele>9.0</ele></trkpt><trkpt lat="55.5800439" lon="14.3334315"><ele>9.0</ele></trkpt><trkpt lat="55.5802140" lon="14.3331989"><ele>6.0</ele></trkpt><trkpt lat="55.5803780" lon="14.3330174"><ele>6.0</ele></trkpt><trkpt lat="55.5805466" lon="14.3331126"><ele>4.0</ele></trkpt><trkpt lat="55.5807157" lon="14.3331549"><ele>4.5</ele></trkpt><trkpt lat="55.5808858" lon="14.3331459"><ele>4.2</ele></trkpt><trkpt lat="55.5810655" lon="14.3331890"><ele>5.1</ele></trkpt><trkpt lat="55.5812270" lon="14.3332689"><ele>6.0</ele></trkpt><trkpt lat="55.5813956" lon="14.3333148"><ele>6.0</ele></trkpt><trkpt lat="55.5816048" lon="14.3334378"><ele>6.0</ele></trkpt><trkpt lat="55.5817799" lon="14.3335564"><ele>5.0</ele></trkpt><trkpt lat="55.5819140" lon="14.3335465" /><trkpt lat="55.5820998" lon="14.3335133"><ele>5.0</ele></trkpt><trkpt lat="55.5823095" lon="14.3336498"><ele>5.0</ele></trkpt><trkpt lat="55.5825375" lon="14.3337477"><ele>5.0</ele></trkpt><trkpt lat="55.5827579" lon="14.3338106"><ele>5.0</ele></trkpt><trkpt lat="55.5830056" lon="14.3338555"><ele>7.0</ele></trkpt><trkpt lat="55.5831498" lon="14.3337909" /><trkpt lat="55.5833458" lon="14.3337334"><ele>7.0</ele></trkpt><trkpt lat="55.5835586" lon="14.3336112"><ele>7.0</ele></trkpt><trkpt lat="55.5836860" lon="14.3334010"><ele>7.0</ele></trkpt><trkpt lat="55.5838459" lon="14.3332114"><ele>4.0</ele></trkpt><trkpt lat="55.5840186" lon="14.3329869"><ele>4.0</ele></trkpt><trkpt lat="55.5842775" lon="14.3328611"><ele>4.0</ele></trkpt><trkpt lat="55.5844070" lon="14.3327479" /><trkpt lat="55.5847456" lon="14.3325575"><ele>4.0</ele></trkpt><trkpt lat="55.5850497" lon="14.3326132" /><trkpt lat="55.5852467" lon="14.3324676"><ele>5.0</ele></trkpt><trkpt lat="55.5854996" lon="14.3322817"><ele>5.0</ele></trkpt><trkpt lat="55.5856559" lon="14.3322215"><ele>6.0</ele></trkpt><trkpt lat="55.5857778" lon="14.3319951"><ele>6.5</ele></trkpt><trkpt lat="55.5859550" lon="14.3318819"><ele>5.7</ele></trkpt><trkpt lat="55.5861276" lon="14.3317211"><ele>5.0</ele></trkpt><trkpt lat="55.5862469" lon="14.3314786"><ele>5.0</ele></trkpt><trkpt lat="55.5864109" lon="14.3311148"><ele>5.0</ele></trkpt><trkpt lat="55.5865997" lon="14.3309118"><ele>4.0</ele></trkpt><trkpt lat="55.5867729" lon="14.3306288"><ele>4.0</ele></trkpt><trkpt lat="55.5869668" lon="14.3304572"><ele>6.0</ele></trkpt><trkpt lat="55.5871430" lon="14.3301967"><ele>5.5</ele></trkpt><trkpt lat="55.5872679" lon="14.3299847"><ele>6.7</ele></trkpt><trkpt lat="55.5874136" lon="14.3297449"><ele>6.3</ele></trkpt><trkpt lat="55.5876136" lon="14.3295436"><ele>7.6</ele></trkpt><trkpt lat="55.5878690" lon="14.3292714"><ele>9.0</ele></trkpt><trkpt lat="55.5879888" lon="14.3290585"><ele>9.0</ele></trkpt><trkpt lat="55.5881578" lon="14.3288879"><ele>9.0</ele></trkpt><trkpt lat="55.5883386" lon="14.3288295"><ele>11.0</ele></trkpt><trkpt lat="55.5885609" lon="14.3287289"><ele>11.0</ele></trkpt><trkpt lat="55.5887665" lon="14.3284324"><ele>8.0</ele></trkpt><trkpt lat="55.5888706" lon="14.3281414"><ele>6.5</ele></trkpt><trkpt lat="55.5890635" lon="14.3279608"><ele>6.2</ele></trkpt><trkpt lat="55.5890300" lon="14.3279338" /><trkpt lat="55.5890909" lon="14.3277398"><ele>6.0</ele></trkpt><trkpt lat="55.5892478" lon="14.3273715"><ele>6.0</ele></trkpt><trkpt lat="55.5894417" lon="14.3269951"><ele>5.5</ele></trkpt><trkpt lat="55.5895838" lon="14.3265738"><ele>5.0</ele></trkpt><trkpt lat="55.5897057" lon="14.3261103"><ele>5.0</ele></trkpt><trkpt lat="55.5898138" lon="14.3258525"><ele>5.0</ele></trkpt><trkpt lat="55.5899443" lon="14.3255641"><ele>7.0</ele></trkpt><trkpt lat="55.5901037" lon="14.3252155"><ele>6.5</ele></trkpt><trkpt lat="55.5901595" lon="14.3249964" /><trkpt lat="55.5902418" lon="14.3248023"><ele>6.0</ele></trkpt><trkpt lat="55.5902418" lon="14.3246029" /><trkpt lat="55.5903088" lon="14.3241528"><ele>6.0</ele></trkpt><trkpt lat="55.5904189" lon="14.3238753"><ele>6.0</ele></trkpt><trkpt lat="55.5905778" lon="14.3235761"><ele>6.0</ele></trkpt><trkpt lat="55.5906905" lon="14.3233893"><ele>7.0</ele></trkpt><trkpt lat="55.5907687" lon="14.3230919"><ele>7.0</ele></trkpt><trkpt lat="55.5909778" lon="14.3228018"><ele>7.0</ele></trkpt><trkpt lat="55.5911575" lon="14.3225179"><ele>7.0</ele></trkpt><trkpt lat="55.5912367" lon="14.3220993"><ele>7.0</ele></trkpt><trkpt lat="55.5913748" lon="14.3217732"><ele>7.0</ele></trkpt><trkpt lat="55.5915048" lon="14.3215819"><ele>7.0</ele></trkpt><trkpt lat="55.5916667" lon="14.3213016"><ele>7.0</ele></trkpt><trkpt lat="55.5916966" lon="14.3207958"><ele>7.0</ele></trkpt><trkpt lat="55.5917439" lon="14.3204060"><ele>7.0</ele></trkpt><trkpt lat="55.5918697" lon="14.3200404"><ele>10.0</ele></trkpt><trkpt lat="55.5919337" lon="14.3197852"><ele>10.0</ele></trkpt><trkpt lat="55.5920885" lon="14.3195813"><ele>12.5</ele></trkpt><trkpt lat="55.5922875" lon="14.3193253"><ele>10.2</ele></trkpt><trkpt lat="55.5924078" lon="14.3188851"><ele>9.6</ele></trkpt><trkpt lat="55.5924840" lon="14.3187576" /><trkpt lat="55.5926657" lon="14.3184935"><ele>9.0</ele></trkpt><trkpt lat="55.5928114" lon="14.3182617"><ele>9.0</ele></trkpt><trkpt lat="55.5929667" lon="14.3180155" /><trkpt lat="55.5931586" lon="14.3177128" /><trkpt lat="55.5932829" lon="14.3174487" /><trkpt lat="55.5933007" lon="14.3171613"><ele>7.0</ele></trkpt><trkpt lat="55.5933829" lon="14.3168945"><ele>7.0</ele></trkpt><trkpt lat="55.5934398" lon="14.3165306"><ele>7.0</ele></trkpt><trkpt lat="55.5934596" lon="14.3162279"><ele>9.0</ele></trkpt><trkpt lat="55.5934337" lon="14.3158542"><ele>7.5</ele></trkpt><trkpt lat="55.5934109" lon="14.3155119"><ele>6.0</ele></trkpt><trkpt lat="55.5934936" lon="14.3150834"><ele>6.0</ele></trkpt><trkpt lat="55.5936408" lon="14.3146918"><ele>5.0</ele></trkpt><trkpt lat="55.5936977" lon="14.3143136"><ele>5.0</ele></trkpt><trkpt lat="55.5938286" lon="14.3140917"><ele>6.0</ele></trkpt><trkpt lat="55.5939469" lon="14.3138519"><ele>6.0</ele></trkpt><trkpt lat="55.5941256" lon="14.3136174"><ele>6.0</ele></trkpt><trkpt lat="55.5942758" lon="14.3133515"><ele>7.0</ele></trkpt><trkpt lat="55.5943890" lon="14.3130317"><ele>7.0</ele></trkpt><trkpt lat="55.5945626" lon="14.3128179"><ele>6.0</ele></trkpt><trkpt lat="55.5947255" lon="14.3126382"><ele>6.0</ele></trkpt><trkpt lat="55.5948407" lon="14.3124783" /><trkpt lat="55.5950296" lon="14.3124262"><ele>6.0</ele></trkpt><trkpt lat="55.5952428" lon="14.3123005"><ele>7.0</ele></trkpt><trkpt lat="55.5954047" lon="14.3122052"><ele>8.0</ele></trkpt><trkpt lat="55.5955757" lon="14.3120948"><ele>8.0</ele></trkpt><trkpt lat="55.5958077" lon="14.3120723"><ele>9.0</ele></trkpt><trkpt lat="55.5959828" lon="14.3119438"><ele>11.0</ele></trkpt><trkpt lat="55.5961539" lon="14.3117714"><ele>11.0</ele></trkpt><trkpt lat="55.5963147" lon="14.3114174"><ele>11.0</ele></trkpt><trkpt lat="55.5964878" lon="14.3111767"><ele>11.0</ele></trkpt><trkpt lat="55.5966218" lon="14.3109665"><ele>11.0</ele></trkpt><trkpt lat="55.5967579" lon="14.3108138"><ele>11.0</ele></trkpt><trkpt lat="55.5969649" lon="14.3107266"><ele>11.0</ele></trkpt><trkpt lat="55.5971497" lon="14.3108093"><ele>11.0</ele></trkpt><trkpt lat="55.5973867" lon="14.3107239"><ele>11.0</ele></trkpt><trkpt lat="55.5975288" lon="14.3106314" /><trkpt lat="55.5976085" lon="14.3103583"><ele>11.0</ele></trkpt><trkpt lat="55.5977166" lon="14.3101535"><ele>11.0</ele></trkpt><trkpt lat="55.5978090" lon="14.3099226"><ele>10.0</ele></trkpt><trkpt lat="55.5979729" lon="14.3096657"><ele>8.0</ele></trkpt><trkpt lat="55.5980536" lon="14.3094492" /><trkpt lat="55.5983089" lon="14.3091950"><ele>8.0</ele></trkpt><trkpt lat="55.5984566" lon="14.3090917"><ele>7.0</ele></trkpt><trkpt lat="55.5985977" lon="14.3090962" /><trkpt lat="55.5987916" lon="14.3089462"><ele>7.0</ele></trkpt><trkpt lat="55.5989687" lon="14.3088806"><ele>7.0</ele></trkpt><trkpt lat="55.5991286" lon="14.3087422"><ele>7.0</ele></trkpt><trkpt lat="55.5993240" lon="14.3085473"><ele>4.0</ele></trkpt><trkpt lat="55.5995169" lon="14.3083084"><ele>4.0</ele></trkpt><trkpt lat="55.5996706" lon="14.3081233"><ele>6.0</ele></trkpt><trkpt lat="55.5998290" lon="14.3079984"><ele>8.0</ele></trkpt><trkpt lat="55.6000259" lon="14.3077532"><ele>8.0</ele></trkpt><trkpt lat="55.6001376" lon="14.3075205"><ele>7.0</ele></trkpt><trkpt lat="55.6003690" lon="14.3073678"><ele>7.0</ele></trkpt><trkpt lat="55.6005517" lon="14.3074514"><ele>9.0</ele></trkpt><trkpt lat="55.6006709" lon="14.3074388" /><trkpt lat="55.6008917" lon="14.3071756"><ele>9.0</ele></trkpt><trkpt lat="55.6010440" lon="14.3068198"><ele>8.0</ele></trkpt><trkpt lat="55.6010907" lon="14.3064857"><ele>7.0</ele></trkpt><trkpt lat="55.6011368" lon="14.3062602" /><trkpt lat="55.6012668" lon="14.3061434"><ele>7.0</ele></trkpt><trkpt lat="55.6013667" lon="14.3057877"><ele>6.0</ele></trkpt><trkpt lat="55.6015667" lon="14.3054212"><ele>6.0</ele></trkpt><trkpt lat="55.6017935" lon="14.3051436"><ele>5.0</ele></trkpt><trkpt lat="55.6020026" lon="14.3049343"><ele>8.0</ele></trkpt><trkpt lat="55.6021828" lon="14.3047483"><ele>11.0</ele></trkpt><trkpt lat="55.6023959" lon="14.3046046"><ele>12.0</ele></trkpt><trkpt lat="55.6025776" lon="14.3044887"><ele>12.0</ele></trkpt><trkpt lat="55.6027309" lon="14.3042614"><ele>10.0</ele></trkpt><trkpt lat="55.6028349" lon="14.3041429" /><trkpt lat="55.6030166" lon="14.3039578"><ele>10.0</ele></trkpt><trkpt lat="55.6031770" lon="14.3035805"><ele>10.0</ele></trkpt><trkpt lat="55.6034089" lon="14.3032275"><ele>10.0</ele></trkpt><trkpt lat="55.6035215" lon="14.3029786"><ele>11.0</ele></trkpt><trkpt lat="55.6035657" lon="14.3027262" /><trkpt lat="55.6035555" lon="14.3024522"><ele>11.0</ele></trkpt><trkpt lat="55.6035809" lon="14.3020705"><ele>11.0</ele></trkpt><trkpt lat="55.6037118" lon="14.3017956"><ele>11.0</ele></trkpt><trkpt lat="55.6039305" lon="14.3015288"><ele>9.0</ele></trkpt><trkpt lat="55.6040655" lon="14.3013177"><ele>8.5</ele></trkpt><trkpt lat="55.6042056" lon="14.3010625"><ele>8.7</ele></trkpt><trkpt lat="55.6043670" lon="14.3008631"><ele>9.0</ele></trkpt><trkpt lat="55.6045238" lon="14.3005739"><ele>8.0</ele></trkpt><trkpt lat="55.6046136" lon="14.3003286"><ele>8.5</ele></trkpt><trkpt lat="55.6048029" lon="14.2999666"><ele>7.7</ele></trkpt><trkpt lat="55.6049358" lon="14.2999001" /><trkpt lat="55.6050627" lon="14.2996908"><ele>7.0</ele></trkpt><trkpt lat="55.6052099" lon="14.2994815"><ele>6.0</ele></trkpt><trkpt lat="55.6054580" lon="14.2992740"><ele>6.0</ele></trkpt><trkpt lat="55.6056356" lon="14.2990638"><ele>6.0</ele></trkpt><trkpt lat="55.6058660" lon="14.2988769"><ele>5.0</ele></trkpt><trkpt lat="55.6060649" lon="14.2987206"><ele>5.0</ele></trkpt><trkpt lat="55.6063409" lon="14.2985014"><ele>5.0</ele></trkpt><trkpt lat="55.6065038" lon="14.2982634"><ele>5.0</ele></trkpt><trkpt lat="55.6066408" lon="14.2981754" /><trkpt lat="55.6067606" lon="14.2982212"><ele>5.0</ele></trkpt><trkpt lat="55.6069930" lon="14.2981736"><ele>8.0</ele></trkpt><trkpt lat="55.6071488" lon="14.2981772"><ele>9.0</ele></trkpt><trkpt lat="55.6073690" lon="14.2981969"><ele>9.0</ele></trkpt><trkpt lat="55.6076537" lon="14.2981044"><ele>11.0</ele></trkpt><trkpt lat="55.6078719" lon="14.2981233"><ele>10.0</ele></trkpt><trkpt lat="55.6081428" lon="14.2980756"><ele>10.5</ele></trkpt><trkpt lat="55.6084407" lon="14.2981295"><ele>11.0</ele></trkpt><trkpt lat="55.6086386" lon="14.2980415"><ele>12.0</ele></trkpt><trkpt lat="55.6087756" lon="14.2978852"><ele>12.0</ele></trkpt><trkpt lat="55.6090257" lon="14.2977415"><ele>12.0</ele></trkpt><trkpt lat="55.6091855" lon="14.2975977"><ele>9.0</ele></trkpt><trkpt lat="55.6094007" lon="14.2974513"><ele>6.0</ele></trkpt><trkpt lat="55.6096417" lon="14.2973193"><ele>6.0</ele></trkpt><trkpt lat="55.6097797" lon="14.2972537" /><trkpt lat="55.6099649" lon="14.2972357"><ele>7.0</ele></trkpt><trkpt lat="55.6101780" lon="14.2972699"><ele>7.0</ele></trkpt><trkpt lat="55.6103749" lon="14.2973875"><ele>8.0</ele></trkpt><trkpt lat="55.6105768" lon="14.2974738"><ele>9.0</ele></trkpt><trkpt lat="55.6108878" lon="14.2974531"><ele>9.0</ele></trkpt><trkpt lat="55.6111359" lon="14.2973354"><ele>9.0</ele></trkpt><trkpt lat="55.6114175" lon="14.2974055"><ele>8.5</ele></trkpt><trkpt lat="55.6116058" lon="14.2974738"><ele>10.2</ele></trkpt><trkpt lat="55.6116915" lon="14.2972896" /><trkpt lat="55.6118899" lon="14.2971234"><ele>9.6</ele></trkpt><trkpt lat="55.6121248" lon="14.2968737"><ele>9.0</ele></trkpt><trkpt lat="55.6122318" lon="14.2967111" /><trkpt lat="55.6123749" lon="14.2964057"><ele>5.0</ele></trkpt><trkpt lat="55.6125545" lon="14.2961874"><ele>8.0</ele></trkpt><trkpt lat="55.6127519" lon="14.2959754"><ele>11.0</ele></trkpt><trkpt lat="55.6129416" lon="14.2955783"><ele>11.0</ele></trkpt><trkpt lat="55.6130700" lon="14.2952702"><ele>10.0</ele></trkpt><trkpt lat="55.6131319" lon="14.2949630"><ele>10.5</ele></trkpt><trkpt lat="55.6132775" lon="14.2947007"><ele>11.0</ele></trkpt><trkpt lat="55.6134038" lon="14.2944267"><ele>10.5</ele></trkpt><trkpt lat="55.6135647" lon="14.2940979"><ele>10.0</ele></trkpt><trkpt lat="55.6136687" lon="14.2937332"><ele>9.0</ele></trkpt><trkpt lat="55.6137955" lon="14.2934835"><ele>5.0</ele></trkpt><trkpt lat="55.6139178" lon="14.2931637"><ele>7.0</ele></trkpt><trkpt lat="55.6140558" lon="14.2929031"><ele>6.0</ele></trkpt><trkpt lat="55.6141679" lon="14.2926058"><ele>7.5</ele></trkpt><trkpt lat="55.6142856" lon="14.2923255"><ele>9.0</ele></trkpt><trkpt lat="55.6143987" lon="14.2920453"><ele>9.0</ele></trkpt><trkpt lat="55.6144936" lon="14.2917677"><ele>9.0</ele></trkpt><trkpt lat="55.6146296" lon="14.2915000"><ele>8.0</ele></trkpt><trkpt lat="55.6147488" lon="14.2912853"><ele>8.0</ele></trkpt><trkpt lat="55.6148386" lon="14.2910086"><ele>8.0</ele></trkpt><trkpt lat="55.6149360" lon="14.2907292"><ele>8.0</ele></trkpt><trkpt lat="55.6150085" lon="14.2904202"><ele>6.0</ele></trkpt><trkpt lat="55.6151465" lon="14.2902019"><ele>5.0</ele></trkpt><trkpt lat="55.6153185" lon="14.2900178"><ele>4.0</ele></trkpt><trkpt lat="55.6154489" lon="14.2897168"><ele>4.0</ele></trkpt><trkpt lat="55.6155326" lon="14.2893934"><ele>8.0</ele></trkpt><trkpt lat="55.6155788" lon="14.2890539"><ele>8.0</ele></trkpt><trkpt lat="55.6155539" lon="14.2887215"><ele>9.0</ele></trkpt><trkpt lat="55.6155179" lon="14.2883622"><ele>9.5</ele></trkpt><trkpt lat="55.6155539" lon="14.2880019"><ele>10.0</ele></trkpt><trkpt lat="55.6155879" lon="14.2876525"><ele>10.0</ele></trkpt><trkpt lat="55.6156209" lon="14.2873336"><ele>5.0</ele></trkpt><trkpt lat="55.6156888" lon="14.2870129"><ele>4.0</ele></trkpt><trkpt lat="55.6157736" lon="14.2867227"><ele>4.0</ele></trkpt><trkpt lat="55.6158507" lon="14.2864407"><ele>5.0</ele></trkpt><trkpt lat="55.6159816" lon="14.2862358"><ele>5.0</ele></trkpt><trkpt lat="55.6160800" lon="14.2859888"><ele>5.0</ele></trkpt><trkpt lat="55.6161586" lon="14.2856879"><ele>8.0</ele></trkpt><trkpt lat="55.6162996" lon="14.2854633"><ele>7.0</ele></trkpt><trkpt lat="55.6163778" lon="14.2852764" /><trkpt lat="55.6165046" lon="14.2850716"><ele>6.0</ele></trkpt><trkpt lat="55.6166857" lon="14.2848363"><ele>5.0</ele></trkpt><trkpt lat="55.6167359" lon="14.2849099" /><trkpt lat="55.6166319" lon="14.2849809"><ele>5.0</ele></trkpt><trkpt lat="55.6165538" lon="14.2850321" /><trkpt lat="55.6165827" lon="14.2849108"><ele>9.0</ele></trkpt><trkpt lat="55.6165386" lon="14.2851408" /><trkpt lat="55.6165548" lon="14.2851534"><ele>9.0</ele></trkpt><trkpt lat="55.6167238" lon="14.2848974"><ele>9.0</ele></trkpt><trkpt lat="55.6169546" lon="14.2847473"><ele>15.0</ele></trkpt><trkpt lat="55.6171519" lon="14.2844024"><ele>17.0</ele></trkpt><trkpt lat="55.6174436" lon="14.2843144"><ele>20.0</ele></trkpt><trkpt lat="55.6176496" lon="14.2842649"><ele>17.5</ele></trkpt><trkpt lat="55.6178956" lon="14.2842057"><ele>15.0</ele></trkpt><trkpt lat="55.6180006" lon="14.2841015" /><trkpt lat="55.6180950" lon="14.2840709"><ele>15.0</ele></trkpt><trkpt lat="55.6182340" lon="14.2838769"><ele>15.0</ele></trkpt><trkpt lat="55.6184237" lon="14.2837062"><ele>15.0</ele></trkpt><trkpt lat="55.6186626" lon="14.2833388"><ele>18.5</ele></trkpt><trkpt lat="55.6189056" lon="14.2832705"><ele>18.2</ele></trkpt><trkpt lat="55.6191029" lon="14.2833055"><ele>18.0</ele></trkpt><trkpt lat="55.6192226" lon="14.2833271" /><trkpt lat="55.6191420" lon="14.2833711"><ele>11.0</ele></trkpt><trkpt lat="55.6193058" lon="14.2833217"><ele>11.0</ele></trkpt><trkpt lat="55.6195148" lon="14.2830585" /><trkpt lat="55.6196908" lon="14.2829435"><ele>9.0</ele></trkpt><trkpt lat="55.6199348" lon="14.2828555"><ele>9.5</ele></trkpt><trkpt lat="55.6200906" lon="14.2827612"><ele>10.0</ele></trkpt><trkpt lat="55.6202027" lon="14.2827118" /><trkpt lat="55.6203199" lon="14.2826956" /><trkpt lat="55.6202808" lon="14.2826174" /><trkpt lat="55.6207845" lon="14.2827737"><ele>9.5</ele></trkpt><trkpt lat="55.6208707" lon="14.2827154" /><trkpt lat="55.6210599" lon="14.2826749"><ele>9.0</ele></trkpt><trkpt lat="55.6213486" lon="14.2824423"><ele>6.0</ele></trkpt><trkpt lat="55.6215809" lon="14.2823452"><ele>6.0</ele></trkpt><trkpt lat="55.6218320" lon="14.2821494"><ele>9.0</ele></trkpt><trkpt lat="55.6220039" lon="14.2819473"><ele>11.0</ele></trkpt><trkpt lat="55.6222717" lon="14.2821225"><ele>18.0</ele></trkpt><trkpt lat="55.6225938" lon="14.2821665"><ele>23.0</ele></trkpt><trkpt lat="55.6229266" lon="14.2819841"><ele>23.0</ele></trkpt><trkpt lat="55.6231847" lon="14.2819194"><ele>17.0</ele></trkpt><trkpt lat="55.6232907" lon="14.2818476" /><trkpt lat="55.6232065" lon="14.2819814"><ele>8.0</ele></trkpt><trkpt lat="55.6232679" lon="14.2818206" /><trkpt lat="55.6234089" lon="14.2817568"><ele>8.0</ele></trkpt><trkpt lat="55.6235956" lon="14.2817191"><ele>7.5</ele></trkpt><trkpt lat="55.6238497" lon="14.2815215"><ele>7.0</ele></trkpt><trkpt lat="55.6240029" lon="14.2813805"><ele>10.0</ele></trkpt><trkpt lat="55.6241687" lon="14.2813634"><ele>5.0</ele></trkpt><trkpt lat="55.6243457" lon="14.2813409"><ele>5.0</ele></trkpt><trkpt lat="55.6244477" lon="14.2813652" /><trkpt lat="55.6245588" lon="14.2813023"><ele>5.0</ele></trkpt><trkpt lat="55.6246516" lon="14.2811927" /><trkpt lat="55.6247885" lon="14.2811711"><ele>8.0</ele></trkpt><trkpt lat="55.6250690" lon="14.2811613"><ele>8.0</ele></trkpt><trkpt lat="55.6251699" lon="14.2811047" /><trkpt lat="55.6253576" lon="14.2811217"><ele>10.0</ele></trkpt><trkpt lat="55.6255067" lon="14.2810121"><ele>10.0</ele></trkpt><trkpt lat="55.6256249" lon="14.2808999" /><trkpt lat="55.6258526" lon="14.2808675"><ele>10.0</ele></trkpt><trkpt lat="55.6260879" lon="14.2808046"><ele>10.0</ele></trkpt><trkpt lat="55.6262208" lon="14.2807112" /><trkpt lat="55.6265256" lon="14.2806232"><ele>10.0</ele></trkpt><trkpt lat="55.6266687" lon="14.2806780" /><trkpt lat="55.6267706" lon="14.2806259" /><trkpt lat="55.6268867" lon="14.2806537" /><trkpt lat="55.6269719" lon="14.2805765" /><trkpt lat="55.6270719" lon="14.2806196" /><trkpt lat="55.6271839" lon="14.2805127" /><trkpt lat="55.6272940" lon="14.2805639" /><trkpt lat="55.6273868" lon="14.2804678" /><trkpt lat="55.6274568" lon="14.2803133" /><trkpt lat="55.6275085" lon="14.2805046" /><trkpt lat="55.6276029" lon="14.2804516" /><trkpt lat="55.6275750" lon="14.2806349" /><trkpt lat="55.6275040" lon="14.2805118" /><trkpt lat="55.6275679" lon="14.2803734" /><trkpt lat="55.6276698" lon="14.2803815" /><trkpt lat="55.6277707" lon="14.2803923"><ele>0.0</ele></trkpt><trkpt lat="55.6280715" lon="14.2803267"><ele>0.0</ele></trkpt><trkpt lat="55.6283722" lon="14.2802621"><ele>0.0</ele></trkpt><trkpt lat="55.6286735" lon="14.2801974"><ele>9.0</ele></trkpt><trkpt lat="55.6292541" lon="14.2800734"><ele>10.0</ele></trkpt><trkpt lat="55.6295518" lon="14.2800087"><ele>10.0</ele></trkpt><trkpt lat="55.6298500" lon="14.2799449"><ele>10.0</ele></trkpt><trkpt lat="55.6301482" lon="14.2798812"><ele>10.0</ele></trkpt><trkpt lat="55.6306706" lon="14.2797698"><ele>10.0</ele></trkpt><trkpt lat="55.6309272" lon="14.2796862"><ele>13.0</ele></trkpt><trkpt lat="55.6311843" lon="14.2796027"><ele>14.0</ele></trkpt><trkpt lat="55.6314921" lon="14.2795039"><ele>14.0</ele></trkpt><trkpt lat="55.6317710" lon="14.2794131"><ele>10.0</ele></trkpt><trkpt lat="55.6320499" lon="14.2793224"><ele>0.0</ele></trkpt><trkpt lat="55.6325900" lon="14.2791481"><ele>0.0</ele></trkpt><trkpt lat="55.6328922" lon="14.2790637"><ele>0.0</ele></trkpt><trkpt lat="55.6331944" lon="14.2789802"><ele>3.5</ele></trkpt><trkpt lat="55.6334966" lon="14.2788966"><ele>7.0</ele></trkpt><trkpt lat="55.6337989" lon="14.2788131"><ele>10.0</ele></trkpt><trkpt lat="55.6341356" lon="14.2787205"><ele>11.0</ele></trkpt><trkpt lat="55.6344089" lon="14.2786559"><ele>17.0</ele></trkpt><trkpt lat="55.6346822" lon="14.2785921"><ele>16.5</ele></trkpt><trkpt lat="55.6351320" lon="14.2784879"><ele>16.0</ele></trkpt><trkpt lat="55.6353926" lon="14.2784268"><ele>14.0</ele></trkpt><trkpt lat="55.6356537" lon="14.2783657"><ele>16.5</ele></trkpt><trkpt lat="55.6359813" lon="14.2782902"><ele>15.7</ele></trkpt><trkpt lat="55.6362434" lon="14.2782804"><ele>19.3</ele></trkpt><trkpt lat="55.6365056" lon="14.2782705"><ele>20.6</ele></trkpt><trkpt lat="55.6368260" lon="14.2782588"><ele>20.8</ele></trkpt><trkpt lat="55.6370978" lon="14.2782480"><ele>18.4</ele></trkpt><trkpt lat="55.6373696" lon="14.2782381"><ele>16.0</ele></trkpt><trkpt lat="55.6377803" lon="14.2782238"><ele>10.0</ele></trkpt><trkpt lat="55.6380505" lon="14.2781672"><ele>10.0</ele></trkpt><trkpt lat="55.6383213" lon="14.2781115"><ele>10.0</ele></trkpt><trkpt lat="55.6387340" lon="14.2780261"><ele>9.5</ele></trkpt><trkpt lat="55.6389768" lon="14.2779758"><ele>9.0</ele></trkpt><trkpt lat="55.6394154" lon="14.2778851"><ele>7.0</ele></trkpt><trkpt lat="55.6396861" lon="14.2778285"><ele>6.5</ele></trkpt><trkpt lat="55.6399569" lon="14.2777728"><ele>6.7</ele></trkpt><trkpt lat="55.6403716" lon="14.2776884"><ele>7.0</ele></trkpt><trkpt lat="55.6405080" lon="14.2777225" /><trkpt lat="55.6406870" lon="14.2777396"><ele>9.0</ele></trkpt><trkpt lat="55.6410119" lon="14.2777782"><ele>11.0</ele></trkpt><trkpt lat="55.6412178" lon="14.2777611"><ele>11.0</ele></trkpt><trkpt lat="55.6414246" lon="14.2776704"><ele>11.0</ele></trkpt><trkpt lat="55.6416817" lon="14.2776003"><ele>14.0</ele></trkpt><trkpt lat="55.6418409" lon="14.2776138"><ele>12.0</ele></trkpt><trkpt lat="55.6421319" lon="14.2776048"><ele>10.0</ele></trkpt><trkpt lat="55.6423118" lon="14.2776596"><ele>8.0</ele></trkpt><trkpt lat="55.6425400" lon="14.2775141"><ele>9.0</ele></trkpt><trkpt lat="55.6427838" lon="14.2774521"><ele>9.0</ele></trkpt><trkpt lat="55.6430677" lon="14.2774782"><ele>9.0</ele></trkpt><trkpt lat="55.6432376" lon="14.2775015"><ele>8.0</ele></trkpt><trkpt lat="55.6433689" lon="14.2774845" /><trkpt lat="55.6435468" lon="14.2774386"><ele>8.5</ele></trkpt><trkpt lat="55.6436948" lon="14.2774315" /><trkpt lat="55.6438596" lon="14.2773587"><ele>6.7</ele></trkpt><trkpt lat="55.6440639" lon="14.2772778"><ele>5.0</ele></trkpt><trkpt lat="55.6442996" lon="14.2772698"><ele>6.5</ele></trkpt><trkpt lat="55.6445800" lon="14.2772680"><ele>6.2</ele></trkpt><trkpt lat="55.6447619" lon="14.2772159"><ele>6.6</ele></trkpt><trkpt lat="55.6449708" lon="14.2772105"><ele>7.0</ele></trkpt><trkpt lat="55.6451756" lon="14.2772177"><ele>7.0</ele></trkpt><trkpt lat="55.6454615" lon="14.2771871"><ele>9.0</ele></trkpt><trkpt lat="55.6456278" lon="14.2772841"><ele>11.5</ele></trkpt><trkpt lat="55.6458326" lon="14.2772644"><ele>9.2</ele></trkpt><trkpt lat="55.6460039" lon="14.2772024"><ele>7.0</ele></trkpt><trkpt lat="55.6461869" lon="14.2772365"><ele>9.0</ele></trkpt><trkpt lat="55.6464409" lon="14.2771638"><ele>8.5</ele></trkpt><trkpt lat="55.6466538" lon="14.2770811"><ele>8.7</ele></trkpt><trkpt lat="55.6468378" lon="14.2771620"><ele>7.8</ele></trkpt><trkpt lat="55.6470679" lon="14.2771763"><ele>9.9</ele></trkpt><trkpt lat="55.6472768" lon="14.2771332"><ele>9.4</ele></trkpt><trkpt lat="55.6475546" lon="14.2769886"><ele>9.0</ele></trkpt><trkpt lat="55.6477660" lon="14.2769652"><ele>5.0</ele></trkpt><trkpt lat="55.6479358" lon="14.2769706"><ele>5.0</ele></trkpt><trkpt lat="55.6482277" lon="14.2769392"><ele>5.5</ele></trkpt><trkpt lat="55.6483737" lon="14.2769185" /><trkpt lat="55.6485319" lon="14.2768790"><ele>5.2</ele></trkpt><trkpt lat="55.6486490" lon="14.2768547" /><trkpt lat="55.6487970" lon="14.2768862"><ele>5.0</ele></trkpt><trkpt lat="55.6489399" lon="14.2768997" /><trkpt lat="55.6491097" lon="14.2769149"><ele>3.0</ele></trkpt><trkpt lat="55.6492866" lon="14.2769266"><ele>0.0</ele></trkpt><trkpt lat="55.6494326" lon="14.2769410" /><trkpt lat="55.6496516" lon="14.2769275"><ele>0.0</ele></trkpt><trkpt lat="55.6498026" lon="14.2767658"><ele>1.5</ele></trkpt><trkpt lat="55.6500368" lon="14.2767353"><ele>3.0</ele></trkpt><trkpt lat="55.6502968" lon="14.2767038"><ele>3.0</ele></trkpt><trkpt lat="55.6504570" lon="14.2766993"><ele>3.0</ele></trkpt><trkpt lat="55.6506998" lon="14.2766993"><ele>6.0</ele></trkpt><trkpt lat="55.6509786" lon="14.2766607"><ele>7.0</ele></trkpt><trkpt lat="55.6511169" lon="14.2766553" /><trkpt lat="55.6512847" lon="14.2767092"><ele>7.0</ele></trkpt><trkpt lat="55.6514307" lon="14.2767218" /><trkpt lat="55.6516537" lon="14.2766688" /><trkpt lat="55.6519066" lon="14.2766535" /><trkpt lat="55.6520597" lon="14.2766715"><ele>7.5</ele></trkpt><trkpt lat="55.6522026" lon="14.2766104" /><trkpt lat="55.6523906" lon="14.2766356"><ele>7.2</ele></trkpt><trkpt lat="55.6525386" lon="14.2766140" /><trkpt lat="55.6527986" lon="14.2766472"><ele>7.0</ele></trkpt><trkpt lat="55.6529056" lon="14.2765673" /><trkpt lat="55.6530267" lon="14.2766320"><ele>3.0</ele></trkpt><trkpt lat="55.6532538" lon="14.2766733"><ele>3.0</ele></trkpt><trkpt lat="55.6533257" lon="14.2766032" /><trkpt lat="55.6534398" lon="14.2766338"><ele>3.0</ele></trkpt><trkpt lat="55.6535498" lon="14.2766472" /><trkpt lat="55.6536658" lon="14.2765556"><ele>5.0</ele></trkpt><trkpt lat="55.6537525" lon="14.2766293" /><trkpt lat="55.6538919" lon="14.2765996"><ele>5.0</ele></trkpt><trkpt lat="55.6541610" lon="14.2766077"><ele>5.0</ele></trkpt><trkpt lat="55.6544357" lon="14.2764927"><ele>5.0</ele></trkpt><trkpt lat="55.6546389" lon="14.2763598"><ele>5.0</ele></trkpt><trkpt lat="55.6548579" lon="14.2763876"><ele>5.0</ele></trkpt><trkpt lat="55.6549749" lon="14.2763409" /><trkpt lat="55.6551447" lon="14.2763167"><ele>5.0</ele></trkpt><trkpt lat="55.6553196" lon="14.2764020"><ele>6.5</ele></trkpt><trkpt lat="55.6554706" lon="14.2763409"><ele>3.2</ele></trkpt><trkpt lat="55.6556247" lon="14.2762699"><ele>3.6</ele></trkpt><trkpt lat="55.6557468" lon="14.2762053" /><trkpt lat="55.6557716" lon="14.2760292"><ele>1.8</ele></trkpt><trkpt lat="55.6558228" lon="14.2758405" /><trkpt lat="55.6556870" lon="14.2756833"><ele>0.0</ele></trkpt><trkpt lat="55.6556343" lon="14.2754686" /><trkpt lat="55.6555567" lon="14.2752629"><ele>0.0</ele></trkpt><trkpt lat="55.6554569" lon="14.2751183" /><trkpt lat="55.6554275" lon="14.2748165"><ele>0.0</ele></trkpt><trkpt lat="55.6554518" lon="14.2744428"><ele>10.0</ele></trkpt><trkpt lat="55.6554833" lon="14.2739703"><ele>11.0</ele></trkpt><trkpt lat="55.6555106" lon="14.2737367" /><trkpt lat="55.6554468" lon="14.2734708"><ele>11.0</ele></trkpt><trkpt lat="55.6551016" lon="14.2732058"><ele>4.0</ele></trkpt><trkpt lat="55.6548705" lon="14.2731249"><ele>4.0</ele></trkpt><trkpt lat="55.6547388" lon="14.2729965" /><trkpt lat="55.6546931" lon="14.2726587"><ele>4.5</ele></trkpt><trkpt lat="55.6547976" lon="14.2721269"><ele>3.2</ele></trkpt><trkpt lat="55.6548837" lon="14.2719176" /><trkpt lat="55.6549111" lon="14.2713544"><ele>3.1</ele></trkpt><trkpt lat="55.6548974" lon="14.2710094"><ele>3.0</ele></trkpt><trkpt lat="55.6548837" lon="14.2706465"><ele>2.0</ele></trkpt><trkpt lat="55.6549020" lon="14.2702845"><ele>2.0</ele></trkpt><trkpt lat="55.6549547" lon="14.2698596"><ele>0.0</ele></trkpt><trkpt lat="55.6550520" lon="14.2690852"><ele>0.0</ele></trkpt><trkpt lat="55.6551037" lon="14.2687573"><ele>0.0</ele></trkpt><trkpt lat="55.6551564" lon="14.2684258"><ele>0.0</ele></trkpt><trkpt lat="55.6552927" lon="14.2681195"><ele>2.0</ele></trkpt><trkpt lat="55.6555192" lon="14.2679911"><ele>9.0</ele></trkpt><trkpt lat="55.6558193" lon="14.2677018"><ele>10.0</ele></trkpt><trkpt lat="55.6561370" lon="14.2676210"><ele>10.5</ele></trkpt><trkpt lat="55.6563362" lon="14.2675248"><ele>9.7</ele></trkpt><trkpt lat="55.6565729" lon="14.2674117"><ele>9.0</ele></trkpt><trkpt lat="55.6568359" lon="14.2669293"><ele>11.0</ele></trkpt><trkpt lat="55.6569114" lon="14.2665753"><ele>13.0</ele></trkpt><trkpt lat="55.6570087" lon="14.2661244"><ele>14.0</ele></trkpt><trkpt lat="55.6570715" lon="14.2657120"><ele>17.0</ele></trkpt><trkpt lat="55.6571810" lon="14.2649979"><ele>24.0</ele></trkpt><trkpt lat="55.6572631" lon="14.2645254"><ele>26.0</ele></trkpt><trkpt lat="55.6573452" lon="14.2640529"><ele>25.0</ele></trkpt><trkpt lat="55.6574896" lon="14.2632273"><ele>26.5</ele></trkpt><trkpt lat="55.6575682" lon="14.2628886"><ele>25.7</ele></trkpt><trkpt lat="55.6576619" lon="14.2624871"><ele>26.8</ele></trkpt><trkpt lat="55.6578033" lon="14.2622356"><ele>28.0</ele></trkpt><trkpt lat="55.6579619" lon="14.2619562"><ele>30.0</ele></trkpt><trkpt lat="55.6581500" lon="14.2617011"><ele>30.0</ele></trkpt><trkpt lat="55.6584611" lon="14.2612806"><ele>30.0</ele></trkpt><trkpt lat="55.6586582" lon="14.2611046"><ele>34.5</ele></trkpt><trkpt lat="55.6589329" lon="14.2608620"><ele>33.2</ele></trkpt><trkpt lat="55.6590692" lon="14.2605404"><ele>32.0</ele></trkpt><trkpt lat="55.6590956" lon="14.2601479"><ele>32.0</ele></trkpt><trkpt lat="55.6591331" lon="14.2595909"><ele>32.0</ele></trkpt><trkpt lat="55.6591508" lon="14.2592208"><ele>39.0</ele></trkpt><trkpt lat="55.6593966" lon="14.2594193"><ele>43.0</ele></trkpt><trkpt lat="55.6596423" lon="14.2596188"><ele>47.0</ele></trkpt><trkpt lat="55.6600042" lon="14.2599125"><ele>46.5</ele></trkpt><trkpt lat="55.6602190" lon="14.2600877"><ele>47.7</ele></trkpt><trkpt lat="55.6605763" lon="14.2603787"><ele>49.0</ele></trkpt><trkpt lat="55.6607688" lon="14.2605171"><ele>49.0</ele></trkpt><trkpt lat="55.6610029" lon="14.2606851"><ele>59.0</ele></trkpt><trkpt lat="55.6612249" lon="14.2607920"><ele>63.0</ele></trkpt><trkpt lat="55.6615659" lon="14.2609582"><ele>63.0</ele></trkpt><trkpt lat="55.6618269" lon="14.2608935"><ele>67.0</ele></trkpt><trkpt lat="55.6620883" lon="14.2608297"><ele>72.0</ele></trkpt><trkpt lat="55.6624192" lon="14.2607488"><ele>73.0</ele></trkpt><trkpt lat="55.6625905" lon="14.2605135"><ele>73.0</ele></trkpt><trkpt lat="55.6628185" lon="14.2602018"><ele>74.0</ele></trkpt><trkpt lat="55.6630876" lon="14.2600805"><ele>82.0</ele></trkpt><trkpt lat="55.6633566" lon="14.2599592"><ele>93.0</ele></trkpt><trkpt lat="55.6638172" lon="14.2597517"><ele>93.0</ele></trkpt><trkpt lat="55.6639500" lon="14.2593241"><ele>93.5</ele></trkpt><trkpt lat="55.6640827" lon="14.2588974"><ele>94.0</ele></trkpt><trkpt lat="55.6642981" lon="14.2582066"><ele>94.0</ele></trkpt><trkpt lat="55.6644825" lon="14.2580252"><ele>93.0</ele></trkpt><trkpt lat="55.6647130" lon="14.2577997"><ele>94.5</ele></trkpt><trkpt lat="55.6650039" lon="14.2574996"><ele>96.0</ele></trkpt><trkpt lat="55.6651974" lon="14.2570918"><ele>96.0</ele></trkpt><trkpt lat="55.6652111" lon="14.2565277"><ele>96.0</ele></trkpt><trkpt lat="55.6652248" lon="14.2559635"><ele>96.0</ele></trkpt><trkpt lat="55.6652385" lon="14.2553994"><ele>94.0</ele></trkpt><trkpt lat="55.6652521" lon="14.2548352"><ele>83.0</ele></trkpt><trkpt lat="55.6652658" lon="14.2542720"><ele>84.0</ele></trkpt><trkpt lat="55.6652820" lon="14.2536153"><ele>82.5</ele></trkpt><trkpt lat="55.6655967" lon="14.2534653"><ele>81.0</ele></trkpt><trkpt lat="55.6655430" lon="14.2529569"><ele>81.0</ele></trkpt><trkpt lat="55.6654898" lon="14.2524484"><ele>81.0</ele></trkpt><trkpt lat="55.6654361" lon="14.2519400"><ele>85.0</ele></trkpt><trkpt lat="55.6653666" lon="14.2512770"><ele>85.0</ele></trkpt><trkpt lat="55.6653114" lon="14.2507928"><ele>85.0</ele></trkpt><trkpt lat="55.6652562" lon="14.2503095"><ele>85.0</ele></trkpt><trkpt lat="55.6651609" lon="14.2494741"><ele>102.0</ele></trkpt><trkpt lat="55.6651184" lon="14.2491435"><ele>99.0</ele></trkpt><trkpt lat="55.6650763" lon="14.2488093"><ele>99.0</ele></trkpt><trkpt lat="55.6650241" lon="14.2483862"><ele>99.0</ele></trkpt><trkpt lat="55.6649309" lon="14.2476290"><ele>97.0</ele></trkpt><trkpt lat="55.6648787" lon="14.2471448"><ele>95.0</ele></trkpt><trkpt lat="55.6648265" lon="14.2466606"><ele>103.0</ele></trkpt><trkpt lat="55.6647374" lon="14.2458269"><ele>111.0</ele></trkpt><trkpt lat="55.6647252" lon="14.2453724"><ele>110.5</ele></trkpt><trkpt lat="55.6647135" lon="14.2449187"><ele>110.0</ele></trkpt><trkpt lat="55.6647014" lon="14.2444318"><ele>108.0</ele></trkpt><trkpt lat="55.6646902" lon="14.2440204"><ele>101.0</ele></trkpt><trkpt lat="55.6646730" lon="14.2433790"><ele>101.0</ele></trkpt><trkpt lat="55.6646593" lon="14.2428733"><ele>99.5</ele></trkpt><trkpt lat="55.6646456" lon="14.2423684"><ele>101.7</ele></trkpt><trkpt lat="55.6646320" lon="14.2418627"><ele>104.0</ele></trkpt><trkpt lat="55.6646183" lon="14.2413515"><ele>104.0</ele></trkpt><trkpt lat="55.6646117" lon="14.2409248"><ele>102.0</ele></trkpt><trkpt lat="55.6646006" lon="14.2401927"><ele>102.0</ele></trkpt><trkpt lat="55.6646142" lon="14.2397759"><ele>106.0</ele></trkpt><trkpt lat="55.6646365" lon="14.2390986"><ele>109.0</ele></trkpt><trkpt lat="55.6646213" lon="14.2387078"><ele>111.0</ele></trkpt><trkpt lat="55.6646006" lon="14.2381652"><ele>112.0</ele></trkpt><trkpt lat="55.6645935" lon="14.2377349"><ele>112.0</ele></trkpt><trkpt lat="55.6645823" lon="14.2369740"><ele>112.0</ele></trkpt><trkpt lat="55.6645823" lon="14.2365662"><ele>109.0</ele></trkpt><trkpt lat="55.6645823" lon="14.2359437"><ele>108.0</ele></trkpt><trkpt lat="55.6645737" lon="14.2355834"><ele>107.0</ele></trkpt><trkpt lat="55.6645641" lon="14.2351720"><ele>106.0</ele></trkpt><trkpt lat="55.6645570" lon="14.2347498"><ele>104.0</ele></trkpt><trkpt lat="55.6645458" lon="14.2340455"><ele>106.0</ele></trkpt><trkpt lat="55.6645387" lon="14.2336332"><ele>102.0</ele></trkpt><trkpt lat="55.6645276" lon="14.2329828"><ele>100.5</ele></trkpt><trkpt lat="55.6644916" lon="14.2323711"><ele>99.0</ele></trkpt><trkpt lat="55.6647404" lon="14.2322471"><ele>98.0</ele></trkpt><trkpt lat="55.6649897" lon="14.2321240"><ele>98.0</ele></trkpt><trkpt lat="55.6652719" lon="14.2319848"><ele>100.0</ele></trkpt><trkpt lat="55.6655110" lon="14.2319372"><ele>99.5</ele></trkpt><trkpt lat="55.6659255" lon="14.2318563"><ele>100.7</ele></trkpt><trkpt lat="55.6661773" lon="14.2317440"><ele>99.3</ele></trkpt><trkpt lat="55.6664296" lon="14.2316327"><ele>98.0</ele></trkpt><trkpt lat="55.6667245" lon="14.2315024"><ele>94.0</ele></trkpt><trkpt lat="55.6669439" lon="14.2314485"><ele>92.0</ele></trkpt><trkpt lat="55.6672509" lon="14.2313739"><ele>89.0</ele></trkpt><trkpt lat="55.6674450" lon="14.2314045"><ele>89.0</ele></trkpt><trkpt lat="55.6676502" lon="14.2314377"><ele>89.0</ele></trkpt><trkpt lat="55.6680134" lon="14.2315024"><ele>89.0</ele></trkpt><trkpt lat="55.6682389" lon="14.2315536"><ele>90.0</ele></trkpt><trkpt lat="55.6685758" lon="14.2316309"><ele>88.5</ele></trkpt><trkpt lat="55.6688083" lon="14.2316309"><ele>88.7</ele></trkpt><trkpt lat="55.6691751" lon="14.2316309"><ele>89.0</ele></trkpt><trkpt lat="55.6694001" lon="14.2315680"><ele>91.0</ele></trkpt><trkpt lat="55.6697365" lon="14.2314745"><ele>88.0</ele></trkpt><trkpt lat="55.6699893" lon="14.2314314"><ele>87.5</ele></trkpt><trkpt lat="55.6702421" lon="14.2313892"><ele>87.0</ele></trkpt><trkpt lat="55.6704989" lon="14.2313461"><ele>84.0</ele></trkpt><trkpt lat="55.6707228" lon="14.2312940"><ele>84.5</ele></trkpt><trkpt lat="55.6710531" lon="14.2312185"><ele>85.0</ele></trkpt><trkpt lat="55.6712553" lon="14.2312482"><ele>85.0</ele></trkpt><trkpt lat="55.6714888" lon="14.2312832"><ele>83.0</ele></trkpt><trkpt lat="55.6717791" lon="14.2313793"><ele>82.0</ele></trkpt><trkpt lat="55.6717791" lon="14.2313793" /><trkpt lat="55.6720334" lon="14.2315401"><ele>82.0</ele></trkpt><trkpt lat="55.6722512" lon="14.2316048"><ele>82.0</ele></trkpt><trkpt lat="55.6724326" lon="14.2317018"><ele>84.0</ele></trkpt><trkpt lat="55.6726717" lon="14.2317207"><ele>85.0</ele></trkpt><trkpt lat="55.6728409" lon="14.2317890"><ele>86.0</ele></trkpt><trkpt lat="55.6730268" lon="14.2318482"><ele>86.5</ele></trkpt><trkpt lat="55.6732806" lon="14.2320019"><ele>87.0</ele></trkpt><trkpt lat="55.6734979" lon="14.2320791"><ele>88.0</ele></trkpt><trkpt lat="55.6737517" lon="14.2320998"><ele>89.0</ele></trkpt><trkpt lat="55.6739847" lon="14.2320611"><ele>92.0</ele></trkpt><trkpt lat="55.6742299" lon="14.2320944"><ele>92.0</ele></trkpt><trkpt lat="55.6744406" lon="14.2321124"><ele>92.0</ele></trkpt><trkpt lat="55.6746655" lon="14.2321186"><ele>87.0</ele></trkpt><trkpt lat="55.6748930" lon="14.2321519"><ele>86.0</ele></trkpt><trkpt lat="55.6751315" lon="14.2322462"><ele>82.0</ele></trkpt><trkpt lat="55.6754157" lon="14.2324339"><ele>80.0</ele></trkpt><trkpt lat="55.6756345" lon="14.2325867"><ele>77.0</ele></trkpt><trkpt lat="55.6757906" lon="14.2326334"><ele>69.0</ele></trkpt><trkpt lat="55.6760489" lon="14.2327304"><ele>67.0</ele></trkpt><trkpt lat="55.6762738" lon="14.2327268"><ele>67.0</ele></trkpt><trkpt lat="55.6765017" lon="14.2326522"><ele>67.0</ele></trkpt><trkpt lat="55.6767048" lon="14.2325876"><ele>67.5</ele></trkpt><trkpt lat="55.6769176" lon="14.2325067"><ele>68.0</ele></trkpt><trkpt lat="55.6771075" lon="14.2324456"><ele>68.0</ele></trkpt><trkpt lat="55.6773537" lon="14.2324142"><ele>73.0</ele></trkpt><trkpt lat="55.6775386" lon="14.2322812"><ele>73.0</ele></trkpt><trkpt lat="55.6777346" lon="14.2321079"><ele>71.5</ele></trkpt><trkpt lat="55.6779397" lon="14.2320306"><ele>70.0</ele></trkpt><trkpt lat="55.6780740" lon="14.2319012"><ele>70.0</ele></trkpt><trkpt lat="55.6782158" lon="14.2317890"><ele>64.0</ele></trkpt><trkpt lat="55.6783895" lon="14.2316722"><ele>57.0</ele></trkpt><trkpt lat="55.6785258" lon="14.2316282" /><trkpt lat="55.6786098" lon="14.2316740"><ele>51.0</ele></trkpt><trkpt lat="55.6785865" lon="14.2319138" /><trkpt lat="55.6785810" lon="14.2321707"><ele>50.0</ele></trkpt><trkpt lat="55.6785769" lon="14.2324852"><ele>50.0</ele></trkpt><trkpt lat="55.6785855" lon="14.2327915"><ele>49.0</ele></trkpt><trkpt lat="55.6786119" lon="14.2331427"><ele>48.0</ele></trkpt><trkpt lat="55.6786407" lon="14.2336233"><ele>46.0</ele></trkpt><trkpt lat="55.6786645" lon="14.2339144"><ele>43.0</ele></trkpt><trkpt lat="55.6786569" lon="14.2342638"><ele>43.0</ele></trkpt><trkpt lat="55.6786737" lon="14.2345405"><ele>43.0</ele></trkpt><trkpt lat="55.6786858" lon="14.2347669" /><trkpt lat="55.6787258" lon="14.2351505"><ele>39.0</ele></trkpt><trkpt lat="55.6787547" lon="14.2354873"><ele>36.0</ele></trkpt><trkpt lat="55.6787035" lon="14.2357712"><ele>30.0</ele></trkpt><trkpt lat="55.6786899" lon="14.2360712"><ele>30.0</ele></trkpt><trkpt lat="55.6787000" lon="14.2364431"><ele>27.0</ele></trkpt><trkpt lat="55.6787005" lon="14.2367396"><ele>27.5</ele></trkpt><trkpt lat="55.6787096" lon="14.2369974" /><trkpt lat="55.6787228" lon="14.2373127"><ele>28.0</ele></trkpt><trkpt lat="55.6787268" lon="14.2376038"><ele>28.0</ele></trkpt><trkpt lat="55.6787208" lon="14.2378652" /><trkpt lat="55.6787795" lon="14.2379092"><ele>26.0</ele></trkpt><trkpt lat="55.6788808" lon="14.2379065" /><trkpt lat="55.6790100" lon="14.2379038"><ele>26.0</ele></trkpt><trkpt lat="55.6791629" lon="14.2379496"><ele>26.5</ele></trkpt><trkpt lat="55.6793240" lon="14.2379757"><ele>27.0</ele></trkpt><trkpt lat="55.6794937" lon="14.2380296"><ele>28.0</ele></trkpt><trkpt lat="55.6796497" lon="14.2380053"><ele>29.0</ele></trkpt><trkpt lat="55.6797327" lon="14.2376559"><ele>30.0</ele></trkpt><trkpt lat="55.6798335" lon="14.2373396"><ele>34.0</ele></trkpt><trkpt lat="55.6799419" lon="14.2370216"><ele>35.0</ele></trkpt><trkpt lat="55.6800285" lon="14.2367414"><ele>35.0</ele></trkpt><trkpt lat="55.6800589" lon="14.2364674"><ele>36.0</ele></trkpt><trkpt lat="55.6800959" lon="14.2361395"><ele>36.5</ele></trkpt><trkpt lat="55.6801217" lon="14.2358395"><ele>36.2</ele></trkpt><trkpt lat="55.6801617" lon="14.2355125"><ele>36.6</ele></trkpt><trkpt lat="55.6801865" lon="14.2352115"><ele>37.0</ele></trkpt><trkpt lat="55.6802220" lon="14.2349259"><ele>39.0</ele></trkpt><trkpt lat="55.6803744" lon="14.2350139"><ele>41.0</ele></trkpt><trkpt lat="55.6804742" lon="14.2350624" /><trkpt lat="55.6805694" lon="14.2351109"><ele>41.0</ele></trkpt><trkpt lat="55.6806647" lon="14.2351433" /><trkpt lat="55.6807416" lon="14.2351747"><ele>40.0</ele></trkpt><trkpt lat="55.6808283" lon="14.2351990" /><trkpt lat="55.6809417" lon="14.2352475"><ele>34.0</ele></trkpt><trkpt lat="55.6810324" lon="14.2353041" /><trkpt lat="55.6811230" lon="14.2353517"><ele>34.0</ele></trkpt><trkpt lat="55.6811985" lon="14.2353894" /><trkpt lat="55.6812653" lon="14.2354379" /><trkpt lat="55.6813347" lon="14.2354649"><ele>27.0</ele></trkpt><trkpt lat="55.6814163" lon="14.2355349" /><trkpt lat="55.6814856" lon="14.2355664"><ele>22.0</ele></trkpt><trkpt lat="55.6815464" lon="14.2355987" /><trkpt lat="55.6816128" lon="14.2356311" /><trkpt lat="55.6816857" lon="14.2356580"><ele>22.0</ele></trkpt><trkpt lat="55.6817672" lon="14.2357011" /><trkpt lat="55.6818275" lon="14.2357487" /><trkpt lat="55.6818913" lon="14.2358080"><ele>18.0</ele></trkpt><trkpt lat="55.6819577" lon="14.2358727" /><trkpt lat="55.6820093" lon="14.2359158" /><trkpt lat="55.6820787" lon="14.2359634"><ele>16.0</ele></trkpt><trkpt lat="55.6821329" lon="14.2360389" /><trkpt lat="55.6821876" lon="14.2360712" /><trkpt lat="55.6822388" lon="14.2361081"><ele>14.0</ele></trkpt><trkpt lat="55.6823355" lon="14.2361673" /><trkpt lat="55.6823654" lon="14.2361018" /><trkpt lat="55.6824150" lon="14.2360128"><ele>13.0</ele></trkpt><trkpt lat="55.6824378" lon="14.2359571" /><trkpt lat="55.6824651" lon="14.2358763" /><trkpt lat="55.6825011" lon="14.2357838"><ele>13.0</ele></trkpt><trkpt lat="55.6825355" lon="14.2357353" /><trkpt lat="55.6825877" lon="14.2356275" /><trkpt lat="55.6826307" lon="14.2355421"><ele>13.0</ele></trkpt><trkpt lat="55.6826601" lon="14.2354703" /><trkpt lat="55.6826875" lon="14.2354262" /><trkpt lat="55.6827168" lon="14.2353777" /><trkpt lat="55.6827417" lon="14.2353095"><ele>15.0</ele></trkpt><trkpt lat="55.6827574" lon="14.2352852" /><trkpt lat="55.6827665" lon="14.2352609" /><trkpt lat="55.6828115" lon="14.2352609" /><trkpt lat="55.6828115" lon="14.2352609" /><trkpt lat="55.6828115" lon="14.2352609" /><trkpt lat="55.6830091" lon="14.2354020"><ele>16.0</ele></trkpt><trkpt lat="55.6830091" lon="14.2354020" /><trkpt lat="55.6832587" lon="14.2355547"><ele>17.0</ele></trkpt><trkpt lat="55.6832587" lon="14.2355547" /><trkpt lat="55.6833615" lon="14.2352969"><ele>18.0</ele></trkpt><trkpt lat="55.6834709" lon="14.2352583" /><trkpt lat="55.6836897" lon="14.2352502"><ele>18.0</ele></trkpt><trkpt lat="55.6839485" lon="14.2353337"><ele>18.0</ele></trkpt><trkpt lat="55.6841799" lon="14.2354864"><ele>12.0</ele></trkpt><trkpt lat="55.6842979" lon="14.2356382" /><trkpt lat="55.6844367" lon="14.2356481"><ele>10.0</ele></trkpt><trkpt lat="55.6846256" lon="14.2355089"><ele>10.0</ele></trkpt><trkpt lat="55.6848565" lon="14.2351936"><ele>10.0</ele></trkpt><trkpt lat="55.6850358" lon="14.2349852"><ele>7.0</ele></trkpt><trkpt lat="55.6852419" lon="14.2347345"><ele>7.0</ele></trkpt><trkpt lat="55.6853417" lon="14.2346204" /><trkpt lat="55.6855128" lon="14.2343563"><ele>11.0</ele></trkpt><trkpt lat="55.6856217" lon="14.2339898"><ele>11.0</ele></trkpt><trkpt lat="55.6856475" lon="14.2337311" /><trkpt lat="55.6856526" lon="14.2333457"><ele>11.0</ele></trkpt><trkpt lat="55.6856688" lon="14.2329505"><ele>11.0</ele></trkpt><trkpt lat="55.6857478" lon="14.2323953"><ele>11.0</ele></trkpt><trkpt lat="55.6858557" lon="14.2320809"><ele>11.0</ele></trkpt><trkpt lat="55.6858967" lon="14.2317979"><ele>9.0</ele></trkpt><trkpt lat="55.6860446" lon="14.2315114"><ele>7.0</ele></trkpt><trkpt lat="55.6862178" lon="14.2312958"><ele>9.5</ele></trkpt><trkpt lat="55.6863155" lon="14.2311044" /><trkpt lat="55.6863018" lon="14.2308062"><ele>12.0</ele></trkpt><trkpt lat="55.6863216" lon="14.2304136"><ele>12.0</ele></trkpt><trkpt lat="55.6863287" lon="14.2300974"><ele>11.5</ele></trkpt><trkpt lat="55.6864026" lon="14.2297965" /><trkpt lat="55.6865408" lon="14.2295306" /><trkpt lat="55.6866938" lon="14.2293096" /><trkpt lat="55.6868259" lon="14.2291542" /><trkpt lat="55.6869895" lon="14.2289674"><ele>11.0</ele></trkpt><trkpt lat="55.6871536" lon="14.2287814"><ele>11.0</ele></trkpt><trkpt lat="55.6873247" lon="14.2285856"><ele>12.0</ele></trkpt><trkpt lat="55.6874584" lon="14.2283439"><ele>12.0</ele></trkpt><trkpt lat="55.6874675" lon="14.2280295"><ele>12.0</ele></trkpt><trkpt lat="55.6873703" lon="14.2278166"><ele>7.0</ele></trkpt><trkpt lat="55.6870913" lon="14.2274744"><ele>6.5</ele></trkpt><trkpt lat="55.6869318" lon="14.2272911"><ele>6.0</ele></trkpt><trkpt lat="55.6868913" lon="14.2271743" /><trkpt lat="55.6870705" lon="14.2267359"><ele>6.0</ele></trkpt><trkpt lat="55.6871065" lon="14.2266587" /><trkpt lat="55.6871065" lon="14.2266587" /><trkpt lat="55.6870315" lon="14.2265868" /><trkpt lat="55.6868300" lon="14.2262769"><ele>4.0</ele></trkpt><trkpt lat="55.6868300" lon="14.2262769" /><trkpt lat="55.6867323" lon="14.2261242" /><trkpt lat="55.6867009" lon="14.2260802"><ele>4.0</ele></trkpt><trkpt lat="55.6867935" lon="14.2258223"><ele>4.0</ele></trkpt><trkpt lat="55.6869206" lon="14.2254684"><ele>4.0</ele></trkpt><trkpt lat="55.6870543" lon="14.2251621"><ele>3.0</ele></trkpt><trkpt lat="55.6871202" lon="14.2250255" /><trkpt lat="55.6872584" lon="14.2247839"><ele>3.0</ele></trkpt><trkpt lat="55.6872245" lon="14.2246554" /><trkpt lat="55.6871814" lon="14.2245791" /><trkpt lat="55.6872062" lon="14.2244300"><ele>3.0</ele></trkpt><trkpt lat="55.6872812" lon="14.2242934" /><trkpt lat="55.6873268" lon="14.2241928"><ele>5.0</ele></trkpt><trkpt lat="55.6873359" lon="14.2240760" /><trkpt lat="55.6873268" lon="14.2239107"><ele>5.0</ele></trkpt><trkpt lat="55.6872538" lon="14.2237499" /><trkpt lat="55.6871769" lon="14.2235092"><ele>5.0</ele></trkpt><trkpt lat="55.6871885" lon="14.2234122" /><trkpt lat="55.6872088" lon="14.2233358" /><trkpt lat="55.6872154" lon="14.2232316"><ele>5.0</ele></trkpt><trkpt lat="55.6871860" lon="14.2231103" /><trkpt lat="55.6871612" lon="14.2230421" /><trkpt lat="55.6872017" lon="14.2229010"><ele>5.0</ele></trkpt><trkpt lat="55.6872336" lon="14.2227528" /><trkpt lat="55.6873014" lon="14.2227241"><ele>5.0</ele></trkpt><trkpt lat="55.6874579" lon="14.2227807"><ele>5.0</ele></trkpt><trkpt lat="55.6875921" lon="14.2228211" /><trkpt lat="55.6876848" lon="14.2228732"><ele>5.0</ele></trkpt><trkpt lat="55.6877461" lon="14.2228768" /><trkpt lat="55.6877734" lon="14.2228534" /><trkpt lat="55.6877780" lon="14.2230618"><ele>5.0</ele></trkpt><trkpt lat="55.6878073" lon="14.2233762"><ele>3.0</ele></trkpt><trkpt lat="55.6878458" lon="14.2236700"><ele>3.0</ele></trkpt><trkpt lat="55.6879096" lon="14.2236179" /><trkpt lat="55.6880023" lon="14.2235128"><ele>2.0</ele></trkpt><trkpt lat="55.6880909" lon="14.2234086" /><trkpt lat="55.6881679" lon="14.2233116"><ele>2.0</ele></trkpt><trkpt lat="55.6882499" lon="14.2232316" /><trkpt lat="55.6882499" lon="14.2232316" /><trkpt lat="55.6884064" lon="14.2230663"><ele>3.0</ele></trkpt><trkpt lat="55.6885173" lon="14.2229495" /><trkpt lat="55.6884990" lon="14.2228292"><ele>3.0</ele></trkpt><trkpt lat="55.6884676" lon="14.2226917" /><trkpt lat="55.6884130" lon="14.2224267"><ele>3.0</ele></trkpt><trkpt lat="55.6883517" lon="14.2221123"><ele>3.0</ele></trkpt><trkpt lat="55.6882904" lon="14.2217952"><ele>4.0</ele></trkpt><trkpt lat="55.6882317" lon="14.2214853"><ele>4.0</ele></trkpt><trkpt lat="55.6881952" lon="14.2213083" /><trkpt lat="55.6881294" lon="14.2210101"><ele>4.0</ele></trkpt><trkpt lat="55.6880661" lon="14.2208053" /><trkpt lat="55.6879977" lon="14.2205519"><ele>4.0</ele></trkpt><trkpt lat="55.6879208" lon="14.2202582"><ele>4.0</ele></trkpt><trkpt lat="55.6879977" lon="14.2205519"><ele>4.0</ele></trkpt><trkpt lat="55.6879208" lon="14.2202582"><ele>6.0</ele></trkpt><trkpt lat="55.6878164" lon="14.2198998"><ele>6.0</ele></trkpt><trkpt lat="55.6877304" lon="14.2196105"><ele>7.0</ele></trkpt><trkpt lat="55.6877304" lon="14.2196105" /><trkpt lat="55.6876671" lon="14.2192880"><ele>8.0</ele></trkpt><trkpt lat="55.6878073" lon="14.2191595"><ele>11.0</ele></trkpt><trkpt lat="55.6880023" lon="14.2192880"><ele>11.0</ele></trkpt><trkpt lat="55.6882018" lon="14.2192161"><ele>8.0</ele></trkpt><trkpt lat="55.6883289" lon="14.2190311"><ele>8.0</ele></trkpt><trkpt lat="55.6883289" lon="14.2190311" /><trkpt lat="55.6883289" lon="14.2190311" /><trkpt lat="55.6883289" lon="14.2190311" /><trkpt lat="55.6883289" lon="14.2190311" /><trkpt lat="55.6883289" lon="14.2190311" /><trkpt lat="55.6883289" lon="14.2190311" /><trkpt lat="55.6883289" lon="14.2190311" /><trkpt lat="55.6883289" lon="14.2190311" /><trkpt lat="55.6884484" lon="14.2188963" /><trkpt lat="55.6885213" lon="14.2187194"><ele>6.0</ele></trkpt><trkpt lat="55.6886570" lon="14.2184786"><ele>5.0</ele></trkpt><trkpt lat="55.6887841" lon="14.2184220" /><trkpt lat="55.6886570" lon="14.2184786"><ele>5.0</ele></trkpt><trkpt lat="55.6887841" lon="14.2184220" /><trkpt lat="55.6887841" lon="14.2184220" /><trkpt lat="55.6887841" lon="14.2184220" /><trkpt lat="55.6888611" lon="14.2187760"><ele>5.0</ele></trkpt><trkpt lat="55.6889882" lon="14.2188963" /><trkpt lat="55.6890788" lon="14.2192988"><ele>5.0</ele></trkpt><trkpt lat="55.6891740" lon="14.2196931"><ele>6.0</ele></trkpt><trkpt lat="55.6893148" lon="14.2202088"><ele>6.0</ele></trkpt><trkpt lat="55.6893513" lon="14.2203534" /><trkpt lat="55.6895416" lon="14.2201684"><ele>7.0</ele></trkpt><trkpt lat="55.6897001" lon="14.2206750"><ele>7.0</ele></trkpt><trkpt lat="55.6898682" lon="14.2211340"><ele>8.0</ele></trkpt><trkpt lat="55.6899462" lon="14.2214467"><ele>8.0</ele></trkpt><trkpt lat="55.6900267" lon="14.2217692"><ele>10.0</ele></trkpt><trkpt lat="55.6901867" lon="14.2215850"><ele>16.0</ele></trkpt><trkpt lat="55.6903488" lon="14.2213990"><ele>16.0</ele></trkpt><trkpt lat="55.6904921" lon="14.2211035"><ele>16.0</ele></trkpt><trkpt lat="55.6906890" lon="14.2206993"><ele>19.0</ele></trkpt><trkpt lat="55.6908247" lon="14.2203795"><ele>26.0</ele></trkpt><trkpt lat="55.6910247" lon="14.2199105"><ele>26.0</ele></trkpt><trkpt lat="55.6912015" lon="14.2195081"><ele>22.0</ele></trkpt><trkpt lat="55.6914420" lon="14.2191380"><ele>22.0</ele></trkpt><trkpt lat="55.6917275" lon="14.2187517"><ele>21.0</ele></trkpt><trkpt lat="55.6920045" lon="14.2184463"><ele>20.0</ele></trkpt><trkpt lat="55.6922901" lon="14.2180411"><ele>20.0</ele></trkpt><trkpt lat="55.6922840" lon="14.2177941" /><trkpt lat="55.6921873" lon="14.2171509"><ele>23.0</ele></trkpt><trkpt lat="55.6921027" lon="14.2166784"><ele>23.0</ele></trkpt><trkpt lat="55.6920551" lon="14.2163433"><ele>23.0</ele></trkpt><trkpt lat="55.6920060" lon="14.2159921"><ele>16.0</ele></trkpt><trkpt lat="55.6920916" lon="14.2156822"><ele>14.0</ele></trkpt><trkpt lat="55.6921812" lon="14.2153588"><ele>12.0</ele></trkpt><trkpt lat="55.6923387" lon="14.2150462"><ele>7.0</ele></trkpt><trkpt lat="55.6925984" lon="14.2145332"><ele>7.0</ele></trkpt><trkpt lat="55.6927645" lon="14.2142377"><ele>4.0</ele></trkpt><trkpt lat="55.6930338" lon="14.2137607"><ele>4.0</ele></trkpt><trkpt lat="55.6932232" lon="14.2135253"><ele>4.0</ele></trkpt><trkpt lat="55.6935179" lon="14.2131597"><ele>4.0</ele></trkpt><trkpt lat="55.6936769" lon="14.2128947"><ele>5.0</ele></trkpt><trkpt lat="55.6938925" lon="14.2125372"><ele>6.0</ele></trkpt><trkpt lat="55.6941948" lon="14.2122793"><ele>10.0</ele></trkpt><trkpt lat="55.6943411" lon="14.2120503"><ele>8.5</ele></trkpt><trkpt lat="55.6944971" lon="14.2118077"><ele>7.0</ele></trkpt><trkpt lat="55.6947998" lon="14.2114861"><ele>6.0</ele></trkpt><trkpt lat="55.6950054" lon="14.2111214"><ele>6.0</ele></trkpt><trkpt lat="55.6952231" lon="14.2107567"><ele>5.5</ele></trkpt><trkpt lat="55.6954408" lon="14.2103911"><ele>7.7</ele></trkpt><trkpt lat="55.6956413" lon="14.2102599"><ele>7.3</ele></trkpt><trkpt lat="55.6959000" lon="14.2100911"><ele>7.0</ele></trkpt><trkpt lat="55.6959000" lon="14.2100911" /><trkpt lat="55.6963010" lon="14.2098674"><ele>7.0</ele></trkpt><trkpt lat="55.6964407" lon="14.2096895"><ele>10.0</ele></trkpt><trkpt lat="55.6965485" lon="14.2096814" /><trkpt lat="55.6967019" lon="14.2096814"><ele>16.0</ele></trkpt><trkpt lat="55.6968366" lon="14.2095592" /><trkpt lat="55.6969277" lon="14.2093733"><ele>16.0</ele></trkpt><trkpt lat="55.6970269" lon="14.2091703" /><trkpt lat="55.6970917" lon="14.2088334"><ele>16.0</ele></trkpt><trkpt lat="55.6970948" lon="14.2085783" /><trkpt lat="55.6971707" lon="14.2083968"><ele>17.0</ele></trkpt><trkpt lat="55.6972300" lon="14.2082190" /><trkpt lat="55.6972978" lon="14.2080079"><ele>14.5</ele></trkpt><trkpt lat="55.6974178" lon="14.2078102"><ele>12.0</ele></trkpt><trkpt lat="55.6975575" lon="14.2076413"><ele>12.0</ele></trkpt><trkpt lat="55.6977479" lon="14.2074563"><ele>10.0</ele></trkpt><trkpt lat="55.6980136" lon="14.2075093"><ele>10.0</ele></trkpt><trkpt lat="55.6980486" lon="14.2077932"><ele>15.0</ele></trkpt><trkpt lat="55.6980597" lon="14.2081552"><ele>17.0</ele></trkpt><trkpt lat="55.6979600" lon="14.2084633"><ele>18.0</ele></trkpt><trkpt lat="55.6980916" lon="14.2085936" /><trkpt lat="55.6983088" lon="14.2088666"><ele>18.0</ele></trkpt><trkpt lat="55.6984470" lon="14.2090140"><ele>16.0</ele></trkpt><trkpt lat="55.6985017" lon="14.2085415"><ele>16.0</ele></trkpt><trkpt lat="55.6985649" lon="14.2081669"><ele>16.5</ele></trkpt><trkpt lat="55.6985786" lon="14.2078785"><ele>15.7</ele></trkpt><trkpt lat="55.6986297" lon="14.2075066"><ele>17.3</ele></trkpt><trkpt lat="55.6987447" lon="14.2072102"><ele>19.0</ele></trkpt><trkpt lat="55.6989320" lon="14.2069416"><ele>19.0</ele></trkpt><trkpt lat="55.6991876" lon="14.2069344" /><trkpt lat="55.6994018" lon="14.2067412"><ele>19.0</ele></trkpt><trkpt lat="55.6995698" lon="14.2063388" /><trkpt lat="55.6997176" lon="14.2060882" /><trkpt lat="55.6998776" lon="14.2058959" /><trkpt lat="55.7000968" lon="14.2056884" /><trkpt lat="55.7002330" lon="14.2054899" /><trkpt lat="55.7004329" lon="14.2052482" /><trkpt lat="55.7005635" lon="14.2050946" /><trkpt lat="55.7007508" lon="14.2047811"><ele>19.0</ele></trkpt><trkpt lat="55.7009108" lon="14.2045691"><ele>18.5</ele></trkpt><trkpt lat="55.7009837" lon="14.2043760" /><trkpt lat="55.7011097" lon="14.2042403"><ele>18.0</ele></trkpt><trkpt lat="55.7013249" lon="14.2042044"><ele>15.0</ele></trkpt><trkpt lat="55.7014479" lon="14.2040723" /><trkpt lat="55.7015228" lon="14.2039313"><ele>17.5</ele></trkpt><trkpt lat="55.7016478" lon="14.2038855" /><trkpt lat="55.7018589" lon="14.2037777"><ele>20.0</ele></trkpt><trkpt lat="55.7020467" lon="14.2036438" /><trkpt lat="55.7022087" lon="14.2035720" /><trkpt lat="55.7024117" lon="14.2035855" /><trkpt lat="55.7026177" lon="14.2035495" /><trkpt lat="55.7028450" lon="14.2035953" /><trkpt lat="55.7030080" lon="14.2036079"><ele>17.0</ele></trkpt><trkpt lat="55.7031487" lon="14.2036079" /><trkpt lat="55.7033168" lon="14.2034956"><ele>14.0</ele></trkpt><trkpt lat="55.7034706" lon="14.2035316"><ele>14.0</ele></trkpt><trkpt lat="55.7036630" lon="14.2034309"><ele>12.5</ele></trkpt><trkpt lat="55.7039090" lon="14.2033690" /><trkpt lat="55.7041049" lon="14.2033106" /><trkpt lat="55.7043509" lon="14.2032603" /><trkpt lat="55.7045599" lon="14.2031866" /><trkpt lat="55.7047335" lon="14.2030734" /><trkpt lat="55.7048889" lon="14.2029665" /><trkpt lat="55.7050499" lon="14.2029459" /><trkpt lat="55.7052447" lon="14.2028866" /><trkpt lat="55.7054260" lon="14.2028452" /><trkpt lat="55.7056016" lon="14.2028273" /><trkpt lat="55.7058299" lon="14.2029072" /><trkpt lat="55.7059979" lon="14.2028300"><ele>11.0</ele></trkpt><trkpt lat="55.7061599" lon="14.2026853"><ele>9.0</ele></trkpt><trkpt lat="55.7064388" lon="14.2024742" /><trkpt lat="55.7066108" lon="14.2024356" /><trkpt lat="55.7068092" lon="14.2023610"><ele>7.0</ele></trkpt><trkpt lat="55.7070375" lon="14.2022757"><ele>6.0</ele></trkpt><trkpt lat="55.7072197" lon="14.2021769" /><trkpt lat="55.7073969" lon="14.2020323" /><trkpt lat="55.7075730" lon="14.2019640"><ele>5.0</ele></trkpt><trkpt lat="55.7077608" lon="14.2017969"><ele>5.0</ele></trkpt><trkpt lat="55.7080128" lon="14.2016065"><ele>5.0</ele></trkpt><trkpt lat="55.7081930" lon="14.2015139"><ele>6.0</ele></trkpt><trkpt lat="55.7083798" lon="14.2014798"><ele>7.0</ele></trkpt><trkpt lat="55.7085797" lon="14.2014645"><ele>7.0</ele></trkpt><trkpt lat="55.7087700" lon="14.2014007"><ele>6.0</ele></trkpt><trkpt lat="55.7089729" lon="14.2013729"><ele>5.0</ele></trkpt><trkpt lat="55.7091566" lon="14.2013055"><ele>5.0</ele></trkpt><trkpt lat="55.7093545" lon="14.2012759"><ele>5.0</ele></trkpt><trkpt lat="55.7095387" lon="14.2012552"><ele>5.0</ele></trkpt><trkpt lat="55.7096739" lon="14.2011088"><ele>5.5</ele></trkpt><trkpt lat="55.7098692" lon="14.2010190"><ele>6.0</ele></trkpt><trkpt lat="55.7100919" lon="14.2009184" /><trkpt lat="55.7102088" lon="14.2008052" /><trkpt lat="55.7103945" lon="14.2006596"><ele>5.0</ele></trkpt><trkpt lat="55.7106036" lon="14.2002707"><ele>4.0</ele></trkpt><trkpt lat="55.7107407" lon="14.2001602" /><trkpt lat="55.7108819" lon="14.2001126"><ele>4.5</ele></trkpt><trkpt lat="55.7111167" lon="14.2000883"><ele>5.0</ele></trkpt><trkpt lat="55.7113166" lon="14.2002123"><ele>7.0</ele></trkpt><trkpt lat="55.7115327" lon="14.2003192"><ele>9.0</ele></trkpt><trkpt lat="55.7117220" lon="14.2004674"><ele>9.0</ele></trkpt><trkpt lat="55.7119158" lon="14.2005420"><ele>8.5</ele></trkpt><trkpt lat="55.7120646" lon="14.2004683"><ele>8.0</ele></trkpt><trkpt lat="55.7122169" lon="14.2004270"><ele>7.5</ele></trkpt><trkpt lat="55.7123075" lon="14.2003228" /><trkpt lat="55.7124219" lon="14.2003165"><ele>7.0</ele></trkpt><trkpt lat="55.7125909" lon="14.2003264"><ele>7.0</ele></trkpt><trkpt lat="55.7128667" lon="14.2003210"><ele>6.0</ele></trkpt><trkpt lat="55.7130626" lon="14.2003524"><ele>6.0</ele></trkpt><trkpt lat="55.7132306" lon="14.2003048"><ele>6.0</ele></trkpt><trkpt lat="55.7134846" lon="14.2003722"><ele>7.0</ele></trkpt><trkpt lat="55.7136936" lon="14.2003749"><ele>11.0</ele></trkpt><trkpt lat="55.7138115" lon="14.2003767" /><trkpt lat="55.7139228" lon="14.2002725"><ele>11.0</ele></trkpt><trkpt lat="55.7141318" lon="14.2002222"><ele>9.0</ele></trkpt><trkpt lat="55.7144178" lon="14.2002886"><ele>8.5</ele></trkpt><trkpt lat="55.7146439" lon="14.2002536"><ele>8.0</ele></trkpt><trkpt lat="55.7148646" lon="14.2001539"><ele>7.0</ele></trkpt><trkpt lat="55.7150629" lon="14.2001683"><ele>6.5</ele></trkpt><trkpt lat="55.7151510" lon="14.2000811" /><trkpt lat="55.7153235" lon="14.2000443"><ele>7.2</ele></trkpt><trkpt lat="55.7155487" lon="14.2000353"><ele>8.0</ele></trkpt><trkpt lat="55.7157886" lon="14.2000138"><ele>8.0</ele></trkpt><trkpt lat="55.7160320" lon="14.1998449"><ele>9.0</ele></trkpt><trkpt lat="55.7162298" lon="14.1996895"><ele>10.0</ele></trkpt><trkpt lat="55.7164626" lon="14.1996778"><ele>10.0</ele></trkpt><trkpt lat="55.7166655" lon="14.1997443"><ele>9.0</ele></trkpt><trkpt lat="55.7169028" lon="14.1996904"><ele>7.0</ele></trkpt><trkpt lat="55.7171467" lon="14.1995394"><ele>7.0</ele></trkpt><trkpt lat="55.7173628" lon="14.1994200"><ele>6.0</ele></trkpt><trkpt lat="55.7175955" lon="14.1992915"><ele>6.0</ele></trkpt><trkpt lat="55.7177448" lon="14.1991415"><ele>7.0</ele></trkpt><trkpt lat="55.7178708" lon="14.1990400" /><trkpt lat="55.7181299" lon="14.1989663"><ele>9.0</ele></trkpt><trkpt lat="55.7183545" lon="14.1988765"><ele>9.0</ele></trkpt><trkpt lat="55.7186126" lon="14.1986447"><ele>9.0</ele></trkpt><trkpt lat="55.7187396" lon="14.1984749"><ele>9.0</ele></trkpt><trkpt lat="55.7189379" lon="14.1984318"><ele>9.5</ele></trkpt><trkpt lat="55.7191135" lon="14.1983186"><ele>6.7</ele></trkpt><trkpt lat="55.7192567" lon="14.1982989" /><trkpt lat="55.7194358" lon="14.1982108"><ele>8.3</ele></trkpt><trkpt lat="55.7195780" lon="14.1980545"><ele>8.1</ele></trkpt><trkpt lat="55.7197768" lon="14.1979117"><ele>8.0</ele></trkpt><trkpt lat="55.7199989" lon="14.1975847"><ele>8.0</ele></trkpt><trkpt lat="55.7201639" lon="14.1974203"><ele>8.0</ele></trkpt><trkpt lat="55.7203197" lon="14.1973278"><ele>9.0</ele></trkpt><trkpt lat="55.7205019" lon="14.1972676"><ele>9.0</ele></trkpt><trkpt lat="55.7207027" lon="14.1971347"><ele>9.0</ele></trkpt><trkpt lat="55.7208798" lon="14.1970619"><ele>7.5</ele></trkpt><trkpt lat="55.7210149" lon="14.1969271"><ele>7.7</ele></trkpt><trkpt lat="55.7211470" lon="14.1968822" /><trkpt lat="55.7213418" lon="14.1968095"><ele>7.3</ele></trkpt><trkpt lat="55.7215067" lon="14.1967448"><ele>7.6</ele></trkpt><trkpt lat="55.7217227" lon="14.1966756"><ele>8.0</ele></trkpt><trkpt lat="55.7219028" lon="14.1965364"><ele>15.0</ele></trkpt><trkpt lat="55.7221295" lon="14.1964286"><ele>14.5</ele></trkpt><trkpt lat="55.7222939" lon="14.1963684"><ele>14.0</ele></trkpt><trkpt lat="55.7224568" lon="14.1963028"><ele>12.5</ele></trkpt><trkpt lat="55.7225828" lon="14.1962202" /><trkpt lat="55.7227715" lon="14.1961214"><ele>12.2</ele></trkpt><trkpt lat="55.7229719" lon="14.1959803"><ele>12.0</ele></trkpt><trkpt lat="55.7231429" lon="14.1958465"><ele>12.0</ele></trkpt><trkpt lat="55.7232947" lon="14.1956866"><ele>9.5</ele></trkpt><trkpt lat="55.7234879" lon="14.1955922"><ele>7.0</ele></trkpt><trkpt lat="55.7237009" lon="14.1954961"><ele>7.0</ele></trkpt><trkpt lat="55.7238309" lon="14.1954225" /><trkpt lat="55.7239448" lon="14.1953749"><ele>11.0</ele></trkpt><trkpt lat="55.7241198" lon="14.1953461"><ele>15.0</ele></trkpt><trkpt lat="55.7242387" lon="14.1953560" /><trkpt lat="55.7243687" lon="14.1953147"><ele>15.0</ele></trkpt><trkpt lat="55.7244547" lon="14.1954359" /><trkpt lat="55.7242119" lon="14.1953847" /><trkpt lat="55.7243237" lon="14.1953434" /><trkpt lat="55.7243358" lon="14.1953856" /><trkpt lat="55.7244127" lon="14.1953811"><ele>12.0</ele></trkpt><trkpt lat="55.7244856" lon="14.1952778" /><trkpt lat="55.7245746" lon="14.1951682" /><trkpt lat="55.7246095" lon="14.1950497" /><trkpt lat="55.7246738" lon="14.1948305"><ele>12.0</ele></trkpt><trkpt lat="55.7247026" lon="14.1946266" /><trkpt lat="55.7247815" lon="14.1942555"><ele>9.0</ele></trkpt><trkpt lat="55.7247709" lon="14.1940175" /><trkpt lat="55.7246986" lon="14.1938845"><ele>9.0</ele></trkpt><trkpt lat="55.7246677" lon="14.1935477"><ele>9.0</ele></trkpt><trkpt lat="55.7246267" lon="14.1933842" /><trkpt lat="55.7245610" lon="14.1931147"><ele>9.5</ele></trkpt><trkpt lat="55.7245170" lon="14.1927751"><ele>10.0</ele></trkpt><trkpt lat="55.7244598" lon="14.1924472"><ele>10.0</ele></trkpt><trkpt lat="55.7243986" lon="14.1922766" /><trkpt lat="55.7243738" lon="14.1920259"><ele>10.5</ele></trkpt><trkpt lat="55.7242969" lon="14.1918148" /><trkpt lat="55.7240758" lon="14.1915669"><ele>8.2</ele></trkpt><trkpt lat="55.7238289" lon="14.1914214"><ele>6.0</ele></trkpt><trkpt lat="55.7236169" lon="14.1912794"><ele>6.0</ele></trkpt><trkpt lat="55.7235517" lon="14.1912094" /><trkpt lat="55.7235178" lon="14.1911995" /><trkpt lat="55.7234039" lon="14.1910692"><ele>6.0</ele></trkpt><trkpt lat="55.7232699" lon="14.1910315" /><trkpt lat="55.7231555" lon="14.1909506"><ele>6.0</ele></trkpt><trkpt lat="55.7230468" lon="14.1908806" /><trkpt lat="55.7229360" lon="14.1907925"><ele>6.0</ele></trkpt><trkpt lat="55.7228115" lon="14.1906749" /><trkpt lat="55.7227159" lon="14.1905769"><ele>5.5</ele></trkpt><trkpt lat="55.7225899" lon="14.1904404" /><trkpt lat="55.7224735" lon="14.1903578"><ele>6.2</ele></trkpt><trkpt lat="55.7223820" lon="14.1903066" /><trkpt lat="55.7222788" lon="14.1902113"><ele>7.0</ele></trkpt><trkpt lat="55.7221690" lon="14.1901754" /><trkpt lat="55.7220400" lon="14.1901278"><ele>7.0</ele></trkpt><trkpt lat="55.7219216" lon="14.1900703" /><trkpt lat="55.7218178" lon="14.1900353"><ele>6.0</ele></trkpt><trkpt lat="55.7217136" lon="14.1900002" /><trkpt lat="55.7216539" lon="14.1900245"><ele>5.0</ele></trkpt><trkpt lat="55.7216028" lon="14.1901395" /><trkpt lat="55.7215355" lon="14.1902769"><ele>5.5</ele></trkpt><trkpt lat="55.7214627" lon="14.1903434" /><trkpt lat="55.7213610" lon="14.1903946"><ele>6.0</ele></trkpt><trkpt lat="55.7212426" lon="14.1904683" /><trkpt lat="55.7210599" lon="14.1905338"><ele>6.0</ele></trkpt><trkpt lat="55.7208717" lon="14.1905877"><ele>6.0</ele></trkpt><trkpt lat="55.7207569" lon="14.1905536" /><trkpt lat="55.7206729" lon="14.1904099"><ele>6.0</ele></trkpt><trkpt lat="55.7205889" lon="14.1902859" /><trkpt lat="55.7204938" lon="14.1902473"><ele>6.0</ele></trkpt><trkpt lat="55.7203865" lon="14.1901997" /><trkpt lat="55.7202459" lon="14.1900083"><ele>6.0</ele></trkpt><trkpt lat="55.7201538" lon="14.1899948" /><trkpt lat="55.7200566" lon="14.1899427"><ele>7.0</ele></trkpt><trkpt lat="55.7199757" lon="14.1897433" /><trkpt lat="55.7199635" lon="14.1894379"><ele>6.5</ele></trkpt><trkpt lat="55.7199089" lon="14.1891486"><ele>7.7</ele></trkpt><trkpt lat="55.7199109" lon="14.1889896" /><trkpt lat="55.7198836" lon="14.1887579"><ele>7.8</ele></trkpt><trkpt lat="55.7198537" lon="14.1885369" /><trkpt lat="55.7198057" lon="14.1883222"><ele>6.4</ele></trkpt><trkpt lat="55.7198087" lon="14.1881784" /><trkpt lat="55.7198598" lon="14.1879458"><ele>7.2</ele></trkpt><trkpt lat="55.7198219" lon="14.1875703"><ele>7.1</ele></trkpt><trkpt lat="55.7198466" lon="14.1873125" /><trkpt lat="55.7198375" lon="14.1869810"><ele>7.0</ele></trkpt><trkpt lat="55.7196989" lon="14.1866657"><ele>7.0</ele></trkpt><trkpt lat="55.7196498" lon="14.1865130" /><trkpt lat="55.7196645" lon="14.1862570"><ele>7.5</ele></trkpt><trkpt lat="55.7196139" lon="14.1859093"><ele>6.2</ele></trkpt><trkpt lat="55.7195658" lon="14.1857889" /><trkpt lat="55.7195289" lon="14.1856003"><ele>5.0</ele></trkpt><trkpt lat="55.7194748" lon="14.1853586" /><trkpt lat="55.7194500" lon="14.1851826"><ele>5.0</ele></trkpt><trkpt lat="55.7193726" lon="14.1849292"><ele>5.0</ele></trkpt><trkpt lat="55.7193098" lon="14.1847568" /><trkpt lat="55.7192015" lon="14.1844684"><ele>5.0</ele></trkpt><trkpt lat="55.7191565" lon="14.1842501" /><trkpt lat="55.7191110" lon="14.1841199"><ele>5.0</ele></trkpt><trkpt lat="55.7190270" lon="14.1838935"><ele>5.0</ele></trkpt><trkpt lat="55.7189339" lon="14.1836455"><ele>7.0</ele></trkpt><trkpt lat="55.7187988" lon="14.1833976"><ele>7.0</ele></trkpt><trkpt lat="55.7187290" lon="14.1832296" /><trkpt lat="55.7186915" lon="14.1829197"><ele>6.0</ele></trkpt><trkpt lat="55.7186728" lon="14.1824795"><ele>6.0</ele></trkpt><trkpt lat="55.7187117" lon="14.1821525"><ele>6.0</ele></trkpt><trkpt lat="55.7186986" lon="14.1817564"><ele>6.0</ele></trkpt><trkpt lat="55.7186870" lon="14.1813962"><ele>6.0</ele></trkpt><trkpt lat="55.7186647" lon="14.1810135"><ele>6.0</ele></trkpt><trkpt lat="55.7186576" lon="14.1806083"><ele>5.0</ele></trkpt><trkpt lat="55.7186050" lon="14.1802140"><ele>5.0</ele></trkpt><trkpt lat="55.7186136" lon="14.1799068"><ele>13.0</ele></trkpt><trkpt lat="55.7186156" lon="14.1795304"><ele>15.0</ele></trkpt><trkpt lat="55.7185488" lon="14.1791944"><ele>15.0</ele></trkpt><trkpt lat="55.7185417" lon="14.1788908"><ele>15.0</ele></trkpt><trkpt lat="55.7185448" lon="14.1786114"><ele>19.0</ele></trkpt><trkpt lat="55.7185286" lon="14.1782808"><ele>20.0</ele></trkpt><trkpt lat="55.7184719" lon="14.1779224"><ele>20.0</ele></trkpt><trkpt lat="55.7184648" lon="14.1776179"><ele>20.5</ele></trkpt><trkpt lat="55.7184486" lon="14.1772837"><ele>16.7</ele></trkpt><trkpt lat="55.7183829" lon="14.1769190"><ele>13.0</ele></trkpt><trkpt lat="55.7183338" lon="14.1765596"><ele>9.0</ele></trkpt><trkpt lat="55.7182467" lon="14.1761985"><ele>7.0</ele></trkpt><trkpt lat="55.7181466" lon="14.1758715"><ele>2.0</ele></trkpt><trkpt lat="55.7180798" lon="14.1755913"><ele>2.0</ele></trkpt><trkpt lat="55.7180008" lon="14.1753074"><ele>3.0</ele></trkpt><trkpt lat="55.7179477" lon="14.1750244"><ele>3.0</ele></trkpt><trkpt lat="55.7179098" lon="14.1747594"><ele>4.0</ele></trkpt><trkpt lat="55.7179017" lon="14.1746085" /><trkpt lat="55.7178566" lon="14.1743525"><ele>5.0</ele></trkpt><trkpt lat="55.7177979" lon="14.1741270" /><trkpt lat="55.7176826" lon="14.1737704"><ele>5.0</ele></trkpt><trkpt lat="55.7177377" lon="14.1734910"><ele>5.5</ele></trkpt><trkpt lat="55.7177716" lon="14.1732880" /><trkpt lat="55.7177656" lon="14.1730868"><ele>6.0</ele></trkpt><trkpt lat="55.7177959" lon="14.1726888"><ele>6.0</ele></trkpt><trkpt lat="55.7177797" lon="14.1724202"><ele>6.0</ele></trkpt><trkpt lat="55.7178010" lon="14.1721821" /><trkpt lat="55.7179356" lon="14.1719549"><ele>6.0</ele></trkpt><trkpt lat="55.7179659" lon="14.1716405"><ele>5.0</ele></trkpt><trkpt lat="55.7179538" lon="14.1714267" /><trkpt lat="55.7180099" lon="14.1711769"><ele>5.0</ele></trkpt><trkpt lat="55.7180059" lon="14.1708365"><ele>6.5</ele></trkpt><trkpt lat="55.7179968" lon="14.1706505" /><trkpt lat="55.7178738" lon="14.1703478"><ele>8.0</ele></trkpt><trkpt lat="55.7178126" lon="14.1700783"><ele>7.5</ele></trkpt><trkpt lat="55.7177539" lon="14.1698546" /><trkpt lat="55.7177357" lon="14.1696336"><ele>7.0</ele></trkpt><trkpt lat="55.7177018" lon="14.1693578"><ele>7.0</ele></trkpt><trkpt lat="55.7176760" lon="14.1690668"><ele>16.0</ele></trkpt><trkpt lat="55.7176578" lon="14.1687623"><ele>16.0</ele></trkpt><trkpt lat="55.7176618" lon="14.1684505"><ele>14.0</ele></trkpt><trkpt lat="55.7176497" lon="14.1681918" /><trkpt lat="55.7176188" lon="14.1680409"><ele>8.0</ele></trkpt><trkpt lat="55.7176497" lon="14.1677265"><ele>7.0</ele></trkpt><trkpt lat="55.7176805" lon="14.1674507"><ele>7.0</ele></trkpt><trkpt lat="55.7176876" lon="14.1672504" /><trkpt lat="55.7176897" lon="14.1670959"><ele>7.0</ele></trkpt><trkpt lat="55.7177838" lon="14.1668695"><ele>9.0</ele></trkpt><trkpt lat="55.7178030" lon="14.1666377" /><trkpt lat="55.7177838" lon="14.1664644"><ele>9.0</ele></trkpt><trkpt lat="55.7178465" lon="14.1662164"><ele>9.5</ele></trkpt><trkpt lat="55.7179290" lon="14.1659883"><ele>9.2</ele></trkpt><trkpt lat="55.7179588" lon="14.1657996" /><trkpt lat="55.7179158" lon="14.1656891"><ele>9.0</ele></trkpt><trkpt lat="55.7179280" lon="14.1655328" /><trkpt lat="55.7180008" lon="14.1652121"><ele>6.0</ele></trkpt><trkpt lat="55.7179776" lon="14.1651259" /><trkpt lat="55.7180226" lon="14.1649813" /><trkpt lat="55.7180499" lon="14.1646534"><ele>6.0</ele></trkpt><trkpt lat="55.7181025" lon="14.1642662"><ele>6.0</ele></trkpt><trkpt lat="55.7181739" lon="14.1638655"><ele>12.0</ele></trkpt><trkpt lat="55.7181820" lon="14.1634730"><ele>14.0</ele></trkpt><trkpt lat="55.7181835" lon="14.1630894"><ele>14.0</ele></trkpt><trkpt lat="55.7182346" lon="14.1627453"><ele>15.0</ele></trkpt><trkpt lat="55.7182989" lon="14.1624633"><ele>17.0</ele></trkpt><trkpt lat="55.7183176" lon="14.1622306" /><trkpt lat="55.7183166" lon="14.1619387"><ele>18.0</ele></trkpt><trkpt lat="55.7183100" lon="14.1615901"><ele>18.0</ele></trkpt><trkpt lat="55.7183439" lon="14.1612631"><ele>17.0</ele></trkpt><trkpt lat="55.7184198" lon="14.1608786"><ele>17.0</ele></trkpt><trkpt lat="55.7184835" lon="14.1605526"><ele>14.0</ele></trkpt><trkpt lat="55.7185878" lon="14.1603343"><ele>14.0</ele></trkpt><trkpt lat="55.7186156" lon="14.1601878" /><trkpt lat="55.7186308" lon="14.1599399"><ele>17.0</ele></trkpt><trkpt lat="55.7186976" lon="14.1597252" /><trkpt lat="55.7187259" lon="14.1595869"><ele>17.0</ele></trkpt><trkpt lat="55.7187517" lon="14.1594377" /><trkpt lat="55.7187957" lon="14.1591727"><ele>15.0</ele></trkpt><trkpt lat="55.7188038" lon="14.1589015"><ele>13.0</ele></trkpt><trkpt lat="55.7189025" lon="14.1587766" /><trkpt lat="55.7190108" lon="14.1586616"><ele>7.0</ele></trkpt><trkpt lat="55.7191550" lon="14.1584954"><ele>6.0</ele></trkpt><trkpt lat="55.7192117" lon="14.1582214"><ele>6.0</ele></trkpt><trkpt lat="55.7192390" lon="14.1579178"><ele>6.0</ele></trkpt><trkpt lat="55.7192405" lon="14.1575351"><ele>7.0</ele></trkpt><trkpt lat="55.7192688" lon="14.1571794"><ele>8.0</ele></trkpt><trkpt lat="55.7193650" lon="14.1568937"><ele>8.0</ele></trkpt><trkpt lat="55.7194798" lon="14.1565775"><ele>8.0</ele></trkpt><trkpt lat="55.7195436" lon="14.1563619" /><trkpt lat="55.7196048" lon="14.1561086"><ele>11.0</ele></trkpt><trkpt lat="55.7196286" lon="14.1558400"><ele>13.0</ele></trkpt><trkpt lat="55.7196225" lon="14.1555516"><ele>13.0</ele></trkpt><trkpt lat="55.7195987" lon="14.1552821"><ele>13.0</ele></trkpt><trkpt lat="55.7195719" lon="14.1549237"><ele>13.0</ele></trkpt><trkpt lat="55.7195496" lon="14.1548132" /><trkpt lat="55.7195218" lon="14.1546273"><ele>13.0</ele></trkpt><trkpt lat="55.7194869" lon="14.1544817" /><trkpt lat="55.7194267" lon="14.1542024"><ele>12.0</ele></trkpt><trkpt lat="55.7192789" lon="14.1539454"><ele>12.0</ele></trkpt><trkpt lat="55.7192117" lon="14.1537918" /><trkpt lat="55.7191707" lon="14.1536337"><ele>12.0</ele></trkpt><trkpt lat="55.7191388" lon="14.1534936" /><trkpt lat="55.7191428" lon="14.1531585"><ele>14.0</ele></trkpt><trkpt lat="55.7191267" lon="14.1529923" /><trkpt lat="55.7193007" lon="14.1527696"><ele>15.0</ele></trkpt><trkpt lat="55.7194368" lon="14.1525010"><ele>18.0</ele></trkpt><trkpt lat="55.7195916" lon="14.1521443"><ele>19.0</ele></trkpt><trkpt lat="55.7197267" lon="14.1518173"><ele>19.0</ele></trkpt><trkpt lat="55.7198208" lon="14.1514975"><ele>21.0</ele></trkpt><trkpt lat="55.7199600" lon="14.1511715"><ele>22.0</ele></trkpt><trkpt lat="55.7199559" lon="14.1508795"><ele>23.0</ele></trkpt><trkpt lat="55.7200627" lon="14.1506136"><ele>23.0</ele></trkpt><trkpt lat="55.7201118" lon="14.1504474" /><trkpt lat="55.7201189" lon="14.1500962"><ele>29.0</ele></trkpt><trkpt lat="55.7201755" lon="14.1498042"><ele>27.5</ele></trkpt><trkpt lat="55.7203718" lon="14.1496192"><ele>27.7</ele></trkpt><trkpt lat="55.7205176" lon="14.1494808"><ele>28.0</ele></trkpt><trkpt lat="55.7206446" lon="14.1493937" /><trkpt lat="55.7208186" lon="14.1490676"><ele>28.0</ele></trkpt><trkpt lat="55.7210458" lon="14.1487262"><ele>28.0</ele></trkpt><trkpt lat="55.7212097" lon="14.1484585"><ele>25.0</ele></trkpt><trkpt lat="55.7213736" lon="14.1483121"><ele>24.0</ele></trkpt><trkpt lat="55.7214905" lon="14.1481720" /><trkpt lat="55.7216625" lon="14.1479582"><ele>24.0</ele></trkpt><trkpt lat="55.7218517" lon="14.1476483"><ele>24.0</ele></trkpt><trkpt lat="55.7220627" lon="14.1474461"><ele>21.5</ele></trkpt><trkpt lat="55.7222656" lon="14.1472629"><ele>22.7</ele></trkpt><trkpt lat="55.7223845" lon="14.1470877"><ele>24.0</ele></trkpt><trkpt lat="55.7224735" lon="14.1468191"><ele>28.0</ele></trkpt><trkpt lat="55.7225676" lon="14.1467095" /><trkpt lat="55.7226248" lon="14.1464346"><ele>29.0</ele></trkpt><trkpt lat="55.7226729" lon="14.1463466" /><trkpt lat="55.7227128" lon="14.1461939"><ele>29.0</ele></trkpt><trkpt lat="55.7227715" lon="14.1458651"><ele>25.5</ele></trkpt><trkpt lat="55.7228049" lon="14.1456872" /><trkpt lat="55.7228565" lon="14.1455291"><ele>26.2</ele></trkpt><trkpt lat="55.7228859" lon="14.1452551"><ele>26.1</ele></trkpt><trkpt lat="55.7228808" lon="14.1451159" /><trkpt lat="55.7229415" lon="14.1448967"><ele>26.0</ele></trkpt><trkpt lat="55.7230078" lon="14.1445841"><ele>24.0</ele></trkpt><trkpt lat="55.7230675" lon="14.1443272"><ele>21.5</ele></trkpt><trkpt lat="55.7231338" lon="14.1441179" /><trkpt lat="55.7231545" lon="14.1439005"><ele>19.0</ele></trkpt><trkpt lat="55.7230827" lon="14.1435340"><ele>19.0</ele></trkpt><trkpt lat="55.7229628" lon="14.1431585"><ele>18.5</ele></trkpt><trkpt lat="55.7229668" lon="14.1429105" /><trkpt lat="55.7228727" lon="14.1426204"><ele>18.0</ele></trkpt><trkpt lat="55.7227685" lon="14.1423769"><ele>17.5</ele></trkpt><trkpt lat="55.7227427" lon="14.1421946" /><trkpt lat="55.7227088" lon="14.1419718"><ele>17.0</ele></trkpt><trkpt lat="55.7226496" lon="14.1418406" /><trkpt lat="55.7225889" lon="14.1414193"><ele>16.0</ele></trkpt><trkpt lat="55.7224766" lon="14.1410447"><ele>14.0</ele></trkpt><trkpt lat="55.7223865" lon="14.1406728"><ele>13.0</ele></trkpt><trkpt lat="55.7223066" lon="14.1405579" /><trkpt lat="55.7223319" lon="14.1403450"><ele>13.0</ele></trkpt><trkpt lat="55.7222575" lon="14.1402048" /><trkpt lat="55.7222499" lon="14.1400054"><ele>12.0</ele></trkpt><trkpt lat="55.7223025" lon="14.1397485"><ele>12.0</ele></trkpt><trkpt lat="55.7222646" lon="14.1396308" /><trkpt lat="55.7222818" lon="14.1393406"><ele>11.0</ele></trkpt><trkpt lat="55.7222616" lon="14.1390092"><ele>10.0</ele></trkpt><trkpt lat="55.7223076" lon="14.1386777"><ele>10.0</ele></trkpt><trkpt lat="55.7222747" lon="14.1385744" /><trkpt lat="55.7223299" lon="14.1383552"><ele>11.0</ele></trkpt><trkpt lat="55.7224336" lon="14.1381683" /><trkpt lat="55.7225509" lon="14.1379698"><ele>14.0</ele></trkpt><trkpt lat="55.7226415" lon="14.1377785" /><trkpt lat="55.7227999" lon="14.1375368"><ele>16.5</ele></trkpt><trkpt lat="55.7229638" lon="14.1372556"><ele>19.0</ele></trkpt><trkpt lat="55.7230908" lon="14.1370481"><ele>25.0</ele></trkpt><trkpt lat="55.7232198" lon="14.1368056"><ele>27.0</ele></trkpt><trkpt lat="55.7233599" lon="14.1365262"><ele>27.5</ele></trkpt><trkpt lat="55.7234819" lon="14.1362235"><ele>25.7</ele></trkpt><trkpt lat="55.7235916" lon="14.1360025"><ele>24.0</ele></trkpt><trkpt lat="55.7236397" lon="14.1358237" /><trkpt lat="55.7236437" lon="14.1356575"><ele>26.0</ele></trkpt><trkpt lat="55.7236918" lon="14.1355318" /><trkpt lat="55.7237717" lon="14.1354716"><ele>25.0</ele></trkpt><trkpt lat="55.7238739" lon="14.1354608" /><trkpt lat="55.7239756" lon="14.1352776"><ele>24.0</ele></trkpt><trkpt lat="55.7240196" lon="14.1351473" /><trkpt lat="55.7241228" lon="14.1349479"><ele>25.0</ele></trkpt><trkpt lat="55.7241836" lon="14.1347098" /><trkpt lat="55.7242847" lon="14.1344394"><ele>22.5</ele></trkpt><trkpt lat="55.7244365" lon="14.1342104"><ele>22.2</ele></trkpt><trkpt lat="55.7245969" lon="14.1340091"><ele>23.1</ele></trkpt><trkpt lat="55.7247077" lon="14.1337208"><ele>24.0</ele></trkpt><trkpt lat="55.7247937" lon="14.1334495"><ele>24.0</ele></trkpt><trkpt lat="55.7248999" lon="14.1332087"><ele>24.0</ele></trkpt><trkpt lat="55.7249809" lon="14.1330515" /><trkpt lat="55.7250229" lon="14.1329806"><ele>24.0</ele></trkpt><trkpt lat="55.7250330" lon="14.1328234" /><trkpt lat="55.7251159" lon="14.1328252"><ele>23.5</ele></trkpt><trkpt lat="55.7252439" lon="14.1328602" /><trkpt lat="55.7253446" lon="14.1328988"><ele>23.0</ele></trkpt><trkpt lat="55.7255277" lon="14.1327452"><ele>22.5</ele></trkpt><trkpt lat="55.7257028" lon="14.1326015"><ele>22.0</ele></trkpt><trkpt lat="55.7258429" lon="14.1323832"><ele>16.0</ele></trkpt><trkpt lat="55.7259446" lon="14.1321622"><ele>16.5</ele></trkpt><trkpt lat="55.7260210" lon="14.1318873"><ele>15.7</ele></trkpt><trkpt lat="55.7260569" lon="14.1316475" /><trkpt lat="55.7261899" lon="14.1313447"><ele>15.0</ele></trkpt><trkpt lat="55.7262876" lon="14.1310348"><ele>16.5</ele></trkpt><trkpt lat="55.7263589" lon="14.1307968"><ele>18.0</ele></trkpt><trkpt lat="55.7264500" lon="14.1304662"><ele>20.0</ele></trkpt><trkpt lat="55.7264029" lon="14.1301697"><ele>19.5</ele></trkpt><trkpt lat="55.7262648" lon="14.1298392"><ele>20.2</ele></trkpt><trkpt lat="55.7261500" lon="14.1297637" /><trkpt lat="55.7260787" lon="14.1295921"><ele>21.0</ele></trkpt><trkpt lat="55.7259760" lon="14.1294673" /><trkpt lat="55.7259006" lon="14.1293226"><ele>21.0</ele></trkpt><trkpt lat="55.7259547" lon="14.1292256" /><trkpt lat="55.7259395" lon="14.1290998" /><trkpt lat="55.7259127" lon="14.1287100" /><trkpt lat="55.7258920" lon="14.1284117"><ele>18.0</ele></trkpt><trkpt lat="55.7258986" lon="14.1281360" /><trkpt lat="55.7259249" lon="14.1276859" /><trkpt lat="55.7258419" lon="14.1277012" /><trkpt lat="55.7258459" lon="14.1275458" /><trkpt lat="55.7258637" lon="14.1271595" /><trkpt lat="55.7258798" lon="14.1269394" /><trkpt lat="55.7259188" lon="14.1266708" /><trkpt lat="55.7259446" lon="14.1263788" /><trkpt lat="55.7259446" lon="14.1260447" /><trkpt lat="55.7259259" lon="14.1255991" /><trkpt lat="55.7258687" lon="14.1252919" /><trkpt lat="55.7258379" lon="14.1250556" /><trkpt lat="55.7258070" lon="14.1248715" /><trkpt lat="55.7258556" lon="14.1245984" /><trkpt lat="55.7258920" lon="14.1242525" /><trkpt lat="55.7259259" lon="14.1239552" /><trkpt lat="55.7259046" lon="14.1236408" /><trkpt lat="55.7259026" lon="14.1231189"><ele>16.0</ele></trkpt><trkpt lat="55.7258419" lon="14.1227919"><ele>14.0</ele></trkpt><trkpt lat="55.7257938" lon="14.1224999"><ele>13.5</ele></trkpt><trkpt lat="55.7257129" lon="14.1220903"><ele>13.7</ele></trkpt><trkpt lat="55.7256137" lon="14.1218998" /><trkpt lat="55.7255920" lon="14.1216735"><ele>14.0</ele></trkpt><trkpt lat="55.7255040" lon="14.1213995"><ele>14.0</ele></trkpt><trkpt lat="55.7254807" lon="14.1209072"><ele>13.0</ele></trkpt><trkpt lat="55.7255910" lon="14.1206763"><ele>13.0</ele></trkpt><trkpt lat="55.7257397" lon="14.1203763"><ele>15.0</ele></trkpt><trkpt lat="55.7258176" lon="14.1201329"><ele>15.0</ele></trkpt><trkpt lat="55.7259927" lon="14.1201562"><ele>15.0</ele></trkpt><trkpt lat="55.7261019" lon="14.1202182" /><trkpt lat="55.7262466" lon="14.1202101"><ele>17.0</ele></trkpt><trkpt lat="55.7263867" lon="14.1200215"><ele>21.0</ele></trkpt><trkpt lat="55.7265360" lon="14.1197807"><ele>23.0</ele></trkpt><trkpt lat="55.7267626" lon="14.1193909"><ele>24.0</ele></trkpt><trkpt lat="55.7270019" lon="14.1191115"><ele>27.0</ele></trkpt><trkpt lat="55.7271678" lon="14.1188743"><ele>30.0</ele></trkpt><trkpt lat="55.7273059" lon="14.1186938"><ele>32.0</ele></trkpt><trkpt lat="55.7274769" lon="14.1185797"><ele>35.0</ele></trkpt><trkpt lat="55.7275710" lon="14.1185177" /><trkpt lat="55.7275250" lon="14.1186722"><ele>41.0</ele></trkpt><trkpt lat="55.7276130" lon="14.1185707" /><trkpt lat="55.7275988" lon="14.1187513"><ele>41.0</ele></trkpt><trkpt lat="55.7276008" lon="14.1188977" /><trkpt lat="55.7274976" lon="14.1190863"><ele>33.0</ele></trkpt><trkpt lat="55.7274379" lon="14.1193226" /><trkpt lat="55.7274339" lon="14.1195993"><ele>33.0</ele></trkpt><trkpt lat="55.7275199" lon="14.1198427"><ele>32.5</ele></trkpt><trkpt lat="55.7275958" lon="14.1199146" /><trkpt lat="55.7276919" lon="14.1199559"><ele>32.0</ele></trkpt><trkpt lat="55.7277915" lon="14.1198364" /><trkpt lat="55.7278866" lon="14.1197493"><ele>30.0</ele></trkpt><trkpt lat="55.7279560" lon="14.1196666" /><trkpt lat="55.7280870" lon="14.1197259"><ele>30.0</ele></trkpt><trkpt lat="55.7281978" lon="14.1195804" /><trkpt lat="55.7282408" lon="14.1194250"><ele>33.0</ele></trkpt><trkpt lat="55.7283187" lon="14.1193289" /><trkpt lat="55.7284517" lon="14.1193702"><ele>34.0</ele></trkpt><trkpt lat="55.7285245" lon="14.1193648" /><trkpt lat="55.7286900" lon="14.1191258"><ele>34.0</ele></trkpt><trkpt lat="55.7288017" lon="14.1189237"><ele>34.0</ele></trkpt><trkpt lat="55.7289039" lon="14.1188752" /><trkpt lat="55.7290066" lon="14.1188779"><ele>28.0</ele></trkpt><trkpt lat="55.7291746" lon="14.1190252"><ele>26.0</ele></trkpt><trkpt lat="55.7292595" lon="14.1191914" /><trkpt lat="55.7292798" lon="14.1193747"><ele>25.0</ele></trkpt><trkpt lat="55.7293339" lon="14.1196055" /><trkpt lat="55.7294356" lon="14.1197619"><ele>24.0</ele></trkpt><trkpt lat="55.7295266" lon="14.1199649" /><trkpt lat="55.7296359" lon="14.1201823"><ele>25.5</ele></trkpt><trkpt lat="55.7296915" lon="14.1204176" /><trkpt lat="55.7298458" lon="14.1207949"><ele>24.7</ele></trkpt><trkpt lat="55.7299106" lon="14.1209593" /><trkpt lat="55.7300557" lon="14.1211884"><ele>25.3</ele></trkpt><trkpt lat="55.7302156" lon="14.1215297"><ele>25.1</ele></trkpt><trkpt lat="55.7302646" lon="14.1218397"><ele>25.0</ele></trkpt><trkpt lat="55.7303810" lon="14.1220103" /><trkpt lat="55.7305267" lon="14.1222223"><ele>22.0</ele></trkpt><trkpt lat="55.7306319" lon="14.1223795" /><trkpt lat="55.7307290" lon="14.1225565"><ele>18.0</ele></trkpt><trkpt lat="55.7308499" lon="14.1227685"><ele>18.0</ele></trkpt><trkpt lat="55.7309839" lon="14.1229859"><ele>17.5</ele></trkpt><trkpt lat="55.7312186" lon="14.1232356"><ele>21.2</ele></trkpt><trkpt lat="55.7314528" lon="14.1234872"><ele>18.1</ele></trkpt><trkpt lat="55.7315950" lon="14.1237989"><ele>15.0</ele></trkpt><trkpt lat="55.7316906" lon="14.1237881" /><trkpt lat="55.7318615" lon="14.1238761"><ele>14.0</ele></trkpt><trkpt lat="55.7320289" lon="14.1241313"><ele>13.0</ele></trkpt><trkpt lat="55.7319844" lon="14.1246541"><ele>14.0</ele></trkpt><trkpt lat="55.7319485" lon="14.1252766"><ele>15.0</ele></trkpt><trkpt lat="55.7318757" lon="14.1257913"><ele>14.5</ele></trkpt><trkpt lat="55.7318635" lon="14.1262423"><ele>17.7</ele></trkpt><trkpt lat="55.7318878" lon="14.1266070"><ele>17.8</ele></trkpt><trkpt lat="55.7321185" lon="14.1264265"><ele>17.4</ele></trkpt><trkpt lat="55.7325767" lon="14.1260707"><ele>17.0</ele></trkpt><trkpt lat="55.7329146" lon="14.1258991"><ele>16.5</ele></trkpt><trkpt lat="55.7331685" lon="14.1258345"><ele>17.2</ele></trkpt><trkpt lat="55.7334103" lon="14.1258345"><ele>18.0</ele></trkpt><trkpt lat="55.7337724" lon="14.1259207"><ele>23.0</ele></trkpt><trkpt lat="55.7339297" lon="14.1261992"><ele>23.0</ele></trkpt><trkpt lat="55.7340430" lon="14.1264741"><ele>21.0</ele></trkpt><trkpt lat="55.7341593" lon="14.1267570"><ele>19.0</ele></trkpt><trkpt lat="55.7344127" lon="14.1270149"><ele>17.0</ele></trkpt><trkpt lat="55.7345336" lon="14.1272942"><ele>17.0</ele></trkpt><trkpt lat="55.7347754" lon="14.1272942"><ele>18.0</ele></trkpt><trkpt lat="55.7349023" lon="14.1273670" /><trkpt lat="55.7350232" lon="14.1274955"><ele>22.0</ele></trkpt><trkpt lat="55.7353555" lon="14.1277209"><ele>23.0</ele></trkpt><trkpt lat="55.7353555" lon="14.1277209" /><trkpt lat="55.7361769" lon="14.1282141"><ele>24.0</ele></trkpt><trkpt lat="55.7363883" lon="14.1282833"><ele>23.0</ele></trkpt><trkpt lat="55.7366664" lon="14.1283749"><ele>22.0</ele></trkpt><trkpt lat="55.7369866" lon="14.1284396"><ele>20.0</ele></trkpt><trkpt lat="55.7373188" lon="14.1283641"><ele>26.0</ele></trkpt><trkpt lat="55.7375060" lon="14.1283533"><ele>27.0</ele></trkpt><trkpt lat="55.7376688" lon="14.1282788"><ele>23.5</ele></trkpt><trkpt lat="55.7377897" lon="14.1282249" /><trkpt lat="55.7379106" lon="14.1281180"><ele>20.0</ele></trkpt><trkpt lat="55.7379106" lon="14.1281180" /><trkpt lat="55.7382064" lon="14.1278278"><ele>19.5</ele></trkpt><trkpt lat="55.7382064" lon="14.1278278" /><trkpt lat="55.7384481" lon="14.1277102"><ele>19.0</ele></trkpt><trkpt lat="55.7385629" lon="14.1279455"><ele>19.0</ele></trkpt><trkpt lat="55.7387319" lon="14.1283003"><ele>18.0</ele></trkpt><trkpt lat="55.7387986" lon="14.1285249" /><trkpt lat="55.7388770" lon="14.1287827"><ele>18.0</ele></trkpt><trkpt lat="55.7390510" lon="14.1288483"><ele>14.0</ele></trkpt><trkpt lat="55.7391739" lon="14.1290693"><ele>14.0</ele></trkpt><trkpt lat="55.7393367" lon="14.1292975"><ele>14.0</ele></trkpt><trkpt lat="55.7394115" lon="14.1295643"><ele>13.0</ele></trkpt><trkpt lat="55.7394839" lon="14.1297790" /><trkpt lat="55.7395117" lon="14.1300224"><ele>12.0</ele></trkpt><trkpt lat="55.7396325" lon="14.1302443"><ele>11.0</ele></trkpt><trkpt lat="55.7397817" lon="14.1303602"><ele>11.0</ele></trkpt><trkpt lat="55.7398940" lon="14.1306333"><ele>11.0</ele></trkpt><trkpt lat="55.7400088" lon="14.1309117"><ele>12.0</ele></trkpt><trkpt lat="55.7402146" lon="14.1310519"><ele>13.0</ele></trkpt><trkpt lat="55.7404467" lon="14.1311642"><ele>14.0</ele></trkpt><trkpt lat="55.7406930" lon="14.1314633"><ele>14.0</ele></trkpt><trkpt lat="55.7408275" lon="14.1315307" /><trkpt lat="55.7409469" lon="14.1316744"><ele>14.0</ele></trkpt><trkpt lat="55.7411299" lon="14.1318756"><ele>16.0</ele></trkpt><trkpt lat="55.7413448" lon="14.1320634"><ele>18.0</ele></trkpt><trkpt lat="55.7415886" lon="14.1322718"><ele>21.0</ele></trkpt><trkpt lat="55.7418369" lon="14.1324191"><ele>21.0</ele></trkpt><trkpt lat="55.7420037" lon="14.1324694"><ele>20.0</ele></trkpt><trkpt lat="55.7422955" lon="14.1327668"><ele>19.0</ele></trkpt><trkpt lat="55.7425317" lon="14.1329716"><ele>19.0</ele></trkpt><trkpt lat="55.7427820" lon="14.1330830"><ele>23.0</ele></trkpt><trkpt lat="55.7430217" lon="14.1332635"><ele>25.0</ele></trkpt><trkpt lat="55.7431997" lon="14.1335205"><ele>27.0</ele></trkpt><trkpt lat="55.7434677" lon="14.1337684"><ele>28.5</ele></trkpt><trkpt lat="55.7436669" lon="14.1339741"><ele>30.0</ele></trkpt><trkpt lat="55.7437766" lon="14.1339229" /><trkpt lat="55.7440406" lon="14.1339310"><ele>32.0</ele></trkpt><trkpt lat="55.7442100" lon="14.1340334"><ele>31.5</ele></trkpt><trkpt lat="55.7443667" lon="14.1340828"><ele>32.2</ele></trkpt><trkpt lat="55.7445599" lon="14.1339939"><ele>33.0</ele></trkpt><trkpt lat="55.7447116" lon="14.1341053"><ele>33.0</ele></trkpt><trkpt lat="55.7450235" lon="14.1341331"><ele>33.5</ele></trkpt><trkpt lat="55.7452400" lon="14.1343622"><ele>34.0</ele></trkpt><trkpt lat="55.7454346" lon="14.1345526"><ele>36.0</ele></trkpt><trkpt lat="55.7455479" lon="14.1347314" /><trkpt lat="55.7457127" lon="14.1349263"><ele>35.5</ele></trkpt><trkpt lat="55.7458356" lon="14.1351967"><ele>36.2</ele></trkpt><trkpt lat="55.7460085" lon="14.1353665"><ele>37.0</ele></trkpt><trkpt lat="55.7462709" lon="14.1357070"><ele>37.0</ele></trkpt><trkpt lat="55.7464646" lon="14.1359693"><ele>37.0</ele></trkpt><trkpt lat="55.7467169" lon="14.1361381"><ele>34.0</ele></trkpt><trkpt lat="55.7469298" lon="14.1365729"><ele>33.0</ele></trkpt><trkpt lat="55.7470157" lon="14.1368209"><ele>40.0</ele></trkpt><trkpt lat="55.7471138" lon="14.1370014" /><trkpt lat="55.7473100" lon="14.1372188"><ele>47.0</ele></trkpt><trkpt lat="55.7474566" lon="14.1376338"><ele>46.5</ele></trkpt><trkpt lat="55.7476139" lon="14.1380543"><ele>46.0</ele></trkpt><trkpt lat="55.7478409" lon="14.1383911"><ele>29.0</ele></trkpt><trkpt lat="55.7481387" lon="14.1385591"><ele>28.0</ele></trkpt><trkpt lat="55.7482388" lon="14.1386912" /><trkpt lat="55.7484577" lon="14.1388484"><ele>28.5</ele></trkpt><trkpt lat="55.7486549" lon="14.1390316"><ele>29.0</ele></trkpt><trkpt lat="55.7489057" lon="14.1391924"><ele>31.0</ele></trkpt><trkpt lat="55.7491519" lon="14.1393694"><ele>31.0</ele></trkpt><trkpt lat="55.7492348" lon="14.1395041" /><trkpt lat="55.7494689" lon="14.1396613"><ele>39.0</ele></trkpt><trkpt lat="55.7497459" lon="14.1398679"><ele>41.0</ele></trkpt><trkpt lat="55.7500169" lon="14.1400494"><ele>38.5</ele></trkpt><trkpt lat="55.7501539" lon="14.1401653"><ele>36.0</ele></trkpt><trkpt lat="55.7502955" lon="14.1401958" /><trkpt lat="55.7505837" lon="14.1404357"><ele>39.5</ele></trkpt><trkpt lat="55.7507839" lon="14.1404465"><ele>39.2</ele></trkpt><trkpt lat="55.7510357" lon="14.1405183"><ele>39.0</ele></trkpt><trkpt lat="55.7513117" lon="14.1407348"><ele>36.0</ele></trkpt><trkpt lat="55.7514917" lon="14.1407303"><ele>36.0</ele></trkpt><trkpt lat="55.7517197" lon="14.1406773"><ele>37.0</ele></trkpt><trkpt lat="55.7519598" lon="14.1406432"><ele>33.0</ele></trkpt><trkpt lat="55.7521120" lon="14.1406737"><ele>29.0</ele></trkpt><trkpt lat="55.7524087" lon="14.1407115"><ele>18.0</ele></trkpt><trkpt lat="55.7526848" lon="14.1408435"><ele>20.0</ele></trkpt><trkpt lat="55.7528688" lon="14.1408471"><ele>22.0</ele></trkpt><trkpt lat="55.7530068" lon="14.1409118" /><trkpt lat="55.7530376" lon="14.1406234"><ele>22.0</ele></trkpt><trkpt lat="55.7529355" lon="14.1406926" /><trkpt lat="55.7530609" lon="14.1408489"><ele>26.0</ele></trkpt><trkpt lat="55.7532808" lon="14.1410223"><ele>26.0</ele></trkpt><trkpt lat="55.7533738" lon="14.1411283" /><trkpt lat="55.7535219" lon="14.1411642"><ele>29.0</ele></trkpt><trkpt lat="55.7538227" lon="14.1412648"><ele>32.0</ele></trkpt><trkpt lat="55.7540927" lon="14.1414894"><ele>32.0</ele></trkpt><trkpt lat="55.7542736" lon="14.1415747"><ele>32.0</ele></trkpt><trkpt lat="55.7544905" lon="14.1416376"><ele>31.0</ele></trkpt><trkpt lat="55.7546720" lon="14.1417005"><ele>31.0</ele></trkpt><trkpt lat="55.7549076" lon="14.1418047"><ele>26.0</ele></trkpt><trkpt lat="55.7551467" lon="14.1419125"><ele>26.0</ele></trkpt><trkpt lat="55.7553236" lon="14.1420895"><ele>29.0</ele></trkpt><trkpt lat="55.7553969" lon="14.1423033" /><trkpt lat="55.7556658" lon="14.1425620"><ele>31.0</ele></trkpt><trkpt lat="55.7559049" lon="14.1426545"><ele>34.5</ele></trkpt><trkpt lat="55.7560278" lon="14.1426779" /><trkpt lat="55.7561279" lon="14.1429177"><ele>38.0</ele></trkpt><trkpt lat="55.7563295" lon="14.1431055"><ele>36.5</ele></trkpt><trkpt lat="55.7566035" lon="14.1432079"><ele>35.0</ele></trkpt><trkpt lat="55.7567309" lon="14.1433229" /><trkpt lat="55.7569245" lon="14.1434693"><ele>34.5</ele></trkpt><trkpt lat="55.7571439" lon="14.1436364"><ele>35.7</ele></trkpt><trkpt lat="55.7574098" lon="14.1438475"><ele>37.0</ele></trkpt><trkpt lat="55.7576746" lon="14.1440379"><ele>39.0</ele></trkpt><trkpt lat="55.7578768" lon="14.1441260"><ele>39.0</ele></trkpt><trkpt lat="55.7579966" lon="14.1442284" /><trkpt lat="55.7581356" lon="14.1443452"><ele>39.0</ele></trkpt><trkpt lat="55.7584000" lon="14.1445778"><ele>47.0</ele></trkpt><trkpt lat="55.7585648" lon="14.1446209"><ele>47.0</ele></trkpt><trkpt lat="55.7587690" lon="14.1447629"><ele>49.5</ele></trkpt><trkpt lat="55.7589717" lon="14.1449398"><ele>48.7</ele></trkpt><trkpt lat="55.7591178" lon="14.1450773"><ele>48.0</ele></trkpt><trkpt lat="55.7593867" lon="14.1451482"><ele>50.5</ele></trkpt><trkpt lat="55.7596940" lon="14.1452839"><ele>53.0</ele></trkpt><trkpt lat="55.7599457" lon="14.1454213"><ele>53.0</ele></trkpt><trkpt lat="55.7601838" lon="14.1456881"><ele>52.0</ele></trkpt><trkpt lat="55.7604223" lon="14.1459558"><ele>51.0</ele></trkpt><trkpt lat="55.7608772" lon="14.1464652"><ele>49.0</ele></trkpt><trkpt lat="55.7611072" lon="14.1465577"><ele>49.0</ele></trkpt><trkpt lat="55.7614868" lon="14.1467122"><ele>48.0</ele></trkpt><trkpt lat="55.7616712" lon="14.1468613"><ele>49.0</ele></trkpt><trkpt lat="55.7618850" lon="14.1470338"><ele>48.5</ele></trkpt><trkpt lat="55.7620923" lon="14.1471093"><ele>48.0</ele></trkpt><trkpt lat="55.7623561" lon="14.1472054"><ele>48.0</ele></trkpt><trkpt lat="55.7625481" lon="14.1473940"><ele>49.0</ele></trkpt><trkpt lat="55.7628150" lon="14.1476563"><ele>49.0</ele></trkpt><trkpt lat="55.7630308" lon="14.1477839"><ele>49.0</ele></trkpt><trkpt lat="55.7633578" lon="14.1479779"><ele>49.0</ele></trkpt><trkpt lat="55.7635681" lon="14.1481019"><ele>47.0</ele></trkpt><trkpt lat="55.7638652" lon="14.1482789"><ele>47.0</ele></trkpt><trkpt lat="55.7640659" lon="14.1483750"><ele>56.5</ele></trkpt><trkpt lat="55.7643115" lon="14.1484927"><ele>66.0</ele></trkpt><trkpt lat="55.7646258" lon="14.1487289"><ele>67.0</ele></trkpt><trkpt lat="55.7648159" lon="14.1488583"><ele>66.5</ele></trkpt><trkpt lat="55.7650362" lon="14.1490083"><ele>66.0</ele></trkpt><trkpt lat="55.7653015" lon="14.1492014"><ele>60.0</ele></trkpt><trkpt lat="55.7656033" lon="14.1494161"><ele>58.0</ele></trkpt><trkpt lat="55.7659413" lon="14.1496515"><ele>56.0</ele></trkpt><trkpt lat="55.7662431" lon="14.1498878"><ele>56.0</ele></trkpt><trkpt lat="55.7665331" lon="14.1501456"><ele>50.0</ele></trkpt><trkpt lat="55.7668227" lon="14.1503603"><ele>49.0</ele></trkpt><trkpt lat="55.7671365" lon="14.1505741"><ele>49.0</ele></trkpt><trkpt lat="55.7673781" lon="14.1508534"><ele>49.0</ele></trkpt><trkpt lat="55.7675469" lon="14.1510250"><ele>46.5</ele></trkpt><trkpt lat="55.7678364" lon="14.1513044"><ele>44.0</ele></trkpt><trkpt lat="55.7681144" lon="14.1517329"><ele>35.0</ele></trkpt><trkpt lat="55.7683676" lon="14.1520976"><ele>35.0</ele></trkpt><trkpt lat="55.7685368" lon="14.1523339"><ele>38.0</ele></trkpt><trkpt lat="55.7686935" lon="14.1520770"><ele>42.0</ele></trkpt><trkpt lat="55.7688865" lon="14.1517760"><ele>39.0</ele></trkpt><trkpt lat="55.7690679" lon="14.1515613"><ele>36.0</ele></trkpt><trkpt lat="55.7691887" lon="14.1513260"><ele>29.0</ele></trkpt><trkpt lat="55.7693575" lon="14.1513897"><ele>29.0</ele></trkpt><trkpt lat="55.7696592" lon="14.1515613"><ele>29.0</ele></trkpt><trkpt lat="55.7699608" lon="14.1516260"><ele>32.0</ele></trkpt><trkpt lat="55.7701781" lon="14.1516691"><ele>37.0</ele></trkpt><trkpt lat="55.7704682" lon="14.1515613"><ele>42.0</ele></trkpt><trkpt lat="55.7706971" lon="14.1515182"><ele>43.0</ele></trkpt><trkpt lat="55.7709750" lon="14.1513897"><ele>43.0</ele></trkpt><trkpt lat="55.7712524" lon="14.1513260"><ele>43.0</ele></trkpt><trkpt lat="55.7714338" lon="14.1511113"><ele>44.0</ele></trkpt><trkpt lat="55.7714338" lon="14.1511113" /><trkpt lat="55.7715662" lon="14.1506603"><ele>45.5</ele></trkpt><trkpt lat="55.7718077" lon="14.1504456"><ele>43.7</ele></trkpt><trkpt lat="55.7718679" lon="14.1498662"><ele>42.0</ele></trkpt><trkpt lat="55.7718077" lon="14.1493299"><ele>38.0</ele></trkpt><trkpt lat="55.7718077" lon="14.1493299" /><trkpt lat="55.7718077" lon="14.1493299" /><trkpt lat="55.7718077" lon="14.1493299" /><trkpt lat="55.7718077" lon="14.1493299" /><trkpt lat="55.7718077" lon="14.1493299" /><trkpt lat="55.7718077" lon="14.1493299" /><trkpt lat="55.7718077" lon="14.1493299" /><trkpt lat="55.7717476" lon="14.1484927"><ele>34.0</ele></trkpt><trkpt lat="55.7717956" lon="14.1479348"><ele>36.0</ele></trkpt><trkpt lat="55.7718077" lon="14.1473770"><ele>38.0</ele></trkpt><trkpt lat="55.7717865" lon="14.1469961"><ele>40.0</ele></trkpt><trkpt lat="55.7717592" lon="14.1464975"><ele>36.0</ele></trkpt><trkpt lat="55.7716946" lon="14.1460960"><ele>32.0</ele></trkpt><trkpt lat="55.7715905" lon="14.1454465"><ele>32.0</ele></trkpt><trkpt lat="55.7715339" lon="14.1450090"><ele>32.5</ele></trkpt><trkpt lat="55.7714217" lon="14.1441376"><ele>33.0</ele></trkpt><trkpt lat="55.7714217" lon="14.1441376" /><trkpt lat="55.7711438" lon="14.1424416"><ele>33.0</ele></trkpt><trkpt lat="55.7710978" lon="14.1420958"><ele>30.0</ele></trkpt><trkpt lat="55.7710473" lon="14.1417122"><ele>29.0</ele></trkpt><trkpt lat="55.7709816" lon="14.1413367"><ele>29.0</ele></trkpt><trkpt lat="55.7708906" lon="14.1408112"><ele>28.5</ele></trkpt><trkpt lat="55.7708431" lon="14.1404384"><ele>30.2</ele></trkpt><trkpt lat="55.7707820" lon="14.1399533"><ele>30.6</ele></trkpt><trkpt lat="55.7708290" lon="14.1403252"><ele>31.0</ele></trkpt><trkpt lat="55.7708906" lon="14.1408112"><ele>31.0</ele></trkpt><trkpt lat="55.7708431" lon="14.1404384"><ele>32.0</ele></trkpt><trkpt lat="55.7707820" lon="14.1399533"><ele>33.0</ele></trkpt><trkpt lat="55.7708290" lon="14.1403252"><ele>34.5</ele></trkpt><trkpt lat="55.7708906" lon="14.1408112"><ele>33.2</ele></trkpt><trkpt lat="55.7708431" lon="14.1404384"><ele>32.0</ele></trkpt><trkpt lat="55.7707820" lon="14.1399533"><ele>29.5</ele></trkpt><trkpt lat="55.7708290" lon="14.1403252"><ele>27.0</ele></trkpt><trkpt lat="55.7708906" lon="14.1408112"><ele>24.0</ele></trkpt><trkpt lat="55.7708431" lon="14.1404384"><ele>24.0</ele></trkpt><trkpt lat="55.7707820" lon="14.1399533"><ele>24.0</ele></trkpt><trkpt lat="55.7707613" lon="14.1395643"><ele>19.0</ele></trkpt><trkpt lat="55.7707335" lon="14.1390298"><ele>19.0</ele></trkpt><trkpt lat="55.7705526" lon="14.1387513"><ele>19.0</ele></trkpt><trkpt lat="55.7704075" lon="14.1382366"><ele>25.0</ele></trkpt><trkpt lat="55.7703095" lon="14.1379294"><ele>28.0</ele></trkpt><trkpt lat="55.7702024" lon="14.1375925"><ele>31.0</ele></trkpt><trkpt lat="55.7700973" lon="14.1372781"><ele>30.5</ele></trkpt><trkpt lat="55.7699730" lon="14.1369062"><ele>31.2</ele></trkpt><trkpt lat="55.7699730" lon="14.1369062" /><trkpt lat="55.7699730" lon="14.1369062" /><trkpt lat="55.7699730" lon="14.1369062" /><trkpt lat="55.7699730" lon="14.1369062" /><trkpt lat="55.7699730" lon="14.1369062" /><trkpt lat="55.7699730" lon="14.1369062" /><trkpt lat="55.7699730" lon="14.1369062" /><trkpt lat="55.7696834" lon="14.1353072"><ele>32.0</ele></trkpt><trkpt lat="55.7695667" lon="14.1348670"><ele>32.0</ele></trkpt><trkpt lat="55.7694505" lon="14.1344278"><ele>32.5</ele></trkpt><trkpt lat="55.7692670" lon="14.1337334"><ele>33.0</ele></trkpt><trkpt lat="55.7691139" lon="14.1333677"><ele>33.0</ele></trkpt><trkpt lat="55.7689613" lon="14.1330021"><ele>31.5</ele></trkpt><trkpt lat="55.7687961" lon="14.1326069"><ele>32.7</ele></trkpt><trkpt lat="55.7686465" lon="14.1323140"><ele>34.0</ele></trkpt><trkpt lat="55.7684343" lon="14.1318990"><ele>35.0</ele></trkpt><trkpt lat="55.7684343" lon="14.1318990" /><trkpt lat="55.7681265" lon="14.1312235"><ele>36.0</ele></trkpt><trkpt lat="55.7679410" lon="14.1313726"><ele>37.0</ele></trkpt><trkpt lat="55.7677278" lon="14.1315451"><ele>36.0</ele></trkpt><trkpt lat="55.7675514" lon="14.1317759"><ele>35.0</ele></trkpt><trkpt lat="55.7673114" lon="14.1320921"><ele>35.5</ele></trkpt><trkpt lat="55.7671446" lon="14.1323482"><ele>36.0</ele></trkpt><trkpt lat="55.7669132" lon="14.1327039"><ele>39.0</ele></trkpt><trkpt lat="55.7667151" lon="14.1326724"><ele>41.0</ele></trkpt><trkpt lat="55.7664967" lon="14.1326392"><ele>43.0</ele></trkpt><trkpt lat="55.7666943" lon="14.1326697"><ele>49.0</ele></trkpt><trkpt lat="55.7669132" lon="14.1327039"><ele>49.0</ele></trkpt><trkpt lat="55.7667151" lon="14.1326724"><ele>53.0</ele></trkpt><trkpt lat="55.7664967" lon="14.1326392"><ele>53.0</ele></trkpt><trkpt lat="55.7666943" lon="14.1326697"><ele>53.0</ele></trkpt><trkpt lat="55.7669132" lon="14.1327039"><ele>51.5</ele></trkpt><trkpt lat="55.7667151" lon="14.1326724"><ele>52.2</ele></trkpt><trkpt lat="55.7664967" lon="14.1326392"><ele>52.1</ele></trkpt><trkpt lat="55.7666943" lon="14.1326697"><ele>55.0</ele></trkpt><trkpt lat="55.7669132" lon="14.1327039"><ele>55.0</ele></trkpt><trkpt lat="55.7667151" lon="14.1326724"><ele>55.0</ele></trkpt><trkpt lat="55.7664967" lon="14.1326392"><ele>56.0</ele></trkpt><trkpt lat="55.7666943" lon="14.1326697"><ele>55.5</ele></trkpt><trkpt lat="55.7669132" lon="14.1327039"><ele>56.7</ele></trkpt><trkpt lat="55.7667151" lon="14.1326724"><ele>58.0</ele></trkpt><trkpt lat="55.7664967" lon="14.1326392"><ele>60.0</ele></trkpt><trkpt lat="55.7662931" lon="14.1325521"><ele>61.0</ele></trkpt><trkpt lat="55.7660439" lon="14.1324461"><ele>61.0</ele></trkpt><trkpt lat="55.7658590" lon="14.1323356"><ele>61.0</ele></trkpt><trkpt lat="55.7656639" lon="14.1322206"><ele>61.0</ele></trkpt><trkpt lat="55.7654542" lon="14.1321775"><ele>60.0</ele></trkpt><trkpt lat="55.7651929" lon="14.1321245"><ele>60.0</ele></trkpt><trkpt lat="55.7649847" lon="14.1321954"><ele>63.0</ele></trkpt><trkpt lat="55.7647224" lon="14.1322853"><ele>66.0</ele></trkpt><trkpt lat="55.7649301" lon="14.1322134"><ele>66.5</ele></trkpt><trkpt lat="55.7651929" lon="14.1321245"><ele>65.7</ele></trkpt><trkpt lat="55.7649847" lon="14.1321954"><ele>65.0</ele></trkpt><trkpt lat="55.7647224" lon="14.1322853"><ele>64.0</ele></trkpt><trkpt lat="55.7649301" lon="14.1322134"><ele>63.5</ele></trkpt><trkpt lat="55.7651929" lon="14.1321245"><ele>64.2</ele></trkpt><trkpt lat="55.7649847" lon="14.1321954"><ele>65.0</ele></trkpt><trkpt lat="55.7647224" lon="14.1322853"><ele>65.0</ele></trkpt><trkpt lat="55.7649301" lon="14.1322134"><ele>64.0</ele></trkpt><trkpt lat="55.7651929" lon="14.1321245"><ele>64.5</ele></trkpt><trkpt lat="55.7649847" lon="14.1321954"><ele>65.0</ele></trkpt><trkpt lat="55.7647224" lon="14.1322853"><ele>65.0</ele></trkpt><trkpt lat="55.7649301" lon="14.1322134"><ele>64.0</ele></trkpt><trkpt lat="55.7651929" lon="14.1321245"><ele>64.5</ele></trkpt><trkpt lat="55.7649847" lon="14.1321954"><ele>65.0</ele></trkpt><trkpt lat="55.7647224" lon="14.1322853"><ele>65.0</ele></trkpt><trkpt lat="55.7645025" lon="14.1323122"><ele>64.0</ele></trkpt><trkpt lat="55.7641973" lon="14.1323499"><ele>64.5</ele></trkpt><trkpt lat="55.7639623" lon="14.1323580"><ele>65.0</ele></trkpt><trkpt lat="55.7635812" lon="14.1323715"><ele>65.0</ele></trkpt><trkpt lat="55.7638157" lon="14.1323625"><ele>69.0</ele></trkpt><trkpt lat="55.7641973" lon="14.1323499"><ele>68.5</ele></trkpt><trkpt lat="55.7639623" lon="14.1323580"><ele>68.7</ele></trkpt><trkpt lat="55.7635812" lon="14.1323715"><ele>69.0</ele></trkpt><trkpt lat="55.7638157" lon="14.1323625"><ele>68.0</ele></trkpt><trkpt lat="55.7641973" lon="14.1323499"><ele>68.0</ele></trkpt><trkpt lat="55.7639623" lon="14.1323580"><ele>68.0</ele></trkpt><trkpt lat="55.7635812" lon="14.1323715"><ele>73.0</ele></trkpt><trkpt lat="55.7638157" lon="14.1323625"><ele>74.5</ele></trkpt><trkpt lat="55.7641973" lon="14.1323499"><ele>74.7</ele></trkpt><trkpt lat="55.7639623" lon="14.1323580"><ele>72.3</ele></trkpt><trkpt lat="55.7635812" lon="14.1323715"><ele>70.0</ele></trkpt><trkpt lat="55.7638157" lon="14.1323625"><ele>69.0</ele></trkpt><trkpt lat="55.7641973" lon="14.1323499"><ele>62.0</ele></trkpt><trkpt lat="55.7639623" lon="14.1323580"><ele>64.0</ele></trkpt><trkpt lat="55.7635812" lon="14.1323715"><ele>66.0</ele></trkpt><trkpt lat="55.7636231" lon="14.1319188"><ele>67.5</ele></trkpt><trkpt lat="55.7636656" lon="14.1314660"><ele>66.2</ele></trkpt><trkpt lat="55.7637141" lon="14.1309549"><ele>67.6</ele></trkpt><trkpt lat="55.7637566" lon="14.1305273"><ele>69.0</ele></trkpt><trkpt lat="55.7638349" lon="14.1297529"><ele>79.0</ele></trkpt><trkpt lat="55.7638349" lon="14.1291951"><ele>79.0</ele></trkpt><trkpt lat="55.7638349" lon="14.1288088"><ele>75.0</ele></trkpt><trkpt lat="55.7638349" lon="14.1282941"><ele>72.0</ele></trkpt><trkpt lat="55.7637626" lon="14.1276661"><ele>72.0</ele></trkpt><trkpt lat="55.7636990" lon="14.1272646"><ele>72.0</ele></trkpt><trkpt lat="55.7635721" lon="14.1271191" /><trkpt lat="55.7636358" lon="14.1255102"><ele>72.0</ele></trkpt><trkpt lat="55.7636166" lon="14.1259836"><ele>72.0</ele></trkpt><trkpt lat="55.7635979" lon="14.1264579"><ele>72.0</ele></trkpt><trkpt lat="55.7635721" lon="14.1271191"><ele>72.0</ele></trkpt><trkpt lat="55.7635908" lon="14.1266447"><ele>72.0</ele></trkpt><trkpt lat="55.7636095" lon="14.1261704"><ele>72.0</ele></trkpt><trkpt lat="55.7636358" lon="14.1255102"><ele>72.0</ele></trkpt><trkpt lat="55.7635221" lon="14.1252074"><ele>72.0</ele></trkpt><trkpt lat="55.7633897" lon="14.1248553"><ele>72.0</ele></trkpt><trkpt lat="55.7633229" lon="14.1247295" /><trkpt lat="55.7633406" lon="14.1245544"><ele>72.0</ele></trkpt><trkpt lat="55.7632648" lon="14.1244205" /><trkpt lat="55.7632006" lon="14.1243055"><ele>72.0</ele></trkpt><trkpt lat="55.7631137" lon="14.1241564" /><trkpt lat="55.7630748" lon="14.1239848"><ele>72.0</ele></trkpt><trkpt lat="55.7630146" lon="14.1238231" /><trkpt lat="55.7629227" lon="14.1236821"><ele>72.0</ele></trkpt><trkpt lat="55.7628570" lon="14.1235033" /><trkpt lat="55.7626942" lon="14.1237881"><ele>72.0</ele></trkpt><trkpt lat="55.7625855" lon="14.1242543"><ele>72.0</ele></trkpt><trkpt lat="55.7624405" lon="14.1244708"><ele>71.0</ele></trkpt><trkpt lat="55.7622954" lon="14.1246891"><ele>70.0</ele></trkpt><trkpt lat="55.7620149" lon="14.1249469"><ele>69.0</ele></trkpt><trkpt lat="55.7617344" lon="14.1251401"><ele>68.0</ele></trkpt><trkpt lat="55.7614989" lon="14.1255901"><ele>68.0</ele></trkpt><trkpt lat="55.7613270" lon="14.1259288"><ele>66.0</ele></trkpt><trkpt lat="55.7612093" lon="14.1265235"><ele>56.0</ele></trkpt><trkpt lat="55.7610915" lon="14.1270553"><ele>56.0</ele></trkpt><trkpt lat="55.7608287" lon="14.1273930"><ele>56.0</ele></trkpt><trkpt lat="55.7606023" lon="14.1276185"><ele>56.0</ele></trkpt><trkpt lat="55.7604213" lon="14.1277470"><ele>56.0</ele></trkpt><trkpt lat="55.7602671" lon="14.1278754"><ele>56.0</ele></trkpt><trkpt lat="55.7601317" lon="14.1281171"><ele>56.0</ele></trkpt><trkpt lat="55.7600589" lon="14.1286965"><ele>56.0</ele></trkpt><trkpt lat="55.7598148" lon="14.1287773"><ele>56.0</ele></trkpt><trkpt lat="55.7597455" lon="14.1291286"><ele>56.0</ele></trkpt><trkpt lat="55.7596606" lon="14.1295652"><ele>56.0</ele></trkpt><trkpt lat="55.7596065" lon="14.1301608"><ele>56.0</ele></trkpt><trkpt lat="55.7594615" lon="14.1304832"><ele>56.0</ele></trkpt><trkpt lat="55.7592896" lon="14.1308372"><ele>56.0</ele></trkpt><trkpt lat="55.7592987" lon="14.1314004"><ele>56.0</ele></trkpt><trkpt lat="55.7592805" lon="14.1319475"><ele>56.0</ele></trkpt><trkpt lat="55.7591051" lon="14.1323014"><ele>56.0</ele></trkpt><trkpt lat="55.7589424" lon="14.1326715"><ele>50.0</ele></trkpt><trkpt lat="55.7588701" lon="14.1332348"><ele>48.0</ele></trkpt><trkpt lat="55.7588064" lon="14.1336857"><ele>45.0</ele></trkpt><trkpt lat="55.7587341" lon="14.1340397"><ele>45.0</ele></trkpt><trkpt lat="55.7585532" lon="14.1340073"><ele>45.0</ele></trkpt><trkpt lat="55.7583267" lon="14.1338465"><ele>45.0</ele></trkpt><trkpt lat="55.7580912" lon="14.1334603"><ele>45.0</ele></trkpt><trkpt lat="55.7579511" lon="14.1331890"><ele>45.0</ele></trkpt><trkpt lat="55.7577833" lon="14.1328647"><ele>45.0</ele></trkpt><trkpt lat="55.7576473" lon="14.1324299"><ele>45.0</ele></trkpt><trkpt lat="55.7577833" lon="14.1328647"><ele>45.0</ele></trkpt><trkpt lat="55.7576473" lon="14.1324299"><ele>45.0</ele></trkpt><trkpt lat="55.7577833" lon="14.1328647"><ele>45.0</ele></trkpt><trkpt lat="55.7576473" lon="14.1324299"><ele>45.0</ele></trkpt><trkpt lat="55.7575933" lon="14.1318990"><ele>45.0</ele></trkpt><trkpt lat="55.7574118" lon="14.1313681"><ele>45.0</ele></trkpt><trkpt lat="55.7572308" lon="14.1310142"><ele>45.0</ele></trkpt><trkpt lat="55.7572308" lon="14.1310142" /><trkpt lat="55.7572308" lon="14.1310142" /><trkpt lat="55.7572308" lon="14.1310142" /><trkpt lat="55.7572308" lon="14.1310142" /><trkpt lat="55.7572308" lon="14.1310142" /><trkpt lat="55.7561804" lon="14.1287773"><ele>45.0</ele></trkpt><trkpt lat="55.7560439" lon="14.1284791"><ele>45.0</ele></trkpt><trkpt lat="55.7558635" lon="14.1280847"><ele>45.0</ele></trkpt><trkpt lat="55.7557219" lon="14.1278188"><ele>46.0</ele></trkpt><trkpt lat="55.7555556" lon="14.1275053"><ele>46.0</ele></trkpt><trkpt lat="55.7553843" lon="14.1273050"><ele>49.0</ele></trkpt><trkpt lat="55.7551841" lon="14.1270714"><ele>52.0</ele></trkpt><trkpt lat="55.7550936" lon="14.1267166"><ele>53.5</ele></trkpt><trkpt lat="55.7551209" lon="14.1262666"><ele>53.2</ele></trkpt><trkpt lat="55.7551497" lon="14.1259045"><ele>53.6</ele></trkpt><trkpt lat="55.7551841" lon="14.1254778"><ele>52.8</ele></trkpt><trkpt lat="55.7552078" lon="14.1251050"><ele>52.0</ele></trkpt><trkpt lat="55.7552387" lon="14.1246406"><ele>45.0</ele></trkpt><trkpt lat="55.7552746" lon="14.1243513"><ele>42.5</ele></trkpt><trkpt lat="55.7555824" lon="14.1240136"><ele>40.0</ele></trkpt><trkpt lat="55.7558271" lon="14.1235303"><ele>38.0</ele></trkpt><trkpt lat="55.7559540" lon="14.1232410"><ele>37.0</ele></trkpt><trkpt lat="55.7562077" lon="14.1228224"><ele>36.0</ele></trkpt><trkpt lat="55.7563614" lon="14.1225170"><ele>37.0</ele></trkpt><trkpt lat="55.7564428" lon="14.1223077" /><trkpt lat="55.7564792" lon="14.1220337"><ele>38.0</ele></trkpt><trkpt lat="55.7564974" lon="14.1218567" /><trkpt lat="55.7566783" lon="14.1218244"><ele>38.5</ele></trkpt><trkpt lat="55.7568507" lon="14.1218082"><ele>39.0</ele></trkpt><trkpt lat="55.7570044" lon="14.1217121"><ele>40.0</ele></trkpt><trkpt lat="55.7571585" lon="14.1215028"><ele>40.0</ele></trkpt><trkpt lat="55.7573668" lon="14.1211974"><ele>42.0</ele></trkpt><trkpt lat="55.7574300" lon="14.1209072"><ele>54.0</ele></trkpt><trkpt lat="55.7574573" lon="14.1205371"><ele>58.0</ele></trkpt><trkpt lat="55.7575114" lon="14.1202640"><ele>58.0</ele></trkpt><trkpt lat="55.7576473" lon="14.1200062"><ele>66.5</ele></trkpt><trkpt lat="55.7574846" lon="14.1197160"><ele>75.0</ele></trkpt><trkpt lat="55.7573865" lon="14.1195660" /><trkpt lat="55.7572126" lon="14.1192983"><ele>78.0</ele></trkpt><trkpt lat="55.7572126" lon="14.1192983" /><trkpt lat="55.7572490" lon="14.1189282"><ele>80.0</ele></trkpt><trkpt lat="55.7573304" lon="14.1185096"><ele>77.0</ele></trkpt><trkpt lat="55.7572940" lon="14.1181718"><ele>74.0</ele></trkpt><trkpt lat="55.7572581" lon="14.1178017"><ele>72.0</ele></trkpt><trkpt lat="55.7572698" lon="14.1174316"><ele>72.0</ele></trkpt><trkpt lat="55.7572849" lon="14.1169807"><ele>70.0</ele></trkpt><trkpt lat="55.7573122" lon="14.1165782"><ele>68.0</ele></trkpt><trkpt lat="55.7572940" lon="14.1161273"><ele>68.0</ele></trkpt><trkpt lat="55.7572612" lon="14.1157626"><ele>65.0</ele></trkpt><trkpt lat="55.7572217" lon="14.1153233"><ele>61.0</ele></trkpt><trkpt lat="55.7571853" lon="14.1150170"><ele>53.0</ele></trkpt><trkpt lat="55.7571404" lon="14.1145507"><ele>44.0</ele></trkpt><trkpt lat="55.7571040" lon="14.1141159"><ele>44.0</ele></trkpt><trkpt lat="55.7570696" lon="14.1137656"><ele>45.0</ele></trkpt><trkpt lat="55.7570317" lon="14.1133757"><ele>48.0</ele></trkpt><trkpt lat="55.7570317" lon="14.1133757" /><trkpt lat="55.7570317" lon="14.1133757" /><trkpt lat="55.7570317" lon="14.1133757" /><trkpt lat="55.7570317" lon="14.1133757" /><trkpt lat="55.7570979" lon="14.1128080"><ele>52.5</ele></trkpt><trkpt lat="55.7568699" lon="14.1126733"><ele>49.2</ele></trkpt><trkpt lat="55.7567577" lon="14.1124909"><ele>48.1</ele></trkpt><trkpt lat="55.7566237" lon="14.1123373"><ele>47.0</ele></trkpt><trkpt lat="55.7562977" lon="14.1122007"><ele>46.0</ele></trkpt><trkpt lat="55.7561546" lon="14.1120714"><ele>46.0</ele></trkpt><trkpt lat="55.7560419" lon="14.1120166" /><trkpt lat="55.7556855" lon="14.1119977"><ele>45.0</ele></trkpt><trkpt lat="55.7554768" lon="14.1119905"><ele>44.0</ele></trkpt><trkpt lat="55.7552468" lon="14.1121037"><ele>43.0</ele></trkpt><trkpt lat="55.7550319" lon="14.1121235"><ele>37.0</ele></trkpt><trkpt lat="55.7549035" lon="14.1120732" /><trkpt lat="55.7550147" lon="14.1119393"><ele>37.0</ele></trkpt><trkpt lat="55.7548206" lon="14.1120588"><ele>37.0</ele></trkpt><trkpt lat="55.7546548" lon="14.1121756"><ele>37.0</ele></trkpt><trkpt lat="55.7543798" lon="14.1123229"><ele>37.0</ele></trkpt><trkpt lat="55.7540967" lon="14.1124262"><ele>38.0</ele></trkpt><trkpt lat="55.7538485" lon="14.1126876"><ele>38.0</ele></trkpt><trkpt lat="55.7536857" lon="14.1128116"><ele>38.0</ele></trkpt><trkpt lat="55.7535376" lon="14.1129445"><ele>38.0</ele></trkpt><trkpt lat="55.7532156" lon="14.1132086"><ele>38.0</ele></trkpt><trkpt lat="55.7528966" lon="14.1134099"><ele>39.0</ele></trkpt><trkpt lat="55.7526949" lon="14.1134467"><ele>44.0</ele></trkpt><trkpt lat="55.7525447" lon="14.1135159"><ele>49.0</ele></trkpt><trkpt lat="55.7522576" lon="14.1135680"><ele>45.5</ele></trkpt><trkpt lat="55.7520725" lon="14.1136264"><ele>42.0</ele></trkpt><trkpt lat="55.7519548" lon="14.1137836" /><trkpt lat="55.7516858" lon="14.1143118"><ele>39.0</ele></trkpt><trkpt lat="55.7515756" lon="14.1146504"><ele>37.0</ele></trkpt><trkpt lat="55.7514057" lon="14.1152209"><ele>37.0</ele></trkpt><trkpt lat="55.7512197" lon="14.1154616"><ele>49.0</ele></trkpt><trkpt lat="55.7510286" lon="14.1155506"><ele>52.0</ele></trkpt><trkpt lat="55.7508218" lon="14.1156476"><ele>55.0</ele></trkpt><trkpt lat="55.7505999" lon="14.1157239"><ele>55.0</ele></trkpt><trkpt lat="55.7504477" lon="14.1157895"><ele>55.0</ele></trkpt><trkpt lat="55.7503476" lon="14.1159198" /><trkpt lat="55.7502176" lon="14.1160877"><ele>52.0</ele></trkpt><trkpt lat="55.7500159" lon="14.1162485"><ele>51.5</ele></trkpt><trkpt lat="55.7497960" lon="14.1163069"><ele>51.0</ele></trkpt><trkpt lat="55.7495108" lon="14.1165369"><ele>51.0</ele></trkpt><trkpt lat="55.7493657" lon="14.1166708"><ele>51.0</ele></trkpt><trkpt lat="55.7491655" lon="14.1171091"><ele>53.5</ele></trkpt><trkpt lat="55.7490386" lon="14.1171621" /><trkpt lat="55.7489628" lon="14.1170489"><ele>56.0</ele></trkpt><trkpt lat="55.7490816" lon="14.1170579" /><trkpt lat="55.7490250" lon="14.1173696"><ele>57.0</ele></trkpt><trkpt lat="55.7488298" lon="14.1176939"><ele>67.0</ele></trkpt><trkpt lat="55.7487439" lon="14.1178592" /><trkpt lat="55.7484476" lon="14.1183281"><ele>78.0</ele></trkpt><trkpt lat="55.7483495" lon="14.1185707"><ele>97.0</ele></trkpt><trkpt lat="55.7481786" lon="14.1187297"><ele>93.5</ele></trkpt><trkpt lat="55.7479885" lon="14.1188025"><ele>92.2</ele></trkpt><trkpt lat="55.7478217" lon="14.1189507"><ele>91.0</ele></trkpt><trkpt lat="55.7475876" lon="14.1191366"><ele>92.5</ele></trkpt><trkpt lat="55.7473459" lon="14.1193235"><ele>94.0</ele></trkpt><trkpt lat="55.7471249" lon="14.1194942"><ele>94.0</ele></trkpt><trkpt lat="55.7469995" lon="14.1196523"><ele>94.0</ele></trkpt><trkpt lat="55.7467659" lon="14.1195642"><ele>98.5</ele></trkpt><trkpt lat="55.7466330" lon="14.1193612"><ele>93.7</ele></trkpt><trkpt lat="55.7464378" lon="14.1190720"><ele>89.0</ele></trkpt><trkpt lat="55.7461996" lon="14.1187998"><ele>84.0</ele></trkpt><trkpt lat="55.7460136" lon="14.1185779"><ele>82.0</ele></trkpt><trkpt lat="55.7459175" lon="14.1182698"><ele>82.0</ele></trkpt><trkpt lat="55.7457496" lon="14.1180353"><ele>78.5</ele></trkpt><trkpt lat="55.7456045" lon="14.1179437"><ele>77.7</ele></trkpt><trkpt lat="55.7454028" lon="14.1177469"><ele>77.0</ele></trkpt><trkpt lat="55.7451828" lon="14.1174873"><ele>74.0</ele></trkpt><trkpt lat="55.7448749" lon="14.1171415"><ele>74.0</ele></trkpt><trkpt lat="55.7445897" lon="14.1171433"><ele>74.0</ele></trkpt><trkpt lat="55.7444835" lon="14.1171531" /><trkpt lat="55.7442297" lon="14.1171909"><ele>73.0</ele></trkpt><trkpt lat="55.7439890" lon="14.1173499"><ele>72.0</ele></trkpt><trkpt lat="55.7436517" lon="14.1176409"><ele>77.5</ele></trkpt><trkpt lat="55.7435137" lon="14.1177065" /><trkpt lat="55.7433766" lon="14.1176912"><ele>76.7</ele></trkpt><trkpt lat="55.7430166" lon="14.1178727"><ele>77.8</ele></trkpt><trkpt lat="55.7427628" lon="14.1179850"><ele>79.0</ele></trkpt><trkpt lat="55.7425018" lon="14.1180039"><ele>77.5</ele></trkpt><trkpt lat="55.7423810" lon="14.1181359" /><trkpt lat="55.7422490" lon="14.1182967"><ele>76.0</ele></trkpt><trkpt lat="55.7421817" lon="14.1184961" /><trkpt lat="55.7421029" lon="14.1186345"><ele>76.0</ele></trkpt><trkpt lat="55.7420098" lon="14.1185033" /><trkpt lat="55.7418379" lon="14.1183281"><ele>76.0</ele></trkpt><trkpt lat="55.7417726" lon="14.1181602" /><trkpt lat="55.7414616" lon="14.1181009"><ele>78.0</ele></trkpt><trkpt lat="55.7413206" lon="14.1182527"><ele>78.0</ele></trkpt><trkpt lat="55.7412169" lon="14.1181952" /><trkpt lat="55.7411218" lon="14.1181287"><ele>78.0</ele></trkpt><trkpt lat="55.7410136" lon="14.1181413" /><trkpt lat="55.7409595" lon="14.1179778"><ele>74.0</ele></trkpt><trkpt lat="55.7408048" lon="14.1178844"><ele>74.0</ele></trkpt><trkpt lat="55.7407097" lon="14.1179526" /><trkpt lat="55.7406819" lon="14.1181745"><ele>79.5</ele></trkpt><trkpt lat="55.7406879" lon="14.1183928" /><trkpt lat="55.7405959" lon="14.1186632"><ele>85.0</ele></trkpt><trkpt lat="55.7404088" lon="14.1188905"><ele>85.0</ele></trkpt><trkpt lat="55.7401246" lon="14.1189848"><ele>85.0</ele></trkpt><trkpt lat="55.7399946" lon="14.1190073" /><trkpt lat="55.7397888" lon="14.1188357"><ele>86.0</ele></trkpt><trkpt lat="55.7395759" lon="14.1187719"><ele>87.0</ele></trkpt><trkpt lat="55.7393777" lon="14.1187036"><ele>88.0</ele></trkpt><trkpt lat="55.7391076" lon="14.1186785"><ele>88.0</ele></trkpt><trkpt lat="55.7388219" lon="14.1184961"><ele>87.0</ele></trkpt><trkpt lat="55.7385908" lon="14.1183560"><ele>85.0</ele></trkpt><trkpt lat="55.7384866" lon="14.1180335"><ele>92.5</ele></trkpt><trkpt lat="55.7383546" lon="14.1177002"><ele>100.0</ele></trkpt><trkpt lat="55.7381128" lon="14.1175035"><ele>100.0</ele></trkpt><trkpt lat="55.7379439" lon="14.1175134"><ele>111.0</ele></trkpt><trkpt lat="55.7378276" lon="14.1174729" /><trkpt lat="55.7376390" lon="14.1176158"><ele>107.0</ele></trkpt><trkpt lat="55.7373517" lon="14.1178628"><ele>103.0</ele></trkpt><trkpt lat="55.7370938" lon="14.1178844"><ele>102.0</ele></trkpt><trkpt lat="55.7368460" lon="14.1179769"><ele>102.0</ele></trkpt><trkpt lat="55.7367130" lon="14.1177029"><ele>111.0</ele></trkpt><trkpt lat="55.7366346" lon="14.1174029"><ele>116.0</ele></trkpt><trkpt lat="55.7365926" lon="14.1171900" /><trkpt lat="55.7364596" lon="14.1166609"><ele>116.0</ele></trkpt><trkpt lat="55.7362957" lon="14.1162315"><ele>115.0</ele></trkpt><trkpt lat="55.7361880" lon="14.1158416"><ele>112.0</ele></trkpt><trkpt lat="55.7360059" lon="14.1154886"><ele>112.0</ele></trkpt><trkpt lat="55.7359746" lon="14.1152361" /><trkpt lat="55.7359275" lon="14.1149918"><ele>113.0</ele></trkpt><trkpt lat="55.7358496" lon="14.1144986"><ele>112.5</ele></trkpt><trkpt lat="55.7358319" lon="14.1142615" /><trkpt lat="55.7357106" lon="14.1140135"><ele>112.0</ele></trkpt><trkpt lat="55.7355699" lon="14.1138195"><ele>104.0</ele></trkpt><trkpt lat="55.7354410" lon="14.1134656"><ele>104.0</ele></trkpt><trkpt lat="55.7352488" lon="14.1133066"><ele>99.0</ele></trkpt><trkpt lat="55.7350708" lon="14.1132203"><ele>96.0</ele></trkpt><trkpt lat="55.7348998" lon="14.1130937"><ele>93.0</ele></trkpt><trkpt lat="55.7347976" lon="14.1127056"><ele>84.0</ele></trkpt><trkpt lat="55.7346869" lon="14.1122681"><ele>82.0</ele></trkpt><trkpt lat="55.7345458" lon="14.1121423"><ele>87.0</ele></trkpt><trkpt lat="55.7344679" lon="14.1117201"><ele>85.5</ele></trkpt><trkpt lat="55.7343318" lon="14.1113662"><ele>86.2</ele></trkpt><trkpt lat="55.7342297" lon="14.1110832"><ele>86.1</ele></trkpt><trkpt lat="55.7341700" lon="14.1107374"><ele>86.0</ele></trkpt><trkpt lat="55.7341219" lon="14.1104688"><ele>85.0</ele></trkpt><trkpt lat="55.7342175" lon="14.1101148"><ele>85.0</ele></trkpt><trkpt lat="55.7341816" lon="14.1098669" /><trkpt lat="55.7341735" lon="14.1096558"><ele>100.0</ele></trkpt><trkpt lat="55.7340617" lon="14.1096441" /><trkpt lat="55.7340557" lon="14.1094187"><ele>104.0</ele></trkpt><trkpt lat="55.7340840" lon="14.1092102" /><trkpt lat="55.7341088" lon="14.1089399"><ele>104.0</ele></trkpt><trkpt lat="55.7340688" lon="14.1087710" /><trkpt lat="55.7341007" lon="14.1085635"><ele>104.5</ele></trkpt><trkpt lat="55.7341280" lon="14.1083218" /><trkpt lat="55.7342570" lon="14.1079975"><ele>105.0</ele></trkpt><trkpt lat="55.7342716" lon="14.1077172"><ele>105.0</ele></trkpt><trkpt lat="55.7341897" lon="14.1074657"><ele>104.0</ele></trkpt><trkpt lat="55.7340926" lon="14.1071522"><ele>105.5</ele></trkpt><trkpt lat="55.7340167" lon="14.1067551"><ele>105.7</ele></trkpt><trkpt lat="55.7339307" lon="14.1064012"><ele>102.8</ele></trkpt><trkpt lat="55.7339459" lon="14.1060625"><ele>100.0</ele></trkpt><trkpt lat="55.7338609" lon="14.1055676"><ele>97.0</ele></trkpt><trkpt lat="55.7337618" lon="14.1052532"><ele>96.0</ele></trkpt><trkpt lat="55.7336536" lon="14.1049226"><ele>95.0</ele></trkpt><trkpt lat="55.7335868" lon="14.1044833"><ele>94.0</ele></trkpt><trkpt lat="55.7335337" lon="14.1043144" /><trkpt lat="55.7335570" lon="14.1041330"><ele>83.0</ele></trkpt><trkpt lat="55.7335357" lon="14.1039237" /><trkpt lat="55.7335898" lon="14.1036955"><ele>79.0</ele></trkpt><trkpt lat="55.7336596" lon="14.1034395"><ele>72.0</ele></trkpt><trkpt lat="55.7337077" lon="14.1032356" /><trkpt lat="55.7337927" lon="14.1030424"><ele>75.0</ele></trkpt><trkpt lat="55.7338665" lon="14.1027909"><ele>78.0</ele></trkpt><trkpt lat="55.7339317" lon="14.1023687"><ele>77.5</ele></trkpt><trkpt lat="55.7339378" lon="14.1020659"><ele>78.2</ele></trkpt><trkpt lat="55.7339009" lon="14.1016249"><ele>78.1</ele></trkpt><trkpt lat="55.7339358" lon="14.1013374"><ele>78.0</ele></trkpt><trkpt lat="55.7340177" lon="14.1012736" /><trkpt lat="55.7340369" lon="14.1011272"><ele>80.5</ele></trkpt><trkpt lat="55.7340718" lon="14.1010068" /><trkpt lat="55.7340896" lon="14.1008415"><ele>83.0</ele></trkpt><trkpt lat="55.7341078" lon="14.1006646" /><trkpt lat="55.7340496" lon="14.1003008"><ele>85.0</ele></trkpt><trkpt lat="55.7340349" lon="14.0999001"><ele>85.0</ele></trkpt><trkpt lat="55.7340228" lon="14.0994860"><ele>83.0</ele></trkpt><trkpt lat="55.7339080" lon="14.0990063"><ele>83.0</ele></trkpt><trkpt lat="55.7337790" lon="14.0985958"><ele>78.0</ele></trkpt><trkpt lat="55.7337158" lon="14.0982742"><ele>76.0</ele></trkpt><trkpt lat="55.7336677" lon="14.0978834"><ele>74.0</ele></trkpt><trkpt lat="55.7335479" lon="14.0974351"><ele>71.0</ele></trkpt><trkpt lat="55.7335838" lon="14.0972510" /><trkpt lat="55.7335175" lon="14.0970920"><ele>68.0</ele></trkpt><trkpt lat="55.7334280" lon="14.0969716" /><trkpt lat="55.7333116" lon="14.0967578"><ele>61.0</ele></trkpt><trkpt lat="55.7332788" lon="14.0964578"><ele>54.0</ele></trkpt><trkpt lat="55.7332520" lon="14.0959772"><ele>51.5</ele></trkpt><trkpt lat="55.7332236" lon="14.0954112"><ele>49.0</ele></trkpt><trkpt lat="55.7331978" lon="14.0951543" /><trkpt lat="55.7332348" lon="14.0948103"><ele>46.0</ele></trkpt><trkpt lat="55.7332070" lon="14.0944033"><ele>43.0</ele></trkpt><trkpt lat="55.7330350" lon="14.0940629"><ele>43.0</ele></trkpt><trkpt lat="55.7329308" lon="14.0936910"><ele>40.5</ele></trkpt><trkpt lat="55.7328509" lon="14.0933289"><ele>38.0</ele></trkpt><trkpt lat="55.7327755" lon="14.0930289"><ele>38.0</ele></trkpt><trkpt lat="55.7326718" lon="14.0924863"><ele>38.0</ele></trkpt><trkpt lat="55.7325226" lon="14.0920740"><ele>45.0</ele></trkpt><trkpt lat="55.7324907" lon="14.0917443"><ele>50.0</ele></trkpt><trkpt lat="55.7324108" lon="14.0914218"><ele>52.0</ele></trkpt><trkpt lat="55.7323527" lon="14.0908756"><ele>54.0</ele></trkpt><trkpt lat="55.7323547" lon="14.0906394" /><trkpt lat="55.7322798" lon="14.0904364"><ele>53.0</ele></trkpt><trkpt lat="55.7321387" lon="14.0902100"><ele>52.0</ele></trkpt><trkpt lat="55.7319516" lon="14.0900573"><ele>50.5</ele></trkpt><trkpt lat="55.7317057" lon="14.0899279"><ele>50.2</ele></trkpt><trkpt lat="55.7316177" lon="14.0898003" /><trkpt lat="55.7316936" lon="14.0895515"><ele>50.0</ele></trkpt><trkpt lat="55.7317290" lon="14.0893431" /><trkpt lat="55.7316369" lon="14.0890853"><ele>47.0</ele></trkpt><trkpt lat="55.7316830" lon="14.0888975" /><trkpt lat="55.7316946" lon="14.0886119"><ele>46.0</ele></trkpt><trkpt lat="55.7317315" lon="14.0884035" /><trkpt lat="55.7317477" lon="14.0881439"><ele>41.0</ele></trkpt><trkpt lat="55.7317538" lon="14.0879148" /><trkpt lat="55.7317836" lon="14.0877172"><ele>41.0</ele></trkpt><trkpt lat="55.7317518" lon="14.0875258" /><trkpt lat="55.7317148" lon="14.0872662"><ele>41.5</ele></trkpt><trkpt lat="55.7316637" lon="14.0869114"><ele>40.2</ele></trkpt><trkpt lat="55.7317199" lon="14.0865323"><ele>41.6</ele></trkpt><trkpt lat="55.7317856" lon="14.0862484"><ele>41.3</ele></trkpt><trkpt lat="55.7317907" lon="14.0859825" /><trkpt lat="55.7317447" lon="14.0855917"><ele>42.6</ele></trkpt><trkpt lat="55.7317598" lon="14.0852558"><ele>40.3</ele></trkpt><trkpt lat="55.7318337" lon="14.0849063"><ele>38.0</ele></trkpt><trkpt lat="55.7319399" lon="14.0845560"><ele>38.0</ele></trkpt><trkpt lat="55.7320300" lon="14.0842011"><ele>39.5</ele></trkpt><trkpt lat="55.7321078" lon="14.0838158"><ele>41.0</ele></trkpt><trkpt lat="55.7321797" lon="14.0834493"><ele>45.0</ele></trkpt><trkpt lat="55.7322480" lon="14.0831079"><ele>45.5</ele></trkpt><trkpt lat="55.7322257" lon="14.0827135"><ele>44.7</ele></trkpt><trkpt lat="55.7321599" lon="14.0823776"><ele>44.0</ele></trkpt><trkpt lat="55.7321225" lon="14.0819661"><ele>35.0</ele></trkpt><trkpt lat="55.7321347" lon="14.0817856" /><trkpt lat="55.7321868" lon="14.0815862"><ele>32.0</ele></trkpt><trkpt lat="55.7323218" lon="14.0813373"><ele>31.5</ele></trkpt><trkpt lat="55.7324488" lon="14.0809708"><ele>31.0</ele></trkpt><trkpt lat="55.7326000" lon="14.0806762"><ele>27.0</ele></trkpt><trkpt lat="55.7327578" lon="14.0802189"><ele>27.0</ele></trkpt><trkpt lat="55.7329890" lon="14.0799108"><ele>27.0</ele></trkpt><trkpt lat="55.7328888" lon="14.0797374" /><trkpt lat="55.7327087" lon="14.0795191"><ele>28.0</ele></trkpt><trkpt lat="55.7325368" lon="14.0791445"><ele>27.0</ele></trkpt><trkpt lat="55.7324356" lon="14.0787771"><ele>28.5</ele></trkpt><trkpt lat="55.7323638" lon="14.0783639"><ele>30.0</ele></trkpt><trkpt lat="55.7322950" lon="14.0781474" /><trkpt lat="55.7321599" lon="14.0779201"><ele>32.0</ele></trkpt><trkpt lat="55.7320446" lon="14.0775213"><ele>36.0</ele></trkpt><trkpt lat="55.7319278" lon="14.0771602"><ele>37.0</ele></trkpt><trkpt lat="55.7317937" lon="14.0772293" /><trkpt lat="55.7316066" lon="14.0772778"><ele>38.5</ele></trkpt><trkpt lat="55.7314230" lon="14.0774072"><ele>38.7</ele></trkpt><trkpt lat="55.7312237" lon="14.0775491"><ele>39.0</ele></trkpt><trkpt lat="55.7310229" lon="14.0775949"><ele>39.5</ele></trkpt><trkpt lat="55.7308039" lon="14.0776812"><ele>40.0</ele></trkpt><trkpt lat="55.7306329" lon="14.0777683"><ele>41.0</ele></trkpt><trkpt lat="55.7304346" lon="14.0775428"><ele>45.0</ele></trkpt><trkpt lat="55.7304386" lon="14.0771763"><ele>45.0</ele></trkpt><trkpt lat="55.7304397" lon="14.0768143"><ele>44.0</ele></trkpt><trkpt lat="55.7304488" lon="14.0764406"><ele>43.0</ele></trkpt><trkpt lat="55.7304427" lon="14.0761055"><ele>36.0</ele></trkpt><trkpt lat="55.7304240" lon="14.0757381"><ele>34.0</ele></trkpt><trkpt lat="55.7304179" lon="14.0753689"><ele>34.0</ele></trkpt><trkpt lat="55.7303977" lon="14.0750087"><ele>31.5</ele></trkpt><trkpt lat="55.7303577" lon="14.0746476"><ele>29.0</ele></trkpt><trkpt lat="55.7303339" lon="14.0742936"><ele>29.0</ele></trkpt><trkpt lat="55.7303309" lon="14.0737753"><ele>29.0</ele></trkpt><trkpt lat="55.7303370" lon="14.0734672"><ele>27.5</ele></trkpt><trkpt lat="55.7302975" lon="14.0731438"><ele>26.0</ele></trkpt><trkpt lat="55.7303127" lon="14.0727638"><ele>26.0</ele></trkpt><trkpt lat="55.7303208" lon="14.0724108"><ele>27.0</ele></trkpt><trkpt lat="55.7302146" lon="14.0719715"><ele>28.0</ele></trkpt><trkpt lat="55.7301255" lon="14.0715547"><ele>28.0</ele></trkpt><trkpt lat="55.7300578" lon="14.0712968"><ele>28.5</ele></trkpt><trkpt lat="55.7300350" lon="14.0709097"><ele>26.2</ele></trkpt><trkpt lat="55.7298949" lon="14.0707417"><ele>24.0</ele></trkpt><trkpt lat="55.7297416" lon="14.0704524"><ele>24.0</ele></trkpt><trkpt lat="55.7296339" lon="14.0700428"><ele>22.5</ele></trkpt><trkpt lat="55.7294088" lon="14.0697958"><ele>21.0</ele></trkpt><trkpt lat="55.7292869" lon="14.0695514"><ele>21.0</ele></trkpt><trkpt lat="55.7291579" lon="14.0692155"><ele>21.0</ele></trkpt><trkpt lat="55.7290086" lon="14.0686962"><ele>21.0</ele></trkpt><trkpt lat="55.7289115" lon="14.0685462" /><trkpt lat="55.7288245" lon="14.0683315"><ele>21.0</ele></trkpt><trkpt lat="55.7288200" lon="14.0681474" /><trkpt lat="55.7288736" lon="14.0679776"><ele>24.0</ele></trkpt><trkpt lat="55.7288230" lon="14.0678114" /><trkpt lat="55.7287097" lon="14.0676317"><ele>24.0</ele></trkpt><trkpt lat="55.7286409" lon="14.0673829"><ele>24.0</ele></trkpt><trkpt lat="55.7286449" lon="14.0671844" /><trkpt lat="55.7285458" lon="14.0670981"><ele>29.0</ele></trkpt><trkpt lat="55.7284876" lon="14.0668664" /><trkpt lat="55.7283257" lon="14.0668421"><ele>30.0</ele></trkpt><trkpt lat="55.7282079" lon="14.0667478" /><trkpt lat="55.7280986" lon="14.0667604"><ele>34.0</ele></trkpt><trkpt lat="55.7279818" lon="14.0667550" /><trkpt lat="55.7278968" lon="14.0665780"><ele>35.0</ele></trkpt><trkpt lat="55.7278209" lon="14.0662834"><ele>37.0</ele></trkpt><trkpt lat="55.7277440" lon="14.0661064" /><trkpt lat="55.7276529" lon="14.0658342"><ele>37.0</ele></trkpt><trkpt lat="55.7275578" lon="14.0656213"><ele>38.0</ele></trkpt><trkpt lat="55.7273788" lon="14.0653024"><ele>40.0</ele></trkpt><trkpt lat="55.7273044" lon="14.0649871"><ele>41.0</ele></trkpt><trkpt lat="55.7272285" lon="14.0646637"><ele>43.0</ele></trkpt><trkpt lat="55.7271117" lon="14.0643026"><ele>45.0</ele></trkpt><trkpt lat="55.7269978" lon="14.0640753"><ele>40.5</ele></trkpt><trkpt lat="55.7268547" lon="14.0636666"><ele>36.0</ele></trkpt><trkpt lat="55.7267388" lon="14.0632956"><ele>40.0</ele></trkpt><trkpt lat="55.7266508" lon="14.0631069" /><trkpt lat="55.7265618" lon="14.0629174"><ele>41.0</ele></trkpt><trkpt lat="55.7264196" lon="14.0628203"><ele>41.0</ele></trkpt><trkpt lat="55.7262587" lon="14.0627979"><ele>41.0</ele></trkpt><trkpt lat="55.7259679" lon="14.0628168"><ele>41.0</ele></trkpt><trkpt lat="55.7257776" lon="14.0627197"><ele>38.0</ele></trkpt><trkpt lat="55.7255626" lon="14.0624107"><ele>28.0</ele></trkpt><trkpt lat="55.7254438" lon="14.0622149"><ele>25.0</ele></trkpt><trkpt lat="55.7253158" lon="14.0619912"><ele>24.0</ele></trkpt><trkpt lat="55.7251478" lon="14.0617163"><ele>23.0</ele></trkpt><trkpt lat="55.7249439" lon="14.0613821"><ele>22.0</ele></trkpt><trkpt lat="55.7248018" lon="14.0610965"><ele>20.0</ele></trkpt><trkpt lat="55.7246627" lon="14.0608782"><ele>21.0</ele></trkpt><trkpt lat="55.7244760" lon="14.0607021"><ele>22.0</ele></trkpt><trkpt lat="55.7243298" lon="14.0605773"><ele>22.0</ele></trkpt><trkpt lat="55.7241719" lon="14.0604470"><ele>22.0</ele></trkpt><trkpt lat="55.7240237" lon="14.0603060"><ele>20.5</ele></trkpt><trkpt lat="55.7237505" lon="14.0600922"><ele>19.0</ele></trkpt><trkpt lat="55.7235689" lon="14.0599790"><ele>19.0</ele></trkpt><trkpt lat="55.7233756" lon="14.0598325"><ele>20.0</ele></trkpt><trkpt lat="55.7231965" lon="14.0596664"><ele>25.0</ele></trkpt><trkpt lat="55.7231206" lon="14.0595711" /><trkpt lat="55.7231186" lon="14.0595478" /><trkpt lat="55.7224746" lon="14.0590573"><ele>27.0</ele></trkpt><trkpt lat="55.7224047" lon="14.0589684" /><trkpt lat="55.7223258" lon="14.0587734"><ele>33.0</ele></trkpt><trkpt lat="55.7221998" lon="14.0586522" /><trkpt lat="55.7220895" lon="14.0583234"><ele>33.0</ele></trkpt><trkpt lat="55.7219580" lon="14.0579120"><ele>30.0</ele></trkpt><trkpt lat="55.7218786" lon="14.0575374"><ele>25.0</ele></trkpt><trkpt lat="55.7218017" lon="14.0571978"><ele>25.0</ele></trkpt><trkpt lat="55.7217106" lon="14.0569993" /><trkpt lat="55.7216635" lon="14.0566453"><ele>25.0</ele></trkpt><trkpt lat="55.7215487" lon="14.0563974"><ele>25.0</ele></trkpt><trkpt lat="55.7214470" lon="14.0561773"><ele>22.0</ele></trkpt><trkpt lat="55.7213807" lon="14.0559931" /><trkpt lat="55.7212886" lon="14.0557434"><ele>21.0</ele></trkpt><trkpt lat="55.7212046" lon="14.0554236"><ele>20.0</ele></trkpt><trkpt lat="55.7211626" lon="14.0552305" /><trkpt lat="55.7210979" lon="14.0549978"><ele>18.0</ele></trkpt><trkpt lat="55.7209436" lon="14.0547005"><ele>17.0</ele></trkpt><trkpt lat="55.7208358" lon="14.0544274"><ele>17.0</ele></trkpt><trkpt lat="55.7207508" lon="14.0541543"><ele>18.0</ele></trkpt><trkpt lat="55.7207518" lon="14.0539118" /><trkpt lat="55.7206496" lon="14.0536018"><ele>18.5</ele></trkpt><trkpt lat="55.7204735" lon="14.0532578"><ele>19.0</ele></trkpt><trkpt lat="55.7204776" lon="14.0527736"><ele>19.0</ele></trkpt><trkpt lat="55.7204629" lon="14.0524502"><ele>18.0</ele></trkpt><trkpt lat="55.7203906" lon="14.0520873"><ele>18.0</ele></trkpt><trkpt lat="55.7203445" lon="14.0518366" /><trkpt lat="55.7203248" lon="14.0513641"><ele>19.0</ele></trkpt><trkpt lat="55.7203936" lon="14.0510776"><ele>20.0</ele></trkpt><trkpt lat="55.7204275" lon="14.0508961" /><trkpt lat="55.7204406" lon="14.0506616"><ele>20.0</ele></trkpt><trkpt lat="55.7204437" lon="14.0504317" /><trkpt lat="55.7204199" lon="14.0501505"><ele>20.0</ele></trkpt><trkpt lat="55.7204528" lon="14.0499062" /><trkpt lat="55.7204487" lon="14.0496627"><ele>20.0</ele></trkpt><trkpt lat="55.7204548" lon="14.0494426" /><trkpt lat="55.7204128" lon="14.0492055"><ele>19.5</ele></trkpt><trkpt lat="55.7203496" lon="14.0487680"><ele>19.0</ele></trkpt><trkpt lat="55.7203976" lon="14.0484689"><ele>19.0</ele></trkpt><trkpt lat="55.7204295" lon="14.0482092" /><trkpt lat="55.7204336" lon="14.0479092"><ele>17.0</ele></trkpt><trkpt lat="55.7204007" lon="14.0474547"><ele>17.0</ele></trkpt><trkpt lat="55.7204376" lon="14.0472894" /><trkpt lat="55.7202919" lon="14.0472094"><ele>25.0</ele></trkpt><trkpt lat="55.7201366" lon="14.0470495"><ele>30.0</ele></trkpt><trkpt lat="55.7198375" lon="14.0469202"><ele>35.0</ele></trkpt><trkpt lat="55.7195309" lon="14.0467549"><ele>37.0</ele></trkpt><trkpt lat="55.7194019" lon="14.0465698"><ele>37.0</ele></trkpt><trkpt lat="55.7191778" lon="14.0464728"><ele>53.0</ele></trkpt><trkpt lat="55.7191029" lon="14.0461853"><ele>43.0</ele></trkpt><trkpt lat="55.7188676" lon="14.0460578"><ele>33.0</ele></trkpt><trkpt lat="55.7186647" lon="14.0460659"><ele>32.0</ele></trkpt><trkpt lat="55.7184967" lon="14.0460722"><ele>31.0</ele></trkpt><trkpt lat="55.7182827" lon="14.0460156"><ele>30.0</ele></trkpt><trkpt lat="55.7181415" lon="14.0459105"><ele>26.5</ele></trkpt><trkpt lat="55.7179897" lon="14.0457407"><ele>23.0</ele></trkpt><trkpt lat="55.7177580" lon="14.0454173"><ele>23.5</ele></trkpt><trkpt lat="55.7176588" lon="14.0451613"><ele>24.0</ele></trkpt><trkpt lat="55.7175196" lon="14.0449654"><ele>25.5</ele></trkpt><trkpt lat="55.7174220" lon="14.0448217" /><trkpt lat="55.7172919" lon="14.0448711"><ele>27.0</ele></trkpt><trkpt lat="55.7171467" lon="14.0448855" /><trkpt lat="55.7170045" lon="14.0448612"><ele>28.0</ele></trkpt><trkpt lat="55.7168598" lon="14.0448738" /><trkpt lat="55.7166017" lon="14.0449133"><ele>29.0</ele></trkpt><trkpt lat="55.7164626" lon="14.0448558" /><trkpt lat="55.7163047" lon="14.0448954"><ele>27.5</ele></trkpt><trkpt lat="55.7160289" lon="14.0448244"><ele>26.0</ele></trkpt><trkpt lat="55.7159029" lon="14.0447534" /><trkpt lat="55.7157997" lon="14.0443528"><ele>26.0</ele></trkpt><trkpt lat="55.7157425" lon="14.0440330"><ele>30.0</ele></trkpt><trkpt lat="55.7158539" lon="14.0438452"><ele>30.0</ele></trkpt><trkpt lat="55.7159156" lon="14.0433395"><ele>30.0</ele></trkpt><trkpt lat="55.7159040" lon="14.0430897" /><trkpt lat="55.7158245" lon="14.0429676"><ele>29.5</ele></trkpt><trkpt lat="55.7157056" lon="14.0429757" /><trkpt lat="55.7156049" lon="14.0430116"><ele>29.0</ele></trkpt><trkpt lat="55.7154536" lon="14.0429496"><ele>29.5</ele></trkpt><trkpt lat="55.7152618" lon="14.0430323"><ele>30.0</ele></trkpt><trkpt lat="55.7151146" lon="14.0431445"><ele>31.0</ele></trkpt><trkpt lat="55.7151237" lon="14.0433799" /><trkpt lat="55.7150437" lon="14.0437168"><ele>31.0</ele></trkpt><trkpt lat="55.7148216" lon="14.0439396"><ele>34.0</ele></trkpt><trkpt lat="55.7146637" lon="14.0436728"><ele>34.0</ele></trkpt><trkpt lat="55.7145777" lon="14.0434006"><ele>34.0</ele></trkpt><trkpt lat="55.7145417" lon="14.0431239"><ele>35.0</ele></trkpt><trkpt lat="55.7145190" lon="14.0428993" /><trkpt lat="55.7145847" lon="14.0426972"><ele>34.5</ele></trkpt><trkpt lat="55.7146060" lon="14.0425193" /><trkpt lat="55.7145756" lon="14.0423334"><ele>34.0</ele></trkpt><trkpt lat="55.7146278" lon="14.0419974"><ele>32.0</ele></trkpt><trkpt lat="55.7145179" lon="14.0418644" /><trkpt lat="55.7144608" lon="14.0417144"><ele>32.0</ele></trkpt><trkpt lat="55.7144248" lon="14.0415446" /><trkpt lat="55.7143439" lon="14.0413919"><ele>31.0</ele></trkpt><trkpt lat="55.7141936" lon="14.0411224"><ele>33.0</ele></trkpt><trkpt lat="55.7141126" lon="14.0407146"><ele>33.5</ele></trkpt><trkpt lat="55.7139826" lon="14.0404316"><ele>33.2</ele></trkpt><trkpt lat="55.7139006" lon="14.0401603"><ele>33.0</ele></trkpt><trkpt lat="55.7138196" lon="14.0398747"><ele>28.0</ele></trkpt><trkpt lat="55.7137639" lon="14.0394507"><ele>28.0</ele></trkpt><trkpt lat="55.7137027" lon="14.0391785"><ele>28.0</ele></trkpt><trkpt lat="55.7135858" lon="14.0387500"><ele>34.0</ele></trkpt><trkpt lat="55.7134957" lon="14.0381499"><ele>38.0</ele></trkpt><trkpt lat="55.7133697" lon="14.0378562"><ele>46.0</ele></trkpt><trkpt lat="55.7132549" lon="14.0375804"><ele>50.0</ele></trkpt><trkpt lat="55.7130990" lon="14.0373306"><ele>52.5</ele></trkpt><trkpt lat="55.7128905" lon="14.0369686"><ele>55.0</ele></trkpt><trkpt lat="55.7128358" lon="14.0366057"><ele>55.0</ele></trkpt><trkpt lat="55.7128186" lon="14.0364207" /><trkpt lat="55.7127417" lon="14.0361997"><ele>55.0</ele></trkpt><trkpt lat="55.7126815" lon="14.0359796" /><trkpt lat="55.7126658" lon="14.0356481"><ele>55.0</ele></trkpt><trkpt lat="55.7125439" lon="14.0352358"><ele>55.0</ele></trkpt><trkpt lat="55.7125277" lon="14.0348756"><ele>55.0</ele></trkpt><trkpt lat="55.7124700" lon="14.0345944"><ele>56.0</ele></trkpt><trkpt lat="55.7122498" lon="14.0342665"><ele>56.0</ele></trkpt><trkpt lat="55.7121926" lon="14.0338128"><ele>56.0</ele></trkpt><trkpt lat="55.7121886" lon="14.0334059"><ele>66.0</ele></trkpt><trkpt lat="55.7122726" lon="14.0330538"><ele>70.0</ele></trkpt><trkpt lat="55.7122169" lon="14.0325085"><ele>67.0</ele></trkpt><trkpt lat="55.7120808" lon="14.0320414"><ele>64.0</ele></trkpt><trkpt lat="55.7119578" lon="14.0317836"><ele>63.0</ele></trkpt><trkpt lat="55.7117979" lon="14.0316587"><ele>63.0</ele></trkpt><trkpt lat="55.7116926" lon="14.0315203" /><trkpt lat="55.7116157" lon="14.0314125"><ele>71.0</ele></trkpt><trkpt lat="55.7115378" lon="14.0312697" /><trkpt lat="55.7115130" lon="14.0310308"><ele>72.0</ele></trkpt><trkpt lat="55.7114609" lon="14.0307235"><ele>75.0</ele></trkpt><trkpt lat="55.7114158" lon="14.0305017" /><trkpt lat="55.7113698" lon="14.0302582"><ele>71.5</ele></trkpt><trkpt lat="55.7113106" lon="14.0299213"><ele>68.0</ele></trkpt><trkpt lat="55.7113217" lon="14.0297372" /><trkpt lat="55.7113298" lon="14.0294785"><ele>63.0</ele></trkpt><trkpt lat="55.7114209" lon="14.0292135"><ele>63.0</ele></trkpt><trkpt lat="55.7114806" lon="14.0288470"><ele>66.0</ele></trkpt><trkpt lat="55.7115120" lon="14.0284499"><ele>61.5</ele></trkpt><trkpt lat="55.7116036" lon="14.0282657" /><trkpt lat="55.7117255" lon="14.0279082"><ele>57.0</ele></trkpt><trkpt lat="55.7117959" lon="14.0276073"><ele>51.0</ele></trkpt><trkpt lat="55.7118116" lon="14.0272794"><ele>51.0</ele></trkpt><trkpt lat="55.7118095" lon="14.0270638" /><trkpt lat="55.7117367" lon="14.0269362"><ele>46.5</ele></trkpt><trkpt lat="55.7116238" lon="14.0266191"><ele>42.0</ele></trkpt><trkpt lat="55.7115358" lon="14.0264008" /><trkpt lat="55.7115145" lon="14.0261556"><ele>42.0</ele></trkpt><trkpt lat="55.7115100" lon="14.0258762"><ele>46.0</ele></trkpt><trkpt lat="55.7115039" lon="14.0254001"><ele>49.0</ele></trkpt><trkpt lat="55.7114639" lon="14.0248962"><ele>53.0</ele></trkpt><trkpt lat="55.7113839" lon="14.0245656"><ele>48.0</ele></trkpt><trkpt lat="55.7113075" lon="14.0243338" /><trkpt lat="55.7112286" lon="14.0241757"><ele>43.0</ele></trkpt><trkpt lat="55.7111360" lon="14.0240625" /><trkpt lat="55.7110428" lon="14.0237670"><ele>43.0</ele></trkpt><trkpt lat="55.7109376" lon="14.0236188" /><trkpt lat="55.7107245" lon="14.0233843"><ele>43.0</ele></trkpt><trkpt lat="55.7105276" lon="14.0231822"><ele>47.0</ele></trkpt><trkpt lat="55.7103799" lon="14.0230205"><ele>48.0</ele></trkpt><trkpt lat="55.7102296" lon="14.0226064"><ele>49.0</ele></trkpt><trkpt lat="55.7101137" lon="14.0223737"><ele>49.0</ele></trkpt><trkpt lat="55.7099679" lon="14.0223126" /><trkpt lat="55.7098267" lon="14.0222416"><ele>48.0</ele></trkpt><trkpt lat="55.7097376" lon="14.0221330" /><trkpt lat="55.7097118" lon="14.0219488"><ele>48.0</ele></trkpt><trkpt lat="55.7096698" lon="14.0217027" /><trkpt lat="55.7095676" lon="14.0215275"><ele>44.0</ele></trkpt><trkpt lat="55.7094659" lon="14.0214071" /><trkpt lat="55.7093029" lon="14.0211232"><ele>44.0</ele></trkpt><trkpt lat="55.7092366" lon="14.0209112" /><trkpt lat="55.7091420" lon="14.0207064"><ele>44.0</ele></trkpt><trkpt lat="55.7090696" lon="14.0204729" /><trkpt lat="55.7089648" lon="14.0201764"><ele>45.0</ele></trkpt><trkpt lat="55.7089097" lon="14.0199267" /><trkpt lat="55.7088307" lon="14.0197273"><ele>46.0</ele></trkpt><trkpt lat="55.7087300" lon="14.0196078" /><trkpt lat="55.7086176" lon="14.0192377"><ele>46.5</ele></trkpt><trkpt lat="55.7085989" lon="14.0189233"><ele>45.2</ele></trkpt><trkpt lat="55.7085169" lon="14.0186834"><ele>45.1</ele></trkpt><trkpt lat="55.7085068" lon="14.0182208"><ele>45.0</ele></trkpt><trkpt lat="55.7084987" lon="14.0179684" /><trkpt lat="55.7085518" lon="14.0176980"><ele>46.0</ele></trkpt><trkpt lat="55.7086606" lon="14.0175354" /><trkpt lat="55.7087148" lon="14.0173512"><ele>46.0</ele></trkpt><trkpt lat="55.7088489" lon="14.0173575" /><trkpt lat="55.7089598" lon="14.0173243"><ele>46.0</ele></trkpt><trkpt lat="55.7089739" lon="14.0170844" /><trkpt lat="55.7089577" lon="14.0169039"><ele>49.0</ele></trkpt><trkpt lat="55.7089805" lon="14.0166559" /><trkpt lat="55.7089760" lon="14.0164197"><ele>50.0</ele></trkpt><trkpt lat="55.7090316" lon="14.0161933" /><trkpt lat="55.7090417" lon="14.0159049"><ele>51.0</ele></trkpt><trkpt lat="55.7090569" lon="14.0153408"><ele>54.0</ele></trkpt><trkpt lat="55.7091475" lon="14.0149581"><ele>53.5</ele></trkpt><trkpt lat="55.7091379" lon="14.0144092"><ele>53.0</ele></trkpt><trkpt lat="55.7090817" lon="14.0140679"><ele>52.5</ele></trkpt><trkpt lat="55.7090716" lon="14.0135478"><ele>52.0</ele></trkpt><trkpt lat="55.7089886" lon="14.0132917"><ele>54.5</ele></trkpt><trkpt lat="55.7088378" lon="14.0129135"><ele>57.0</ele></trkpt><trkpt lat="55.7088089" lon="14.0125300"><ele>55.5</ele></trkpt><trkpt lat="55.7088019" lon="14.0123449" /><trkpt lat="55.7088140" lon="14.0119784"><ele>56.2</ele></trkpt><trkpt lat="55.7087786" lon="14.0118068" /><trkpt lat="55.7087239" lon="14.0116433"><ele>51.1</ele></trkpt><trkpt lat="55.7087806" lon="14.0114466" /><trkpt lat="55.7086976" lon="14.0111969"><ele>46.0</ele></trkpt><trkpt lat="55.7085827" lon="14.0110837" /><trkpt lat="55.7084719" lon="14.0109840"><ele>45.5</ele></trkpt><trkpt lat="55.7083418" lon="14.0108133"><ele>49.2</ele></trkpt><trkpt lat="55.7082067" lon="14.0107818" /><trkpt lat="55.7081105" lon="14.0106417"><ele>53.0</ele></trkpt><trkpt lat="55.7081606" lon="14.0104746" /><trkpt lat="55.7081515" lon="14.0102860"><ele>52.5</ele></trkpt><trkpt lat="55.7081525" lon="14.0100937" /><trkpt lat="55.7081480" lon="14.0098835"><ele>52.7</ele></trkpt><trkpt lat="55.7081449" lon="14.0096625" /><trkpt lat="55.7081677" lon="14.0094676"><ele>53.0</ele></trkpt><trkpt lat="55.7081636" lon="14.0092843" /><trkpt lat="55.7081879" lon="14.0090679"><ele>50.5</ele></trkpt><trkpt lat="55.7082218" lon="14.0088298" /><trkpt lat="55.7082517" lon="14.0084444"><ele>49.7</ele></trkpt><trkpt lat="55.7083939" lon="14.0083016"><ele>49.0</ele></trkpt><trkpt lat="55.7084825" lon="14.0081327" /><trkpt lat="55.7084769" lon="14.0079477"><ele>47.5</ele></trkpt><trkpt lat="55.7084698" lon="14.0076566"><ele>49.7</ele></trkpt><trkpt lat="55.7084506" lon="14.0071742"><ele>49.8</ele></trkpt><trkpt lat="55.7084936" lon="14.0067385"><ele>50.0</ele></trkpt><trkpt lat="55.7084855" lon="14.0064322"><ele>51.0</ele></trkpt><trkpt lat="55.7084557" lon="14.0061304"><ele>52.0</ele></trkpt><trkpt lat="55.7083868" lon="14.0058690"><ele>50.5</ele></trkpt><trkpt lat="55.7083625" lon="14.0055024"><ele>50.2</ele></trkpt><trkpt lat="55.7083276" lon="14.0051719"><ele>53.1</ele></trkpt><trkpt lat="55.7081976" lon="14.0048898"><ele>56.0</ele></trkpt><trkpt lat="55.7080315" lon="14.0044694"><ele>59.0</ele></trkpt><trkpt lat="55.7079177" lon="14.0040867"><ele>59.0</ele></trkpt><trkpt lat="55.7079379" lon="14.0038397" /><trkpt lat="55.7078488" lon="14.0035738"><ele>57.0</ele></trkpt><trkpt lat="55.7077289" lon="14.0032674"><ele>55.0</ele></trkpt><trkpt lat="55.7076509" lon="14.0030518" /><trkpt lat="55.7076687" lon="14.0026090"><ele>57.0</ele></trkpt><trkpt lat="55.7075816" lon="14.0023476"><ele>59.0</ele></trkpt><trkpt lat="55.7074536" lon="14.0020808"><ele>60.0</ele></trkpt><trkpt lat="55.7073037" lon="14.0017798"><ele>59.5</ele></trkpt><trkpt lat="55.7071878" lon="14.0014591"><ele>59.7</ele></trkpt><trkpt lat="55.7071549" lon="14.0008797"><ele>54.8</ele></trkpt><trkpt lat="55.7071109" lon="14.0006956" /><trkpt lat="55.7071625" lon="14.0004413"><ele>52.9</ele></trkpt><trkpt lat="55.7072086" lon="14.0000919"><ele>52.4</ele></trkpt><trkpt lat="55.7072116" lon="13.9998529" /><trkpt lat="55.7072967" lon="13.9994801"><ele>53.2</ele></trkpt><trkpt lat="55.7072936" lon="13.9991415"><ele>54.0</ele></trkpt><trkpt lat="55.7072997" lon="13.9988190"><ele>54.5</ele></trkpt><trkpt lat="55.7073078" lon="13.9983662"><ele>55.0</ele></trkpt><trkpt lat="55.7072455" lon="13.9981174"><ele>58.0</ele></trkpt><trkpt lat="55.7072455" lon="13.9979252" /><trkpt lat="55.7073265" lon="13.9977509"><ele>60.0</ele></trkpt><trkpt lat="55.7074288" lon="13.9975847" /><trkpt lat="55.7073705" lon="13.9973925"><ele>62.0</ele></trkpt><trkpt lat="55.7074546" lon="13.9972577" /><trkpt lat="55.7073630" lon="13.9971328"><ele>62.0</ele></trkpt><trkpt lat="55.7073296" lon="13.9968786" /><trkpt lat="55.7073316" lon="13.9966900"><ele>62.5</ele></trkpt><trkpt lat="55.7074075" lon="13.9965076" /><trkpt lat="55.7074196" lon="13.9962336"><ele>62.2</ele></trkpt><trkpt lat="55.7074859" lon="13.9959749"><ele>63.6</ele></trkpt><trkpt lat="55.7075679" lon="13.9957494" /><trkpt lat="55.7076859" lon="13.9953802"><ele>62.3</ele></trkpt><trkpt lat="55.7077289" lon="13.9951547" /><trkpt lat="55.7077587" lon="13.9949616"><ele>61.0</ele></trkpt><trkpt lat="55.7078169" lon="13.9948188" /><trkpt lat="55.7078807" lon="13.9945933"><ele>58.5</ele></trkpt><trkpt lat="55.7079485" lon="13.9943139"><ele>59.2</ele></trkpt><trkpt lat="55.7080189" lon="13.9940372"><ele>60.0</ele></trkpt><trkpt lat="55.7081287" lon="13.9937246"><ele>61.5</ele></trkpt><trkpt lat="55.7081738" lon="13.9935387" /><trkpt lat="55.7082689" lon="13.9932674"><ele>63.0</ele></trkpt><trkpt lat="55.7082806" lon="13.9929907"><ele>69.0</ele></trkpt><trkpt lat="55.7082846" lon="13.9927248" /><trkpt lat="55.7083550" lon="13.9924706"><ele>72.0</ele></trkpt><trkpt lat="55.7083757" lon="13.9922128" /><trkpt lat="55.7083666" lon="13.9920412"><ele>74.0</ele></trkpt><trkpt lat="55.7083727" lon="13.9918705" /><trkpt lat="55.7083949" lon="13.9916855"><ele>74.0</ele></trkpt><trkpt lat="55.7084157" lon="13.9913935"><ele>76.0</ele></trkpt><trkpt lat="55.7084916" lon="13.9911348"><ele>76.5</ele></trkpt><trkpt lat="55.7085458" lon="13.9909758" /><trkpt lat="55.7086217" lon="13.9906748"><ele>75.7</ele></trkpt><trkpt lat="55.7087639" lon="13.9905653"><ele>76.8</ele></trkpt><trkpt lat="55.7088666" lon="13.9906156" /><trkpt lat="55.7089906" lon="13.9907162"><ele>78.0</ele></trkpt><trkpt lat="55.7091399" lon="13.9907557" /><trkpt lat="55.7092305" lon="13.9908743"><ele>78.0</ele></trkpt><trkpt lat="55.7093029" lon="13.9907359" /><trkpt lat="55.7094826" lon="13.9904269"><ele>78.0</ele></trkpt><trkpt lat="55.7095777" lon="13.9901556"><ele>76.0</ele></trkpt><trkpt lat="55.7097088" lon="13.9898816"><ele>74.0</ele></trkpt><trkpt lat="55.7098890" lon="13.9895034"><ele>74.0</ele></trkpt><trkpt lat="55.7099775" lon="13.9892501"><ele>69.0</ele></trkpt><trkpt lat="55.7100919" lon="13.9890399"><ele>69.0</ele></trkpt><trkpt lat="55.7101567" lon="13.9887875"><ele>70.0</ele></trkpt><trkpt lat="55.7103095" lon="13.9884794"><ele>69.5</ele></trkpt><trkpt lat="55.7104168" lon="13.9883177" /><trkpt lat="55.7105307" lon="13.9881344"><ele>69.0</ele></trkpt><trkpt lat="55.7106466" lon="13.9878101"><ele>67.0</ele></trkpt><trkpt lat="55.7107559" lon="13.9875595"><ele>66.5</ele></trkpt><trkpt lat="55.7109679" lon="13.9873861"><ele>66.0</ele></trkpt><trkpt lat="55.7112149" lon="13.9873888"><ele>66.0</ele></trkpt><trkpt lat="55.7113187" lon="13.9874194" /><trkpt lat="55.7114290" lon="13.9873762"><ele>66.0</ele></trkpt><trkpt lat="55.7115666" lon="13.9873843" /><trkpt lat="55.7117028" lon="13.9872909"><ele>67.0</ele></trkpt><trkpt lat="55.7118556" lon="13.9872145"><ele>67.0</ele></trkpt><trkpt lat="55.7120337" lon="13.9872406"><ele>67.0</ele></trkpt><trkpt lat="55.7123136" lon="13.9872109"><ele>67.0</ele></trkpt><trkpt lat="55.7124447" lon="13.9871822" /><trkpt lat="55.7125666" lon="13.9871328"><ele>67.0</ele></trkpt><trkpt lat="55.7127387" lon="13.9871445"><ele>66.5</ele></trkpt><trkpt lat="55.7128859" lon="13.9871490" /><trkpt lat="55.7130499" lon="13.9871283"><ele>67.2</ele></trkpt><trkpt lat="55.7132220" lon="13.9870555"><ele>68.0</ele></trkpt><trkpt lat="55.7133915" lon="13.9868965"><ele>70.0</ele></trkpt><trkpt lat="55.7134168" lon="13.9867133" /><trkpt lat="55.7135625" lon="13.9865354"><ele>70.0</ele></trkpt><trkpt lat="55.7137548" lon="13.9863010"><ele>70.0</ele></trkpt><trkpt lat="55.7138429" lon="13.9861096" /><trkpt lat="55.7138115" lon="13.9858473"><ele>70.0</ele></trkpt><trkpt lat="55.7137999" lon="13.9856560" /><trkpt lat="55.7138697" lon="13.9853910"><ele>71.0</ele></trkpt><trkpt lat="55.7139026" lon="13.9850918"><ele>71.0</ele></trkpt><trkpt lat="55.7139456" lon="13.9847235"><ele>72.5</ele></trkpt><trkpt lat="55.7139719" lon="13.9845142" /><trkpt lat="55.7139416" lon="13.9842914"><ele>72.7</ele></trkpt><trkpt lat="55.7139330" lon="13.9837434"><ele>73.0</ele></trkpt><trkpt lat="55.7139239" lon="13.9832485"><ele>73.5</ele></trkpt><trkpt lat="55.7139679" lon="13.9828856"><ele>71.7</ele></trkpt><trkpt lat="55.7140068" lon="13.9825433"><ele>72.8</ele></trkpt><trkpt lat="55.7140488" lon="13.9821786"><ele>74.0</ele></trkpt><trkpt lat="55.7140716" lon="13.9817690"><ele>75.0</ele></trkpt><trkpt lat="55.7141096" lon="13.9814779"><ele>78.0</ele></trkpt><trkpt lat="55.7142766" lon="13.9812129"><ele>79.0</ele></trkpt><trkpt lat="55.7144157" lon="13.9808895"><ele>79.0</ele></trkpt><trkpt lat="55.7144547" lon="13.9805742"><ele>79.0</ele></trkpt><trkpt lat="55.7144856" lon="13.9803505" /><trkpt lat="55.7144896" lon="13.9801682"><ele>75.0</ele></trkpt><trkpt lat="55.7145478" lon="13.9799741" /><trkpt lat="55.7146075" lon="13.9798430"><ele>74.5</ele></trkpt><trkpt lat="55.7146647" lon="13.9797370" /><trkpt lat="55.7147487" lon="13.9795825"><ele>75.2</ele></trkpt><trkpt lat="55.7149698" lon="13.9793758"><ele>76.0</ele></trkpt><trkpt lat="55.7151257" lon="13.9791405"><ele>76.0</ele></trkpt><trkpt lat="55.7152608" lon="13.9788845"><ele>76.0</ele></trkpt><trkpt lat="55.7154217" lon="13.9785296"><ele>76.0</ele></trkpt><trkpt lat="55.7155518" lon="13.9781442"><ele>77.0</ele></trkpt><trkpt lat="55.7156100" lon="13.9779224" /><trkpt lat="55.7157405" lon="13.9777903"><ele>78.0</ele></trkpt><trkpt lat="55.7158549" lon="13.9776897" /><trkpt lat="55.7160988" lon="13.9773986"><ele>80.0</ele></trkpt><trkpt lat="55.7162076" lon="13.9773322" /><trkpt lat="55.7163386" lon="13.9771543"><ele>81.0</ele></trkpt><trkpt lat="55.7164950" lon="13.9769324"><ele>81.0</ele></trkpt><trkpt lat="55.7165456" lon="13.9767456" /><trkpt lat="55.7166159" lon="13.9766054"><ele>79.0</ele></trkpt><trkpt lat="55.7166518" lon="13.9764644" /><trkpt lat="55.7166857" lon="13.9762946"><ele>79.5</ele></trkpt><trkpt lat="55.7166999" lon="13.9760772" /><trkpt lat="55.7167009" lon="13.9758607"><ele>76.7</ele></trkpt><trkpt lat="55.7167146" lon="13.9755948" /><trkpt lat="55.7167525" lon="13.9752328"><ele>76.3</ele></trkpt><trkpt lat="55.7167627" lon="13.9749561"><ele>80.6</ele></trkpt><trkpt lat="55.7168208" lon="13.9747935" /><trkpt lat="55.7168755" lon="13.9746875"><ele>76.8</ele></trkpt><trkpt lat="55.7168998" lon="13.9745618" /><trkpt lat="55.7169377" lon="13.9744109"><ele>76.4</ele></trkpt><trkpt lat="55.7169807" lon="13.9742366" /><trkpt lat="55.7170197" lon="13.9739797"><ele>77.7</ele></trkpt><trkpt lat="55.7170905" lon="13.9735907"><ele>79.0</ele></trkpt><trkpt lat="55.7171376" lon="13.9733652" /><trkpt lat="55.7172297" lon="13.9730337"><ele>79.5</ele></trkpt><trkpt lat="55.7173258" lon="13.9727993"><ele>80.0</ele></trkpt><trkpt lat="55.7174255" lon="13.9726223" /><trkpt lat="55.7174959" lon="13.9724067"><ele>81.0</ele></trkpt><trkpt lat="55.7175358" lon="13.9721839" /><trkpt lat="55.7175040" lon="13.9720123"><ele>82.0</ele></trkpt><trkpt lat="55.7174675" lon="13.9718596" /><trkpt lat="55.7174119" lon="13.9716719"><ele>82.0</ele></trkpt><trkpt lat="55.7173506" lon="13.9714599" /><trkpt lat="55.7173329" lon="13.9712317"><ele>79.0</ele></trkpt><trkpt lat="55.7172196" lon="13.9711778" /><trkpt lat="55.7171528" lon="13.9710233"><ele>76.0</ele></trkpt><trkpt lat="55.7169767" lon="13.9709532"><ele>73.0</ele></trkpt><trkpt lat="55.7168229" lon="13.9707951"><ele>72.0</ele></trkpt><trkpt lat="55.7166068" lon="13.9707547"><ele>73.0</ele></trkpt><trkpt lat="55.7165127" lon="13.9706828" /><trkpt lat="55.7164186" lon="13.9706137"><ele>68.5</ele></trkpt><trkpt lat="55.7163037" lon="13.9704654" /><trkpt lat="55.7162035" lon="13.9704493"><ele>64.0</ele></trkpt><trkpt lat="55.7160897" lon="13.9703271" /><trkpt lat="55.7159900" lon="13.9701870"><ele>64.0</ele></trkpt><trkpt lat="55.7160375" lon="13.9700082" /><trkpt lat="55.7160937" lon="13.9698232"><ele>64.0</ele></trkpt><trkpt lat="55.7161656" lon="13.9696767" /><trkpt lat="55.7162217" lon="13.9693758"><ele>65.5</ele></trkpt><trkpt lat="55.7162627" lon="13.9691800" /><trkpt lat="55.7162637" lon="13.9689895"><ele>67.0</ele></trkpt><trkpt lat="55.7163386" lon="13.9686482"><ele>71.5</ele></trkpt><trkpt lat="55.7164940" lon="13.9681909"><ele>73.2</ele></trkpt><trkpt lat="55.7166306" lon="13.9678145"><ele>75.0</ele></trkpt><trkpt lat="55.7167409" lon="13.9676277"><ele>75.0</ele></trkpt><trkpt lat="55.7169048" lon="13.9671588"><ele>74.0</ele></trkpt><trkpt lat="55.7170399" lon="13.9666826"><ele>64.0</ele></trkpt><trkpt lat="55.7171725" lon="13.9663530"><ele>65.0</ele></trkpt><trkpt lat="55.7172019" lon="13.9658876"><ele>66.0</ele></trkpt><trkpt lat="55.7172666" lon="13.9654133"><ele>66.0</ele></trkpt><trkpt lat="55.7173587" lon="13.9650253"><ele>67.0</ele></trkpt><trkpt lat="55.7173719" lon="13.9645473"><ele>67.0</ele></trkpt><trkpt lat="55.7171659" lon="13.9642015"><ele>71.0</ele></trkpt><trkpt lat="55.7169570" lon="13.9638934"><ele>80.0</ele></trkpt><trkpt lat="55.7168330" lon="13.9634236"><ele>88.0</ele></trkpt><trkpt lat="55.7168249" lon="13.9629699"><ele>88.0</ele></trkpt><trkpt lat="55.7170020" lon="13.9629654"><ele>88.5</ele></trkpt><trkpt lat="55.7171406" lon="13.9632556"><ele>86.7</ele></trkpt><trkpt lat="55.7173739" lon="13.9633858"><ele>86.8</ele></trkpt><trkpt lat="55.7176299" lon="13.9632933"><ele>82.4</ele></trkpt><trkpt lat="55.7178667" lon="13.9632259"><ele>84.7</ele></trkpt><trkpt lat="55.7179786" lon="13.9631020" /><trkpt lat="55.7180418" lon="13.9628855"><ele>83.3</ele></trkpt><trkpt lat="55.7182437" lon="13.9626043"><ele>82.0</ele></trkpt><trkpt lat="55.7185068" lon="13.9623779"><ele>82.0</ele></trkpt><trkpt lat="55.7185357" lon="13.9621399" /><trkpt lat="55.7184795" lon="13.9616647"><ele>83.0</ele></trkpt><trkpt lat="55.7185736" lon="13.9612694"><ele>85.0</ele></trkpt><trkpt lat="55.7185675" lon="13.9609622"><ele>83.5</ele></trkpt><trkpt lat="55.7185428" lon="13.9606927"><ele>83.7</ele></trkpt><trkpt lat="55.7183879" lon="13.9605705"><ele>83.3</ele></trkpt><trkpt lat="55.7182918" lon="13.9604986" /><trkpt lat="55.7182078" lon="13.9606379"><ele>83.6</ele></trkpt></trkseg></trk></gpx>