<?xml version="1.0" encoding="UTF-8" standalone="no" ?>
<gpx xmlns="http://www.topografix.com/GPX/1/1" creator="Topo GPS 5.2.1 (Android) - https://www.topo-gps.com" xmlns:topogps="http://www.topo-gps.com/xmlschemas/TopoGPSExtension/v1" xsi:schemaLocation="http://www.topografix.com/GPX/1/1 http://www.topografix.com/GPX/1/1/gpx.xsd http://www.topo-gps.com/xmlschemas/TopoGPSExtension/v1 http://www.topo-gps.com/xmlschemas/TopoGPSExtensionv1.xsd" xmlns:xsi="http://www.w3.org/2001/XMLSchema-instance" version="1.1">
<metadata>
<name>hallamölla</name>
<desc></desc>
<author>
<name>Rola d</name>
</author>
<copyright author="Rola d">
<year>2020</year>
<license></license>
</copyright>
<time>2020-03-15T10:10:16Z</time>
<extensions>
<topogps:routetype type="0"></topogps:routetype>
<topogps:version>5.2.1</topogps:version>
<topogps:uid>43794</topogps:uid>
<topogps:uidversion>0</topogps:uidversion>
</extensions>
</metadata>
<trk>
<trkseg>
<trkpt lat="55.709337" lon="14.020637">
<ele>82.252</ele>
<time>2020-03-15T08:17:21Z</time>
</trkpt>
<trkpt lat="55.709356" lon="14.020721">
<ele>88.253</ele>
<time>2020-03-15T08:17:23Z</time>
</trkpt>
<trkpt lat="55.709363" lon="14.020698">
<ele>83.252</ele>
<time>2020-03-15T08:17:24Z</time>
</trkpt>
<trkpt lat="55.709362" lon="14.020671">
<ele>81.252</ele>
<time>2020-03-15T08:17:25Z</time>
</trkpt>
<trkpt lat="55.709358" lon="14.020655">
<ele>81.252</ele>
<time>2020-03-15T08:17:26Z</time>
</trkpt>
<trkpt lat="55.709351" lon="14.020644">
<ele>82.252</ele>
<time>2020-03-15T08:17:27Z</time>
</trkpt>
<trkpt lat="55.709337" lon="14.020637">
<ele>83.252</ele>
<time>2020-03-15T08:17:28Z</time>
</trkpt>
<trkpt lat="55.709326" lon="14.020635">
<ele>83.252</ele>
<time>2020-03-15T08:17:29Z</time>
</trkpt>
<trkpt lat="55.709325" lon="14.020626">
<ele>84.252</ele>
<time>2020-03-15T08:17:30Z</time>
</trkpt>
<trkpt lat="55.709321" lon="14.020615">
<ele>84.252</ele>
<time>2020-03-15T08:17:30Z</time>
</trkpt>
<trkpt lat="55.709317" lon="14.020610">
<ele>85.252</ele>
<time>2020-03-15T08:17:30Z</time>
</trkpt>
<trkpt lat="55.709310" lon="14.020596">
<ele>86.252</ele>
<time>2020-03-15T08:17:31Z</time>
</trkpt>
<trkpt lat="55.709307" lon="14.020586">
<ele>87.252</ele>
<time>2020-03-15T08:17:32Z</time>
</trkpt>
<trkpt lat="55.709304" lon="14.020587">
<ele>90.253</ele>
<time>2020-03-15T08:17:33Z</time>
</trkpt>
<trkpt lat="55.709303" lon="14.020583">
<ele>90.253</ele>
<time>2020-03-15T08:17:33Z</time>
</trkpt>
<trkpt lat="55.709300" lon="14.020583">
<ele>95.253</ele>
<time>2020-03-15T08:17:34Z</time>
</trkpt>
<trkpt lat="55.709297" lon="14.020579">
<ele>95.253</ele>
<time>2020-03-15T08:17:34Z</time>
</trkpt>
<trkpt lat="55.709295" lon="14.020573">
<ele>100.253</ele>
<time>2020-03-15T08:17:35Z</time>
</trkpt>
<trkpt lat="55.709293" lon="14.020562">
<ele>100.253</ele>
<time>2020-03-15T08:17:35Z</time>
</trkpt>
<trkpt lat="55.709291" lon="14.020556">
<ele>105.253</ele>
<time>2020-03-15T08:17:36Z</time>
</trkpt>
<trkpt lat="55.709290" lon="14.020547">
<ele>105.253</ele>
<time>2020-03-15T08:17:37Z</time>
</trkpt>
<trkpt lat="55.709287" lon="14.020543">
<ele>105.253</ele>
<time>2020-03-15T08:17:37Z</time>
</trkpt>
<trkpt lat="55.709285" lon="14.020533">
<ele>105.253</ele>
<time>2020-03-15T08:17:38Z</time>
</trkpt>
<trkpt lat="55.709282" lon="14.020528">
<ele>103.253</ele>
<time>2020-03-15T08:17:38Z</time>
</trkpt>
<trkpt lat="55.709280" lon="14.020517">
<ele>103.253</ele>
<time>2020-03-15T08:17:39Z</time>
</trkpt>
<trkpt lat="55.709274" lon="14.020516">
<ele>102.253</ele>
<time>2020-03-15T08:17:41Z</time>
</trkpt>
<trkpt lat="55.709269" lon="14.020497">
<ele>102.253</ele>
<time>2020-03-15T08:17:40Z</time>
</trkpt>
<trkpt lat="55.709264" lon="14.020491">
<ele>101.253</ele>
<time>2020-03-15T08:17:41Z</time>
</trkpt>
<trkpt lat="55.709262" lon="14.020482">
<ele>101.253</ele>
<time>2020-03-15T08:17:41Z</time>
</trkpt>
<trkpt lat="55.709257" lon="14.020476">
<ele>99.253</ele>
<time>2020-03-15T08:17:42Z</time>
</trkpt>
<trkpt lat="55.709255" lon="14.020465">
<ele>99.253</ele>
<time>2020-03-15T08:17:43Z</time>
</trkpt>
<trkpt lat="55.709252" lon="14.020459">
<ele>100.253</ele>
<time>2020-03-15T08:17:43Z</time>
</trkpt>
<trkpt lat="55.709249" lon="14.020449">
<ele>100.253</ele>
<time>2020-03-15T08:17:44Z</time>
</trkpt>
<trkpt lat="55.709245" lon="14.020444">
<ele>100.253</ele>
<time>2020-03-15T08:17:44Z</time>
</trkpt>
<trkpt lat="55.709242" lon="14.020434">
<ele>100.253</ele>
<time>2020-03-15T08:17:46Z</time>
</trkpt>
<trkpt lat="55.709233" lon="14.020421">
<ele>97.253</ele>
<time>2020-03-15T08:17:46Z</time>
</trkpt>
<trkpt lat="55.709230" lon="14.020406">
<ele>95.252</ele>
<time>2020-03-15T08:17:47Z</time>
</trkpt>
<trkpt lat="55.709228" lon="14.020383">
<ele>89.252</ele>
<time>2020-03-15T08:17:50Z</time>
</trkpt>
<trkpt lat="55.709225" lon="14.020378">
<ele>87.252</ele>
<time>2020-03-15T08:17:51Z</time>
</trkpt>
<trkpt lat="55.709222" lon="14.020378">
<ele>87.252</ele>
<time>2020-03-15T08:17:50Z</time>
</trkpt>
<trkpt lat="55.709218" lon="14.020379">
<ele>85.252</ele>
<time>2020-03-15T08:17:51Z</time>
</trkpt>
<trkpt lat="55.709215" lon="14.020375">
<ele>85.252</ele>
<time>2020-03-15T08:17:51Z</time>
</trkpt>
<trkpt lat="55.709211" lon="14.020373">
<ele>83.252</ele>
<time>2020-03-15T08:17:52Z</time>
</trkpt>
<trkpt lat="55.709208" lon="14.020370">
<ele>83.252</ele>
<time>2020-03-15T08:17:53Z</time>
</trkpt>
<trkpt lat="55.709204" lon="14.020366">
<ele>81.252</ele>
<time>2020-03-15T08:17:53Z</time>
</trkpt>
<trkpt lat="55.709201" lon="14.020363">
<ele>79.252</ele>
<time>2020-03-15T08:17:55Z</time>
</trkpt>
<trkpt lat="55.709196" lon="14.020360">
<ele>79.252</ele>
<time>2020-03-15T08:17:54Z</time>
</trkpt>
<trkpt lat="55.709191" lon="14.020357">
<ele>78.252</ele>
<time>2020-03-15T08:17:55Z</time>
</trkpt>
<trkpt lat="55.709187" lon="14.020354">
<ele>78.252</ele>
<time>2020-03-15T08:17:55Z</time>
</trkpt>
<trkpt lat="55.709182" lon="14.020351">
<ele>78.252</ele>
<time>2020-03-15T08:17:56Z</time>
</trkpt>
<trkpt lat="55.709177" lon="14.020348">
<ele>78.252</ele>
<time>2020-03-15T08:17:56Z</time>
</trkpt>
<trkpt lat="55.709155" lon="14.020348">
<ele>76.252</ele>
<time>2020-03-15T08:17:58Z</time>
</trkpt>
<trkpt lat="55.709149" lon="14.020345">
<ele>76.252</ele>
<time>2020-03-15T08:17:59Z</time>
</trkpt>
<trkpt lat="55.709144" lon="14.020339">
<ele>76.252</ele>
<time>2020-03-15T08:17:59Z</time>
</trkpt>
<trkpt lat="55.709140" lon="14.020333">
<ele>76.252</ele>
<time>2020-03-15T08:18:00Z</time>
</trkpt>
<trkpt lat="55.709134" lon="14.020326">
<ele>76.252</ele>
<time>2020-03-15T08:18:00Z</time>
</trkpt>
<trkpt lat="55.709130" lon="14.020316">
<ele>76.252</ele>
<time>2020-03-15T08:18:01Z</time>
</trkpt>
<trkpt lat="55.709124" lon="14.020306">
<ele>76.252</ele>
<time>2020-03-15T08:18:02Z</time>
</trkpt>
<trkpt lat="55.709116" lon="14.020299">
<ele>75.252</ele>
<time>2020-03-15T08:18:02Z</time>
</trkpt>
<trkpt lat="55.709109" lon="14.020296">
<ele>75.252</ele>
<time>2020-03-15T08:18:03Z</time>
</trkpt>
<trkpt lat="55.709090" lon="14.020291">
<ele>76.252</ele>
<time>2020-03-15T08:18:04Z</time>
</trkpt>
<trkpt lat="55.709072" lon="14.020290">
<ele>75.252</ele>
<time>2020-03-15T08:18:06Z</time>
</trkpt>
<trkpt lat="55.709065" lon="14.020287">
<ele>75.252</ele>
<time>2020-03-15T08:18:06Z</time>
</trkpt>
<trkpt lat="55.709059" lon="14.020282">
<ele>75.252</ele>
<time>2020-03-15T08:18:06Z</time>
</trkpt>
<trkpt lat="55.709051" lon="14.020270">
<ele>74.252</ele>
<time>2020-03-15T08:18:07Z</time>
</trkpt>
<trkpt lat="55.708915" lon="14.019990">
<ele>74.252</ele>
<time>2020-03-15T08:18:25Z</time>
</trkpt>
<trkpt lat="55.708917" lon="14.019960">
<ele>75.252</ele>
<time>2020-03-15T08:18:27Z</time>
</trkpt>
<trkpt lat="55.708915" lon="14.019942">
<ele>75.252</ele>
<time>2020-03-15T08:18:28Z</time>
</trkpt>
<trkpt lat="55.708905" lon="14.019889">
<ele>75.252</ele>
<time>2020-03-15T08:18:30Z</time>
</trkpt>
<trkpt lat="55.708879" lon="14.019786">
<ele>75.252</ele>
<time>2020-03-15T08:18:35Z</time>
</trkpt>
<trkpt lat="55.708875" lon="14.019757">
<ele>74.252</ele>
<time>2020-03-15T08:18:37Z</time>
</trkpt>
<trkpt lat="55.708871" lon="14.019736">
<ele>75.252</ele>
<time>2020-03-15T08:18:38Z</time>
</trkpt>
<trkpt lat="55.708828" lon="14.019597">
<ele>76.252</ele>
<time>2020-03-15T08:18:45Z</time>
</trkpt>
<trkpt lat="55.708804" lon="14.019544">
<ele>77.252</ele>
<time>2020-03-15T08:18:48Z</time>
</trkpt>
<trkpt lat="55.708780" lon="14.019500">
<ele>77.252</ele>
<time>2020-03-15T08:18:50Z</time>
</trkpt>
<trkpt lat="55.708768" lon="14.019486">
<ele>77.252</ele>
<time>2020-03-15T08:18:52Z</time>
</trkpt>
<trkpt lat="55.708722" lon="14.019409">
<ele>77.252</ele>
<time>2020-03-15T08:18:57Z</time>
</trkpt>
<trkpt lat="55.708694" lon="14.019329">
<ele>77.251</ele>
<time>2020-03-15T08:19:01Z</time>
</trkpt>
<trkpt lat="55.708660" lon="14.019250">
<ele>78.251</ele>
<time>2020-03-15T08:19:05Z</time>
</trkpt>
<trkpt lat="55.708647" lon="14.019242">
<ele>78.251</ele>
<time>2020-03-15T08:19:07Z</time>
</trkpt>
<trkpt lat="55.708614" lon="14.019213">
<ele>78.251</ele>
<time>2020-03-15T08:19:10Z</time>
</trkpt>
<trkpt lat="55.708607" lon="14.019206">
<ele>78.251</ele>
<time>2020-03-15T08:19:10Z</time>
</trkpt>
<trkpt lat="55.708588" lon="14.019197">
<ele>79.251</ele>
<time>2020-03-15T08:19:12Z</time>
</trkpt>
<trkpt lat="55.708574" lon="14.019187">
<ele>79.251</ele>
<time>2020-03-15T08:19:13Z</time>
</trkpt>
<trkpt lat="55.708553" lon="14.019162">
<ele>78.251</ele>
<time>2020-03-15T08:19:15Z</time>
</trkpt>
<trkpt lat="55.708531" lon="14.019133">
<ele>77.251</ele>
<time>2020-03-15T08:19:17Z</time>
</trkpt>
<trkpt lat="55.708523" lon="14.019119">
<ele>77.251</ele>
<time>2020-03-15T08:19:18Z</time>
</trkpt>
<trkpt lat="55.708498" lon="14.019081">
<ele>78.251</ele>
<time>2020-03-15T08:19:21Z</time>
</trkpt>
<trkpt lat="55.708487" lon="14.019070">
<ele>77.251</ele>
<time>2020-03-15T08:19:22Z</time>
</trkpt>
<trkpt lat="55.708478" lon="14.019056">
<ele>77.251</ele>
<time>2020-03-15T08:19:23Z</time>
</trkpt>
<trkpt lat="55.708467" lon="14.019044">
<ele>77.251</ele>
<time>2020-03-15T08:19:24Z</time>
</trkpt>
<trkpt lat="55.708458" lon="14.019031">
<ele>78.251</ele>
<time>2020-03-15T08:19:25Z</time>
</trkpt>
<trkpt lat="55.708450" lon="14.019017">
<ele>77.251</ele>
<time>2020-03-15T08:19:26Z</time>
</trkpt>
<trkpt lat="55.708442" lon="14.019005">
<ele>77.251</ele>
<time>2020-03-15T08:19:27Z</time>
</trkpt>
<trkpt lat="55.708436" lon="14.018993">
<ele>76.251</ele>
<time>2020-03-15T08:19:28Z</time>
</trkpt>
<trkpt lat="55.708431" lon="14.018981">
<ele>76.251</ele>
<time>2020-03-15T08:19:29Z</time>
</trkpt>
<trkpt lat="55.708425" lon="14.018977">
<ele>76.251</ele>
<time>2020-03-15T08:19:30Z</time>
</trkpt>
<trkpt lat="55.708421" lon="14.018976">
<ele>76.251</ele>
<time>2020-03-15T08:19:31Z</time>
</trkpt>
<trkpt lat="55.708415" lon="14.018979">
<ele>76.251</ele>
<time>2020-03-15T08:19:32Z</time>
</trkpt>
<trkpt lat="55.708412" lon="14.018993">
<ele>76.251</ele>
<time>2020-03-15T08:19:33Z</time>
</trkpt>
<trkpt lat="55.708405" lon="14.018994">
<ele>76.251</ele>
<time>2020-03-15T08:19:36Z</time>
</trkpt>
<trkpt lat="55.708403" lon="14.019001">
<ele>75.251</ele>
<time>2020-03-15T08:19:37Z</time>
</trkpt>
<trkpt lat="55.708401" lon="14.019007">
<ele>74.251</ele>
<time>2020-03-15T08:19:38Z</time>
</trkpt>
<trkpt lat="55.708401" lon="14.019017">
<ele>74.251</ele>
<time>2020-03-15T08:19:39Z</time>
</trkpt>
<trkpt lat="55.708399" lon="14.019027">
<ele>75.251</ele>
<time>2020-03-15T08:19:40Z</time>
</trkpt>
<trkpt lat="55.708396" lon="14.019034">
<ele>75.251</ele>
<time>2020-03-15T08:19:41Z</time>
</trkpt>
<trkpt lat="55.708392" lon="14.019041">
<ele>74.251</ele>
<time>2020-03-15T08:19:42Z</time>
</trkpt>
<trkpt lat="55.708387" lon="14.019042">
<ele>75.251</ele>
<time>2020-03-15T08:19:43Z</time>
</trkpt>
<trkpt lat="55.708381" lon="14.019039">
<ele>76.251</ele>
<time>2020-03-15T08:19:44Z</time>
</trkpt>
<trkpt lat="55.708371" lon="14.019027">
<ele>75.251</ele>
<time>2020-03-15T08:19:46Z</time>
</trkpt>
<trkpt lat="55.708367" lon="14.019019">
<ele>75.251</ele>
<time>2020-03-15T08:19:47Z</time>
</trkpt>
<trkpt lat="55.708366" lon="14.019008">
<ele>75.251</ele>
<time>2020-03-15T08:19:49Z</time>
</trkpt>
<trkpt lat="55.708363" lon="14.019006">
<ele>75.251</ele>
<time>2020-03-15T08:19:50Z</time>
</trkpt>
<trkpt lat="55.708360" lon="14.019006">
<ele>75.251</ele>
<time>2020-03-15T08:19:51Z</time>
</trkpt>
<trkpt lat="55.708356" lon="14.019010">
<ele>76.251</ele>
<time>2020-03-15T08:19:52Z</time>
</trkpt>
<trkpt lat="55.708354" lon="14.019008">
<ele>76.251</ele>
<time>2020-03-15T08:19:53Z</time>
</trkpt>
<trkpt lat="55.708353" lon="14.019005">
<ele>76.251</ele>
<time>2020-03-15T08:19:54Z</time>
</trkpt>
<trkpt lat="55.708351" lon="14.019009">
<ele>76.251</ele>
<time>2020-03-15T08:19:55Z</time>
</trkpt>
<trkpt lat="55.708349" lon="14.019005">
<ele>76.251</ele>
<time>2020-03-15T08:19:58Z</time>
</trkpt>
<trkpt lat="55.708349" lon="14.019005">
<ele>76.251</ele>
<time>2020-03-15T08:19:59Z</time>
</trkpt>
<trkpt lat="55.708345" lon="14.019004">
<ele>77.251</ele>
<time>2020-03-15T08:20:00Z</time>
</trkpt>
<trkpt lat="55.708337" lon="14.019002">
<ele>77.251</ele>
<time>2020-03-15T08:20:01Z</time>
</trkpt>
<trkpt lat="55.708308" lon="14.018983">
<ele>76.251</ele>
<time>2020-03-15T08:20:04Z</time>
</trkpt>
<trkpt lat="55.708297" lon="14.018979">
<ele>76.251</ele>
<time>2020-03-15T08:20:05Z</time>
</trkpt>
<trkpt lat="55.708272" lon="14.018965">
<ele>76.251</ele>
<time>2020-03-15T08:20:08Z</time>
</trkpt>
<trkpt lat="55.708252" lon="14.018950">
<ele>76.251</ele>
<time>2020-03-15T08:20:10Z</time>
</trkpt>
<trkpt lat="55.708242" lon="14.018946">
<ele>76.251</ele>
<time>2020-03-15T08:20:11Z</time>
</trkpt>
<trkpt lat="55.708232" lon="14.018944">
<ele>76.251</ele>
<time>2020-03-15T08:20:12Z</time>
</trkpt>
<trkpt lat="55.708223" lon="14.018939">
<ele>76.251</ele>
<time>2020-03-15T08:20:14Z</time>
</trkpt>
<trkpt lat="55.708218" lon="14.018933">
<ele>77.251</ele>
<time>2020-03-15T08:20:15Z</time>
</trkpt>
<trkpt lat="55.708208" lon="14.018923">
<ele>77.251</ele>
<time>2020-03-15T08:20:17Z</time>
</trkpt>
<trkpt lat="55.708204" lon="14.018923">
<ele>76.251</ele>
<time>2020-03-15T08:20:18Z</time>
</trkpt>
<trkpt lat="55.708197" lon="14.018919">
<ele>77.252</ele>
<time>2020-03-15T08:20:19Z</time>
</trkpt>
<trkpt lat="55.708192" lon="14.018914">
<ele>77.252</ele>
<time>2020-03-15T08:20:20Z</time>
</trkpt>
<trkpt lat="55.708190" lon="14.018909">
<ele>77.252</ele>
<time>2020-03-15T08:20:21Z</time>
</trkpt>
<trkpt lat="55.708188" lon="14.018901">
<ele>78.251</ele>
<time>2020-03-15T08:20:22Z</time>
</trkpt>
<trkpt lat="55.708187" lon="14.018893">
<ele>79.251</ele>
<time>2020-03-15T08:20:23Z</time>
</trkpt>
<trkpt lat="55.708188" lon="14.018883">
<ele>79.251</ele>
<time>2020-03-15T08:20:24Z</time>
</trkpt>
<trkpt lat="55.708190" lon="14.018873">
<ele>77.251</ele>
<time>2020-03-15T08:20:25Z</time>
</trkpt>
<trkpt lat="55.708203" lon="14.018850">
<ele>77.251</ele>
<time>2020-03-15T08:20:32Z</time>
</trkpt>
<trkpt lat="55.708209" lon="14.018836">
<ele>78.251</ele>
<time>2020-03-15T08:20:33Z</time>
</trkpt>
<trkpt lat="55.708212" lon="14.018825">
<ele>78.251</ele>
<time>2020-03-15T08:20:34Z</time>
</trkpt>
<trkpt lat="55.708215" lon="14.018811">
<ele>78.251</ele>
<time>2020-03-15T08:20:35Z</time>
</trkpt>
<trkpt lat="55.708216" lon="14.018802">
<ele>78.251</ele>
<time>2020-03-15T08:20:36Z</time>
</trkpt>
<trkpt lat="55.708218" lon="14.018795">
<ele>78.251</ele>
<time>2020-03-15T08:20:37Z</time>
</trkpt>
<trkpt lat="55.708222" lon="14.018788">
<ele>78.251</ele>
<time>2020-03-15T08:20:38Z</time>
</trkpt>
<trkpt lat="55.708226" lon="14.018790">
<ele>78.251</ele>
<time>2020-03-15T08:20:39Z</time>
</trkpt>
<trkpt lat="55.708233" lon="14.018797">
<ele>77.251</ele>
<time>2020-03-15T08:20:40Z</time>
</trkpt>
<trkpt lat="55.708255" lon="14.018841">
<ele>76.251</ele>
<time>2020-03-15T08:20:43Z</time>
</trkpt>
<trkpt lat="55.708261" lon="14.018851">
<ele>76.251</ele>
<time>2020-03-15T08:20:44Z</time>
</trkpt>
<trkpt lat="55.708270" lon="14.018857">
<ele>75.251</ele>
<time>2020-03-15T08:20:45Z</time>
</trkpt>
<trkpt lat="55.708310" lon="14.018893">
<ele>74.251</ele>
<time>2020-03-15T08:20:49Z</time>
</trkpt>
<trkpt lat="55.708314" lon="14.018901">
<ele>74.251</ele>
<time>2020-03-15T08:20:50Z</time>
</trkpt>
<trkpt lat="55.708318" lon="14.018906">
<ele>74.251</ele>
<time>2020-03-15T08:20:51Z</time>
</trkpt>
<trkpt lat="55.708322" lon="14.018914">
<ele>73.251</ele>
<time>2020-03-15T08:20:53Z</time>
</trkpt>
<trkpt lat="55.708327" lon="14.018915">
<ele>73.251</ele>
<time>2020-03-15T08:20:54Z</time>
</trkpt>
<trkpt lat="55.708331" lon="14.018918">
<ele>73.251</ele>
<time>2020-03-15T08:20:55Z</time>
</trkpt>
<trkpt lat="55.708336" lon="14.018921">
<ele>73.251</ele>
<time>2020-03-15T08:20:56Z</time>
</trkpt>
<trkpt lat="55.708338" lon="14.018922">
<ele>73.251</ele>
<time>2020-03-15T08:20:56Z</time>
</trkpt>
<trkpt lat="55.708349" lon="14.018927">
<ele>74.251</ele>
<time>2020-03-15T08:20:58Z</time>
</trkpt>
<trkpt lat="55.708355" lon="14.018927">
<ele>74.251</ele>
<time>2020-03-15T08:20:59Z</time>
</trkpt>
<trkpt lat="55.708362" lon="14.018924">
<ele>74.251</ele>
<time>2020-03-15T08:21:00Z</time>
</trkpt>
<trkpt lat="55.708373" lon="14.018922">
<ele>74.251</ele>
<time>2020-03-15T08:21:01Z</time>
</trkpt>
<trkpt lat="55.708377" lon="14.018921">
<ele>74.251</ele>
<time>2020-03-15T08:21:01Z</time>
</trkpt>
<trkpt lat="55.708382" lon="14.018924">
<ele>74.251</ele>
<time>2020-03-15T08:21:03Z</time>
</trkpt>
<trkpt lat="55.708386" lon="14.018927">
<ele>74.251</ele>
<time>2020-03-15T08:21:04Z</time>
</trkpt>
<trkpt lat="55.708388" lon="14.018928">
<ele>74.251</ele>
<time>2020-03-15T08:21:05Z</time>
</trkpt>
<trkpt lat="55.708391" lon="14.018930">
<ele>74.251</ele>
<time>2020-03-15T08:21:07Z</time>
</trkpt>
<trkpt lat="55.708395" lon="14.018936">
<ele>75.251</ele>
<time>2020-03-15T08:21:09Z</time>
</trkpt>
<trkpt lat="55.708401" lon="14.018941">
<ele>74.251</ele>
<time>2020-03-15T08:21:10Z</time>
</trkpt>
<trkpt lat="55.708408" lon="14.018940">
<ele>74.251</ele>
<time>2020-03-15T08:21:11Z</time>
</trkpt>
<trkpt lat="55.708414" lon="14.018936">
<ele>73.251</ele>
<time>2020-03-15T08:21:13Z</time>
</trkpt>
<trkpt lat="55.708417" lon="14.018919">
<ele>72.251</ele>
<time>2020-03-15T08:21:14Z</time>
</trkpt>
<trkpt lat="55.708421" lon="14.018896">
<ele>71.251</ele>
<time>2020-03-15T08:21:15Z</time>
</trkpt>
<trkpt lat="55.708420" lon="14.018875">
<ele>71.251</ele>
<time>2020-03-15T08:21:16Z</time>
</trkpt>
<trkpt lat="55.708421" lon="14.018867">
<ele>71.251</ele>
<time>2020-03-15T08:21:16Z</time>
</trkpt>
<trkpt lat="55.708418" lon="14.018843">
<ele>72.251</ele>
<time>2020-03-15T08:21:18Z</time>
</trkpt>
<trkpt lat="55.708415" lon="14.018822">
<ele>72.251</ele>
<time>2020-03-15T08:21:19Z</time>
</trkpt>
<trkpt lat="55.708413" lon="14.018807">
<ele>72.251</ele>
<time>2020-03-15T08:21:20Z</time>
</trkpt>
<trkpt lat="55.708414" lon="14.018792">
<ele>72.251</ele>
<time>2020-03-15T08:21:21Z</time>
</trkpt>
<trkpt lat="55.708417" lon="14.018779">
<ele>72.251</ele>
<time>2020-03-15T08:21:21Z</time>
</trkpt>
<trkpt lat="55.708417" lon="14.018754">
<ele>73.251</ele>
<time>2020-03-15T08:21:24Z</time>
</trkpt>
<trkpt lat="55.708416" lon="14.018742">
<ele>74.251</ele>
<time>2020-03-15T08:21:25Z</time>
</trkpt>
<trkpt lat="55.708416" lon="14.018731">
<ele>74.251</ele>
<time>2020-03-15T08:21:26Z</time>
</trkpt>
<trkpt lat="55.708417" lon="14.018724">
<ele>74.251</ele>
<time>2020-03-15T08:21:27Z</time>
</trkpt>
<trkpt lat="55.708418" lon="14.018715">
<ele>74.251</ele>
<time>2020-03-15T08:21:28Z</time>
</trkpt>
<trkpt lat="55.708419" lon="14.018706">
<ele>74.251</ele>
<time>2020-03-15T08:21:29Z</time>
</trkpt>
<trkpt lat="55.708419" lon="14.018701">
<ele>75.251</ele>
<time>2020-03-15T08:21:30Z</time>
</trkpt>
<trkpt lat="55.708417" lon="14.018693">
<ele>75.251</ele>
<time>2020-03-15T08:21:31Z</time>
</trkpt>
<trkpt lat="55.708414" lon="14.018654">
<ele>76.251</ele>
<time>2020-03-15T08:21:34Z</time>
</trkpt>
<trkpt lat="55.708409" lon="14.018609">
<ele>76.251</ele>
<time>2020-03-15T08:21:36Z</time>
</trkpt>
<trkpt lat="55.708405" lon="14.018585">
<ele>76.251</ele>
<time>2020-03-15T08:21:37Z</time>
</trkpt>
<trkpt lat="55.708383" lon="14.018497">
<ele>76.251</ele>
<time>2020-03-15T08:21:41Z</time>
</trkpt>
<trkpt lat="55.708306" lon="14.018241">
<ele>80.251</ele>
<time>2020-03-15T08:21:53Z</time>
</trkpt>
<trkpt lat="55.708303" lon="14.018223">
<ele>80.251</ele>
<time>2020-03-15T08:21:54Z</time>
</trkpt>
<trkpt lat="55.708300" lon="14.018208">
<ele>80.251</ele>
<time>2020-03-15T08:21:55Z</time>
</trkpt>
<trkpt lat="55.708297" lon="14.018187">
<ele>81.251</ele>
<time>2020-03-15T08:21:56Z</time>
</trkpt>
<trkpt lat="55.708297" lon="14.018167">
<ele>81.251</ele>
<time>2020-03-15T08:21:57Z</time>
</trkpt>
<trkpt lat="55.708296" lon="14.018146">
<ele>81.251</ele>
<time>2020-03-15T08:21:58Z</time>
</trkpt>
<trkpt lat="55.708292" lon="14.018126">
<ele>81.251</ele>
<time>2020-03-15T08:21:59Z</time>
</trkpt>
<trkpt lat="55.708287" lon="14.018110">
<ele>81.251</ele>
<time>2020-03-15T08:22:00Z</time>
</trkpt>
<trkpt lat="55.708281" lon="14.018093">
<ele>81.251</ele>
<time>2020-03-15T08:22:01Z</time>
</trkpt>
<trkpt lat="55.708277" lon="14.018079">
<ele>81.251</ele>
<time>2020-03-15T08:22:01Z</time>
</trkpt>
<trkpt lat="55.708270" lon="14.018067">
<ele>80.250</ele>
<time>2020-03-15T08:22:03Z</time>
</trkpt>
<trkpt lat="55.708266" lon="14.018055">
<ele>80.250</ele>
<time>2020-03-15T08:22:04Z</time>
</trkpt>
<trkpt lat="55.708254" lon="14.018033">
<ele>79.250</ele>
<time>2020-03-15T08:22:06Z</time>
</trkpt>
<trkpt lat="55.708250" lon="14.018025">
<ele>79.250</ele>
<time>2020-03-15T08:22:06Z</time>
</trkpt>
<trkpt lat="55.708240" lon="14.018022">
<ele>79.250</ele>
<time>2020-03-15T08:22:08Z</time>
</trkpt>
<trkpt lat="55.708233" lon="14.018018">
<ele>79.250</ele>
<time>2020-03-15T08:22:09Z</time>
</trkpt>
<trkpt lat="55.708228" lon="14.018011">
<ele>79.250</ele>
<time>2020-03-15T08:22:10Z</time>
</trkpt>
<trkpt lat="55.708224" lon="14.018002">
<ele>79.250</ele>
<time>2020-03-15T08:22:11Z</time>
</trkpt>
<trkpt lat="55.708220" lon="14.017995">
<ele>79.250</ele>
<time>2020-03-15T08:22:11Z</time>
</trkpt>
<trkpt lat="55.708217" lon="14.017970">
<ele>79.250</ele>
<time>2020-03-15T08:22:13Z</time>
</trkpt>
<trkpt lat="55.708206" lon="14.017928">
<ele>79.250</ele>
<time>2020-03-15T08:22:15Z</time>
</trkpt>
<trkpt lat="55.708194" lon="14.017892">
<ele>78.250</ele>
<time>2020-03-15T08:22:16Z</time>
</trkpt>
<trkpt lat="55.708182" lon="14.017868">
<ele>78.250</ele>
<time>2020-03-15T08:22:18Z</time>
</trkpt>
<trkpt lat="55.708176" lon="14.017857">
<ele>78.250</ele>
<time>2020-03-15T08:22:19Z</time>
</trkpt>
<trkpt lat="55.708173" lon="14.017853">
<ele>77.250</ele>
<time>2020-03-15T08:22:20Z</time>
</trkpt>
<trkpt lat="55.708169" lon="14.017849">
<ele>77.250</ele>
<time>2020-03-15T08:22:21Z</time>
</trkpt>
<trkpt lat="55.708169" lon="14.017848">
<ele>77.250</ele>
<time>2020-03-15T08:22:21Z</time>
</trkpt>
<trkpt lat="55.708169" lon="14.017850">
<ele>77.250</ele>
<time>2020-03-15T08:22:23Z</time>
</trkpt>
<trkpt lat="55.708169" lon="14.017850">
<ele>77.250</ele>
<time>2020-03-15T08:22:24Z</time>
</trkpt>
<trkpt lat="55.708172" lon="14.017858">
<ele>76.250</ele>
<time>2020-03-15T08:22:25Z</time>
</trkpt>
<trkpt lat="55.708179" lon="14.017856">
<ele>76.250</ele>
<time>2020-03-15T08:22:26Z</time>
</trkpt>
<trkpt lat="55.708184" lon="14.017849">
<ele>76.250</ele>
<time>2020-03-15T08:22:26Z</time>
</trkpt>
<trkpt lat="55.708204" lon="14.017839">
<ele>76.250</ele>
<time>2020-03-15T08:22:28Z</time>
</trkpt>
<trkpt lat="55.708224" lon="14.017814">
<ele>76.250</ele>
<time>2020-03-15T08:22:30Z</time>
</trkpt>
<trkpt lat="55.708234" lon="14.017804">
<ele>75.250</ele>
<time>2020-03-15T08:22:31Z</time>
</trkpt>
<trkpt lat="55.708243" lon="14.017798">
<ele>75.250</ele>
<time>2020-03-15T08:22:31Z</time>
</trkpt>
<trkpt lat="55.708243" lon="14.017785">
<ele>75.250</ele>
<time>2020-03-15T08:22:33Z</time>
</trkpt>
<trkpt lat="55.708242" lon="14.017779">
<ele>74.250</ele>
<time>2020-03-15T08:22:34Z</time>
</trkpt>
<trkpt lat="55.708236" lon="14.017771">
<ele>75.250</ele>
<time>2020-03-15T08:22:35Z</time>
</trkpt>
<trkpt lat="55.708203" lon="14.017748">
<ele>74.250</ele>
<time>2020-03-15T08:22:38Z</time>
</trkpt>
<trkpt lat="55.708192" lon="14.017743">
<ele>74.250</ele>
<time>2020-03-15T08:22:39Z</time>
</trkpt>
<trkpt lat="55.708183" lon="14.017734">
<ele>74.250</ele>
<time>2020-03-15T08:22:40Z</time>
</trkpt>
<trkpt lat="55.708179" lon="14.017722">
<ele>73.250</ele>
<time>2020-03-15T08:22:41Z</time>
</trkpt>
<trkpt lat="55.708178" lon="14.017713">
<ele>74.250</ele>
<time>2020-03-15T08:22:42Z</time>
</trkpt>
<trkpt lat="55.708176" lon="14.017708">
<ele>74.250</ele>
<time>2020-03-15T08:22:43Z</time>
</trkpt>
<trkpt lat="55.708177" lon="14.017706">
<ele>74.250</ele>
<time>2020-03-15T08:22:44Z</time>
</trkpt>
<trkpt lat="55.708177" lon="14.017703">
<ele>74.250</ele>
<time>2020-03-15T08:22:47Z</time>
</trkpt>
<trkpt lat="55.708178" lon="14.017714">
<ele>73.250</ele>
<time>2020-03-15T08:22:48Z</time>
</trkpt>
<trkpt lat="55.708180" lon="14.017725">
<ele>72.250</ele>
<time>2020-03-15T08:22:49Z</time>
</trkpt>
<trkpt lat="55.708179" lon="14.017733">
<ele>72.250</ele>
<time>2020-03-15T08:22:50Z</time>
</trkpt>
<trkpt lat="55.708179" lon="14.017738">
<ele>72.250</ele>
<time>2020-03-15T08:22:51Z</time>
</trkpt>
<trkpt lat="55.708183" lon="14.017740">
<ele>71.250</ele>
<time>2020-03-15T08:22:52Z</time>
</trkpt>
<trkpt lat="55.708197" lon="14.017753">
<ele>72.250</ele>
<time>2020-03-15T08:22:54Z</time>
</trkpt>
<trkpt lat="55.708219" lon="14.017763">
<ele>71.250</ele>
<time>2020-03-15T08:22:56Z</time>
</trkpt>
<trkpt lat="55.708227" lon="14.017771">
<ele>71.250</ele>
<time>2020-03-15T08:22:57Z</time>
</trkpt>
<trkpt lat="55.708235" lon="14.017784">
<ele>72.250</ele>
<time>2020-03-15T08:22:58Z</time>
</trkpt>
<trkpt lat="55.708242" lon="14.017797">
<ele>72.250</ele>
<time>2020-03-15T08:22:59Z</time>
</trkpt>
<trkpt lat="55.708246" lon="14.017805">
<ele>72.250</ele>
<time>2020-03-15T08:23:00Z</time>
</trkpt>
<trkpt lat="55.708251" lon="14.017810">
<ele>73.250</ele>
<time>2020-03-15T08:23:01Z</time>
</trkpt>
<trkpt lat="55.708256" lon="14.017812">
<ele>74.250</ele>
<time>2020-03-15T08:23:02Z</time>
</trkpt>
<trkpt lat="55.708267" lon="14.017813">
<ele>74.250</ele>
<time>2020-03-15T08:23:03Z</time>
</trkpt>
<trkpt lat="55.708280" lon="14.017812">
<ele>75.250</ele>
<time>2020-03-15T08:23:04Z</time>
</trkpt>
<trkpt lat="55.708290" lon="14.017806">
<ele>75.250</ele>
<time>2020-03-15T08:23:05Z</time>
</trkpt>
<trkpt lat="55.708296" lon="14.017791">
<ele>76.250</ele>
<time>2020-03-15T08:23:06Z</time>
</trkpt>
<trkpt lat="55.708296" lon="14.017770">
<ele>75.250</ele>
<time>2020-03-15T08:23:07Z</time>
</trkpt>
<trkpt lat="55.708287" lon="14.017735">
<ele>75.250</ele>
<time>2020-03-15T08:23:09Z</time>
</trkpt>
<trkpt lat="55.708284" lon="14.017717">
<ele>76.250</ele>
<time>2020-03-15T08:23:10Z</time>
</trkpt>
<trkpt lat="55.708281" lon="14.017695">
<ele>76.250</ele>
<time>2020-03-15T08:23:11Z</time>
</trkpt>
<trkpt lat="55.708281" lon="14.017672">
<ele>77.250</ele>
<time>2020-03-15T08:23:12Z</time>
</trkpt>
<trkpt lat="55.708285" lon="14.017650">
<ele>77.250</ele>
<time>2020-03-15T08:23:13Z</time>
</trkpt>
<trkpt lat="55.708292" lon="14.017633">
<ele>77.250</ele>
<time>2020-03-15T08:23:14Z</time>
</trkpt>
<trkpt lat="55.708308" lon="14.017607">
<ele>77.250</ele>
<time>2020-03-15T08:23:16Z</time>
</trkpt>
<trkpt lat="55.708316" lon="14.017591">
<ele>78.250</ele>
<time>2020-03-15T08:23:17Z</time>
</trkpt>
<trkpt lat="55.708323" lon="14.017575">
<ele>78.250</ele>
<time>2020-03-15T08:23:18Z</time>
</trkpt>
<trkpt lat="55.708328" lon="14.017557">
<ele>78.250</ele>
<time>2020-03-15T08:23:19Z</time>
</trkpt>
<trkpt lat="55.708333" lon="14.017538">
<ele>78.250</ele>
<time>2020-03-15T08:23:20Z</time>
</trkpt>
<trkpt lat="55.708336" lon="14.017514">
<ele>78.250</ele>
<time>2020-03-15T08:23:21Z</time>
</trkpt>
<trkpt lat="55.708337" lon="14.017489">
<ele>78.250</ele>
<time>2020-03-15T08:23:22Z</time>
</trkpt>
<trkpt lat="55.708340" lon="14.017466">
<ele>79.250</ele>
<time>2020-03-15T08:23:23Z</time>
</trkpt>
<trkpt lat="55.708352" lon="14.017430">
<ele>78.250</ele>
<time>2020-03-15T08:23:25Z</time>
</trkpt>
<trkpt lat="55.708357" lon="14.017419">
<ele>79.250</ele>
<time>2020-03-15T08:23:26Z</time>
</trkpt>
<trkpt lat="55.708364" lon="14.017410">
<ele>79.250</ele>
<time>2020-03-15T08:23:27Z</time>
</trkpt>
<trkpt lat="55.708369" lon="14.017400">
<ele>79.250</ele>
<time>2020-03-15T08:23:28Z</time>
</trkpt>
<trkpt lat="55.708374" lon="14.017389">
<ele>79.250</ele>
<time>2020-03-15T08:23:29Z</time>
</trkpt>
<trkpt lat="55.708377" lon="14.017372">
<ele>79.250</ele>
<time>2020-03-15T08:23:30Z</time>
</trkpt>
<trkpt lat="55.708376" lon="14.017357">
<ele>80.250</ele>
<time>2020-03-15T08:23:31Z</time>
</trkpt>
<trkpt lat="55.708375" lon="14.017350">
<ele>80.250</ele>
<time>2020-03-15T08:23:32Z</time>
</trkpt>
<trkpt lat="55.708376" lon="14.017339">
<ele>80.250</ele>
<time>2020-03-15T08:23:33Z</time>
</trkpt>
<trkpt lat="55.708378" lon="14.017333">
<ele>80.250</ele>
<time>2020-03-15T08:23:34Z</time>
</trkpt>
<trkpt lat="55.708382" lon="14.017326">
<ele>80.250</ele>
<time>2020-03-15T08:23:35Z</time>
</trkpt>
<trkpt lat="55.708383" lon="14.017319">
<ele>81.250</ele>
<time>2020-03-15T08:23:36Z</time>
</trkpt>
<trkpt lat="55.708381" lon="14.017297">
<ele>81.250</ele>
<time>2020-03-15T08:23:38Z</time>
</trkpt>
<trkpt lat="55.708378" lon="14.017282">
<ele>81.249</ele>
<time>2020-03-15T08:23:39Z</time>
</trkpt>
<trkpt lat="55.708373" lon="14.017270">
<ele>81.249</ele>
<time>2020-03-15T08:23:40Z</time>
</trkpt>
<trkpt lat="55.708368" lon="14.017267">
<ele>82.249</ele>
<time>2020-03-15T08:23:41Z</time>
</trkpt>
<trkpt lat="55.708364" lon="14.017267">
<ele>82.250</ele>
<time>2020-03-15T08:23:42Z</time>
</trkpt>
<trkpt lat="55.708364" lon="14.017267">
<ele>82.250</ele>
<time>2020-03-15T08:23:42Z</time>
</trkpt>
<trkpt lat="55.708358" lon="14.017280">
<ele>81.250</ele>
<time>2020-03-15T08:23:45Z</time>
</trkpt>
<trkpt lat="55.708359" lon="14.017279">
<ele>79.249</ele>
<time>2020-03-15T08:23:46Z</time>
</trkpt>
<trkpt lat="55.708356" lon="14.017271">
<ele>78.249</ele>
<time>2020-03-15T08:23:47Z</time>
</trkpt>
<trkpt lat="55.708354" lon="14.017266">
<ele>78.249</ele>
<time>2020-03-15T08:23:48Z</time>
</trkpt>
<trkpt lat="55.708353" lon="14.017257">
<ele>78.249</ele>
<time>2020-03-15T08:23:49Z</time>
</trkpt>
<trkpt lat="55.708356" lon="14.017256">
<ele>78.249</ele>
<time>2020-03-15T08:23:51Z</time>
</trkpt>
<trkpt lat="55.708348" lon="14.017235">
<ele>80.249</ele>
<time>2020-03-15T08:23:53Z</time>
</trkpt>
<trkpt lat="55.708346" lon="14.017222">
<ele>80.249</ele>
<time>2020-03-15T08:23:54Z</time>
</trkpt>
<trkpt lat="55.708346" lon="14.017209">
<ele>80.249</ele>
<time>2020-03-15T08:23:55Z</time>
</trkpt>
<trkpt lat="55.708345" lon="14.017195">
<ele>80.249</ele>
<time>2020-03-15T08:23:56Z</time>
</trkpt>
<trkpt lat="55.708345" lon="14.017181">
<ele>79.249</ele>
<time>2020-03-15T08:23:57Z</time>
</trkpt>
<trkpt lat="55.708346" lon="14.017175">
<ele>80.249</ele>
<time>2020-03-15T08:23:58Z</time>
</trkpt>
<trkpt lat="55.708346" lon="14.017168">
<ele>79.249</ele>
<time>2020-03-15T08:23:59Z</time>
</trkpt>
<trkpt lat="55.708348" lon="14.017164">
<ele>80.249</ele>
<time>2020-03-15T08:24:00Z</time>
</trkpt>
<trkpt lat="55.708350" lon="14.017165">
<ele>80.249</ele>
<time>2020-03-15T08:24:01Z</time>
</trkpt>
<trkpt lat="55.708349" lon="14.017167">
<ele>80.249</ele>
<time>2020-03-15T08:24:02Z</time>
</trkpt>
<trkpt lat="55.708344" lon="14.017164">
<ele>80.249</ele>
<time>2020-03-15T08:24:03Z</time>
</trkpt>
<trkpt lat="55.708340" lon="14.017156">
<ele>81.249</ele>
<time>2020-03-15T08:24:04Z</time>
</trkpt>
<trkpt lat="55.708337" lon="14.017145">
<ele>81.249</ele>
<time>2020-03-15T08:24:05Z</time>
</trkpt>
<trkpt lat="55.708338" lon="14.017143">
<ele>81.249</ele>
<time>2020-03-15T08:24:06Z</time>
</trkpt>
<trkpt lat="55.708338" lon="14.017143">
<ele>81.249</ele>
<time>2020-03-15T08:24:07Z</time>
</trkpt>
<trkpt lat="55.708338" lon="14.017143">
<ele>81.249</ele>
<time>2020-03-15T08:24:08Z</time>
</trkpt>
<trkpt lat="55.708341" lon="14.017138">
<ele>81.249</ele>
<time>2020-03-15T08:24:09Z</time>
</trkpt>
<trkpt lat="55.708346" lon="14.017110">
<ele>80.249</ele>
<time>2020-03-15T08:24:10Z</time>
</trkpt>
<trkpt lat="55.708364" lon="14.017090">
<ele>80.249</ele>
<time>2020-03-15T08:24:12Z</time>
</trkpt>
<trkpt lat="55.708376" lon="14.017074">
<ele>81.249</ele>
<time>2020-03-15T08:24:13Z</time>
</trkpt>
<trkpt lat="55.708378" lon="14.017063">
<ele>81.249</ele>
<time>2020-03-15T08:24:14Z</time>
</trkpt>
<trkpt lat="55.708378" lon="14.017042">
<ele>82.249</ele>
<time>2020-03-15T08:24:15Z</time>
</trkpt>
<trkpt lat="55.708381" lon="14.017028">
<ele>82.249</ele>
<time>2020-03-15T08:24:15Z</time>
</trkpt>
<trkpt lat="55.708377" lon="14.017007">
<ele>83.249</ele>
<time>2020-03-15T08:24:17Z</time>
</trkpt>
<trkpt lat="55.708380" lon="14.016994">
<ele>83.249</ele>
<time>2020-03-15T08:24:18Z</time>
</trkpt>
<trkpt lat="55.708389" lon="14.016961">
<ele>84.249</ele>
<time>2020-03-15T08:24:20Z</time>
</trkpt>
<trkpt lat="55.708399" lon="14.016948">
<ele>84.249</ele>
<time>2020-03-15T08:24:21Z</time>
</trkpt>
<trkpt lat="55.708418" lon="14.016943">
<ele>85.249</ele>
<time>2020-03-15T08:24:22Z</time>
</trkpt>
<trkpt lat="55.708426" lon="14.016946">
<ele>85.249</ele>
<time>2020-03-15T08:24:23Z</time>
</trkpt>
<trkpt lat="55.708431" lon="14.016952">
<ele>86.249</ele>
<time>2020-03-15T08:24:24Z</time>
</trkpt>
<trkpt lat="55.708489" lon="14.017065">
<ele>85.249</ele>
<time>2020-03-15T08:24:30Z</time>
</trkpt>
<trkpt lat="55.708533" lon="14.017131">
<ele>85.249</ele>
<time>2020-03-15T08:24:34Z</time>
</trkpt>
<trkpt lat="55.708542" lon="14.017141">
<ele>85.249</ele>
<time>2020-03-15T08:24:35Z</time>
</trkpt>
<trkpt lat="55.708546" lon="14.017148">
<ele>84.249</ele>
<time>2020-03-15T08:24:36Z</time>
</trkpt>
<trkpt lat="55.708551" lon="14.017158">
<ele>85.249</ele>
<time>2020-03-15T08:24:37Z</time>
</trkpt>
<trkpt lat="55.708554" lon="14.017171">
<ele>85.249</ele>
<time>2020-03-15T08:24:38Z</time>
</trkpt>
<trkpt lat="55.708556" lon="14.017182">
<ele>86.249</ele>
<time>2020-03-15T08:24:39Z</time>
</trkpt>
<trkpt lat="55.708557" lon="14.017190">
<ele>86.249</ele>
<time>2020-03-15T08:24:40Z</time>
</trkpt>
<trkpt lat="55.708561" lon="14.017203">
<ele>86.249</ele>
<time>2020-03-15T08:24:41Z</time>
</trkpt>
<trkpt lat="55.708563" lon="14.017229">
<ele>85.249</ele>
<time>2020-03-15T08:24:43Z</time>
</trkpt>
<trkpt lat="55.708565" lon="14.017238">
<ele>85.249</ele>
<time>2020-03-15T08:24:44Z</time>
</trkpt>
<trkpt lat="55.708569" lon="14.017249">
<ele>84.249</ele>
<time>2020-03-15T08:24:45Z</time>
</trkpt>
<trkpt lat="55.708571" lon="14.017261">
<ele>85.249</ele>
<time>2020-03-15T08:24:46Z</time>
</trkpt>
<trkpt lat="55.708573" lon="14.017268">
<ele>86.249</ele>
<time>2020-03-15T08:24:47Z</time>
</trkpt>
<trkpt lat="55.708573" lon="14.017275">
<ele>86.249</ele>
<time>2020-03-15T08:24:48Z</time>
</trkpt>
<trkpt lat="55.708573" lon="14.017288">
<ele>86.249</ele>
<time>2020-03-15T08:24:50Z</time>
</trkpt>
<trkpt lat="55.708573" lon="14.017322">
<ele>86.249</ele>
<time>2020-03-15T08:24:53Z</time>
</trkpt>
<trkpt lat="55.708572" lon="14.017338">
<ele>85.249</ele>
<time>2020-03-15T08:24:54Z</time>
</trkpt>
<trkpt lat="55.708572" lon="14.017365">
<ele>85.249</ele>
<time>2020-03-15T08:24:55Z</time>
</trkpt>
<trkpt lat="55.708574" lon="14.017383">
<ele>85.249</ele>
<time>2020-03-15T08:24:56Z</time>
</trkpt>
<trkpt lat="55.708582" lon="14.017416">
<ele>85.249</ele>
<time>2020-03-15T08:24:58Z</time>
</trkpt>
<trkpt lat="55.708584" lon="14.017430">
<ele>85.249</ele>
<time>2020-03-15T08:24:59Z</time>
</trkpt>
<trkpt lat="55.708586" lon="14.017449">
<ele>85.250</ele>
<time>2020-03-15T08:25:00Z</time>
</trkpt>
<trkpt lat="55.708590" lon="14.017466">
<ele>85.250</ele>
<time>2020-03-15T08:25:01Z</time>
</trkpt>
<trkpt lat="55.708592" lon="14.017491">
<ele>84.250</ele>
<time>2020-03-15T08:25:02Z</time>
</trkpt>
<trkpt lat="55.708590" lon="14.017513">
<ele>85.250</ele>
<time>2020-03-15T08:25:04Z</time>
</trkpt>
<trkpt lat="55.708587" lon="14.017532">
<ele>85.250</ele>
<time>2020-03-15T08:25:05Z</time>
</trkpt>
<trkpt lat="55.708583" lon="14.017548">
<ele>85.250</ele>
<time>2020-03-15T08:25:06Z</time>
</trkpt>
<trkpt lat="55.708580" lon="14.017564">
<ele>85.250</ele>
<time>2020-03-15T08:25:07Z</time>
</trkpt>
<trkpt lat="55.708582" lon="14.017573">
<ele>85.250</ele>
<time>2020-03-15T08:25:08Z</time>
</trkpt>
<trkpt lat="55.708614" lon="14.017535">
<ele>86.250</ele>
<time>2020-03-15T08:25:12Z</time>
</trkpt>
<trkpt lat="55.708639" lon="14.017514">
<ele>86.250</ele>
<time>2020-03-15T08:25:14Z</time>
</trkpt>
<trkpt lat="55.708689" lon="14.017481">
<ele>87.250</ele>
<time>2020-03-15T08:25:18Z</time>
</trkpt>
<trkpt lat="55.708725" lon="14.017449">
<ele>87.249</ele>
<time>2020-03-15T08:25:21Z</time>
</trkpt>
<trkpt lat="55.708814" lon="14.017351">
<ele>88.249</ele>
<time>2020-03-15T08:25:29Z</time>
</trkpt>
<trkpt lat="55.708825" lon="14.017332">
<ele>88.249</ele>
<time>2020-03-15T08:25:31Z</time>
</trkpt>
<trkpt lat="55.708855" lon="14.017263">
<ele>88.249</ele>
<time>2020-03-15T08:25:35Z</time>
</trkpt>
<trkpt lat="55.708877" lon="14.017201">
<ele>89.249</ele>
<time>2020-03-15T08:25:38Z</time>
</trkpt>
<trkpt lat="55.708895" lon="14.017142">
<ele>90.249</ele>
<time>2020-03-15T08:25:41Z</time>
</trkpt>
<trkpt lat="55.708899" lon="14.017120">
<ele>89.249</ele>
<time>2020-03-15T08:25:42Z</time>
</trkpt>
<trkpt lat="55.708901" lon="14.017098">
<ele>89.249</ele>
<time>2020-03-15T08:25:43Z</time>
</trkpt>
<trkpt lat="55.708903" lon="14.017072">
<ele>90.249</ele>
<time>2020-03-15T08:25:44Z</time>
</trkpt>
<trkpt lat="55.708907" lon="14.017045">
<ele>89.249</ele>
<time>2020-03-15T08:25:45Z</time>
</trkpt>
<trkpt lat="55.708917" lon="14.016998">
<ele>89.249</ele>
<time>2020-03-15T08:25:47Z</time>
</trkpt>
<trkpt lat="55.708928" lon="14.016954">
<ele>89.249</ele>
<time>2020-03-15T08:25:49Z</time>
</trkpt>
<trkpt lat="55.708947" lon="14.016900">
<ele>90.249</ele>
<time>2020-03-15T08:25:51Z</time>
</trkpt>
<trkpt lat="55.708973" lon="14.016783">
<ele>90.248</ele>
<time>2020-03-15T08:25:56Z</time>
</trkpt>
<trkpt lat="55.708981" lon="14.016728">
<ele>90.248</ele>
<time>2020-03-15T08:25:58Z</time>
</trkpt>
<trkpt lat="55.708984" lon="14.016695">
<ele>90.248</ele>
<time>2020-03-15T08:25:59Z</time>
</trkpt>
<trkpt lat="55.708988" lon="14.016667">
<ele>90.248</ele>
<time>2020-03-15T08:26:00Z</time>
</trkpt>
<trkpt lat="55.708994" lon="14.016575">
<ele>91.248</ele>
<time>2020-03-15T08:26:03Z</time>
</trkpt>
<trkpt lat="55.708994" lon="14.016535">
<ele>91.248</ele>
<time>2020-03-15T08:26:04Z</time>
</trkpt>
<trkpt lat="55.708997" lon="14.016491">
<ele>91.248</ele>
<time>2020-03-15T08:26:06Z</time>
</trkpt>
<trkpt lat="55.709000" lon="14.016458">
<ele>91.248</ele>
<time>2020-03-15T08:26:07Z</time>
</trkpt>
<trkpt lat="55.709031" lon="14.016299">
<ele>92.248</ele>
<time>2020-03-15T08:26:15Z</time>
</trkpt>
<trkpt lat="55.709032" lon="14.016284">
<ele>92.248</ele>
<time>2020-03-15T08:26:16Z</time>
</trkpt>
<trkpt lat="55.709035" lon="14.016270">
<ele>91.248</ele>
<time>2020-03-15T08:26:17Z</time>
</trkpt>
<trkpt lat="55.709039" lon="14.016255">
<ele>91.248</ele>
<time>2020-03-15T08:26:18Z</time>
</trkpt>
<trkpt lat="55.709049" lon="14.016192">
<ele>92.248</ele>
<time>2020-03-15T08:26:22Z</time>
</trkpt>
<trkpt lat="55.709051" lon="14.016169">
<ele>93.248</ele>
<time>2020-03-15T08:26:23Z</time>
</trkpt>
<trkpt lat="55.709054" lon="14.016077">
<ele>93.248</ele>
<time>2020-03-15T08:26:27Z</time>
</trkpt>
<trkpt lat="55.709054" lon="14.016054">
<ele>93.248</ele>
<time>2020-03-15T08:26:28Z</time>
</trkpt>
<trkpt lat="55.709049" lon="14.016000">
<ele>94.248</ele>
<time>2020-03-15T08:26:30Z</time>
</trkpt>
<trkpt lat="55.709047" lon="14.015909">
<ele>93.247</ele>
<time>2020-03-15T08:26:33Z</time>
</trkpt>
<trkpt lat="55.709045" lon="14.015884">
<ele>93.247</ele>
<time>2020-03-15T08:26:35Z</time>
</trkpt>
<trkpt lat="55.709044" lon="14.015869">
<ele>94.247</ele>
<time>2020-03-15T08:26:36Z</time>
</trkpt>
<trkpt lat="55.709043" lon="14.015885">
<ele>94.247</ele>
<time>2020-03-15T08:26:37Z</time>
</trkpt>
<trkpt lat="55.709041" lon="14.015864">
<ele>94.247</ele>
<time>2020-03-15T08:26:39Z</time>
</trkpt>
<trkpt lat="55.709041" lon="14.015848">
<ele>93.247</ele>
<time>2020-03-15T08:26:40Z</time>
</trkpt>
<trkpt lat="55.709043" lon="14.015831">
<ele>94.247</ele>
<time>2020-03-15T08:26:41Z</time>
</trkpt>
<trkpt lat="55.709045" lon="14.015775">
<ele>95.247</ele>
<time>2020-03-15T08:26:43Z</time>
</trkpt>
<trkpt lat="55.709047" lon="14.015757">
<ele>95.247</ele>
<time>2020-03-15T08:26:44Z</time>
</trkpt>
<trkpt lat="55.709058" lon="14.015689">
<ele>95.247</ele>
<time>2020-03-15T08:26:47Z</time>
</trkpt>
<trkpt lat="55.709068" lon="14.015643">
<ele>95.247</ele>
<time>2020-03-15T08:26:49Z</time>
</trkpt>
<trkpt lat="55.709081" lon="14.015558">
<ele>94.247</ele>
<time>2020-03-15T08:26:52Z</time>
</trkpt>
<trkpt lat="55.709083" lon="14.015528">
<ele>95.247</ele>
<time>2020-03-15T08:26:53Z</time>
</trkpt>
<trkpt lat="55.709087" lon="14.015506">
<ele>95.247</ele>
<time>2020-03-15T08:26:54Z</time>
</trkpt>
<trkpt lat="55.709091" lon="14.015491">
<ele>95.247</ele>
<time>2020-03-15T08:26:55Z</time>
</trkpt>
<trkpt lat="55.709094" lon="14.015501">
<ele>94.247</ele>
<time>2020-03-15T08:26:56Z</time>
</trkpt>
<trkpt lat="55.709096" lon="14.015493">
<ele>94.247</ele>
<time>2020-03-15T08:26:57Z</time>
</trkpt>
<trkpt lat="55.709101" lon="14.015482">
<ele>94.247</ele>
<time>2020-03-15T08:26:58Z</time>
</trkpt>
<trkpt lat="55.709104" lon="14.015465">
<ele>94.247</ele>
<time>2020-03-15T08:26:59Z</time>
</trkpt>
<trkpt lat="55.709109" lon="14.015449">
<ele>94.247</ele>
<time>2020-03-15T08:27:00Z</time>
</trkpt>
<trkpt lat="55.709116" lon="14.015417">
<ele>95.247</ele>
<time>2020-03-15T08:27:02Z</time>
</trkpt>
<trkpt lat="55.709120" lon="14.015389">
<ele>94.247</ele>
<time>2020-03-15T08:27:03Z</time>
</trkpt>
<trkpt lat="55.709122" lon="14.015259">
<ele>94.247</ele>
<time>2020-03-15T08:27:08Z</time>
</trkpt>
<trkpt lat="55.709130" lon="14.015199">
<ele>94.247</ele>
<time>2020-03-15T08:27:11Z</time>
</trkpt>
<trkpt lat="55.709130" lon="14.015176">
<ele>94.247</ele>
<time>2020-03-15T08:27:12Z</time>
</trkpt>
<trkpt lat="55.709129" lon="14.015134">
<ele>94.246</ele>
<time>2020-03-15T08:27:13Z</time>
</trkpt>
<trkpt lat="55.709131" lon="14.015109">
<ele>95.246</ele>
<time>2020-03-15T08:27:15Z</time>
</trkpt>
<trkpt lat="55.709130" lon="14.015017">
<ele>97.246</ele>
<time>2020-03-15T08:27:19Z</time>
</trkpt>
<trkpt lat="55.709128" lon="14.014963">
<ele>97.246</ele>
<time>2020-03-15T08:27:21Z</time>
</trkpt>
<trkpt lat="55.709127" lon="14.014901">
<ele>96.246</ele>
<time>2020-03-15T08:27:23Z</time>
</trkpt>
<trkpt lat="55.709132" lon="14.014840">
<ele>96.246</ele>
<time>2020-03-15T08:27:26Z</time>
</trkpt>
<trkpt lat="55.709132" lon="14.014798">
<ele>97.246</ele>
<time>2020-03-15T08:27:28Z</time>
</trkpt>
<trkpt lat="55.709129" lon="14.014777">
<ele>97.246</ele>
<time>2020-03-15T08:27:29Z</time>
</trkpt>
<trkpt lat="55.709127" lon="14.014674">
<ele>98.246</ele>
<time>2020-03-15T08:27:33Z</time>
</trkpt>
<trkpt lat="55.709135" lon="14.014604">
<ele>97.246</ele>
<time>2020-03-15T08:27:36Z</time>
</trkpt>
<trkpt lat="55.709136" lon="14.014575">
<ele>97.246</ele>
<time>2020-03-15T08:27:37Z</time>
</trkpt>
<trkpt lat="55.709148" lon="14.014483">
<ele>98.246</ele>
<time>2020-03-15T08:27:44Z</time>
</trkpt>
<trkpt lat="55.709146" lon="14.014410">
<ele>99.246</ele>
<time>2020-03-15T08:27:48Z</time>
</trkpt>
<trkpt lat="55.709137" lon="14.014345">
<ele>98.246</ele>
<time>2020-03-15T08:27:51Z</time>
</trkpt>
<trkpt lat="55.709113" lon="14.014065">
<ele>99.245</ele>
<time>2020-03-15T08:28:02Z</time>
</trkpt>
<trkpt lat="55.709110" lon="14.014066">
<ele>99.245</ele>
<time>2020-03-15T08:28:02Z</time>
</trkpt>
<trkpt lat="55.709075" lon="14.013979">
<ele>99.245</ele>
<time>2020-03-15T08:28:08Z</time>
</trkpt>
<trkpt lat="55.709054" lon="14.013863">
<ele>100.245</ele>
<time>2020-03-15T08:28:12Z</time>
</trkpt>
<trkpt lat="55.709030" lon="14.013784">
<ele>101.245</ele>
<time>2020-03-15T08:28:17Z</time>
</trkpt>
<trkpt lat="55.709025" lon="14.013762">
<ele>101.245</ele>
<time>2020-03-15T08:28:18Z</time>
</trkpt>
<trkpt lat="55.709012" lon="14.013661">
<ele>102.245</ele>
<time>2020-03-15T08:28:22Z</time>
</trkpt>
<trkpt lat="55.709011" lon="14.013620">
<ele>100.245</ele>
<time>2020-03-15T08:28:24Z</time>
</trkpt>
<trkpt lat="55.709006" lon="14.013566">
<ele>101.245</ele>
<time>2020-03-15T08:28:26Z</time>
</trkpt>
<trkpt lat="55.708990" lon="14.013482">
<ele>99.245</ele>
<time>2020-03-15T08:28:30Z</time>
</trkpt>
<trkpt lat="55.708989" lon="14.013471">
<ele>100.245</ele>
<time>2020-03-15T08:28:31Z</time>
</trkpt>
<trkpt lat="55.708986" lon="14.013454">
<ele>100.245</ele>
<time>2020-03-15T08:28:32Z</time>
</trkpt>
<trkpt lat="55.708983" lon="14.013443">
<ele>100.245</ele>
<time>2020-03-15T08:28:32Z</time>
</trkpt>
<trkpt lat="55.708973" lon="14.013414">
<ele>99.245</ele>
<time>2020-03-15T08:28:34Z</time>
</trkpt>
<trkpt lat="55.708966" lon="14.013397">
<ele>99.245</ele>
<time>2020-03-15T08:28:35Z</time>
</trkpt>
<trkpt lat="55.708961" lon="14.013382">
<ele>99.245</ele>
<time>2020-03-15T08:28:36Z</time>
</trkpt>
<trkpt lat="55.708956" lon="14.013366">
<ele>100.245</ele>
<time>2020-03-15T08:28:37Z</time>
</trkpt>
<trkpt lat="55.708949" lon="14.013326">
<ele>100.245</ele>
<time>2020-03-15T08:28:39Z</time>
</trkpt>
<trkpt lat="55.708947" lon="14.013304">
<ele>100.245</ele>
<time>2020-03-15T08:28:40Z</time>
</trkpt>
<trkpt lat="55.708946" lon="14.013283">
<ele>100.245</ele>
<time>2020-03-15T08:28:41Z</time>
</trkpt>
<trkpt lat="55.708944" lon="14.013266">
<ele>100.245</ele>
<time>2020-03-15T08:28:42Z</time>
</trkpt>
<trkpt lat="55.708944" lon="14.013255">
<ele>100.245</ele>
<time>2020-03-15T08:28:42Z</time>
</trkpt>
<trkpt lat="55.708933" lon="14.013237">
<ele>99.245</ele>
<time>2020-03-15T08:28:44Z</time>
</trkpt>
<trkpt lat="55.708927" lon="14.013223">
<ele>98.244</ele>
<time>2020-03-15T08:28:45Z</time>
</trkpt>
<trkpt lat="55.708909" lon="14.013199">
<ele>98.244</ele>
<time>2020-03-15T08:28:47Z</time>
</trkpt>
<trkpt lat="55.708893" lon="14.013166">
<ele>97.244</ele>
<time>2020-03-15T08:28:49Z</time>
</trkpt>
<trkpt lat="55.708887" lon="14.013149">
<ele>98.244</ele>
<time>2020-03-15T08:28:50Z</time>
</trkpt>
<trkpt lat="55.708881" lon="14.013124">
<ele>98.244</ele>
<time>2020-03-15T08:28:51Z</time>
</trkpt>
<trkpt lat="55.708874" lon="14.013048">
<ele>98.244</ele>
<time>2020-03-15T08:28:54Z</time>
</trkpt>
<trkpt lat="55.708872" lon="14.013021">
<ele>97.244</ele>
<time>2020-03-15T08:28:55Z</time>
</trkpt>
<trkpt lat="55.708870" lon="14.012996">
<ele>97.244</ele>
<time>2020-03-15T08:28:56Z</time>
</trkpt>
<trkpt lat="55.708861" lon="14.012952">
<ele>97.244</ele>
<time>2020-03-15T08:28:58Z</time>
</trkpt>
<trkpt lat="55.708848" lon="14.012906">
<ele>97.244</ele>
<time>2020-03-15T08:29:01Z</time>
</trkpt>
<trkpt lat="55.708845" lon="14.012891">
<ele>97.244</ele>
<time>2020-03-15T08:29:02Z</time>
</trkpt>
<trkpt lat="55.708844" lon="14.012881">
<ele>97.244</ele>
<time>2020-03-15T08:29:02Z</time>
</trkpt>
<trkpt lat="55.708836" lon="14.012858">
<ele>96.244</ele>
<time>2020-03-15T08:29:04Z</time>
</trkpt>
<trkpt lat="55.708831" lon="14.012838">
<ele>97.244</ele>
<time>2020-03-15T08:29:05Z</time>
</trkpt>
<trkpt lat="55.708828" lon="14.012822">
<ele>97.244</ele>
<time>2020-03-15T08:29:06Z</time>
</trkpt>
<trkpt lat="55.708826" lon="14.012790">
<ele>97.244</ele>
<time>2020-03-15T08:29:08Z</time>
</trkpt>
<trkpt lat="55.708826" lon="14.012767">
<ele>97.244</ele>
<time>2020-03-15T08:29:09Z</time>
</trkpt>
<trkpt lat="55.708826" lon="14.012749">
<ele>97.244</ele>
<time>2020-03-15T08:29:10Z</time>
</trkpt>
<trkpt lat="55.708821" lon="14.012698">
<ele>97.244</ele>
<time>2020-03-15T08:29:12Z</time>
</trkpt>
<trkpt lat="55.708817" lon="14.012684">
<ele>97.244</ele>
<time>2020-03-15T08:29:14Z</time>
</trkpt>
<trkpt lat="55.708814" lon="14.012681">
<ele>97.244</ele>
<time>2020-03-15T08:29:15Z</time>
</trkpt>
<trkpt lat="55.708808" lon="14.012677">
<ele>98.244</ele>
<time>2020-03-15T08:29:17Z</time>
</trkpt>
<trkpt lat="55.708801" lon="14.012671">
<ele>97.244</ele>
<time>2020-03-15T08:29:19Z</time>
</trkpt>
<trkpt lat="55.708766" lon="14.012547">
<ele>96.244</ele>
<time>2020-03-15T08:29:22Z</time>
</trkpt>
<trkpt lat="55.708758" lon="14.012505">
<ele>96.244</ele>
<time>2020-03-15T08:29:24Z</time>
</trkpt>
<trkpt lat="55.708754" lon="14.012454">
<ele>96.244</ele>
<time>2020-03-15T08:29:26Z</time>
</trkpt>
<trkpt lat="55.708753" lon="14.012431">
<ele>96.244</ele>
<time>2020-03-15T08:29:27Z</time>
</trkpt>
<trkpt lat="55.708759" lon="14.012333">
<ele>95.244</ele>
<time>2020-03-15T08:29:31Z</time>
</trkpt>
<trkpt lat="55.708758" lon="14.012303">
<ele>95.244</ele>
<time>2020-03-15T08:29:32Z</time>
</trkpt>
<trkpt lat="55.708754" lon="14.012304">
<ele>94.244</ele>
<time>2020-03-15T08:29:34Z</time>
</trkpt>
<trkpt lat="55.708750" lon="14.012279">
<ele>94.243</ele>
<time>2020-03-15T08:29:36Z</time>
</trkpt>
<trkpt lat="55.708749" lon="14.012240">
<ele>93.243</ele>
<time>2020-03-15T08:29:38Z</time>
</trkpt>
<trkpt lat="55.708754" lon="14.012175">
<ele>94.243</ele>
<time>2020-03-15T08:29:42Z</time>
</trkpt>
<trkpt lat="55.708750" lon="14.012170">
<ele>94.243</ele>
<time>2020-03-15T08:29:42Z</time>
</trkpt>
<trkpt lat="55.708786" lon="14.011852">
<ele>92.243</ele>
<time>2020-03-15T08:29:58Z</time>
</trkpt>
<trkpt lat="55.708786" lon="14.011821">
<ele>93.243</ele>
<time>2020-03-15T08:30:00Z</time>
</trkpt>
<trkpt lat="55.708781" lon="14.011753">
<ele>93.243</ele>
<time>2020-03-15T08:30:03Z</time>
</trkpt>
<trkpt lat="55.708776" lon="14.011744">
<ele>93.243</ele>
<time>2020-03-15T08:30:04Z</time>
</trkpt>
<trkpt lat="55.708773" lon="14.011738">
<ele>93.243</ele>
<time>2020-03-15T08:30:05Z</time>
</trkpt>
<trkpt lat="55.708720" lon="14.011378">
<ele>96.243</ele>
<time>2020-03-15T08:30:18Z</time>
</trkpt>
<trkpt lat="55.708709" lon="14.011330">
<ele>95.242</ele>
<time>2020-03-15T08:30:20Z</time>
</trkpt>
<trkpt lat="55.708700" lon="14.011257">
<ele>95.242</ele>
<time>2020-03-15T08:30:23Z</time>
</trkpt>
<trkpt lat="55.708695" lon="14.011229">
<ele>95.242</ele>
<time>2020-03-15T08:30:24Z</time>
</trkpt>
<trkpt lat="55.708688" lon="14.011199">
<ele>95.242</ele>
<time>2020-03-15T08:30:25Z</time>
</trkpt>
<trkpt lat="55.708686" lon="14.011174">
<ele>95.242</ele>
<time>2020-03-15T08:30:26Z</time>
</trkpt>
<trkpt lat="55.708684" lon="14.011135">
<ele>95.242</ele>
<time>2020-03-15T08:30:28Z</time>
</trkpt>
<trkpt lat="55.708674" lon="14.011112">
<ele>95.242</ele>
<time>2020-03-15T08:30:30Z</time>
</trkpt>
<trkpt lat="55.708659" lon="14.011098">
<ele>95.242</ele>
<time>2020-03-15T08:30:32Z</time>
</trkpt>
<trkpt lat="55.708655" lon="14.011102">
<ele>96.242</ele>
<time>2020-03-15T08:30:33Z</time>
</trkpt>
<trkpt lat="55.708650" lon="14.011091">
<ele>96.242</ele>
<time>2020-03-15T08:30:34Z</time>
</trkpt>
<trkpt lat="55.708649" lon="14.011082">
<ele>95.242</ele>
<time>2020-03-15T08:30:35Z</time>
</trkpt>
<trkpt lat="55.708649" lon="14.011072">
<ele>95.242</ele>
<time>2020-03-15T08:30:36Z</time>
</trkpt>
<trkpt lat="55.708653" lon="14.011052">
<ele>94.242</ele>
<time>2020-03-15T08:30:37Z</time>
</trkpt>
<trkpt lat="55.708656" lon="14.011035">
<ele>94.242</ele>
<time>2020-03-15T08:30:38Z</time>
</trkpt>
<trkpt lat="55.708663" lon="14.010966">
<ele>94.242</ele>
<time>2020-03-15T08:30:41Z</time>
</trkpt>
<trkpt lat="55.708673" lon="14.010921">
<ele>94.242</ele>
<time>2020-03-15T08:30:43Z</time>
</trkpt>
<trkpt lat="55.708682" lon="14.010892">
<ele>82.042</ele>
<time>2020-03-15T08:30:44Z</time>
</trkpt>
<trkpt lat="55.708691" lon="14.010871">
<ele>82.042</ele>
<time>2020-03-15T08:30:45Z</time>
</trkpt>
<trkpt lat="55.708702" lon="14.010858">
<ele>82.042</ele>
<time>2020-03-15T08:30:46Z</time>
</trkpt>
<trkpt lat="55.708715" lon="14.010846">
<ele>82.042</ele>
<time>2020-03-15T08:30:47Z</time>
</trkpt>
<trkpt lat="55.708715" lon="14.010836">
<ele>82.042</ele>
<time>2020-03-15T08:30:48Z</time>
</trkpt>
<trkpt lat="55.708716" lon="14.010831">
<ele>82.042</ele>
<time>2020-03-15T08:30:49Z</time>
</trkpt>
<trkpt lat="55.708717" lon="14.010819">
<ele>82.042</ele>
<time>2020-03-15T08:30:50Z</time>
</trkpt>
<trkpt lat="55.708717" lon="14.010806">
<ele>82.042</ele>
<time>2020-03-15T08:30:51Z</time>
</trkpt>
<trkpt lat="55.708717" lon="14.010789">
<ele>82.042</ele>
<time>2020-03-15T08:30:52Z</time>
</trkpt>
<trkpt lat="55.708717" lon="14.010772">
<ele>82.042</ele>
<time>2020-03-15T08:30:53Z</time>
</trkpt>
<trkpt lat="55.708806" lon="14.010553">
<ele>82.041</ele>
<time>2020-03-15T08:31:01Z</time>
</trkpt>
<trkpt lat="55.708844" lon="14.010475">
<ele>82.041</ele>
<time>2020-03-15T08:31:05Z</time>
</trkpt>
<trkpt lat="55.708851" lon="14.010466">
<ele>82.041</ele>
<time>2020-03-15T08:31:06Z</time>
</trkpt>
<trkpt lat="55.708857" lon="14.010456">
<ele>82.041</ele>
<time>2020-03-15T08:31:07Z</time>
</trkpt>
<trkpt lat="55.708886" lon="14.010387">
<ele>82.041</ele>
<time>2020-03-15T08:31:11Z</time>
</trkpt>
<trkpt lat="55.708901" lon="14.010359">
<ele>82.041</ele>
<time>2020-03-15T08:31:13Z</time>
</trkpt>
<trkpt lat="55.708909" lon="14.010347">
<ele>82.041</ele>
<time>2020-03-15T08:31:14Z</time>
</trkpt>
<trkpt lat="55.708918" lon="14.010334">
<ele>82.041</ele>
<time>2020-03-15T08:31:15Z</time>
</trkpt>
<trkpt lat="55.708930" lon="14.010321">
<ele>82.041</ele>
<time>2020-03-15T08:31:16Z</time>
</trkpt>
<trkpt lat="55.708940" lon="14.010313">
<ele>82.041</ele>
<time>2020-03-15T08:31:17Z</time>
</trkpt>
<trkpt lat="55.708949" lon="14.010308">
<ele>82.041</ele>
<time>2020-03-15T08:31:18Z</time>
</trkpt>
<trkpt lat="55.708962" lon="14.010308">
<ele>82.041</ele>
<time>2020-03-15T08:31:19Z</time>
</trkpt>
<trkpt lat="55.708975" lon="14.010311">
<ele>82.041</ele>
<time>2020-03-15T08:31:20Z</time>
</trkpt>
<trkpt lat="55.708992" lon="14.010317">
<ele>82.041</ele>
<time>2020-03-15T08:31:21Z</time>
</trkpt>
<trkpt lat="55.709004" lon="14.010318">
<ele>82.041</ele>
<time>2020-03-15T08:31:22Z</time>
</trkpt>
<trkpt lat="55.709019" lon="14.010315">
<ele>82.041</ele>
<time>2020-03-15T08:31:23Z</time>
</trkpt>
<trkpt lat="55.709096" lon="14.010277">
<ele>82.041</ele>
<time>2020-03-15T08:31:28Z</time>
</trkpt>
<trkpt lat="55.709119" lon="14.010259">
<ele>82.041</ele>
<time>2020-03-15T08:31:30Z</time>
</trkpt>
<trkpt lat="55.709163" lon="14.010212">
<ele>82.041</ele>
<time>2020-03-15T08:31:33Z</time>
</trkpt>
<trkpt lat="55.709181" lon="14.010185">
<ele>82.041</ele>
<time>2020-03-15T08:31:35Z</time>
</trkpt>
<trkpt lat="55.709192" lon="14.010172">
<ele>82.040</ele>
<time>2020-03-15T08:31:36Z</time>
</trkpt>
<trkpt lat="55.709205" lon="14.010159">
<ele>82.040</ele>
<time>2020-03-15T08:31:37Z</time>
</trkpt>
<trkpt lat="55.709217" lon="14.010144">
<ele>82.040</ele>
<time>2020-03-15T08:31:38Z</time>
</trkpt>
<trkpt lat="55.709230" lon="14.010133">
<ele>82.040</ele>
<time>2020-03-15T08:31:39Z</time>
</trkpt>
<trkpt lat="55.709236" lon="14.010126">
<ele>82.040</ele>
<time>2020-03-15T08:31:39Z</time>
</trkpt>
<trkpt lat="55.709269" lon="14.010104">
<ele>82.040</ele>
<time>2020-03-15T08:31:43Z</time>
</trkpt>
<trkpt lat="55.709285" lon="14.010096">
<ele>82.040</ele>
<time>2020-03-15T08:31:44Z</time>
</trkpt>
<trkpt lat="55.709305" lon="14.010073">
<ele>82.040</ele>
<time>2020-03-15T08:31:47Z</time>
</trkpt>
<trkpt lat="55.709328" lon="14.010037">
<ele>82.040</ele>
<time>2020-03-15T08:31:49Z</time>
</trkpt>
<trkpt lat="55.709338" lon="14.010011">
<ele>82.040</ele>
<time>2020-03-15T08:31:51Z</time>
</trkpt>
<trkpt lat="55.709367" lon="14.009952">
<ele>82.040</ele>
<time>2020-03-15T08:31:54Z</time>
</trkpt>
<trkpt lat="55.709371" lon="14.009931">
<ele>82.040</ele>
<time>2020-03-15T08:31:56Z</time>
</trkpt>
<trkpt lat="55.709375" lon="14.009932">
<ele>82.040</ele>
<time>2020-03-15T08:31:57Z</time>
</trkpt>
<trkpt lat="55.709378" lon="14.009924">
<ele>82.040</ele>
<time>2020-03-15T08:31:58Z</time>
</trkpt>
<trkpt lat="55.709379" lon="14.009916">
<ele>82.040</ele>
<time>2020-03-15T08:31:59Z</time>
</trkpt>
<trkpt lat="55.709379" lon="14.009906">
<ele>82.040</ele>
<time>2020-03-15T08:32:00Z</time>
</trkpt>
<trkpt lat="55.709380" lon="14.009903">
<ele>82.040</ele>
<time>2020-03-15T08:32:01Z</time>
</trkpt>
<trkpt lat="55.709380" lon="14.009904">
<ele>82.040</ele>
<time>2020-03-15T08:32:02Z</time>
</trkpt>
<trkpt lat="55.709377" lon="14.009905">
<ele>82.040</ele>
<time>2020-03-15T08:32:03Z</time>
</trkpt>
<trkpt lat="55.709377" lon="14.009908">
<ele>93.240</ele>
<time>2020-03-15T08:32:04Z</time>
</trkpt>
<trkpt lat="55.709377" lon="14.009906">
<ele>93.240</ele>
<time>2020-03-15T08:32:05Z</time>
</trkpt>
<trkpt lat="55.709379" lon="14.009895">
<ele>94.240</ele>
<time>2020-03-15T08:32:06Z</time>
</trkpt>
<trkpt lat="55.709385" lon="14.009883">
<ele>94.240</ele>
<time>2020-03-15T08:32:07Z</time>
</trkpt>
<trkpt lat="55.709402" lon="14.009859">
<ele>95.240</ele>
<time>2020-03-15T08:32:09Z</time>
</trkpt>
<trkpt lat="55.709418" lon="14.009830">
<ele>94.240</ele>
<time>2020-03-15T08:32:11Z</time>
</trkpt>
<trkpt lat="55.709424" lon="14.009821">
<ele>94.240</ele>
<time>2020-03-15T08:32:12Z</time>
</trkpt>
<trkpt lat="55.709431" lon="14.009812">
<ele>94.240</ele>
<time>2020-03-15T08:32:13Z</time>
</trkpt>
<trkpt lat="55.709460" lon="14.009785">
<ele>93.240</ele>
<time>2020-03-15T08:32:16Z</time>
</trkpt>
<trkpt lat="55.709516" lon="14.009751">
<ele>94.240</ele>
<time>2020-03-15T08:32:22Z</time>
</trkpt>
<trkpt lat="55.709525" lon="14.009743">
<ele>94.240</ele>
<time>2020-03-15T08:32:23Z</time>
</trkpt>
<trkpt lat="55.709570" lon="14.009720">
<ele>95.240</ele>
<time>2020-03-15T08:32:27Z</time>
</trkpt>
<trkpt lat="55.709577" lon="14.009714">
<ele>95.240</ele>
<time>2020-03-15T08:32:28Z</time>
</trkpt>
<trkpt lat="55.709586" lon="14.009705">
<ele>95.240</ele>
<time>2020-03-15T08:32:29Z</time>
</trkpt>
<trkpt lat="55.709592" lon="14.009694">
<ele>95.240</ele>
<time>2020-03-15T08:32:30Z</time>
</trkpt>
<trkpt lat="55.709599" lon="14.009670">
<ele>95.240</ele>
<time>2020-03-15T08:32:31Z</time>
</trkpt>
<trkpt lat="55.709625" lon="14.009610">
<ele>95.240</ele>
<time>2020-03-15T08:32:34Z</time>
</trkpt>
<trkpt lat="55.709630" lon="14.009604">
<ele>95.240</ele>
<time>2020-03-15T08:32:34Z</time>
</trkpt>
<trkpt lat="55.709663" lon="14.009519">
<ele>95.239</ele>
<time>2020-03-15T08:32:39Z</time>
</trkpt>
<trkpt lat="55.709669" lon="14.009507">
<ele>96.239</ele>
<time>2020-03-15T08:32:40Z</time>
</trkpt>
<trkpt lat="55.709674" lon="14.009494">
<ele>96.239</ele>
<time>2020-03-15T08:32:41Z</time>
</trkpt>
<trkpt lat="55.709680" lon="14.009484">
<ele>96.239</ele>
<time>2020-03-15T08:32:42Z</time>
</trkpt>
<trkpt lat="55.709682" lon="14.009480">
<ele>96.239</ele>
<time>2020-03-15T08:32:43Z</time>
</trkpt>
<trkpt lat="55.709687" lon="14.009476">
<ele>96.239</ele>
<time>2020-03-15T08:32:44Z</time>
</trkpt>
<trkpt lat="55.709695" lon="14.009463">
<ele>97.239</ele>
<time>2020-03-15T08:32:45Z</time>
</trkpt>
<trkpt lat="55.709701" lon="14.009449">
<ele>96.239</ele>
<time>2020-03-15T08:32:46Z</time>
</trkpt>
<trkpt lat="55.709705" lon="14.009430">
<ele>96.239</ele>
<time>2020-03-15T08:32:47Z</time>
</trkpt>
<trkpt lat="55.709704" lon="14.009417">
<ele>97.239</ele>
<time>2020-03-15T08:32:48Z</time>
</trkpt>
<trkpt lat="55.709704" lon="14.009415">
<ele>97.239</ele>
<time>2020-03-15T08:32:49Z</time>
</trkpt>
<trkpt lat="55.709705" lon="14.009405">
<ele>97.239</ele>
<time>2020-03-15T08:32:50Z</time>
</trkpt>
<trkpt lat="55.709704" lon="14.009377">
<ele>98.239</ele>
<time>2020-03-15T08:32:53Z</time>
</trkpt>
<trkpt lat="55.709704" lon="14.009366">
<ele>98.239</ele>
<time>2020-03-15T08:32:55Z</time>
</trkpt>
<trkpt lat="55.709731" lon="14.009305">
<ele>100.239</ele>
<time>2020-03-15T08:33:00Z</time>
</trkpt>
<trkpt lat="55.709737" lon="14.009280">
<ele>100.239</ele>
<time>2020-03-15T08:33:02Z</time>
</trkpt>
<trkpt lat="55.709739" lon="14.009273">
<ele>99.239</ele>
<time>2020-03-15T08:33:03Z</time>
</trkpt>
<trkpt lat="55.709741" lon="14.009266">
<ele>99.239</ele>
<time>2020-03-15T08:33:04Z</time>
</trkpt>
<trkpt lat="55.709742" lon="14.009259">
<ele>99.239</ele>
<time>2020-03-15T08:33:05Z</time>
</trkpt>
<trkpt lat="55.709742" lon="14.009254">
<ele>99.239</ele>
<time>2020-03-15T08:33:05Z</time>
</trkpt>
<trkpt lat="55.709741" lon="14.009235">
<ele>100.239</ele>
<time>2020-03-15T08:33:07Z</time>
</trkpt>
<trkpt lat="55.709741" lon="14.009224">
<ele>100.239</ele>
<time>2020-03-15T08:33:08Z</time>
</trkpt>
<trkpt lat="55.709743" lon="14.009213">
<ele>100.239</ele>
<time>2020-03-15T08:33:09Z</time>
</trkpt>
<trkpt lat="55.709744" lon="14.009200">
<ele>100.239</ele>
<time>2020-03-15T08:33:10Z</time>
</trkpt>
<trkpt lat="55.709743" lon="14.009186">
<ele>100.239</ele>
<time>2020-03-15T08:33:11Z</time>
</trkpt>
<trkpt lat="55.709740" lon="14.009165">
<ele>100.239</ele>
<time>2020-03-15T08:33:12Z</time>
</trkpt>
<trkpt lat="55.709740" lon="14.009159">
<ele>100.239</ele>
<time>2020-03-15T08:33:13Z</time>
</trkpt>
<trkpt lat="55.709748" lon="14.009115">
<ele>101.239</ele>
<time>2020-03-15T08:33:15Z</time>
</trkpt>
<trkpt lat="55.709755" lon="14.009085">
<ele>101.239</ele>
<time>2020-03-15T08:33:17Z</time>
</trkpt>
<trkpt lat="55.709813" lon="14.008954">
<ele>101.239</ele>
<time>2020-03-15T08:33:24Z</time>
</trkpt>
<trkpt lat="55.709846" lon="14.008896">
<ele>100.239</ele>
<time>2020-03-15T08:33:27Z</time>
</trkpt>
<trkpt lat="55.709885" lon="14.008840">
<ele>100.238</ele>
<time>2020-03-15T08:33:30Z</time>
</trkpt>
<trkpt lat="55.709906" lon="14.008816">
<ele>100.238</ele>
<time>2020-03-15T08:33:33Z</time>
</trkpt>
<trkpt lat="55.709924" lon="14.008792">
<ele>101.238</ele>
<time>2020-03-15T08:33:35Z</time>
</trkpt>
<trkpt lat="55.709926" lon="14.008778">
<ele>101.238</ele>
<time>2020-03-15T08:33:37Z</time>
</trkpt>
<trkpt lat="55.709931" lon="14.008766">
<ele>101.238</ele>
<time>2020-03-15T08:33:38Z</time>
</trkpt>
<trkpt lat="55.709938" lon="14.008750">
<ele>101.238</ele>
<time>2020-03-15T08:33:39Z</time>
</trkpt>
<trkpt lat="55.709950" lon="14.008728">
<ele>100.238</ele>
<time>2020-03-15T08:33:40Z</time>
</trkpt>
<trkpt lat="55.709960" lon="14.008705">
<ele>101.238</ele>
<time>2020-03-15T08:33:42Z</time>
</trkpt>
<trkpt lat="55.709977" lon="14.008672">
<ele>101.238</ele>
<time>2020-03-15T08:33:44Z</time>
</trkpt>
<trkpt lat="55.710013" lon="14.008617">
<ele>100.238</ele>
<time>2020-03-15T08:33:48Z</time>
</trkpt>
<trkpt lat="55.710034" lon="14.008574">
<ele>100.238</ele>
<time>2020-03-15T08:33:50Z</time>
</trkpt>
<trkpt lat="55.710041" lon="14.008548">
<ele>100.238</ele>
<time>2020-03-15T08:33:52Z</time>
</trkpt>
<trkpt lat="55.710047" lon="14.008532">
<ele>99.238</ele>
<time>2020-03-15T08:33:53Z</time>
</trkpt>
<trkpt lat="55.710053" lon="14.008513">
<ele>100.238</ele>
<time>2020-03-15T08:33:54Z</time>
</trkpt>
<trkpt lat="55.710089" lon="14.008339">
<ele>99.238</ele>
<time>2020-03-15T08:34:02Z</time>
</trkpt>
<trkpt lat="55.710109" lon="14.008262">
<ele>99.238</ele>
<time>2020-03-15T08:34:06Z</time>
</trkpt>
<trkpt lat="55.710115" lon="14.008231">
<ele>99.238</ele>
<time>2020-03-15T08:34:07Z</time>
</trkpt>
<trkpt lat="55.710128" lon="14.008192">
<ele>100.238</ele>
<time>2020-03-15T08:34:09Z</time>
</trkpt>
<trkpt lat="55.710144" lon="14.008152">
<ele>100.237</ele>
<time>2020-03-15T08:34:11Z</time>
</trkpt>
<trkpt lat="55.710152" lon="14.008120">
<ele>100.237</ele>
<time>2020-03-15T08:34:13Z</time>
</trkpt>
<trkpt lat="55.710157" lon="14.008105">
<ele>100.237</ele>
<time>2020-03-15T08:34:14Z</time>
</trkpt>
<trkpt lat="55.710163" lon="14.008086">
<ele>100.237</ele>
<time>2020-03-15T08:34:15Z</time>
</trkpt>
<trkpt lat="55.710169" lon="14.008070">
<ele>100.237</ele>
<time>2020-03-15T08:34:16Z</time>
</trkpt>
<trkpt lat="55.710174" lon="14.008069">
<ele>101.237</ele>
<time>2020-03-15T08:34:17Z</time>
</trkpt>
<trkpt lat="55.710180" lon="14.008054">
<ele>101.237</ele>
<time>2020-03-15T08:34:18Z</time>
</trkpt>
<trkpt lat="55.710193" lon="14.008030">
<ele>102.237</ele>
<time>2020-03-15T08:34:20Z</time>
</trkpt>
<trkpt lat="55.710198" lon="14.008014">
<ele>102.237</ele>
<time>2020-03-15T08:34:21Z</time>
</trkpt>
<trkpt lat="55.710201" lon="14.007991">
<ele>101.237</ele>
<time>2020-03-15T08:34:22Z</time>
</trkpt>
<trkpt lat="55.710199" lon="14.007962">
<ele>101.237</ele>
<time>2020-03-15T08:34:24Z</time>
</trkpt>
<trkpt lat="55.710202" lon="14.007928">
<ele>101.237</ele>
<time>2020-03-15T08:34:26Z</time>
</trkpt>
<trkpt lat="55.710202" lon="14.007905">
<ele>101.237</ele>
<time>2020-03-15T08:34:27Z</time>
</trkpt>
<trkpt lat="55.710203" lon="14.007893">
<ele>101.237</ele>
<time>2020-03-15T08:34:28Z</time>
</trkpt>
<trkpt lat="55.710205" lon="14.007879">
<ele>101.237</ele>
<time>2020-03-15T08:34:29Z</time>
</trkpt>
<trkpt lat="55.710210" lon="14.007853">
<ele>102.237</ele>
<time>2020-03-15T08:34:30Z</time>
</trkpt>
<trkpt lat="55.710214" lon="14.007841">
<ele>101.237</ele>
<time>2020-03-15T08:34:32Z</time>
</trkpt>
<trkpt lat="55.710216" lon="14.007832">
<ele>101.237</ele>
<time>2020-03-15T08:34:33Z</time>
</trkpt>
<trkpt lat="55.710217" lon="14.007821">
<ele>102.237</ele>
<time>2020-03-15T08:34:34Z</time>
</trkpt>
<trkpt lat="55.710222" lon="14.007800">
<ele>101.237</ele>
<time>2020-03-15T08:34:35Z</time>
</trkpt>
<trkpt lat="55.710229" lon="14.007781">
<ele>101.237</ele>
<time>2020-03-15T08:34:37Z</time>
</trkpt>
<trkpt lat="55.710233" lon="14.007766">
<ele>101.237</ele>
<time>2020-03-15T08:34:38Z</time>
</trkpt>
<trkpt lat="55.710235" lon="14.007751">
<ele>101.237</ele>
<time>2020-03-15T08:34:39Z</time>
</trkpt>
<trkpt lat="55.710236" lon="14.007726">
<ele>102.237</ele>
<time>2020-03-15T08:34:40Z</time>
</trkpt>
<trkpt lat="55.710234" lon="14.007704">
<ele>102.237</ele>
<time>2020-03-15T08:34:42Z</time>
</trkpt>
<trkpt lat="55.710232" lon="14.007698">
<ele>102.237</ele>
<time>2020-03-15T08:34:43Z</time>
</trkpt>
<trkpt lat="55.710230" lon="14.007681">
<ele>102.237</ele>
<time>2020-03-15T08:34:45Z</time>
</trkpt>
<trkpt lat="55.710226" lon="14.007509">
<ele>101.237</ele>
<time>2020-03-15T08:34:53Z</time>
</trkpt>
<trkpt lat="55.710221" lon="14.007464">
<ele>101.237</ele>
<time>2020-03-15T08:34:55Z</time>
</trkpt>
<trkpt lat="55.710220" lon="14.007449">
<ele>101.237</ele>
<time>2020-03-15T08:34:55Z</time>
</trkpt>
<trkpt lat="55.710209" lon="14.007362">
<ele>101.237</ele>
<time>2020-03-15T08:34:59Z</time>
</trkpt>
<trkpt lat="55.710201" lon="14.007319">
<ele>101.236</ele>
<time>2020-03-15T08:35:00Z</time>
</trkpt>
<trkpt lat="55.710192" lon="14.007282">
<ele>101.236</ele>
<time>2020-03-15T08:35:02Z</time>
</trkpt>
<trkpt lat="55.710176" lon="14.007194">
<ele>102.236</ele>
<time>2020-03-15T08:35:05Z</time>
</trkpt>
<trkpt lat="55.710171" lon="14.007145">
<ele>101.236</ele>
<time>2020-03-15T08:35:08Z</time>
</trkpt>
<trkpt lat="55.710169" lon="14.007151">
<ele>101.236</ele>
<time>2020-03-15T08:35:09Z</time>
</trkpt>
<trkpt lat="55.710158" lon="14.007076">
<ele>102.236</ele>
<time>2020-03-15T08:35:15Z</time>
</trkpt>
<trkpt lat="55.710141" lon="14.007007">
<ele>100.236</ele>
<time>2020-03-15T08:35:20Z</time>
</trkpt>
<trkpt lat="55.710139" lon="14.006988">
<ele>101.236</ele>
<time>2020-03-15T08:35:21Z</time>
</trkpt>
<trkpt lat="55.710139" lon="14.006960">
<ele>101.236</ele>
<time>2020-03-15T08:35:22Z</time>
</trkpt>
<trkpt lat="55.710156" lon="14.006789">
<ele>101.236</ele>
<time>2020-03-15T08:35:31Z</time>
</trkpt>
<trkpt lat="55.710157" lon="14.006768">
<ele>101.236</ele>
<time>2020-03-15T08:35:32Z</time>
</trkpt>
<trkpt lat="55.710157" lon="14.006750">
<ele>100.236</ele>
<time>2020-03-15T08:35:34Z</time>
</trkpt>
<trkpt lat="55.710147" lon="14.006725">
<ele>99.236</ele>
<time>2020-03-15T08:35:36Z</time>
</trkpt>
<trkpt lat="55.710115" lon="14.006671">
<ele>98.236</ele>
<time>2020-03-15T08:35:41Z</time>
</trkpt>
<trkpt lat="55.710107" lon="14.006661">
<ele>99.236</ele>
<time>2020-03-15T08:35:42Z</time>
</trkpt>
<trkpt lat="55.710097" lon="14.006653">
<ele>98.236</ele>
<time>2020-03-15T08:35:43Z</time>
</trkpt>
<trkpt lat="55.710090" lon="14.006654">
<ele>98.236</ele>
<time>2020-03-15T08:35:44Z</time>
</trkpt>
<trkpt lat="55.710067" lon="14.006645">
<ele>99.236</ele>
<time>2020-03-15T08:35:46Z</time>
</trkpt>
<trkpt lat="55.710057" lon="14.006643">
<ele>98.236</ele>
<time>2020-03-15T08:35:47Z</time>
</trkpt>
<trkpt lat="55.710045" lon="14.006644">
<ele>98.236</ele>
<time>2020-03-15T08:35:48Z</time>
</trkpt>
<trkpt lat="55.710033" lon="14.006648">
<ele>99.236</ele>
<time>2020-03-15T08:35:49Z</time>
</trkpt>
<trkpt lat="55.710009" lon="14.006660">
<ele>97.236</ele>
<time>2020-03-15T08:35:51Z</time>
</trkpt>
<trkpt lat="55.710000" lon="14.006670">
<ele>97.236</ele>
<time>2020-03-15T08:35:52Z</time>
</trkpt>
<trkpt lat="55.709994" lon="14.006682">
<ele>98.236</ele>
<time>2020-03-15T08:35:53Z</time>
</trkpt>
<trkpt lat="55.709992" lon="14.006693">
<ele>98.236</ele>
<time>2020-03-15T08:35:54Z</time>
</trkpt>
<trkpt lat="55.709987" lon="14.006700">
<ele>98.236</ele>
<time>2020-03-15T08:35:55Z</time>
</trkpt>
<trkpt lat="55.709982" lon="14.006707">
<ele>99.236</ele>
<time>2020-03-15T08:35:56Z</time>
</trkpt>
<trkpt lat="55.709976" lon="14.006713">
<ele>99.236</ele>
<time>2020-03-15T08:35:57Z</time>
</trkpt>
<trkpt lat="55.709958" lon="14.006738">
<ele>99.236</ele>
<time>2020-03-15T08:36:00Z</time>
</trkpt>
<trkpt lat="55.709953" lon="14.006747">
<ele>99.236</ele>
<time>2020-03-15T08:36:01Z</time>
</trkpt>
<trkpt lat="55.709948" lon="14.006754">
<ele>99.236</ele>
<time>2020-03-15T08:36:02Z</time>
</trkpt>
<trkpt lat="55.709937" lon="14.006779">
<ele>99.236</ele>
<time>2020-03-15T08:36:04Z</time>
</trkpt>
<trkpt lat="55.709931" lon="14.006795">
<ele>100.236</ele>
<time>2020-03-15T08:36:05Z</time>
</trkpt>
<trkpt lat="55.709925" lon="14.006825">
<ele>100.236</ele>
<time>2020-03-15T08:36:07Z</time>
</trkpt>
<trkpt lat="55.709922" lon="14.006834">
<ele>99.236</ele>
<time>2020-03-15T08:36:08Z</time>
</trkpt>
<trkpt lat="55.709918" lon="14.006848">
<ele>99.236</ele>
<time>2020-03-15T08:36:09Z</time>
</trkpt>
<trkpt lat="55.709916" lon="14.006864">
<ele>99.236</ele>
<time>2020-03-15T08:36:10Z</time>
</trkpt>
<trkpt lat="55.709914" lon="14.006874">
<ele>98.236</ele>
<time>2020-03-15T08:36:11Z</time>
</trkpt>
<trkpt lat="55.709910" lon="14.006884">
<ele>99.236</ele>
<time>2020-03-15T08:36:12Z</time>
</trkpt>
<trkpt lat="55.709906" lon="14.006892">
<ele>98.236</ele>
<time>2020-03-15T08:36:13Z</time>
</trkpt>
<trkpt lat="55.709903" lon="14.006901">
<ele>98.236</ele>
<time>2020-03-15T08:36:14Z</time>
</trkpt>
<trkpt lat="55.709900" lon="14.006913">
<ele>99.236</ele>
<time>2020-03-15T08:36:15Z</time>
</trkpt>
<trkpt lat="55.709890" lon="14.006929">
<ele>100.236</ele>
<time>2020-03-15T08:36:17Z</time>
</trkpt>
<trkpt lat="55.709882" lon="14.006937">
<ele>100.236</ele>
<time>2020-03-15T08:36:18Z</time>
</trkpt>
<trkpt lat="55.709873" lon="14.006941">
<ele>100.236</ele>
<time>2020-03-15T08:36:20Z</time>
</trkpt>
<trkpt lat="55.709866" lon="14.006945">
<ele>101.236</ele>
<time>2020-03-15T08:36:21Z</time>
</trkpt>
<trkpt lat="55.709863" lon="14.006949">
<ele>101.236</ele>
<time>2020-03-15T08:36:22Z</time>
</trkpt>
<trkpt lat="55.709859" lon="14.006957">
<ele>100.236</ele>
<time>2020-03-15T08:36:23Z</time>
</trkpt>
<trkpt lat="55.709855" lon="14.006968">
<ele>100.236</ele>
<time>2020-03-15T08:36:24Z</time>
</trkpt>
<trkpt lat="55.709853" lon="14.006979">
<ele>99.236</ele>
<time>2020-03-15T08:36:25Z</time>
</trkpt>
<trkpt lat="55.709852" lon="14.007017">
<ele>98.236</ele>
<time>2020-03-15T08:36:27Z</time>
</trkpt>
<trkpt lat="55.709847" lon="14.007053">
<ele>98.236</ele>
<time>2020-03-15T08:36:29Z</time>
</trkpt>
<trkpt lat="55.709842" lon="14.007070">
<ele>97.236</ele>
<time>2020-03-15T08:36:30Z</time>
</trkpt>
<trkpt lat="55.709838" lon="14.007080">
<ele>97.236</ele>
<time>2020-03-15T08:36:31Z</time>
</trkpt>
<trkpt lat="55.709835" lon="14.007083">
<ele>97.236</ele>
<time>2020-03-15T08:36:32Z</time>
</trkpt>
<trkpt lat="55.709828" lon="14.007089">
<ele>97.237</ele>
<time>2020-03-15T08:36:33Z</time>
</trkpt>
<trkpt lat="55.709824" lon="14.007091">
<ele>97.237</ele>
<time>2020-03-15T08:36:34Z</time>
</trkpt>
<trkpt lat="55.709798" lon="14.007110">
<ele>97.237</ele>
<time>2020-03-15T08:36:37Z</time>
</trkpt>
<trkpt lat="55.709756" lon="14.007134">
<ele>97.237</ele>
<time>2020-03-15T08:36:40Z</time>
</trkpt>
<trkpt lat="55.709744" lon="14.007138">
<ele>96.237</ele>
<time>2020-03-15T08:36:41Z</time>
</trkpt>
<trkpt lat="55.709714" lon="14.007140">
<ele>95.237</ele>
<time>2020-03-15T08:36:43Z</time>
</trkpt>
<trkpt lat="55.709699" lon="14.007136">
<ele>94.237</ele>
<time>2020-03-15T08:36:44Z</time>
</trkpt>
<trkpt lat="55.709687" lon="14.007130">
<ele>94.237</ele>
<time>2020-03-15T08:36:45Z</time>
</trkpt>
<trkpt lat="55.709675" lon="14.007120">
<ele>94.237</ele>
<time>2020-03-15T08:36:46Z</time>
</trkpt>
<trkpt lat="55.709662" lon="14.007106">
<ele>93.237</ele>
<time>2020-03-15T08:36:47Z</time>
</trkpt>
<trkpt lat="55.709652" lon="14.007093">
<ele>93.237</ele>
<time>2020-03-15T08:36:48Z</time>
</trkpt>
<trkpt lat="55.709649" lon="14.007081">
<ele>93.237</ele>
<time>2020-03-15T08:36:49Z</time>
</trkpt>
<trkpt lat="55.709647" lon="14.007065">
<ele>94.237</ele>
<time>2020-03-15T08:36:50Z</time>
</trkpt>
<trkpt lat="55.709645" lon="14.007046">
<ele>94.237</ele>
<time>2020-03-15T08:36:51Z</time>
</trkpt>
<trkpt lat="55.709639" lon="14.007026">
<ele>94.237</ele>
<time>2020-03-15T08:36:52Z</time>
</trkpt>
<trkpt lat="55.709637" lon="14.007009">
<ele>94.237</ele>
<time>2020-03-15T08:36:53Z</time>
</trkpt>
<trkpt lat="55.709635" lon="14.006996">
<ele>94.237</ele>
<time>2020-03-15T08:36:54Z</time>
</trkpt>
<trkpt lat="55.709631" lon="14.006980">
<ele>93.236</ele>
<time>2020-03-15T08:36:55Z</time>
</trkpt>
<trkpt lat="55.709629" lon="14.006969">
<ele>93.236</ele>
<time>2020-03-15T08:36:56Z</time>
</trkpt>
<trkpt lat="55.709629" lon="14.006954">
<ele>93.236</ele>
<time>2020-03-15T08:36:57Z</time>
</trkpt>
<trkpt lat="55.709631" lon="14.006882">
<ele>92.236</ele>
<time>2020-03-15T08:37:00Z</time>
</trkpt>
<trkpt lat="55.709633" lon="14.006862">
<ele>92.236</ele>
<time>2020-03-15T08:37:01Z</time>
</trkpt>
<trkpt lat="55.709636" lon="14.006846">
<ele>92.236</ele>
<time>2020-03-15T08:37:02Z</time>
</trkpt>
<trkpt lat="55.709642" lon="14.006824">
<ele>92.236</ele>
<time>2020-03-15T08:37:03Z</time>
</trkpt>
<trkpt lat="55.709648" lon="14.006805">
<ele>92.236</ele>
<time>2020-03-15T08:37:04Z</time>
</trkpt>
<trkpt lat="55.709653" lon="14.006792">
<ele>92.236</ele>
<time>2020-03-15T08:37:05Z</time>
</trkpt>
<trkpt lat="55.709656" lon="14.006776">
<ele>92.236</ele>
<time>2020-03-15T08:37:06Z</time>
</trkpt>
<trkpt lat="55.709656" lon="14.006787">
<ele>91.236</ele>
<time>2020-03-15T08:37:08Z</time>
</trkpt>
<trkpt lat="55.709656" lon="14.006775">
<ele>90.236</ele>
<time>2020-03-15T08:37:09Z</time>
</trkpt>
<trkpt lat="55.709659" lon="14.006747">
<ele>91.236</ele>
<time>2020-03-15T08:37:11Z</time>
</trkpt>
<trkpt lat="55.709662" lon="14.006729">
<ele>91.236</ele>
<time>2020-03-15T08:37:12Z</time>
</trkpt>
<trkpt lat="55.709665" lon="14.006705">
<ele>92.236</ele>
<time>2020-03-15T08:37:14Z</time>
</trkpt>
<trkpt lat="55.709665" lon="14.006695">
<ele>92.236</ele>
<time>2020-03-15T08:37:15Z</time>
</trkpt>
<trkpt lat="55.709665" lon="14.006678">
<ele>94.236</ele>
<time>2020-03-15T08:37:16Z</time>
</trkpt>
<trkpt lat="55.709665" lon="14.006661">
<ele>95.236</ele>
<time>2020-03-15T08:37:17Z</time>
</trkpt>
<trkpt lat="55.709662" lon="14.006641">
<ele>95.236</ele>
<time>2020-03-15T08:37:18Z</time>
</trkpt>
<trkpt lat="55.709659" lon="14.006627">
<ele>95.236</ele>
<time>2020-03-15T08:37:19Z</time>
</trkpt>
<trkpt lat="55.709640" lon="14.006574">
<ele>95.236</ele>
<time>2020-03-15T08:37:25Z</time>
</trkpt>
<trkpt lat="55.709637" lon="14.006571">
<ele>95.236</ele>
<time>2020-03-15T08:37:26Z</time>
</trkpt>
<trkpt lat="55.709633" lon="14.006578">
<ele>94.236</ele>
<time>2020-03-15T08:37:27Z</time>
</trkpt>
<trkpt lat="55.709628" lon="14.006583">
<ele>93.236</ele>
<time>2020-03-15T08:37:28Z</time>
</trkpt>
<trkpt lat="55.709625" lon="14.006584">
<ele>94.236</ele>
<time>2020-03-15T08:37:29Z</time>
</trkpt>
<trkpt lat="55.709622" lon="14.006587">
<ele>94.236</ele>
<time>2020-03-15T08:37:30Z</time>
</trkpt>
<trkpt lat="55.709624" lon="14.006581">
<ele>93.236</ele>
<time>2020-03-15T08:37:31Z</time>
</trkpt>
<trkpt lat="55.709624" lon="14.006578">
<ele>93.236</ele>
<time>2020-03-15T08:37:31Z</time>
</trkpt>
<trkpt lat="55.709633" lon="14.006552">
<ele>92.236</ele>
<time>2020-03-15T08:37:33Z</time>
</trkpt>
<trkpt lat="55.709657" lon="14.006493">
<ele>91.236</ele>
<time>2020-03-15T08:37:36Z</time>
</trkpt>
<trkpt lat="55.709662" lon="14.006478">
<ele>91.236</ele>
<time>2020-03-15T08:37:36Z</time>
</trkpt>
<trkpt lat="55.709666" lon="14.006446">
<ele>91.236</ele>
<time>2020-03-15T08:37:38Z</time>
</trkpt>
<trkpt lat="55.709666" lon="14.006423">
<ele>91.236</ele>
<time>2020-03-15T08:37:39Z</time>
</trkpt>
<trkpt lat="55.709658" lon="14.006374">
<ele>92.236</ele>
<time>2020-03-15T08:37:41Z</time>
</trkpt>
<trkpt lat="55.709657" lon="14.006352">
<ele>93.236</ele>
<time>2020-03-15T08:37:43Z</time>
</trkpt>
<trkpt lat="55.709659" lon="14.006326">
<ele>93.236</ele>
<time>2020-03-15T08:37:46Z</time>
</trkpt>
<trkpt lat="55.709658" lon="14.006318">
<ele>93.236</ele>
<time>2020-03-15T08:37:47Z</time>
</trkpt>
<trkpt lat="55.709657" lon="14.006298">
<ele>93.236</ele>
<time>2020-03-15T08:37:49Z</time>
</trkpt>
<trkpt lat="55.709656" lon="14.006293">
<ele>92.236</ele>
<time>2020-03-15T08:37:50Z</time>
</trkpt>
<trkpt lat="55.709657" lon="14.006289">
<ele>92.236</ele>
<time>2020-03-15T08:37:51Z</time>
</trkpt>
<trkpt lat="55.709660" lon="14.006282">
<ele>92.236</ele>
<time>2020-03-15T08:37:52Z</time>
</trkpt>
<trkpt lat="55.709661" lon="14.006273">
<ele>93.236</ele>
<time>2020-03-15T08:37:53Z</time>
</trkpt>
<trkpt lat="55.709662" lon="14.006249">
<ele>92.236</ele>
<time>2020-03-15T08:37:55Z</time>
</trkpt>
<trkpt lat="55.709661" lon="14.006208">
<ele>92.236</ele>
<time>2020-03-15T08:38:01Z</time>
</trkpt>
<trkpt lat="55.709660" lon="14.006202">
<ele>93.236</ele>
<time>2020-03-15T08:38:02Z</time>
</trkpt>
<trkpt lat="55.709660" lon="14.006194">
<ele>94.236</ele>
<time>2020-03-15T08:38:03Z</time>
</trkpt>
<trkpt lat="55.709657" lon="14.006182">
<ele>94.236</ele>
<time>2020-03-15T08:38:04Z</time>
</trkpt>
<trkpt lat="55.709654" lon="14.006163">
<ele>95.236</ele>
<time>2020-03-15T08:38:05Z</time>
</trkpt>
<trkpt lat="55.709650" lon="14.006118">
<ele>95.236</ele>
<time>2020-03-15T08:38:07Z</time>
</trkpt>
<trkpt lat="55.709648" lon="14.006097">
<ele>95.236</ele>
<time>2020-03-15T08:38:08Z</time>
</trkpt>
<trkpt lat="55.709650" lon="14.006073">
<ele>96.235</ele>
<time>2020-03-15T08:38:09Z</time>
</trkpt>
<trkpt lat="55.709656" lon="14.006023">
<ele>95.235</ele>
<time>2020-03-15T08:38:11Z</time>
</trkpt>
<trkpt lat="55.709656" lon="14.006010">
<ele>95.235</ele>
<time>2020-03-15T08:38:12Z</time>
</trkpt>
<trkpt lat="55.709658" lon="14.005996">
<ele>95.235</ele>
<time>2020-03-15T08:38:13Z</time>
</trkpt>
<trkpt lat="55.709669" lon="14.005947">
<ele>96.235</ele>
<time>2020-03-15T08:38:15Z</time>
</trkpt>
<trkpt lat="55.709673" lon="14.005923">
<ele>96.235</ele>
<time>2020-03-15T08:38:16Z</time>
</trkpt>
<trkpt lat="55.709674" lon="14.005897">
<ele>96.235</ele>
<time>2020-03-15T08:38:17Z</time>
</trkpt>
<trkpt lat="55.709675" lon="14.005893">
<ele>96.235</ele>
<time>2020-03-15T08:38:17Z</time>
</trkpt>
<trkpt lat="55.709669" lon="14.005852">
<ele>96.235</ele>
<time>2020-03-15T08:38:19Z</time>
</trkpt>
<trkpt lat="55.709669" lon="14.005836">
<ele>96.235</ele>
<time>2020-03-15T08:38:20Z</time>
</trkpt>
<trkpt lat="55.709672" lon="14.005814">
<ele>96.235</ele>
<time>2020-03-15T08:38:21Z</time>
</trkpt>
<trkpt lat="55.709673" lon="14.005794">
<ele>96.235</ele>
<time>2020-03-15T08:38:22Z</time>
</trkpt>
<trkpt lat="55.709670" lon="14.005771">
<ele>95.235</ele>
<time>2020-03-15T08:38:23Z</time>
</trkpt>
<trkpt lat="55.709668" lon="14.005759">
<ele>95.235</ele>
<time>2020-03-15T08:38:24Z</time>
</trkpt>
<trkpt lat="55.709669" lon="14.005744">
<ele>96.235</ele>
<time>2020-03-15T08:38:25Z</time>
</trkpt>
<trkpt lat="55.709673" lon="14.005716">
<ele>96.235</ele>
<time>2020-03-15T08:38:26Z</time>
</trkpt>
<trkpt lat="55.709672" lon="14.005689">
<ele>95.235</ele>
<time>2020-03-15T08:38:27Z</time>
</trkpt>
<trkpt lat="55.709669" lon="14.005669">
<ele>95.235</ele>
<time>2020-03-15T08:38:28Z</time>
</trkpt>
<trkpt lat="55.709667" lon="14.005650">
<ele>95.235</ele>
<time>2020-03-15T08:38:29Z</time>
</trkpt>
<trkpt lat="55.709662" lon="14.005631">
<ele>95.235</ele>
<time>2020-03-15T08:38:31Z</time>
</trkpt>
<trkpt lat="55.709658" lon="14.005618">
<ele>96.235</ele>
<time>2020-03-15T08:38:32Z</time>
</trkpt>
<trkpt lat="55.709658" lon="14.005611">
<ele>96.235</ele>
<time>2020-03-15T08:38:32Z</time>
</trkpt>
<trkpt lat="55.709646" lon="14.005544">
<ele>96.235</ele>
<time>2020-03-15T08:38:35Z</time>
</trkpt>
<trkpt lat="55.709641" lon="14.005528">
<ele>96.235</ele>
<time>2020-03-15T08:38:36Z</time>
</trkpt>
<trkpt lat="55.709629" lon="14.005468">
<ele>98.235</ele>
<time>2020-03-15T08:38:39Z</time>
</trkpt>
<trkpt lat="55.709611" lon="14.005356">
<ele>98.235</ele>
<time>2020-03-15T08:38:44Z</time>
</trkpt>
<trkpt lat="55.709611" lon="14.005357">
<ele>98.235</ele>
<time>2020-03-15T08:38:45Z</time>
</trkpt>
<trkpt lat="55.709610" lon="14.005352">
<ele>98.235</ele>
<time>2020-03-15T08:38:46Z</time>
</trkpt>
<trkpt lat="55.709613" lon="14.005328">
<ele>99.235</ele>
<time>2020-03-15T08:38:47Z</time>
</trkpt>
<trkpt lat="55.709623" lon="14.005316">
<ele>98.235</ele>
<time>2020-03-15T08:38:49Z</time>
</trkpt>
<trkpt lat="55.709632" lon="14.005298">
<ele>98.235</ele>
<time>2020-03-15T08:38:51Z</time>
</trkpt>
<trkpt lat="55.709636" lon="14.005283">
<ele>98.235</ele>
<time>2020-03-15T08:38:52Z</time>
</trkpt>
<trkpt lat="55.709639" lon="14.005273">
<ele>98.235</ele>
<time>2020-03-15T08:38:52Z</time>
</trkpt>
<trkpt lat="55.709645" lon="14.005243">
<ele>99.235</ele>
<time>2020-03-15T08:38:54Z</time>
</trkpt>
<trkpt lat="55.709645" lon="14.005202">
<ele>99.235</ele>
<time>2020-03-15T08:38:56Z</time>
</trkpt>
<trkpt lat="55.709643" lon="14.005181">
<ele>98.234</ele>
<time>2020-03-15T08:38:57Z</time>
</trkpt>
<trkpt lat="55.709644" lon="14.005166">
<ele>98.234</ele>
<time>2020-03-15T08:38:57Z</time>
</trkpt>
<trkpt lat="55.709640" lon="14.005140">
<ele>98.234</ele>
<time>2020-03-15T08:38:59Z</time>
</trkpt>
<trkpt lat="55.709636" lon="14.005124">
<ele>98.234</ele>
<time>2020-03-15T08:39:00Z</time>
</trkpt>
<trkpt lat="55.709633" lon="14.005118">
<ele>98.234</ele>
<time>2020-03-15T08:39:01Z</time>
</trkpt>
<trkpt lat="55.709631" lon="14.005095">
<ele>98.234</ele>
<time>2020-03-15T08:39:02Z</time>
</trkpt>
<trkpt lat="55.709632" lon="14.005073">
<ele>98.234</ele>
<time>2020-03-15T08:39:04Z</time>
</trkpt>
<trkpt lat="55.709638" lon="14.005035">
<ele>98.234</ele>
<time>2020-03-15T08:39:06Z</time>
</trkpt>
<trkpt lat="55.709653" lon="14.004963">
<ele>99.234</ele>
<time>2020-03-15T08:39:10Z</time>
</trkpt>
<trkpt lat="55.709670" lon="14.004937">
<ele>100.234</ele>
<time>2020-03-15T08:39:12Z</time>
</trkpt>
<trkpt lat="55.709682" lon="14.004910">
<ele>101.234</ele>
<time>2020-03-15T08:39:14Z</time>
</trkpt>
<trkpt lat="55.709687" lon="14.004901">
<ele>100.234</ele>
<time>2020-03-15T08:39:15Z</time>
</trkpt>
<trkpt lat="55.709702" lon="14.004865">
<ele>100.234</ele>
<time>2020-03-15T08:39:17Z</time>
</trkpt>
<trkpt lat="55.709707" lon="14.004838">
<ele>100.234</ele>
<time>2020-03-15T08:39:19Z</time>
</trkpt>
<trkpt lat="55.709705" lon="14.004778">
<ele>100.234</ele>
<time>2020-03-15T08:39:23Z</time>
</trkpt>
<trkpt lat="55.709703" lon="14.004764">
<ele>100.234</ele>
<time>2020-03-15T08:39:24Z</time>
</trkpt>
<trkpt lat="55.709702" lon="14.004759">
<ele>100.234</ele>
<time>2020-03-15T08:39:25Z</time>
</trkpt>
<trkpt lat="55.709702" lon="14.004748">
<ele>100.234</ele>
<time>2020-03-15T08:39:26Z</time>
</trkpt>
<trkpt lat="55.709703" lon="14.004728">
<ele>100.234</ele>
<time>2020-03-15T08:39:27Z</time>
</trkpt>
<trkpt lat="55.709704" lon="14.004725">
<ele>100.234</ele>
<time>2020-03-15T08:39:27Z</time>
</trkpt>
<trkpt lat="55.709710" lon="14.004624">
<ele>99.234</ele>
<time>2020-03-15T08:39:32Z</time>
</trkpt>
<trkpt lat="55.709708" lon="14.004602">
<ele>99.234</ele>
<time>2020-03-15T08:39:33Z</time>
</trkpt>
<trkpt lat="55.709702" lon="14.004581">
<ele>99.234</ele>
<time>2020-03-15T08:39:34Z</time>
</trkpt>
<trkpt lat="55.709692" lon="14.004559">
<ele>100.234</ele>
<time>2020-03-15T08:39:36Z</time>
</trkpt>
<trkpt lat="55.709688" lon="14.004554">
<ele>100.234</ele>
<time>2020-03-15T08:39:37Z</time>
</trkpt>
<trkpt lat="55.709686" lon="14.004545">
<ele>100.234</ele>
<time>2020-03-15T08:39:37Z</time>
</trkpt>
<trkpt lat="55.709673" lon="14.004552">
<ele>100.234</ele>
<time>2020-03-15T08:39:40Z</time>
</trkpt>
<trkpt lat="55.709663" lon="14.004548">
<ele>101.234</ele>
<time>2020-03-15T08:39:41Z</time>
</trkpt>
<trkpt lat="55.709656" lon="14.004542">
<ele>100.234</ele>
<time>2020-03-15T08:39:42Z</time>
</trkpt>
<trkpt lat="55.709649" lon="14.004532">
<ele>100.234</ele>
<time>2020-03-15T08:39:43Z</time>
</trkpt>
<trkpt lat="55.709640" lon="14.004528">
<ele>100.234</ele>
<time>2020-03-15T08:39:44Z</time>
</trkpt>
<trkpt lat="55.709635" lon="14.004524">
<ele>100.234</ele>
<time>2020-03-15T08:39:45Z</time>
</trkpt>
<trkpt lat="55.709632" lon="14.004524">
<ele>100.234</ele>
<time>2020-03-15T08:39:46Z</time>
</trkpt>
<trkpt lat="55.709629" lon="14.004520">
<ele>99.234</ele>
<time>2020-03-15T08:39:47Z</time>
</trkpt>
<trkpt lat="55.709626" lon="14.004508">
<ele>99.234</ele>
<time>2020-03-15T08:39:48Z</time>
</trkpt>
<trkpt lat="55.709626" lon="14.004505">
<ele>98.234</ele>
<time>2020-03-15T08:39:49Z</time>
</trkpt>
<trkpt lat="55.709624" lon="14.004504">
<ele>98.234</ele>
<time>2020-03-15T08:39:50Z</time>
</trkpt>
<trkpt lat="55.709607" lon="14.004498">
<ele>98.234</ele>
<time>2020-03-15T08:39:52Z</time>
</trkpt>
<trkpt lat="55.709601" lon="14.004498">
<ele>98.234</ele>
<time>2020-03-15T08:39:53Z</time>
</trkpt>
<trkpt lat="55.709591" lon="14.004492">
<ele>99.234</ele>
<time>2020-03-15T08:39:55Z</time>
</trkpt>
<trkpt lat="55.709570" lon="14.004461">
<ele>99.234</ele>
<time>2020-03-15T08:39:58Z</time>
</trkpt>
<trkpt lat="55.709551" lon="14.004426">
<ele>99.234</ele>
<time>2020-03-15T08:40:00Z</time>
</trkpt>
<trkpt lat="55.709543" lon="14.004410">
<ele>99.234</ele>
<time>2020-03-15T08:40:01Z</time>
</trkpt>
<trkpt lat="55.709539" lon="14.004389">
<ele>100.234</ele>
<time>2020-03-15T08:40:02Z</time>
</trkpt>
<trkpt lat="55.709540" lon="14.004370">
<ele>99.234</ele>
<time>2020-03-15T08:40:03Z</time>
</trkpt>
<trkpt lat="55.709545" lon="14.004356">
<ele>99.234</ele>
<time>2020-03-15T08:40:04Z</time>
</trkpt>
<trkpt lat="55.709547" lon="14.004344">
<ele>99.234</ele>
<time>2020-03-15T08:40:05Z</time>
</trkpt>
<trkpt lat="55.709546" lon="14.004335">
<ele>99.234</ele>
<time>2020-03-15T08:40:06Z</time>
</trkpt>
<trkpt lat="55.709545" lon="14.004330">
<ele>99.234</ele>
<time>2020-03-15T08:40:07Z</time>
</trkpt>
<trkpt lat="55.709545" lon="14.004331">
<ele>99.234</ele>
<time>2020-03-15T08:40:08Z</time>
</trkpt>
<trkpt lat="55.709548" lon="14.004337">
<ele>99.234</ele>
<time>2020-03-15T08:40:09Z</time>
</trkpt>
<trkpt lat="55.709548" lon="14.004341">
<ele>99.234</ele>
<time>2020-03-15T08:40:10Z</time>
</trkpt>
<trkpt lat="55.709549" lon="14.004345">
<ele>99.234</ele>
<time>2020-03-15T08:40:11Z</time>
</trkpt>
<trkpt lat="55.709551" lon="14.004353">
<ele>99.234</ele>
<time>2020-03-15T08:40:12Z</time>
</trkpt>
<trkpt lat="55.709552" lon="14.004363">
<ele>98.234</ele>
<time>2020-03-15T08:40:13Z</time>
</trkpt>
<trkpt lat="55.709550" lon="14.004374">
<ele>97.234</ele>
<time>2020-03-15T08:40:14Z</time>
</trkpt>
<trkpt lat="55.709548" lon="14.004377">
<ele>97.234</ele>
<time>2020-03-15T08:40:15Z</time>
</trkpt>
<trkpt lat="55.709545" lon="14.004377">
<ele>97.234</ele>
<time>2020-03-15T08:40:16Z</time>
</trkpt>
<trkpt lat="55.709539" lon="14.004368">
<ele>98.234</ele>
<time>2020-03-15T08:40:17Z</time>
</trkpt>
<trkpt lat="55.709533" lon="14.004354">
<ele>98.234</ele>
<time>2020-03-15T08:40:18Z</time>
</trkpt>
<trkpt lat="55.709520" lon="14.004303">
<ele>97.234</ele>
<time>2020-03-15T08:40:21Z</time>
</trkpt>
<trkpt lat="55.709517" lon="14.004293">
<ele>96.234</ele>
<time>2020-03-15T08:40:22Z</time>
</trkpt>
<trkpt lat="55.709514" lon="14.004283">
<ele>96.234</ele>
<time>2020-03-15T08:40:23Z</time>
</trkpt>
<trkpt lat="55.709508" lon="14.004269">
<ele>96.234</ele>
<time>2020-03-15T08:40:24Z</time>
</trkpt>
<trkpt lat="55.709503" lon="14.004260">
<ele>96.234</ele>
<time>2020-03-15T08:40:25Z</time>
</trkpt>
<trkpt lat="55.709495" lon="14.004250">
<ele>97.234</ele>
<time>2020-03-15T08:40:26Z</time>
</trkpt>
<trkpt lat="55.709486" lon="14.004227">
<ele>97.234</ele>
<time>2020-03-15T08:40:28Z</time>
</trkpt>
<trkpt lat="55.709470" lon="14.004209">
<ele>96.234</ele>
<time>2020-03-15T08:40:30Z</time>
</trkpt>
<trkpt lat="55.709461" lon="14.004207">
<ele>96.234</ele>
<time>2020-03-15T08:40:32Z</time>
</trkpt>
<trkpt lat="55.709456" lon="14.004201">
<ele>96.233</ele>
<time>2020-03-15T08:40:33Z</time>
</trkpt>
<trkpt lat="55.709450" lon="14.004182">
<ele>97.234</ele>
<time>2020-03-15T08:40:34Z</time>
</trkpt>
<trkpt lat="55.709448" lon="14.004166">
<ele>97.233</ele>
<time>2020-03-15T08:40:35Z</time>
</trkpt>
<trkpt lat="55.709445" lon="14.004121">
<ele>97.233</ele>
<time>2020-03-15T08:40:37Z</time>
</trkpt>
<trkpt lat="55.709437" lon="14.004076">
<ele>97.233</ele>
<time>2020-03-15T08:40:39Z</time>
</trkpt>
<trkpt lat="55.709432" lon="14.004057">
<ele>97.233</ele>
<time>2020-03-15T08:40:40Z</time>
</trkpt>
<trkpt lat="55.709427" lon="14.004043">
<ele>97.233</ele>
<time>2020-03-15T08:40:41Z</time>
</trkpt>
<trkpt lat="55.709411" lon="14.004006">
<ele>96.233</ele>
<time>2020-03-15T08:40:43Z</time>
</trkpt>
<trkpt lat="55.709391" lon="14.003966">
<ele>96.233</ele>
<time>2020-03-15T08:40:45Z</time>
</trkpt>
<trkpt lat="55.709382" lon="14.003947">
<ele>96.233</ele>
<time>2020-03-15T08:40:46Z</time>
</trkpt>
<trkpt lat="55.709360" lon="14.003903">
<ele>96.233</ele>
<time>2020-03-15T08:40:47Z</time>
</trkpt>
<trkpt lat="55.709350" lon="14.003887">
<ele>95.233</ele>
<time>2020-03-15T08:40:50Z</time>
</trkpt>
<trkpt lat="55.709344" lon="14.003907">
<ele>95.233</ele>
<time>2020-03-15T08:40:51Z</time>
</trkpt>
<trkpt lat="55.709334" lon="14.003895">
<ele>95.233</ele>
<time>2020-03-15T08:40:53Z</time>
</trkpt>
<trkpt lat="55.709326" lon="14.003868">
<ele>98.233</ele>
<time>2020-03-15T08:40:55Z</time>
</trkpt>
<trkpt lat="55.709312" lon="14.003812">
<ele>98.233</ele>
<time>2020-03-15T08:40:58Z</time>
</trkpt>
<trkpt lat="55.709302" lon="14.003764">
<ele>97.233</ele>
<time>2020-03-15T08:41:01Z</time>
</trkpt>
<trkpt lat="55.709300" lon="14.003748">
<ele>98.233</ele>
<time>2020-03-15T08:41:02Z</time>
</trkpt>
<trkpt lat="55.709295" lon="14.003734">
<ele>98.233</ele>
<time>2020-03-15T08:41:03Z</time>
</trkpt>
<trkpt lat="55.709286" lon="14.003719">
<ele>98.233</ele>
<time>2020-03-15T08:41:05Z</time>
</trkpt>
<trkpt lat="55.709281" lon="14.003717">
<ele>98.233</ele>
<time>2020-03-15T08:41:06Z</time>
</trkpt>
<trkpt lat="55.709275" lon="14.003712">
<ele>98.233</ele>
<time>2020-03-15T08:41:07Z</time>
</trkpt>
<trkpt lat="55.709269" lon="14.003710">
<ele>98.233</ele>
<time>2020-03-15T08:41:08Z</time>
</trkpt>
<trkpt lat="55.709264" lon="14.003711">
<ele>98.233</ele>
<time>2020-03-15T08:41:08Z</time>
</trkpt>
<trkpt lat="55.709256" lon="14.003718">
<ele>98.233</ele>
<time>2020-03-15T08:41:10Z</time>
</trkpt>
<trkpt lat="55.709250" lon="14.003722">
<ele>98.233</ele>
<time>2020-03-15T08:41:11Z</time>
</trkpt>
<trkpt lat="55.709242" lon="14.003724">
<ele>98.233</ele>
<time>2020-03-15T08:41:12Z</time>
</trkpt>
<trkpt lat="55.709232" lon="14.003721">
<ele>98.233</ele>
<time>2020-03-15T08:41:13Z</time>
</trkpt>
<trkpt lat="55.709226" lon="14.003716">
<ele>98.233</ele>
<time>2020-03-15T08:41:13Z</time>
</trkpt>
<trkpt lat="55.709222" lon="14.003703">
<ele>98.233</ele>
<time>2020-03-15T08:41:15Z</time>
</trkpt>
<trkpt lat="55.709221" lon="14.003693">
<ele>98.233</ele>
<time>2020-03-15T08:41:16Z</time>
</trkpt>
<trkpt lat="55.709221" lon="14.003680">
<ele>98.233</ele>
<time>2020-03-15T08:41:17Z</time>
</trkpt>
<trkpt lat="55.709222" lon="14.003667">
<ele>98.233</ele>
<time>2020-03-15T08:41:18Z</time>
</trkpt>
<trkpt lat="55.709222" lon="14.003658">
<ele>98.233</ele>
<time>2020-03-15T08:41:18Z</time>
</trkpt>
<trkpt lat="55.709221" lon="14.003645">
<ele>98.233</ele>
<time>2020-03-15T08:41:22Z</time>
</trkpt>
<trkpt lat="55.709215" lon="14.003647">
<ele>99.233</ele>
<time>2020-03-15T08:41:23Z</time>
</trkpt>
<trkpt lat="55.709209" lon="14.003645">
<ele>98.233</ele>
<time>2020-03-15T08:41:24Z</time>
</trkpt>
<trkpt lat="55.709201" lon="14.003646">
<ele>98.233</ele>
<time>2020-03-15T08:41:25Z</time>
</trkpt>
<trkpt lat="55.709191" lon="14.003648">
<ele>97.233</ele>
<time>2020-03-15T08:41:26Z</time>
</trkpt>
<trkpt lat="55.709181" lon="14.003649">
<ele>97.233</ele>
<time>2020-03-15T08:41:27Z</time>
</trkpt>
<trkpt lat="55.709176" lon="14.003658">
<ele>96.233</ele>
<time>2020-03-15T08:41:28Z</time>
</trkpt>
<trkpt lat="55.709175" lon="14.003658">
<ele>96.233</ele>
<time>2020-03-15T08:41:28Z</time>
</trkpt>
<trkpt lat="55.709164" lon="14.003682">
<ele>95.233</ele>
<time>2020-03-15T08:41:30Z</time>
</trkpt>
<trkpt lat="55.709159" lon="14.003690">
<ele>95.233</ele>
<time>2020-03-15T08:41:31Z</time>
</trkpt>
<trkpt lat="55.709151" lon="14.003694">
<ele>94.233</ele>
<time>2020-03-15T08:41:32Z</time>
</trkpt>
<trkpt lat="55.709142" lon="14.003693">
<ele>94.233</ele>
<time>2020-03-15T08:41:33Z</time>
</trkpt>
<trkpt lat="55.709136" lon="14.003688">
<ele>94.233</ele>
<time>2020-03-15T08:41:33Z</time>
</trkpt>
<trkpt lat="55.709130" lon="14.003686">
<ele>94.233</ele>
<time>2020-03-15T08:41:35Z</time>
</trkpt>
<trkpt lat="55.709127" lon="14.003681">
<ele>94.233</ele>
<time>2020-03-15T08:41:36Z</time>
</trkpt>
<trkpt lat="55.709126" lon="14.003680">
<ele>94.233</ele>
<time>2020-03-15T08:41:37Z</time>
</trkpt>
<trkpt lat="55.709126" lon="14.003679">
<ele>94.233</ele>
<time>2020-03-15T08:41:38Z</time>
</trkpt>
<trkpt lat="55.709125" lon="14.003679">
<ele>94.233</ele>
<time>2020-03-15T08:41:38Z</time>
</trkpt>
<trkpt lat="55.709120" lon="14.003665">
<ele>92.233</ele>
<time>2020-03-15T08:41:40Z</time>
</trkpt>
<trkpt lat="55.709110" lon="14.003647">
<ele>93.233</ele>
<time>2020-03-15T08:41:42Z</time>
</trkpt>
<trkpt lat="55.709108" lon="14.003636">
<ele>93.233</ele>
<time>2020-03-15T08:41:43Z</time>
</trkpt>
<trkpt lat="55.709106" lon="14.003627">
<ele>93.233</ele>
<time>2020-03-15T08:41:43Z</time>
</trkpt>
<trkpt lat="55.709101" lon="14.003605">
<ele>93.233</ele>
<time>2020-03-15T08:41:46Z</time>
</trkpt>
<trkpt lat="55.709086" lon="14.003583">
<ele>93.233</ele>
<time>2020-03-15T08:41:48Z</time>
</trkpt>
<trkpt lat="55.709062" lon="14.003540">
<ele>91.233</ele>
<time>2020-03-15T08:41:51Z</time>
</trkpt>
<trkpt lat="55.709054" lon="14.003524">
<ele>91.233</ele>
<time>2020-03-15T08:41:52Z</time>
</trkpt>
<trkpt lat="55.709046" lon="14.003510">
<ele>91.233</ele>
<time>2020-03-15T08:41:53Z</time>
</trkpt>
<trkpt lat="55.709038" lon="14.003502">
<ele>91.233</ele>
<time>2020-03-15T08:41:54Z</time>
</trkpt>
<trkpt lat="55.709001" lon="14.003441">
<ele>90.233</ele>
<time>2020-03-15T08:41:58Z</time>
</trkpt>
<trkpt lat="55.708973" lon="14.003408">
<ele>90.233</ele>
<time>2020-03-15T08:42:03Z</time>
</trkpt>
<trkpt lat="55.708968" lon="14.003401">
<ele>90.233</ele>
<time>2020-03-15T08:42:04Z</time>
</trkpt>
<trkpt lat="55.708965" lon="14.003392">
<ele>90.233</ele>
<time>2020-03-15T08:42:05Z</time>
</trkpt>
<trkpt lat="55.708963" lon="14.003382">
<ele>90.233</ele>
<time>2020-03-15T08:42:06Z</time>
</trkpt>
<trkpt lat="55.708961" lon="14.003370">
<ele>90.233</ele>
<time>2020-03-15T08:42:07Z</time>
</trkpt>
<trkpt lat="55.708961" lon="14.003349">
<ele>90.233</ele>
<time>2020-03-15T08:42:08Z</time>
</trkpt>
<trkpt lat="55.708960" lon="14.003340">
<ele>90.233</ele>
<time>2020-03-15T08:42:08Z</time>
</trkpt>
<trkpt lat="55.708974" lon="14.003229">
<ele>91.233</ele>
<time>2020-03-15T08:42:15Z</time>
</trkpt>
<trkpt lat="55.708975" lon="14.003217">
<ele>92.233</ele>
<time>2020-03-15T08:42:16Z</time>
</trkpt>
<trkpt lat="55.708973" lon="14.003199">
<ele>93.233</ele>
<time>2020-03-15T08:42:18Z</time>
</trkpt>
<trkpt lat="55.708970" lon="14.003193">
<ele>93.233</ele>
<time>2020-03-15T08:42:22Z</time>
</trkpt>
<trkpt lat="55.708969" lon="14.003191">
<ele>94.233</ele>
<time>2020-03-15T08:42:23Z</time>
</trkpt>
<trkpt lat="55.708968" lon="14.003185">
<ele>94.233</ele>
<time>2020-03-15T08:42:23Z</time>
</trkpt>
<trkpt lat="55.708968" lon="14.003178">
<ele>94.233</ele>
<time>2020-03-15T08:42:25Z</time>
</trkpt>
<trkpt lat="55.708965" lon="14.003170">
<ele>94.233</ele>
<time>2020-03-15T08:42:26Z</time>
</trkpt>
<trkpt lat="55.708960" lon="14.003161">
<ele>95.233</ele>
<time>2020-03-15T08:42:27Z</time>
</trkpt>
<trkpt lat="55.708956" lon="14.003158">
<ele>95.233</ele>
<time>2020-03-15T08:42:28Z</time>
</trkpt>
<trkpt lat="55.708952" lon="14.003152">
<ele>95.233</ele>
<time>2020-03-15T08:42:29Z</time>
</trkpt>
<trkpt lat="55.708950" lon="14.003144">
<ele>95.233</ele>
<time>2020-03-15T08:42:30Z</time>
</trkpt>
<trkpt lat="55.708950" lon="14.003140">
<ele>95.233</ele>
<time>2020-03-15T08:42:31Z</time>
</trkpt>
<trkpt lat="55.708950" lon="14.003137">
<ele>95.233</ele>
<time>2020-03-15T08:42:32Z</time>
</trkpt>
<trkpt lat="55.708922" lon="14.003080">
<ele>95.233</ele>
<time>2020-03-15T08:42:35Z</time>
</trkpt>
<trkpt lat="55.708874" lon="14.003002">
<ele>93.233</ele>
<time>2020-03-15T08:42:41Z</time>
</trkpt>
<trkpt lat="55.708870" lon="14.003000">
<ele>94.233</ele>
<time>2020-03-15T08:42:42Z</time>
</trkpt>
<trkpt lat="55.708865" lon="14.002997">
<ele>94.233</ele>
<time>2020-03-15T08:42:43Z</time>
</trkpt>
<trkpt lat="55.708854" lon="14.002999">
<ele>94.233</ele>
<time>2020-03-15T08:42:46Z</time>
</trkpt>
<trkpt lat="55.708845" lon="14.002992">
<ele>93.233</ele>
<time>2020-03-15T08:42:47Z</time>
</trkpt>
<trkpt lat="55.708830" lon="14.002983">
<ele>94.233</ele>
<time>2020-03-15T08:42:49Z</time>
</trkpt>
<trkpt lat="55.708798" lon="14.002954">
<ele>95.233</ele>
<time>2020-03-15T08:42:54Z</time>
</trkpt>
<trkpt lat="55.708787" lon="14.002941">
<ele>95.233</ele>
<time>2020-03-15T08:42:55Z</time>
</trkpt>
<trkpt lat="55.708774" lon="14.002921">
<ele>96.233</ele>
<time>2020-03-15T08:42:57Z</time>
</trkpt>
<trkpt lat="55.708737" lon="14.002835">
<ele>96.233</ele>
<time>2020-03-15T08:43:02Z</time>
</trkpt>
<trkpt lat="55.708733" lon="14.002822">
<ele>97.233</ele>
<time>2020-03-15T08:43:03Z</time>
</trkpt>
<trkpt lat="55.708732" lon="14.002813">
<ele>96.233</ele>
<time>2020-03-15T08:43:04Z</time>
</trkpt>
<trkpt lat="55.708733" lon="14.002803">
<ele>96.233</ele>
<time>2020-03-15T08:43:05Z</time>
</trkpt>
<trkpt lat="55.708735" lon="14.002796">
<ele>96.233</ele>
<time>2020-03-15T08:43:06Z</time>
</trkpt>
<trkpt lat="55.708743" lon="14.002790">
<ele>96.233</ele>
<time>2020-03-15T08:43:09Z</time>
</trkpt>
<trkpt lat="55.708740" lon="14.002781">
<ele>95.233</ele>
<time>2020-03-15T08:43:10Z</time>
</trkpt>
<trkpt lat="55.708735" lon="14.002766">
<ele>95.233</ele>
<time>2020-03-15T08:43:11Z</time>
</trkpt>
<trkpt lat="55.708730" lon="14.002758">
<ele>95.233</ele>
<time>2020-03-15T08:43:12Z</time>
</trkpt>
<trkpt lat="55.708723" lon="14.002750">
<ele>95.233</ele>
<time>2020-03-15T08:43:13Z</time>
</trkpt>
<trkpt lat="55.708712" lon="14.002740">
<ele>96.233</ele>
<time>2020-03-15T08:43:14Z</time>
</trkpt>
<trkpt lat="55.708697" lon="14.002730">
<ele>96.233</ele>
<time>2020-03-15T08:43:15Z</time>
</trkpt>
<trkpt lat="55.708659" lon="14.002691">
<ele>96.233</ele>
<time>2020-03-15T08:43:18Z</time>
</trkpt>
<trkpt lat="55.708635" lon="14.002675">
<ele>97.233</ele>
<time>2020-03-15T08:43:19Z</time>
</trkpt>
<trkpt lat="55.708615" lon="14.002660">
<ele>96.233</ele>
<time>2020-03-15T08:43:21Z</time>
</trkpt>
<trkpt lat="55.708583" lon="14.002618">
<ele>96.233</ele>
<time>2020-03-15T08:43:24Z</time>
</trkpt>
<trkpt lat="55.708566" lon="14.002606">
<ele>95.233</ele>
<time>2020-03-15T08:43:27Z</time>
</trkpt>
<trkpt lat="55.708559" lon="14.002623">
<ele>94.233</ele>
<time>2020-03-15T08:43:28Z</time>
</trkpt>
<trkpt lat="55.708552" lon="14.002617">
<ele>94.233</ele>
<time>2020-03-15T08:43:29Z</time>
</trkpt>
<trkpt lat="55.708548" lon="14.002613">
<ele>94.233</ele>
<time>2020-03-15T08:43:29Z</time>
</trkpt>
<trkpt lat="55.708539" lon="14.002597">
<ele>94.233</ele>
<time>2020-03-15T08:43:31Z</time>
</trkpt>
<trkpt lat="55.708535" lon="14.002585">
<ele>95.233</ele>
<time>2020-03-15T08:43:32Z</time>
</trkpt>
<trkpt lat="55.708529" lon="14.002573">
<ele>95.233</ele>
<time>2020-03-15T08:43:33Z</time>
</trkpt>
<trkpt lat="55.708519" lon="14.002556">
<ele>95.233</ele>
<time>2020-03-15T08:43:34Z</time>
</trkpt>
<trkpt lat="55.708512" lon="14.002541">
<ele>95.233</ele>
<time>2020-03-15T08:43:36Z</time>
</trkpt>
<trkpt lat="55.708508" lon="14.002536">
<ele>94.233</ele>
<time>2020-03-15T08:43:37Z</time>
</trkpt>
<trkpt lat="55.708472" lon="14.002481">
<ele>94.232</ele>
<time>2020-03-15T08:43:42Z</time>
</trkpt>
<trkpt lat="55.708462" lon="14.002470">
<ele>94.232</ele>
<time>2020-03-15T08:43:43Z</time>
</trkpt>
<trkpt lat="55.708399" lon="14.002418">
<ele>94.232</ele>
<time>2020-03-15T08:43:48Z</time>
</trkpt>
<trkpt lat="55.708377" lon="14.002404">
<ele>94.232</ele>
<time>2020-03-15T08:43:49Z</time>
</trkpt>
<trkpt lat="55.708332" lon="14.002389">
<ele>94.233</ele>
<time>2020-03-15T08:43:53Z</time>
</trkpt>
<trkpt lat="55.708314" lon="14.002373">
<ele>94.233</ele>
<time>2020-03-15T08:43:54Z</time>
</trkpt>
<trkpt lat="55.708304" lon="14.002354">
<ele>94.233</ele>
<time>2020-03-15T08:43:56Z</time>
</trkpt>
<trkpt lat="55.708299" lon="14.002344">
<ele>93.232</ele>
<time>2020-03-15T08:43:57Z</time>
</trkpt>
<trkpt lat="55.708293" lon="14.002351">
<ele>93.232</ele>
<time>2020-03-15T08:43:58Z</time>
</trkpt>
<trkpt lat="55.708288" lon="14.002347">
<ele>93.232</ele>
<time>2020-03-15T08:43:59Z</time>
</trkpt>
<trkpt lat="55.708221" lon="14.002319">
<ele>92.232</ele>
<time>2020-03-15T08:44:04Z</time>
</trkpt>
<trkpt lat="55.708201" lon="14.002299">
<ele>91.233</ele>
<time>2020-03-15T08:44:07Z</time>
</trkpt>
<trkpt lat="55.708194" lon="14.002297">
<ele>91.233</ele>
<time>2020-03-15T08:44:08Z</time>
</trkpt>
<trkpt lat="55.708188" lon="14.002288">
<ele>90.232</ele>
<time>2020-03-15T08:44:09Z</time>
</trkpt>
<trkpt lat="55.708181" lon="14.002275">
<ele>91.232</ele>
<time>2020-03-15T08:44:10Z</time>
</trkpt>
<trkpt lat="55.708179" lon="14.002260">
<ele>91.232</ele>
<time>2020-03-15T08:44:11Z</time>
</trkpt>
<trkpt lat="55.708175" lon="14.002250">
<ele>92.232</ele>
<time>2020-03-15T08:44:12Z</time>
</trkpt>
<trkpt lat="55.708173" lon="14.002240">
<ele>91.232</ele>
<time>2020-03-15T08:44:13Z</time>
</trkpt>
<trkpt lat="55.708169" lon="14.002232">
<ele>91.232</ele>
<time>2020-03-15T08:44:14Z</time>
</trkpt>
<trkpt lat="55.708167" lon="14.002226">
<ele>91.232</ele>
<time>2020-03-15T08:44:14Z</time>
</trkpt>
<trkpt lat="55.708162" lon="14.002214">
<ele>91.232</ele>
<time>2020-03-15T08:44:16Z</time>
</trkpt>
<trkpt lat="55.708109" lon="14.002149">
<ele>92.232</ele>
<time>2020-03-15T08:44:22Z</time>
</trkpt>
<trkpt lat="55.708099" lon="14.002135">
<ele>92.232</ele>
<time>2020-03-15T08:44:23Z</time>
</trkpt>
<trkpt lat="55.708091" lon="14.002126">
<ele>92.232</ele>
<time>2020-03-15T08:44:24Z</time>
</trkpt>
<trkpt lat="55.708085" lon="14.002119">
<ele>92.232</ele>
<time>2020-03-15T08:44:24Z</time>
</trkpt>
<trkpt lat="55.708082" lon="14.002098">
<ele>92.232</ele>
<time>2020-03-15T08:44:26Z</time>
</trkpt>
<trkpt lat="55.708079" lon="14.002084">
<ele>92.232</ele>
<time>2020-03-15T08:44:27Z</time>
</trkpt>
<trkpt lat="55.708076" lon="14.002069">
<ele>92.232</ele>
<time>2020-03-15T08:44:28Z</time>
</trkpt>
<trkpt lat="55.708075" lon="14.002038">
<ele>92.232</ele>
<time>2020-03-15T08:44:30Z</time>
</trkpt>
<trkpt lat="55.708072" lon="14.002006">
<ele>92.232</ele>
<time>2020-03-15T08:44:32Z</time>
</trkpt>
<trkpt lat="55.708066" lon="14.001961">
<ele>93.232</ele>
<time>2020-03-15T08:44:35Z</time>
</trkpt>
<trkpt lat="55.708060" lon="14.001931">
<ele>92.232</ele>
<time>2020-03-15T08:44:37Z</time>
</trkpt>
<trkpt lat="55.708056" lon="14.001916">
<ele>92.232</ele>
<time>2020-03-15T08:44:38Z</time>
</trkpt>
<trkpt lat="55.708048" lon="14.001879">
<ele>92.232</ele>
<time>2020-03-15T08:44:40Z</time>
</trkpt>
<trkpt lat="55.708043" lon="14.001860">
<ele>92.232</ele>
<time>2020-03-15T08:44:41Z</time>
</trkpt>
<trkpt lat="55.708040" lon="14.001846">
<ele>93.232</ele>
<time>2020-03-15T08:44:42Z</time>
</trkpt>
<trkpt lat="55.708039" lon="14.001852">
<ele>93.232</ele>
<time>2020-03-15T08:44:43Z</time>
</trkpt>
<trkpt lat="55.708036" lon="14.001835">
<ele>93.232</ele>
<time>2020-03-15T08:44:45Z</time>
</trkpt>
<trkpt lat="55.708035" lon="14.001817">
<ele>93.232</ele>
<time>2020-03-15T08:44:46Z</time>
</trkpt>
<trkpt lat="55.708034" lon="14.001804">
<ele>93.232</ele>
<time>2020-03-15T08:44:47Z</time>
</trkpt>
<trkpt lat="55.708026" lon="14.001775">
<ele>94.232</ele>
<time>2020-03-15T08:44:49Z</time>
</trkpt>
<trkpt lat="55.708002" lon="14.001715">
<ele>96.232</ele>
<time>2020-03-15T08:44:53Z</time>
</trkpt>
<trkpt lat="55.707997" lon="14.001698">
<ele>96.232</ele>
<time>2020-03-15T08:44:54Z</time>
</trkpt>
<trkpt lat="55.707994" lon="14.001683">
<ele>96.232</ele>
<time>2020-03-15T08:44:55Z</time>
</trkpt>
<trkpt lat="55.707990" lon="14.001670">
<ele>96.232</ele>
<time>2020-03-15T08:44:56Z</time>
</trkpt>
<trkpt lat="55.707978" lon="14.001650">
<ele>95.232</ele>
<time>2020-03-15T08:44:58Z</time>
</trkpt>
<trkpt lat="55.707974" lon="14.001638">
<ele>95.232</ele>
<time>2020-03-15T08:44:59Z</time>
</trkpt>
<trkpt lat="55.707970" lon="14.001624">
<ele>95.232</ele>
<time>2020-03-15T08:45:00Z</time>
</trkpt>
<trkpt lat="55.707967" lon="14.001604">
<ele>94.232</ele>
<time>2020-03-15T08:45:01Z</time>
</trkpt>
<trkpt lat="55.707964" lon="14.001594">
<ele>94.232</ele>
<time>2020-03-15T08:45:02Z</time>
</trkpt>
<trkpt lat="55.707935" lon="14.001534">
<ele>94.232</ele>
<time>2020-03-15T08:45:06Z</time>
</trkpt>
<trkpt lat="55.707925" lon="14.001520">
<ele>94.232</ele>
<time>2020-03-15T08:45:07Z</time>
</trkpt>
<trkpt lat="55.707919" lon="14.001508">
<ele>93.232</ele>
<time>2020-03-15T08:45:08Z</time>
</trkpt>
<trkpt lat="55.707912" lon="14.001485">
<ele>93.232</ele>
<time>2020-03-15T08:45:09Z</time>
</trkpt>
<trkpt lat="55.707910" lon="14.001464">
<ele>93.232</ele>
<time>2020-03-15T08:45:10Z</time>
</trkpt>
<trkpt lat="55.707911" lon="14.001439">
<ele>92.232</ele>
<time>2020-03-15T08:45:11Z</time>
</trkpt>
<trkpt lat="55.707918" lon="14.001387">
<ele>91.232</ele>
<time>2020-03-15T08:45:13Z</time>
</trkpt>
<trkpt lat="55.707919" lon="14.001370">
<ele>91.232</ele>
<time>2020-03-15T08:45:14Z</time>
</trkpt>
<trkpt lat="55.707912" lon="14.001316">
<ele>91.232</ele>
<time>2020-03-15T08:45:17Z</time>
</trkpt>
<trkpt lat="55.707910" lon="14.001305">
<ele>91.232</ele>
<time>2020-03-15T08:45:18Z</time>
</trkpt>
<trkpt lat="55.707906" lon="14.001294">
<ele>91.232</ele>
<time>2020-03-15T08:45:19Z</time>
</trkpt>
<trkpt lat="55.707904" lon="14.001284">
<ele>91.232</ele>
<time>2020-03-15T08:45:20Z</time>
</trkpt>
<trkpt lat="55.707898" lon="14.001271">
<ele>91.232</ele>
<time>2020-03-15T08:45:21Z</time>
</trkpt>
<trkpt lat="55.707896" lon="14.001262">
<ele>91.232</ele>
<time>2020-03-15T08:45:22Z</time>
</trkpt>
<trkpt lat="55.707884" lon="14.001233">
<ele>91.232</ele>
<time>2020-03-15T08:45:24Z</time>
</trkpt>
<trkpt lat="55.707877" lon="14.001218">
<ele>92.232</ele>
<time>2020-03-15T08:45:25Z</time>
</trkpt>
<trkpt lat="55.707842" lon="14.001173">
<ele>91.232</ele>
<time>2020-03-15T08:45:28Z</time>
</trkpt>
<trkpt lat="55.707823" lon="14.001154">
<ele>91.232</ele>
<time>2020-03-15T08:45:30Z</time>
</trkpt>
<trkpt lat="55.707811" lon="14.001156">
<ele>92.232</ele>
<time>2020-03-15T08:45:31Z</time>
</trkpt>
<trkpt lat="55.707802" lon="14.001150">
<ele>92.232</ele>
<time>2020-03-15T08:45:33Z</time>
</trkpt>
<trkpt lat="55.707780" lon="14.001118">
<ele>92.232</ele>
<time>2020-03-15T08:45:36Z</time>
</trkpt>
<trkpt lat="55.707771" lon="14.001106">
<ele>91.232</ele>
<time>2020-03-15T08:45:37Z</time>
</trkpt>
<trkpt lat="55.707764" lon="14.001096">
<ele>92.232</ele>
<time>2020-03-15T08:45:38Z</time>
</trkpt>
<trkpt lat="55.707757" lon="14.001084">
<ele>92.232</ele>
<time>2020-03-15T08:45:39Z</time>
</trkpt>
<trkpt lat="55.707751" lon="14.001069">
<ele>92.232</ele>
<time>2020-03-15T08:45:40Z</time>
</trkpt>
<trkpt lat="55.707743" lon="14.001048">
<ele>92.232</ele>
<time>2020-03-15T08:45:41Z</time>
</trkpt>
<trkpt lat="55.707740" lon="14.001036">
<ele>92.232</ele>
<time>2020-03-15T08:45:42Z</time>
</trkpt>
<trkpt lat="55.707733" lon="14.001020">
<ele>92.231</ele>
<time>2020-03-15T08:45:43Z</time>
</trkpt>
<trkpt lat="55.707727" lon="14.001001">
<ele>92.231</ele>
<time>2020-03-15T08:45:44Z</time>
</trkpt>
<trkpt lat="55.707721" lon="14.000998">
<ele>92.231</ele>
<time>2020-03-15T08:45:45Z</time>
</trkpt>
<trkpt lat="55.707675" lon="14.000897">
<ele>93.231</ele>
<time>2020-03-15T08:45:51Z</time>
</trkpt>
<trkpt lat="55.707656" lon="14.000847">
<ele>94.231</ele>
<time>2020-03-15T08:45:54Z</time>
</trkpt>
<trkpt lat="55.707648" lon="14.000816">
<ele>93.231</ele>
<time>2020-03-15T08:45:56Z</time>
</trkpt>
<trkpt lat="55.707646" lon="14.000806">
<ele>93.231</ele>
<time>2020-03-15T08:45:57Z</time>
</trkpt>
<trkpt lat="55.707646" lon="14.000791">
<ele>94.231</ele>
<time>2020-03-15T08:45:58Z</time>
</trkpt>
<trkpt lat="55.707652" lon="14.000747">
<ele>94.231</ele>
<time>2020-03-15T08:46:00Z</time>
</trkpt>
<trkpt lat="55.707653" lon="14.000679">
<ele>94.231</ele>
<time>2020-03-15T08:46:03Z</time>
</trkpt>
<trkpt lat="55.707652" lon="14.000641">
<ele>96.231</ele>
<time>2020-03-15T08:46:05Z</time>
</trkpt>
<trkpt lat="55.707653" lon="14.000621">
<ele>96.231</ele>
<time>2020-03-15T08:46:06Z</time>
</trkpt>
<trkpt lat="55.707655" lon="14.000604">
<ele>96.231</ele>
<time>2020-03-15T08:46:07Z</time>
</trkpt>
<trkpt lat="55.707655" lon="14.000588">
<ele>96.231</ele>
<time>2020-03-15T08:46:08Z</time>
</trkpt>
<trkpt lat="55.707659" lon="14.000552">
<ele>97.231</ele>
<time>2020-03-15T08:46:10Z</time>
</trkpt>
<trkpt lat="55.707661" lon="14.000548">
<ele>97.231</ele>
<time>2020-03-15T08:46:10Z</time>
</trkpt>
<trkpt lat="55.707663" lon="14.000508">
<ele>96.231</ele>
<time>2020-03-15T08:46:12Z</time>
</trkpt>
<trkpt lat="55.707666" lon="14.000486">
<ele>96.231</ele>
<time>2020-03-15T08:46:13Z</time>
</trkpt>
<trkpt lat="55.707673" lon="14.000452">
<ele>96.231</ele>
<time>2020-03-15T08:46:15Z</time>
</trkpt>
<trkpt lat="55.707675" lon="14.000447">
<ele>96.231</ele>
<time>2020-03-15T08:46:15Z</time>
</trkpt>
<trkpt lat="55.707680" lon="14.000424">
<ele>96.231</ele>
<time>2020-03-15T08:46:17Z</time>
</trkpt>
<trkpt lat="55.707683" lon="14.000414">
<ele>96.231</ele>
<time>2020-03-15T08:46:18Z</time>
</trkpt>
<trkpt lat="55.707689" lon="14.000405">
<ele>96.231</ele>
<time>2020-03-15T08:46:19Z</time>
</trkpt>
<trkpt lat="55.707690" lon="14.000397">
<ele>95.231</ele>
<time>2020-03-15T08:46:20Z</time>
</trkpt>
<trkpt lat="55.707692" lon="14.000395">
<ele>95.231</ele>
<time>2020-03-15T08:46:20Z</time>
</trkpt>
<trkpt lat="55.707687" lon="14.000377">
<ele>95.231</ele>
<time>2020-03-15T08:46:22Z</time>
</trkpt>
<trkpt lat="55.707684" lon="14.000371">
<ele>95.231</ele>
<time>2020-03-15T08:46:23Z</time>
</trkpt>
<trkpt lat="55.707681" lon="14.000350">
<ele>96.231</ele>
<time>2020-03-15T08:46:24Z</time>
</trkpt>
<trkpt lat="55.707684" lon="14.000318">
<ele>95.231</ele>
<time>2020-03-15T08:46:25Z</time>
</trkpt>
<trkpt lat="55.707686" lon="14.000310">
<ele>95.231</ele>
<time>2020-03-15T08:46:25Z</time>
</trkpt>
<trkpt lat="55.707680" lon="14.000253">
<ele>95.231</ele>
<time>2020-03-15T08:46:27Z</time>
</trkpt>
<trkpt lat="55.707685" lon="14.000200">
<ele>96.231</ele>
<time>2020-03-15T08:46:29Z</time>
</trkpt>
<trkpt lat="55.707692" lon="14.000173">
<ele>96.231</ele>
<time>2020-03-15T08:46:30Z</time>
</trkpt>
<trkpt lat="55.707703" lon="14.000151">
<ele>96.231</ele>
<time>2020-03-15T08:46:31Z</time>
</trkpt>
<trkpt lat="55.707715" lon="14.000134">
<ele>96.231</ele>
<time>2020-03-15T08:46:32Z</time>
</trkpt>
<trkpt lat="55.707739" lon="14.000084">
<ele>97.230</ele>
<time>2020-03-15T08:46:35Z</time>
</trkpt>
<trkpt lat="55.707745" lon="14.000073">
<ele>97.230</ele>
<time>2020-03-15T08:46:36Z</time>
</trkpt>
<trkpt lat="55.707765" lon="14.000050">
<ele>97.230</ele>
<time>2020-03-15T08:46:38Z</time>
</trkpt>
<trkpt lat="55.707779" lon="14.000013">
<ele>98.230</ele>
<time>2020-03-15T08:46:40Z</time>
</trkpt>
<trkpt lat="55.707785" lon="13.999973">
<ele>99.230</ele>
<time>2020-03-15T08:46:42Z</time>
</trkpt>
<trkpt lat="55.707784" lon="13.999953">
<ele>99.230</ele>
<time>2020-03-15T08:46:44Z</time>
</trkpt>
<trkpt lat="55.707785" lon="13.999939">
<ele>99.230</ele>
<time>2020-03-15T08:46:45Z</time>
</trkpt>
<trkpt lat="55.707796" lon="13.999882">
<ele>98.230</ele>
<time>2020-03-15T08:46:48Z</time>
</trkpt>
<trkpt lat="55.707800" lon="13.999833">
<ele>97.230</ele>
<time>2020-03-15T08:46:50Z</time>
</trkpt>
<trkpt lat="55.707803" lon="13.999825">
<ele>97.230</ele>
<time>2020-03-15T08:46:50Z</time>
</trkpt>
<trkpt lat="55.707797" lon="13.999787">
<ele>98.230</ele>
<time>2020-03-15T08:46:52Z</time>
</trkpt>
<trkpt lat="55.707796" lon="13.999750">
<ele>97.230</ele>
<time>2020-03-15T08:46:54Z</time>
</trkpt>
<trkpt lat="55.707794" lon="13.999732">
<ele>97.230</ele>
<time>2020-03-15T08:46:55Z</time>
</trkpt>
<trkpt lat="55.707795" lon="13.999729">
<ele>97.230</ele>
<time>2020-03-15T08:46:55Z</time>
</trkpt>
<trkpt lat="55.707788" lon="13.999699">
<ele>97.230</ele>
<time>2020-03-15T08:46:57Z</time>
</trkpt>
<trkpt lat="55.707787" lon="13.999682">
<ele>97.230</ele>
<time>2020-03-15T08:46:58Z</time>
</trkpt>
<trkpt lat="55.707784" lon="13.999673">
<ele>97.230</ele>
<time>2020-03-15T08:46:59Z</time>
</trkpt>
<trkpt lat="55.707782" lon="13.999656">
<ele>96.230</ele>
<time>2020-03-15T08:47:00Z</time>
</trkpt>
<trkpt lat="55.707785" lon="13.999648">
<ele>96.230</ele>
<time>2020-03-15T08:47:00Z</time>
</trkpt>
<trkpt lat="55.707791" lon="13.999613">
<ele>96.230</ele>
<time>2020-03-15T08:47:02Z</time>
</trkpt>
<trkpt lat="55.707797" lon="13.999594">
<ele>96.230</ele>
<time>2020-03-15T08:47:03Z</time>
</trkpt>
<trkpt lat="55.707801" lon="13.999582">
<ele>96.230</ele>
<time>2020-03-15T08:47:04Z</time>
</trkpt>
<trkpt lat="55.707808" lon="13.999568">
<ele>96.230</ele>
<time>2020-03-15T08:47:05Z</time>
</trkpt>
<trkpt lat="55.707813" lon="13.999562">
<ele>96.230</ele>
<time>2020-03-15T08:47:05Z</time>
</trkpt>
<trkpt lat="55.707824" lon="13.999540">
<ele>96.230</ele>
<time>2020-03-15T08:47:07Z</time>
</trkpt>
<trkpt lat="55.707830" lon="13.999528">
<ele>96.230</ele>
<time>2020-03-15T08:47:08Z</time>
</trkpt>
<trkpt lat="55.707837" lon="13.999519">
<ele>95.230</ele>
<time>2020-03-15T08:47:09Z</time>
</trkpt>
<trkpt lat="55.707848" lon="13.999501">
<ele>95.230</ele>
<time>2020-03-15T08:47:10Z</time>
</trkpt>
<trkpt lat="55.707854" lon="13.999488">
<ele>94.230</ele>
<time>2020-03-15T08:47:12Z</time>
</trkpt>
<trkpt lat="55.707856" lon="13.999479">
<ele>94.230</ele>
<time>2020-03-15T08:47:13Z</time>
</trkpt>
<trkpt lat="55.707855" lon="13.999470">
<ele>95.230</ele>
<time>2020-03-15T08:47:14Z</time>
</trkpt>
<trkpt lat="55.707851" lon="13.999460">
<ele>97.230</ele>
<time>2020-03-15T08:47:15Z</time>
</trkpt>
<trkpt lat="55.707850" lon="13.999454">
<ele>97.230</ele>
<time>2020-03-15T08:47:15Z</time>
</trkpt>
<trkpt lat="55.707843" lon="13.999437">
<ele>99.230</ele>
<time>2020-03-15T08:47:17Z</time>
</trkpt>
<trkpt lat="55.707842" lon="13.999442">
<ele>99.230</ele>
<time>2020-03-15T08:47:18Z</time>
</trkpt>
<trkpt lat="55.707837" lon="13.999421">
<ele>99.230</ele>
<time>2020-03-15T08:47:20Z</time>
</trkpt>
<trkpt lat="55.707841" lon="13.999403">
<ele>99.230</ele>
<time>2020-03-15T08:47:22Z</time>
</trkpt>
<trkpt lat="55.707848" lon="13.999390">
<ele>99.230</ele>
<time>2020-03-15T08:47:23Z</time>
</trkpt>
<trkpt lat="55.707870" lon="13.999356">
<ele>100.230</ele>
<time>2020-03-15T08:47:25Z</time>
</trkpt>
<trkpt lat="55.707884" lon="13.999340">
<ele>100.230</ele>
<time>2020-03-15T08:47:27Z</time>
</trkpt>
<trkpt lat="55.707891" lon="13.999328">
<ele>100.230</ele>
<time>2020-03-15T08:47:28Z</time>
</trkpt>
<trkpt lat="55.707922" lon="13.999294">
<ele>98.229</ele>
<time>2020-03-15T08:47:30Z</time>
</trkpt>
<trkpt lat="55.707933" lon="13.999273">
<ele>98.229</ele>
<time>2020-03-15T08:47:32Z</time>
</trkpt>
<trkpt lat="55.707937" lon="13.999232">
<ele>96.229</ele>
<time>2020-03-15T08:47:34Z</time>
</trkpt>
<trkpt lat="55.707946" lon="13.999190">
<ele>96.229</ele>
<time>2020-03-15T08:47:35Z</time>
</trkpt>
<trkpt lat="55.707958" lon="13.999158">
<ele>95.229</ele>
<time>2020-03-15T08:47:37Z</time>
</trkpt>
<trkpt lat="55.707967" lon="13.999142">
<ele>95.229</ele>
<time>2020-03-15T08:47:38Z</time>
</trkpt>
<trkpt lat="55.707978" lon="13.999127">
<ele>95.229</ele>
<time>2020-03-15T08:47:39Z</time>
</trkpt>
<trkpt lat="55.708001" lon="13.999106">
<ele>94.229</ele>
<time>2020-03-15T08:47:40Z</time>
</trkpt>
<trkpt lat="55.708023" lon="13.999104">
<ele>94.229</ele>
<time>2020-03-15T08:47:42Z</time>
</trkpt>
<trkpt lat="55.708038" lon="13.999099">
<ele>94.229</ele>
<time>2020-03-15T08:47:43Z</time>
</trkpt>
<trkpt lat="55.708048" lon="13.999097">
<ele>94.229</ele>
<time>2020-03-15T08:47:44Z</time>
</trkpt>
<trkpt lat="55.708066" lon="13.999091">
<ele>94.229</ele>
<time>2020-03-15T08:47:45Z</time>
</trkpt>
<trkpt lat="55.708096" lon="13.999087">
<ele>92.229</ele>
<time>2020-03-15T08:47:49Z</time>
</trkpt>
<trkpt lat="55.708117" lon="13.999089">
<ele>92.229</ele>
<time>2020-03-15T08:47:51Z</time>
</trkpt>
<trkpt lat="55.708140" lon="13.999096">
<ele>91.229</ele>
<time>2020-03-15T08:47:54Z</time>
</trkpt>
<trkpt lat="55.708153" lon="13.999102">
<ele>92.229</ele>
<time>2020-03-15T08:47:55Z</time>
</trkpt>
<trkpt lat="55.708163" lon="13.999109">
<ele>91.229</ele>
<time>2020-03-15T08:47:57Z</time>
</trkpt>
<trkpt lat="55.708197" lon="13.999122">
<ele>92.229</ele>
<time>2020-03-15T08:48:00Z</time>
</trkpt>
<trkpt lat="55.708211" lon="13.999135">
<ele>93.229</ele>
<time>2020-03-15T08:48:02Z</time>
</trkpt>
<trkpt lat="55.708219" lon="13.999145">
<ele>92.229</ele>
<time>2020-03-15T08:48:03Z</time>
</trkpt>
<trkpt lat="55.708225" lon="13.999158">
<ele>92.229</ele>
<time>2020-03-15T08:48:04Z</time>
</trkpt>
<trkpt lat="55.708232" lon="13.999176">
<ele>92.229</ele>
<time>2020-03-15T08:48:05Z</time>
</trkpt>
<trkpt lat="55.708235" lon="13.999187">
<ele>92.229</ele>
<time>2020-03-15T08:48:07Z</time>
</trkpt>
<trkpt lat="55.708237" lon="13.999198">
<ele>92.229</ele>
<time>2020-03-15T08:48:08Z</time>
</trkpt>
<trkpt lat="55.708246" lon="13.999223">
<ele>92.229</ele>
<time>2020-03-15T08:48:10Z</time>
</trkpt>
<trkpt lat="55.708248" lon="13.999230">
<ele>92.229</ele>
<time>2020-03-15T08:48:10Z</time>
</trkpt>
<trkpt lat="55.708258" lon="13.999240">
<ele>92.229</ele>
<time>2020-03-15T08:48:12Z</time>
</trkpt>
<trkpt lat="55.708263" lon="13.999242">
<ele>92.229</ele>
<time>2020-03-15T08:48:13Z</time>
</trkpt>
<trkpt lat="55.708268" lon="13.999246">
<ele>92.229</ele>
<time>2020-03-15T08:48:14Z</time>
</trkpt>
<trkpt lat="55.708285" lon="13.999252">
<ele>93.229</ele>
<time>2020-03-15T08:48:17Z</time>
</trkpt>
<trkpt lat="55.708293" lon="13.999253">
<ele>93.229</ele>
<time>2020-03-15T08:48:18Z</time>
</trkpt>
<trkpt lat="55.708299" lon="13.999249">
<ele>92.229</ele>
<time>2020-03-15T08:48:19Z</time>
</trkpt>
<trkpt lat="55.708303" lon="13.999243">
<ele>92.229</ele>
<time>2020-03-15T08:48:20Z</time>
</trkpt>
<trkpt lat="55.708304" lon="13.999243">
<ele>92.229</ele>
<time>2020-03-15T08:48:20Z</time>
</trkpt>
<trkpt lat="55.708323" lon="13.999238">
<ele>91.229</ele>
<time>2020-03-15T08:48:22Z</time>
</trkpt>
<trkpt lat="55.708335" lon="13.999236">
<ele>90.229</ele>
<time>2020-03-15T08:48:23Z</time>
</trkpt>
<trkpt lat="55.708345" lon="13.999233">
<ele>91.229</ele>
<time>2020-03-15T08:48:24Z</time>
</trkpt>
<trkpt lat="55.708353" lon="13.999233">
<ele>91.229</ele>
<time>2020-03-15T08:48:25Z</time>
</trkpt>
<trkpt lat="55.708359" lon="13.999230">
<ele>91.229</ele>
<time>2020-03-15T08:48:27Z</time>
</trkpt>
<trkpt lat="55.708365" lon="13.999228">
<ele>90.229</ele>
<time>2020-03-15T08:48:28Z</time>
</trkpt>
<trkpt lat="55.708372" lon="13.999224">
<ele>91.229</ele>
<time>2020-03-15T08:48:29Z</time>
</trkpt>
<trkpt lat="55.708377" lon="13.999218">
<ele>91.229</ele>
<time>2020-03-15T08:48:30Z</time>
</trkpt>
<trkpt lat="55.708380" lon="13.999213">
<ele>91.229</ele>
<time>2020-03-15T08:48:31Z</time>
</trkpt>
<trkpt lat="55.708382" lon="13.999205">
<ele>91.229</ele>
<time>2020-03-15T08:48:32Z</time>
</trkpt>
<trkpt lat="55.708383" lon="13.999196">
<ele>91.229</ele>
<time>2020-03-15T08:48:34Z</time>
</trkpt>
<trkpt lat="55.708389" lon="13.999193">
<ele>91.229</ele>
<time>2020-03-15T08:48:35Z</time>
</trkpt>
<trkpt lat="55.708397" lon="13.999191">
<ele>92.229</ele>
<time>2020-03-15T08:48:36Z</time>
</trkpt>
<trkpt lat="55.708404" lon="13.999188">
<ele>92.229</ele>
<time>2020-03-15T08:48:37Z</time>
</trkpt>
<trkpt lat="55.708408" lon="13.999187">
<ele>92.229</ele>
<time>2020-03-15T08:48:38Z</time>
</trkpt>
<trkpt lat="55.708421" lon="13.999180">
<ele>93.229</ele>
<time>2020-03-15T08:48:42Z</time>
</trkpt>
<trkpt lat="55.708428" lon="13.999174">
<ele>93.229</ele>
<time>2020-03-15T08:48:44Z</time>
</trkpt>
<trkpt lat="55.708437" lon="13.999170">
<ele>94.229</ele>
<time>2020-03-15T08:48:45Z</time>
</trkpt>
<trkpt lat="55.708441" lon="13.999164">
<ele>93.229</ele>
<time>2020-03-15T08:48:47Z</time>
</trkpt>
<trkpt lat="55.708449" lon="13.999157">
<ele>93.229</ele>
<time>2020-03-15T08:48:49Z</time>
</trkpt>
<trkpt lat="55.708461" lon="13.999154">
<ele>93.229</ele>
<time>2020-03-15T08:48:51Z</time>
</trkpt>
<trkpt lat="55.708469" lon="13.999149">
<ele>94.229</ele>
<time>2020-03-15T08:48:52Z</time>
</trkpt>
<trkpt lat="55.708561" lon="13.999147">
<ele>109.229</ele>
<time>2020-03-15T08:49:04Z</time>
</trkpt>
<trkpt lat="55.708646" lon="13.999106">
<ele>110.229</ele>
<time>2020-03-15T08:49:07Z</time>
</trkpt>
<trkpt lat="55.708806" lon="13.999062">
<ele>108.228</ele>
<time>2020-03-15T08:49:16Z</time>
</trkpt>
<trkpt lat="55.708816" lon="13.999056">
<ele>108.228</ele>
<time>2020-03-15T08:49:17Z</time>
</trkpt>
<trkpt lat="55.708831" lon="13.999048">
<ele>108.228</ele>
<time>2020-03-15T08:49:19Z</time>
</trkpt>
<trkpt lat="55.708836" lon="13.999041">
<ele>108.228</ele>
<time>2020-03-15T08:49:20Z</time>
</trkpt>
<trkpt lat="55.708841" lon="13.999032">
<ele>107.228</ele>
<time>2020-03-15T08:49:21Z</time>
</trkpt>
<trkpt lat="55.708846" lon="13.999017">
<ele>107.228</ele>
<time>2020-03-15T08:49:23Z</time>
</trkpt>
<trkpt lat="55.708855" lon="13.999012">
<ele>107.228</ele>
<time>2020-03-15T08:49:24Z</time>
</trkpt>
<trkpt lat="55.708897" lon="13.998998">
<ele>106.228</ele>
<time>2020-03-15T08:49:28Z</time>
</trkpt>
<trkpt lat="55.708908" lon="13.998992">
<ele>106.228</ele>
<time>2020-03-15T08:49:30Z</time>
</trkpt>
<trkpt lat="55.708909" lon="13.998987">
<ele>106.228</ele>
<time>2020-03-15T08:49:31Z</time>
</trkpt>
<trkpt lat="55.708910" lon="13.998982">
<ele>106.228</ele>
<time>2020-03-15T08:49:32Z</time>
</trkpt>
<trkpt lat="55.708911" lon="13.998980">
<ele>106.228</ele>
<time>2020-03-15T08:49:33Z</time>
</trkpt>
<trkpt lat="55.708913" lon="13.998972">
<ele>108.228</ele>
<time>2020-03-15T08:49:34Z</time>
</trkpt>
<trkpt lat="55.708918" lon="13.998959">
<ele>107.228</ele>
<time>2020-03-15T08:49:36Z</time>
</trkpt>
<trkpt lat="55.708919" lon="13.998953">
<ele>107.228</ele>
<time>2020-03-15T08:49:37Z</time>
</trkpt>
<trkpt lat="55.708920" lon="13.998949">
<ele>107.228</ele>
<time>2020-03-15T08:49:38Z</time>
</trkpt>
<trkpt lat="55.708920" lon="13.998945">
<ele>107.228</ele>
<time>2020-03-15T08:49:39Z</time>
</trkpt>
<trkpt lat="55.708922" lon="13.998938">
<ele>107.228</ele>
<time>2020-03-15T08:49:40Z</time>
</trkpt>
<trkpt lat="55.708925" lon="13.998928">
<ele>108.228</ele>
<time>2020-03-15T08:49:41Z</time>
</trkpt>
<trkpt lat="55.708939" lon="13.998895">
<ele>108.228</ele>
<time>2020-03-15T08:49:44Z</time>
</trkpt>
<trkpt lat="55.708943" lon="13.998881">
<ele>108.228</ele>
<time>2020-03-15T08:49:45Z</time>
</trkpt>
<trkpt lat="55.708946" lon="13.998868">
<ele>107.228</ele>
<time>2020-03-15T08:49:46Z</time>
</trkpt>
<trkpt lat="55.708951" lon="13.998833">
<ele>106.228</ele>
<time>2020-03-15T08:49:48Z</time>
</trkpt>
<trkpt lat="55.708956" lon="13.998806">
<ele>105.228</ele>
<time>2020-03-15T08:49:50Z</time>
</trkpt>
<trkpt lat="55.708962" lon="13.998786">
<ele>106.228</ele>
<time>2020-03-15T08:49:51Z</time>
</trkpt>
<trkpt lat="55.708965" lon="13.998780">
<ele>106.228</ele>
<time>2020-03-15T08:49:51Z</time>
</trkpt>
<trkpt lat="55.708972" lon="13.998740">
<ele>106.228</ele>
<time>2020-03-15T08:49:53Z</time>
</trkpt>
<trkpt lat="55.708972" lon="13.998727">
<ele>107.228</ele>
<time>2020-03-15T08:49:54Z</time>
</trkpt>
<trkpt lat="55.708974" lon="13.998718">
<ele>107.228</ele>
<time>2020-03-15T08:49:55Z</time>
</trkpt>
<trkpt lat="55.708978" lon="13.998708">
<ele>107.228</ele>
<time>2020-03-15T08:49:56Z</time>
</trkpt>
<trkpt lat="55.708982" lon="13.998706">
<ele>107.228</ele>
<time>2020-03-15T08:49:56Z</time>
</trkpt>
<trkpt lat="55.708991" lon="13.998701">
<ele>107.228</ele>
<time>2020-03-15T08:49:58Z</time>
</trkpt>
<trkpt lat="55.708992" lon="13.998696">
<ele>107.228</ele>
<time>2020-03-15T08:49:59Z</time>
</trkpt>
<trkpt lat="55.708995" lon="13.998695">
<ele>107.228</ele>
<time>2020-03-15T08:50:00Z</time>
</trkpt>
<trkpt lat="55.708999" lon="13.998699">
<ele>106.228</ele>
<time>2020-03-15T08:50:01Z</time>
</trkpt>
<trkpt lat="55.709000" lon="13.998700">
<ele>106.228</ele>
<time>2020-03-15T08:50:01Z</time>
</trkpt>
<trkpt lat="55.709006" lon="13.998712">
<ele>106.228</ele>
<time>2020-03-15T08:50:03Z</time>
</trkpt>
<trkpt lat="55.709008" lon="13.998715">
<ele>107.228</ele>
<time>2020-03-15T08:50:04Z</time>
</trkpt>
<trkpt lat="55.709008" lon="13.998713">
<ele>107.228</ele>
<time>2020-03-15T08:50:05Z</time>
</trkpt>
<trkpt lat="55.709010" lon="13.998708">
<ele>107.228</ele>
<time>2020-03-15T08:50:06Z</time>
</trkpt>
<trkpt lat="55.709012" lon="13.998704">
<ele>107.228</ele>
<time>2020-03-15T08:50:06Z</time>
</trkpt>
<trkpt lat="55.709016" lon="13.998692">
<ele>105.228</ele>
<time>2020-03-15T08:50:08Z</time>
</trkpt>
<trkpt lat="55.709020" lon="13.998681">
<ele>105.228</ele>
<time>2020-03-15T08:50:09Z</time>
</trkpt>
<trkpt lat="55.709023" lon="13.998669">
<ele>105.228</ele>
<time>2020-03-15T08:50:10Z</time>
</trkpt>
<trkpt lat="55.709025" lon="13.998658">
<ele>105.228</ele>
<time>2020-03-15T08:50:11Z</time>
</trkpt>
<trkpt lat="55.709029" lon="13.998640">
<ele>104.228</ele>
<time>2020-03-15T08:50:13Z</time>
</trkpt>
<trkpt lat="55.709033" lon="13.998640">
<ele>104.228</ele>
<time>2020-03-15T08:50:14Z</time>
</trkpt>
<trkpt lat="55.709036" lon="13.998640">
<ele>104.228</ele>
<time>2020-03-15T08:50:15Z</time>
</trkpt>
<trkpt lat="55.709049" lon="13.998641">
<ele>102.228</ele>
<time>2020-03-15T08:50:16Z</time>
</trkpt>
<trkpt lat="55.709047" lon="13.998640">
<ele>102.228</ele>
<time>2020-03-15T08:50:18Z</time>
</trkpt>
<trkpt lat="55.709048" lon="13.998638">
<ele>102.228</ele>
<time>2020-03-15T08:50:19Z</time>
</trkpt>
<trkpt lat="55.709044" lon="13.998634">
<ele>102.228</ele>
<time>2020-03-15T08:50:24Z</time>
</trkpt>
<trkpt lat="55.709042" lon="13.998634">
<ele>102.228</ele>
<time>2020-03-15T08:50:26Z</time>
</trkpt>
<trkpt lat="55.709042" lon="13.998634">
<ele>102.228</ele>
<time>2020-03-15T08:50:26Z</time>
</trkpt>
<trkpt lat="55.709041" lon="13.998637">
<ele>102.228</ele>
<time>2020-03-15T08:50:28Z</time>
</trkpt>
<trkpt lat="55.709044" lon="13.998641">
<ele>101.228</ele>
<time>2020-03-15T08:50:29Z</time>
</trkpt>
<trkpt lat="55.709047" lon="13.998645">
<ele>101.228</ele>
<time>2020-03-15T08:50:30Z</time>
</trkpt>
<trkpt lat="55.709046" lon="13.998648">
<ele>100.228</ele>
<time>2020-03-15T08:50:31Z</time>
</trkpt>
<trkpt lat="55.709049" lon="13.998649">
<ele>100.228</ele>
<time>2020-03-15T08:50:31Z</time>
</trkpt>
<trkpt lat="55.709057" lon="13.998643">
<ele>99.228</ele>
<time>2020-03-15T08:50:33Z</time>
</trkpt>
<trkpt lat="55.709062" lon="13.998634">
<ele>99.228</ele>
<time>2020-03-15T08:50:34Z</time>
</trkpt>
<trkpt lat="55.709070" lon="13.998604">
<ele>99.228</ele>
<time>2020-03-15T08:50:36Z</time>
</trkpt>
<trkpt lat="55.709073" lon="13.998597">
<ele>99.227</ele>
<time>2020-03-15T08:50:36Z</time>
</trkpt>
<trkpt lat="55.709074" lon="13.998577">
<ele>99.227</ele>
<time>2020-03-15T08:50:39Z</time>
</trkpt>
<trkpt lat="55.709075" lon="13.998570">
<ele>99.227</ele>
<time>2020-03-15T08:50:40Z</time>
</trkpt>
<trkpt lat="55.709078" lon="13.998556">
<ele>100.227</ele>
<time>2020-03-15T08:50:41Z</time>
</trkpt>
<trkpt lat="55.709088" lon="13.998528">
<ele>100.227</ele>
<time>2020-03-15T08:50:43Z</time>
</trkpt>
<trkpt lat="55.709090" lon="13.998516">
<ele>100.227</ele>
<time>2020-03-15T08:50:44Z</time>
</trkpt>
<trkpt lat="55.709090" lon="13.998507">
<ele>100.227</ele>
<time>2020-03-15T08:50:45Z</time>
</trkpt>
<trkpt lat="55.709090" lon="13.998492">
<ele>100.227</ele>
<time>2020-03-15T08:50:46Z</time>
</trkpt>
<trkpt lat="55.709091" lon="13.998470">
<ele>100.227</ele>
<time>2020-03-15T08:50:48Z</time>
</trkpt>
<trkpt lat="55.709088" lon="13.998428">
<ele>100.227</ele>
<time>2020-03-15T08:50:51Z</time>
</trkpt>
<trkpt lat="55.709086" lon="13.998419">
<ele>100.227</ele>
<time>2020-03-15T08:50:52Z</time>
</trkpt>
<trkpt lat="55.709079" lon="13.998404">
<ele>100.227</ele>
<time>2020-03-15T08:50:53Z</time>
</trkpt>
<trkpt lat="55.709078" lon="13.998390">
<ele>100.227</ele>
<time>2020-03-15T08:50:54Z</time>
</trkpt>
<trkpt lat="55.709077" lon="13.998379">
<ele>100.227</ele>
<time>2020-03-15T08:50:55Z</time>
</trkpt>
<trkpt lat="55.709078" lon="13.998369">
<ele>100.227</ele>
<time>2020-03-15T08:50:56Z</time>
</trkpt>
<trkpt lat="55.709078" lon="13.998357">
<ele>100.227</ele>
<time>2020-03-15T08:50:57Z</time>
</trkpt>
<trkpt lat="55.709076" lon="13.998344">
<ele>99.227</ele>
<time>2020-03-15T08:50:58Z</time>
</trkpt>
<trkpt lat="55.709077" lon="13.998328">
<ele>99.227</ele>
<time>2020-03-15T08:50:59Z</time>
</trkpt>
<trkpt lat="55.709072" lon="13.998317">
<ele>98.227</ele>
<time>2020-03-15T08:51:00Z</time>
</trkpt>
<trkpt lat="55.709066" lon="13.998307">
<ele>99.227</ele>
<time>2020-03-15T08:51:01Z</time>
</trkpt>
<trkpt lat="55.709045" lon="13.998291">
<ele>99.227</ele>
<time>2020-03-15T08:51:03Z</time>
</trkpt>
<trkpt lat="55.709038" lon="13.998282">
<ele>99.227</ele>
<time>2020-03-15T08:51:04Z</time>
</trkpt>
<trkpt lat="55.709021" lon="13.998267">
<ele>100.227</ele>
<time>2020-03-15T08:51:06Z</time>
</trkpt>
<trkpt lat="55.709015" lon="13.998253">
<ele>100.227</ele>
<time>2020-03-15T08:51:07Z</time>
</trkpt>
<trkpt lat="55.709005" lon="13.998218">
<ele>100.227</ele>
<time>2020-03-15T08:51:09Z</time>
</trkpt>
<trkpt lat="55.708998" lon="13.998200">
<ele>100.227</ele>
<time>2020-03-15T08:51:10Z</time>
</trkpt>
<trkpt lat="55.708991" lon="13.998187">
<ele>101.227</ele>
<time>2020-03-15T08:51:11Z</time>
</trkpt>
<trkpt lat="55.708973" lon="13.998157">
<ele>100.227</ele>
<time>2020-03-15T08:51:14Z</time>
</trkpt>
<trkpt lat="55.708967" lon="13.998151">
<ele>100.227</ele>
<time>2020-03-15T08:51:15Z</time>
</trkpt>
<trkpt lat="55.708963" lon="13.998147">
<ele>100.227</ele>
<time>2020-03-15T08:51:16Z</time>
</trkpt>
<trkpt lat="55.708962" lon="13.998145">
<ele>101.227</ele>
<time>2020-03-15T08:51:17Z</time>
</trkpt>
<trkpt lat="55.708962" lon="13.998143">
<ele>102.227</ele>
<time>2020-03-15T08:51:18Z</time>
</trkpt>
<trkpt lat="55.708960" lon="13.998143">
<ele>103.227</ele>
<time>2020-03-15T08:51:19Z</time>
</trkpt>
<trkpt lat="55.708956" lon="13.998144">
<ele>105.227</ele>
<time>2020-03-15T08:51:20Z</time>
</trkpt>
<trkpt lat="55.708948" lon="13.998149">
<ele>106.227</ele>
<time>2020-03-15T08:51:21Z</time>
</trkpt>
<trkpt lat="55.708936" lon="13.998158">
<ele>107.227</ele>
<time>2020-03-15T08:51:22Z</time>
</trkpt>
<trkpt lat="55.708916" lon="13.998171">
<ele>107.227</ele>
<time>2020-03-15T08:51:24Z</time>
</trkpt>
<trkpt lat="55.708913" lon="13.998177">
<ele>107.227</ele>
<time>2020-03-15T08:51:25Z</time>
</trkpt>
<trkpt lat="55.708911" lon="13.998180">
<ele>107.227</ele>
<time>2020-03-15T08:51:26Z</time>
</trkpt>
<trkpt lat="55.708906" lon="13.998180">
<ele>106.227</ele>
<time>2020-03-15T08:51:27Z</time>
</trkpt>
<trkpt lat="55.708902" lon="13.998178">
<ele>106.227</ele>
<time>2020-03-15T08:51:28Z</time>
</trkpt>
<trkpt lat="55.708899" lon="13.998176">
<ele>106.227</ele>
<time>2020-03-15T08:51:29Z</time>
</trkpt>
<trkpt lat="55.708895" lon="13.998177">
<ele>105.227</ele>
<time>2020-03-15T08:51:30Z</time>
</trkpt>
<trkpt lat="55.708889" lon="13.998177">
<ele>105.227</ele>
<time>2020-03-15T08:51:31Z</time>
</trkpt>
<trkpt lat="55.708882" lon="13.998176">
<ele>105.227</ele>
<time>2020-03-15T08:51:32Z</time>
</trkpt>
<trkpt lat="55.708870" lon="13.998170">
<ele>105.227</ele>
<time>2020-03-15T08:51:34Z</time>
</trkpt>
<trkpt lat="55.708866" lon="13.998163">
<ele>104.227</ele>
<time>2020-03-15T08:51:35Z</time>
</trkpt>
<trkpt lat="55.708855" lon="13.998150">
<ele>103.227</ele>
<time>2020-03-15T08:51:37Z</time>
</trkpt>
<trkpt lat="55.708849" lon="13.998146">
<ele>103.227</ele>
<time>2020-03-15T08:51:38Z</time>
</trkpt>
<trkpt lat="55.708843" lon="13.998140">
<ele>102.227</ele>
<time>2020-03-15T08:51:39Z</time>
</trkpt>
<trkpt lat="55.708836" lon="13.998131">
<ele>102.227</ele>
<time>2020-03-15T08:51:40Z</time>
</trkpt>
<trkpt lat="55.708834" lon="13.998128">
<ele>101.227</ele>
<time>2020-03-15T08:51:41Z</time>
</trkpt>
<trkpt lat="55.708830" lon="13.998126">
<ele>101.227</ele>
<time>2020-03-15T08:51:42Z</time>
</trkpt>
<trkpt lat="55.708825" lon="13.998126">
<ele>101.227</ele>
<time>2020-03-15T08:51:43Z</time>
</trkpt>
<trkpt lat="55.708824" lon="13.998129">
<ele>100.227</ele>
<time>2020-03-15T08:51:44Z</time>
</trkpt>
<trkpt lat="55.708830" lon="13.998132">
<ele>99.227</ele>
<time>2020-03-15T08:51:45Z</time>
</trkpt>
<trkpt lat="55.708840" lon="13.998131">
<ele>98.227</ele>
<time>2020-03-15T08:51:46Z</time>
</trkpt>
<trkpt lat="55.708847" lon="13.998131">
<ele>97.227</ele>
<time>2020-03-15T08:51:47Z</time>
</trkpt>
<trkpt lat="55.708859" lon="13.998136">
<ele>95.227</ele>
<time>2020-03-15T08:51:48Z</time>
</trkpt>
<trkpt lat="55.708867" lon="13.998151">
<ele>95.227</ele>
<time>2020-03-15T08:51:50Z</time>
</trkpt>
<trkpt lat="55.708869" lon="13.998157">
<ele>95.227</ele>
<time>2020-03-15T08:51:51Z</time>
</trkpt>
<trkpt lat="55.708869" lon="13.998164">
<ele>95.227</ele>
<time>2020-03-15T08:51:52Z</time>
</trkpt>
<trkpt lat="55.708862" lon="13.998166">
<ele>95.227</ele>
<time>2020-03-15T08:51:53Z</time>
</trkpt>
<trkpt lat="55.708855" lon="13.998163">
<ele>94.227</ele>
<time>2020-03-15T08:51:54Z</time>
</trkpt>
<trkpt lat="55.708852" lon="13.998157">
<ele>94.227</ele>
<time>2020-03-15T08:51:55Z</time>
</trkpt>
<trkpt lat="55.708850" lon="13.998147">
<ele>93.227</ele>
<time>2020-03-15T08:51:56Z</time>
</trkpt>
<trkpt lat="55.708845" lon="13.998139">
<ele>94.227</ele>
<time>2020-03-15T08:51:57Z</time>
</trkpt>
<trkpt lat="55.708844" lon="13.998130">
<ele>93.227</ele>
<time>2020-03-15T08:51:58Z</time>
</trkpt>
<trkpt lat="55.708843" lon="13.998120">
<ele>93.227</ele>
<time>2020-03-15T08:51:59Z</time>
</trkpt>
<trkpt lat="55.708839" lon="13.998107">
<ele>92.227</ele>
<time>2020-03-15T08:52:00Z</time>
</trkpt>
<trkpt lat="55.708837" lon="13.998095">
<ele>92.227</ele>
<time>2020-03-15T08:52:01Z</time>
</trkpt>
<trkpt lat="55.708838" lon="13.998084">
<ele>91.227</ele>
<time>2020-03-15T08:52:02Z</time>
</trkpt>
<trkpt lat="55.708841" lon="13.998080">
<ele>90.227</ele>
<time>2020-03-15T08:52:03Z</time>
</trkpt>
<trkpt lat="55.708844" lon="13.998078">
<ele>89.227</ele>
<time>2020-03-15T08:52:04Z</time>
</trkpt>
<trkpt lat="55.708847" lon="13.998079">
<ele>89.227</ele>
<time>2020-03-15T08:52:05Z</time>
</trkpt>
<trkpt lat="55.708848" lon="13.998087">
<ele>88.227</ele>
<time>2020-03-15T08:52:06Z</time>
</trkpt>
<trkpt lat="55.708851" lon="13.998102">
<ele>87.227</ele>
<time>2020-03-15T08:52:09Z</time>
</trkpt>
<trkpt lat="55.708853" lon="13.998098">
<ele>87.227</ele>
<time>2020-03-15T08:52:10Z</time>
</trkpt>
<trkpt lat="55.708852" lon="13.998092">
<ele>87.227</ele>
<time>2020-03-15T08:52:11Z</time>
</trkpt>
<trkpt lat="55.708845" lon="13.998081">
<ele>87.227</ele>
<time>2020-03-15T08:52:12Z</time>
</trkpt>
<trkpt lat="55.708841" lon="13.998064">
<ele>87.227</ele>
<time>2020-03-15T08:52:13Z</time>
</trkpt>
<trkpt lat="55.708831" lon="13.998032">
<ele>87.227</ele>
<time>2020-03-15T08:52:15Z</time>
</trkpt>
<trkpt lat="55.708825" lon="13.998018">
<ele>88.227</ele>
<time>2020-03-15T08:52:16Z</time>
</trkpt>
<trkpt lat="55.708820" lon="13.998003">
<ele>88.227</ele>
<time>2020-03-15T08:52:17Z</time>
</trkpt>
<trkpt lat="55.708818" lon="13.997995">
<ele>88.227</ele>
<time>2020-03-15T08:52:18Z</time>
</trkpt>
<trkpt lat="55.708817" lon="13.997972">
<ele>88.227</ele>
<time>2020-03-15T08:52:19Z</time>
</trkpt>
<trkpt lat="55.708814" lon="13.997949">
<ele>88.227</ele>
<time>2020-03-15T08:52:20Z</time>
</trkpt>
<trkpt lat="55.708812" lon="13.997927">
<ele>86.227</ele>
<time>2020-03-15T08:52:21Z</time>
</trkpt>
<trkpt lat="55.708807" lon="13.997910">
<ele>86.227</ele>
<time>2020-03-15T08:52:22Z</time>
</trkpt>
<trkpt lat="55.708806" lon="13.997895">
<ele>86.227</ele>
<time>2020-03-15T08:52:24Z</time>
</trkpt>
<trkpt lat="55.708800" lon="13.997887">
<ele>87.227</ele>
<time>2020-03-15T08:52:25Z</time>
</trkpt>
<trkpt lat="55.708792" lon="13.997867">
<ele>87.227</ele>
<time>2020-03-15T08:52:26Z</time>
</trkpt>
<trkpt lat="55.708788" lon="13.997842">
<ele>87.227</ele>
<time>2020-03-15T08:52:27Z</time>
</trkpt>
<trkpt lat="55.708785" lon="13.997835">
<ele>87.227</ele>
<time>2020-03-15T08:52:27Z</time>
</trkpt>
<trkpt lat="55.708791" lon="13.997687">
<ele>87.227</ele>
<time>2020-03-15T08:52:32Z</time>
</trkpt>
<trkpt lat="55.708790" lon="13.997676">
<ele>87.227</ele>
<time>2020-03-15T08:52:32Z</time>
</trkpt>
<trkpt lat="55.708793" lon="13.997600">
<ele>88.226</ele>
<time>2020-03-15T08:52:35Z</time>
</trkpt>
<trkpt lat="55.708796" lon="13.997576">
<ele>88.226</ele>
<time>2020-03-15T08:52:36Z</time>
</trkpt>
<trkpt lat="55.708799" lon="13.997554">
<ele>88.226</ele>
<time>2020-03-15T08:52:37Z</time>
</trkpt>
<trkpt lat="55.708800" lon="13.997542">
<ele>88.226</ele>
<time>2020-03-15T08:52:37Z</time>
</trkpt>
<trkpt lat="55.708799" lon="13.997514">
<ele>88.226</ele>
<time>2020-03-15T08:52:39Z</time>
</trkpt>
<trkpt lat="55.708774" lon="13.997315">
<ele>88.226</ele>
<time>2020-03-15T08:52:49Z</time>
</trkpt>
<trkpt lat="55.708769" lon="13.997075">
<ele>88.226</ele>
<time>2020-03-15T08:53:00Z</time>
</trkpt>
<trkpt lat="55.708773" lon="13.997017">
<ele>90.226</ele>
<time>2020-03-15T08:53:02Z</time>
</trkpt>
<trkpt lat="55.708799" lon="13.996841">
<ele>91.226</ele>
<time>2020-03-15T08:53:07Z</time>
</trkpt>
<trkpt lat="55.708802" lon="13.996795">
<ele>90.226</ele>
<time>2020-03-15T08:53:09Z</time>
</trkpt>
<trkpt lat="55.708816" lon="13.996682">
<ele>91.225</ele>
<time>2020-03-15T08:53:12Z</time>
</trkpt>
<trkpt lat="55.708849" lon="13.996583">
<ele>90.225</ele>
<time>2020-03-15T08:53:19Z</time>
</trkpt>
<trkpt lat="55.708865" lon="13.996501">
<ele>90.225</ele>
<time>2020-03-15T08:53:24Z</time>
</trkpt>
<trkpt lat="55.708867" lon="13.996487">
<ele>90.225</ele>
<time>2020-03-15T08:53:25Z</time>
</trkpt>
<trkpt lat="55.708868" lon="13.996473">
<ele>90.225</ele>
<time>2020-03-15T08:53:26Z</time>
</trkpt>
<trkpt lat="55.708865" lon="13.996458">
<ele>89.225</ele>
<time>2020-03-15T08:53:27Z</time>
</trkpt>
<trkpt lat="55.708866" lon="13.996447">
<ele>89.225</ele>
<time>2020-03-15T08:53:27Z</time>
</trkpt>
<trkpt lat="55.708863" lon="13.996388">
<ele>89.225</ele>
<time>2020-03-15T08:53:31Z</time>
</trkpt>
<trkpt lat="55.708866" lon="13.996350">
<ele>89.225</ele>
<time>2020-03-15T08:53:32Z</time>
</trkpt>
<trkpt lat="55.708870" lon="13.996332">
<ele>89.225</ele>
<time>2020-03-15T08:53:34Z</time>
</trkpt>
<trkpt lat="55.708900" lon="13.996239">
<ele>87.225</ele>
<time>2020-03-15T08:53:39Z</time>
</trkpt>
<trkpt lat="55.708921" lon="13.996151">
<ele>87.225</ele>
<time>2020-03-15T08:53:44Z</time>
</trkpt>
<trkpt lat="55.708938" lon="13.996053">
<ele>86.224</ele>
<time>2020-03-15T08:53:49Z</time>
</trkpt>
<trkpt lat="55.708943" lon="13.996033">
<ele>86.224</ele>
<time>2020-03-15T08:53:50Z</time>
</trkpt>
<trkpt lat="55.708949" lon="13.996017">
<ele>86.224</ele>
<time>2020-03-15T08:53:51Z</time>
</trkpt>
<trkpt lat="55.708957" lon="13.996002">
<ele>86.224</ele>
<time>2020-03-15T08:53:52Z</time>
</trkpt>
<trkpt lat="55.708962" lon="13.995990">
<ele>86.224</ele>
<time>2020-03-15T08:53:52Z</time>
</trkpt>
<trkpt lat="55.708975" lon="13.995978">
<ele>86.224</ele>
<time>2020-03-15T08:53:54Z</time>
</trkpt>
<trkpt lat="55.708993" lon="13.995952">
<ele>86.224</ele>
<time>2020-03-15T08:53:56Z</time>
</trkpt>
<trkpt lat="55.709002" lon="13.995940">
<ele>86.224</ele>
<time>2020-03-15T08:53:57Z</time>
</trkpt>
<trkpt lat="55.709009" lon="13.995930">
<ele>86.224</ele>
<time>2020-03-15T08:53:57Z</time>
</trkpt>
<trkpt lat="55.709023" lon="13.995918">
<ele>86.224</ele>
<time>2020-03-15T08:53:59Z</time>
</trkpt>
<trkpt lat="55.709056" lon="13.995851">
<ele>86.224</ele>
<time>2020-03-15T08:54:02Z</time>
</trkpt>
<trkpt lat="55.709078" lon="13.995820">
<ele>87.224</ele>
<time>2020-03-15T08:54:05Z</time>
</trkpt>
<trkpt lat="55.709088" lon="13.995812">
<ele>87.224</ele>
<time>2020-03-15T08:54:06Z</time>
</trkpt>
<trkpt lat="55.709100" lon="13.995807">
<ele>87.224</ele>
<time>2020-03-15T08:54:07Z</time>
</trkpt>
<trkpt lat="55.709108" lon="13.995801">
<ele>87.224</ele>
<time>2020-03-15T08:54:07Z</time>
</trkpt>
<trkpt lat="55.709199" lon="13.995816">
<ele>86.224</ele>
<time>2020-03-15T08:54:15Z</time>
</trkpt>
<trkpt lat="55.709203" lon="13.995818">
<ele>84.224</ele>
<time>2020-03-15T08:54:16Z</time>
</trkpt>
<trkpt lat="55.709256" lon="13.995785">
<ele>85.224</ele>
<time>2020-03-15T08:54:22Z</time>
</trkpt>
<trkpt lat="55.709477" lon="13.995547">
<ele>88.223</ele>
<time>2020-03-15T08:54:43Z</time>
</trkpt>
<trkpt lat="55.709520" lon="13.995461">
<ele>88.223</ele>
<time>2020-03-15T08:54:49Z</time>
</trkpt>
<trkpt lat="55.709530" lon="13.995447">
<ele>88.223</ele>
<time>2020-03-15T08:54:50Z</time>
</trkpt>
<trkpt lat="55.709550" lon="13.995410">
<ele>88.223</ele>
<time>2020-03-15T08:54:53Z</time>
</trkpt>
<trkpt lat="55.709554" lon="13.995399">
<ele>88.223</ele>
<time>2020-03-15T08:54:54Z</time>
</trkpt>
<trkpt lat="55.709588" lon="13.995338">
<ele>89.223</ele>
<time>2020-03-15T08:54:59Z</time>
</trkpt>
<trkpt lat="55.709596" lon="13.995327">
<ele>89.223</ele>
<time>2020-03-15T08:55:00Z</time>
</trkpt>
<trkpt lat="55.709643" lon="13.995283">
<ele>88.223</ele>
<time>2020-03-15T08:55:04Z</time>
</trkpt>
<trkpt lat="55.709668" lon="13.995249">
<ele>88.223</ele>
<time>2020-03-15T08:55:07Z</time>
</trkpt>
<trkpt lat="55.709677" lon="13.995239">
<ele>88.223</ele>
<time>2020-03-15T08:55:08Z</time>
</trkpt>
<trkpt lat="55.709698" lon="13.995222">
<ele>87.223</ele>
<time>2020-03-15T08:55:10Z</time>
</trkpt>
<trkpt lat="55.709708" lon="13.995215">
<ele>87.223</ele>
<time>2020-03-15T08:55:11Z</time>
</trkpt>
<trkpt lat="55.709750" lon="13.995207">
<ele>88.223</ele>
<time>2020-03-15T08:55:15Z</time>
</trkpt>
<trkpt lat="55.709762" lon="13.995209">
<ele>88.223</ele>
<time>2020-03-15T08:55:16Z</time>
</trkpt>
<trkpt lat="55.709786" lon="13.995207">
<ele>88.223</ele>
<time>2020-03-15T08:55:18Z</time>
</trkpt>
<trkpt lat="55.709817" lon="13.995201">
<ele>88.223</ele>
<time>2020-03-15T08:55:21Z</time>
</trkpt>
<trkpt lat="55.709852" lon="13.995179">
<ele>89.223</ele>
<time>2020-03-15T08:55:24Z</time>
</trkpt>
<trkpt lat="55.709864" lon="13.995175">
<ele>89.223</ele>
<time>2020-03-15T08:55:25Z</time>
</trkpt>
<trkpt lat="55.709875" lon="13.995173">
<ele>89.223</ele>
<time>2020-03-15T08:55:26Z</time>
</trkpt>
<trkpt lat="55.709887" lon="13.995173">
<ele>89.223</ele>
<time>2020-03-15T08:55:27Z</time>
</trkpt>
<trkpt lat="55.709908" lon="13.995177">
<ele>89.223</ele>
<time>2020-03-15T08:55:29Z</time>
</trkpt>
<trkpt lat="55.709913" lon="13.995180">
<ele>89.223</ele>
<time>2020-03-15T08:55:30Z</time>
</trkpt>
<trkpt lat="55.709918" lon="13.995180">
<ele>89.223</ele>
<time>2020-03-15T08:55:31Z</time>
</trkpt>
<trkpt lat="55.709922" lon="13.995181">
<ele>89.223</ele>
<time>2020-03-15T08:55:32Z</time>
</trkpt>
<trkpt lat="55.709938" lon="13.995178">
<ele>88.222</ele>
<time>2020-03-15T08:55:34Z</time>
</trkpt>
<trkpt lat="55.709949" lon="13.995174">
<ele>87.222</ele>
<time>2020-03-15T08:55:35Z</time>
</trkpt>
<trkpt lat="55.710146" lon="13.995153">
<ele>88.222</ele>
<time>2020-03-15T08:55:48Z</time>
</trkpt>
<trkpt lat="55.710161" lon="13.995147">
<ele>87.222</ele>
<time>2020-03-15T08:55:50Z</time>
</trkpt>
<trkpt lat="55.710173" lon="13.995139">
<ele>87.222</ele>
<time>2020-03-15T08:55:51Z</time>
</trkpt>
<trkpt lat="55.710186" lon="13.995128">
<ele>87.222</ele>
<time>2020-03-15T08:55:52Z</time>
</trkpt>
<trkpt lat="55.710197" lon="13.995113">
<ele>87.222</ele>
<time>2020-03-15T08:55:53Z</time>
</trkpt>
<trkpt lat="55.710208" lon="13.995095">
<ele>88.222</ele>
<time>2020-03-15T08:55:54Z</time>
</trkpt>
<trkpt lat="55.710217" lon="13.995084">
<ele>88.222</ele>
<time>2020-03-15T08:55:55Z</time>
</trkpt>
<trkpt lat="55.710227" lon="13.995076">
<ele>88.222</ele>
<time>2020-03-15T08:55:56Z</time>
</trkpt>
<trkpt lat="55.710237" lon="13.995068">
<ele>88.222</ele>
<time>2020-03-15T08:55:57Z</time>
</trkpt>
<trkpt lat="55.710247" lon="13.995064">
<ele>88.222</ele>
<time>2020-03-15T08:55:58Z</time>
</trkpt>
<trkpt lat="55.710366" lon="13.995064">
<ele>91.222</ele>
<time>2020-03-15T08:56:10Z</time>
</trkpt>
<trkpt lat="55.710390" lon="13.995059">
<ele>91.222</ele>
<time>2020-03-15T08:56:12Z</time>
</trkpt>
<trkpt lat="55.710448" lon="13.995038">
<ele>92.222</ele>
<time>2020-03-15T08:56:17Z</time>
</trkpt>
<trkpt lat="55.710483" lon="13.995038">
<ele>90.222</ele>
<time>2020-03-15T08:56:20Z</time>
</trkpt>
<trkpt lat="55.710496" lon="13.995039">
<ele>90.222</ele>
<time>2020-03-15T08:56:21Z</time>
</trkpt>
<trkpt lat="55.710519" lon="13.995045">
<ele>89.222</ele>
<time>2020-03-15T08:56:23Z</time>
</trkpt>
<trkpt lat="55.710530" lon="13.995049">
<ele>89.222</ele>
<time>2020-03-15T08:56:24Z</time>
</trkpt>
<trkpt lat="55.710543" lon="13.995049">
<ele>89.222</ele>
<time>2020-03-15T08:56:25Z</time>
</trkpt>
<trkpt lat="55.710567" lon="13.995053">
<ele>89.222</ele>
<time>2020-03-15T08:56:27Z</time>
</trkpt>
<trkpt lat="55.710589" lon="13.995052">
<ele>90.222</ele>
<time>2020-03-15T08:56:29Z</time>
</trkpt>
<trkpt lat="55.710600" lon="13.995048">
<ele>90.222</ele>
<time>2020-03-15T08:56:30Z</time>
</trkpt>
<trkpt lat="55.710611" lon="13.995043">
<ele>90.222</ele>
<time>2020-03-15T08:56:31Z</time>
</trkpt>
<trkpt lat="55.710621" lon="13.995041">
<ele>90.222</ele>
<time>2020-03-15T08:56:32Z</time>
</trkpt>
<trkpt lat="55.710638" lon="13.995044">
<ele>90.222</ele>
<time>2020-03-15T08:56:33Z</time>
</trkpt>
<trkpt lat="55.710758" lon="13.995029">
<ele>91.222</ele>
<time>2020-03-15T08:56:43Z</time>
</trkpt>
<trkpt lat="55.710774" lon="13.995034">
<ele>90.222</ele>
<time>2020-03-15T08:56:45Z</time>
</trkpt>
<trkpt lat="55.710820" lon="13.995035">
<ele>90.221</ele>
<time>2020-03-15T08:56:48Z</time>
</trkpt>
<trkpt lat="55.710835" lon="13.995040">
<ele>90.222</ele>
<time>2020-03-15T08:56:50Z</time>
</trkpt>
<trkpt lat="55.710870" lon="13.995043">
<ele>89.221</ele>
<time>2020-03-15T08:56:53Z</time>
</trkpt>
<trkpt lat="55.710897" lon="13.995042">
<ele>89.221</ele>
<time>2020-03-15T08:56:56Z</time>
</trkpt>
<trkpt lat="55.710905" lon="13.995044">
<ele>89.221</ele>
<time>2020-03-15T08:56:57Z</time>
</trkpt>
<trkpt lat="55.710918" lon="13.995050">
<ele>89.221</ele>
<time>2020-03-15T08:56:58Z</time>
</trkpt>
<trkpt lat="55.710949" lon="13.995062">
<ele>89.221</ele>
<time>2020-03-15T08:57:02Z</time>
</trkpt>
<trkpt lat="55.710985" lon="13.995058">
<ele>89.221</ele>
<time>2020-03-15T08:57:05Z</time>
</trkpt>
<trkpt lat="55.711021" lon="13.995047">
<ele>87.221</ele>
<time>2020-03-15T08:57:08Z</time>
</trkpt>
<trkpt lat="55.711095" lon="13.995015">
<ele>86.221</ele>
<time>2020-03-15T08:57:17Z</time>
</trkpt>
<trkpt lat="55.711103" lon="13.995007">
<ele>87.221</ele>
<time>2020-03-15T08:57:18Z</time>
</trkpt>
<trkpt lat="55.711108" lon="13.994997">
<ele>88.221</ele>
<time>2020-03-15T08:57:20Z</time>
</trkpt>
<trkpt lat="55.711116" lon="13.994989">
<ele>88.221</ele>
<time>2020-03-15T08:57:21Z</time>
</trkpt>
<trkpt lat="55.711138" lon="13.994950">
<ele>89.221</ele>
<time>2020-03-15T08:57:23Z</time>
</trkpt>
<trkpt lat="55.711146" lon="13.994928">
<ele>90.221</ele>
<time>2020-03-15T08:57:25Z</time>
</trkpt>
<trkpt lat="55.711150" lon="13.994918">
<ele>90.221</ele>
<time>2020-03-15T08:57:26Z</time>
</trkpt>
<trkpt lat="55.711176" lon="13.994868">
<ele>89.221</ele>
<time>2020-03-15T08:57:28Z</time>
</trkpt>
<trkpt lat="55.711194" lon="13.994839">
<ele>90.221</ele>
<time>2020-03-15T08:57:30Z</time>
</trkpt>
<trkpt lat="55.711317" lon="13.994690">
<ele>90.221</ele>
<time>2020-03-15T08:57:39Z</time>
</trkpt>
<trkpt lat="55.711353" lon="13.994637">
<ele>91.221</ele>
<time>2020-03-15T08:57:42Z</time>
</trkpt>
<trkpt lat="55.711361" lon="13.994635">
<ele>91.221</ele>
<time>2020-03-15T08:57:43Z</time>
</trkpt>
<trkpt lat="55.711367" lon="13.994626">
<ele>91.221</ele>
<time>2020-03-15T08:57:44Z</time>
</trkpt>
<trkpt lat="55.711372" lon="13.994615">
<ele>91.220</ele>
<time>2020-03-15T08:57:45Z</time>
</trkpt>
<trkpt lat="55.711399" lon="13.994580">
<ele>93.220</ele>
<time>2020-03-15T08:57:49Z</time>
</trkpt>
<trkpt lat="55.711407" lon="13.994559">
<ele>93.220</ele>
<time>2020-03-15T08:57:50Z</time>
</trkpt>
<trkpt lat="55.711453" lon="13.994476">
<ele>96.220</ele>
<time>2020-03-15T08:57:55Z</time>
</trkpt>
<trkpt lat="55.711459" lon="13.994473">
<ele>96.220</ele>
<time>2020-03-15T08:57:56Z</time>
</trkpt>
<trkpt lat="55.711467" lon="13.994462">
<ele>96.220</ele>
<time>2020-03-15T08:57:57Z</time>
</trkpt>
<trkpt lat="55.711474" lon="13.994450">
<ele>96.220</ele>
<time>2020-03-15T08:57:58Z</time>
</trkpt>
<trkpt lat="55.711480" lon="13.994437">
<ele>96.220</ele>
<time>2020-03-15T08:57:59Z</time>
</trkpt>
<trkpt lat="55.711488" lon="13.994409">
<ele>97.220</ele>
<time>2020-03-15T08:58:01Z</time>
</trkpt>
<trkpt lat="55.711490" lon="13.994397">
<ele>97.220</ele>
<time>2020-03-15T08:58:02Z</time>
</trkpt>
<trkpt lat="55.711490" lon="13.994388">
<ele>98.220</ele>
<time>2020-03-15T08:58:03Z</time>
</trkpt>
<trkpt lat="55.711489" lon="13.994380">
<ele>98.220</ele>
<time>2020-03-15T08:58:04Z</time>
</trkpt>
<trkpt lat="55.711487" lon="13.994376">
<ele>97.220</ele>
<time>2020-03-15T08:58:05Z</time>
</trkpt>
<trkpt lat="55.711486" lon="13.994371">
<ele>97.220</ele>
<time>2020-03-15T08:58:06Z</time>
</trkpt>
<trkpt lat="55.711482" lon="13.994365">
<ele>96.220</ele>
<time>2020-03-15T08:58:07Z</time>
</trkpt>
<trkpt lat="55.711482" lon="13.994364">
<ele>96.220</ele>
<time>2020-03-15T08:58:08Z</time>
</trkpt>
<trkpt lat="55.711482" lon="13.994363">
<ele>96.220</ele>
<time>2020-03-15T08:58:08Z</time>
</trkpt>
<trkpt lat="55.711485" lon="13.994367">
<ele>95.220</ele>
<time>2020-03-15T08:58:10Z</time>
</trkpt>
<trkpt lat="55.711496" lon="13.994369">
<ele>95.220</ele>
<time>2020-03-15T08:58:12Z</time>
</trkpt>
<trkpt lat="55.711518" lon="13.994388">
<ele>95.220</ele>
<time>2020-03-15T08:58:18Z</time>
</trkpt>
<trkpt lat="55.711520" lon="13.994380">
<ele>94.220</ele>
<time>2020-03-15T08:58:19Z</time>
</trkpt>
<trkpt lat="55.711522" lon="13.994352">
<ele>94.220</ele>
<time>2020-03-15T08:58:21Z</time>
</trkpt>
<trkpt lat="55.711522" lon="13.994329">
<ele>93.220</ele>
<time>2020-03-15T08:58:24Z</time>
</trkpt>
<trkpt lat="55.711524" lon="13.994315">
<ele>94.220</ele>
<time>2020-03-15T08:58:25Z</time>
</trkpt>
<trkpt lat="55.711533" lon="13.994295">
<ele>93.220</ele>
<time>2020-03-15T08:58:27Z</time>
</trkpt>
<trkpt lat="55.711538" lon="13.994280">
<ele>94.220</ele>
<time>2020-03-15T08:58:28Z</time>
</trkpt>
<trkpt lat="55.711551" lon="13.994226">
<ele>93.220</ele>
<time>2020-03-15T08:58:31Z</time>
</trkpt>
<trkpt lat="55.711555" lon="13.994185">
<ele>93.220</ele>
<time>2020-03-15T08:58:33Z</time>
</trkpt>
<trkpt lat="55.711556" lon="13.994167">
<ele>94.220</ele>
<time>2020-03-15T08:58:34Z</time>
</trkpt>
<trkpt lat="55.711554" lon="13.994143">
<ele>94.220</ele>
<time>2020-03-15T08:58:35Z</time>
</trkpt>
<trkpt lat="55.711552" lon="13.994123">
<ele>94.220</ele>
<time>2020-03-15T08:58:36Z</time>
</trkpt>
<trkpt lat="55.711550" lon="13.994105">
<ele>94.220</ele>
<time>2020-03-15T08:58:37Z</time>
</trkpt>
<trkpt lat="55.711549" lon="13.994085">
<ele>94.220</ele>
<time>2020-03-15T08:58:38Z</time>
</trkpt>
<trkpt lat="55.711548" lon="13.994038">
<ele>93.220</ele>
<time>2020-03-15T08:58:40Z</time>
</trkpt>
<trkpt lat="55.711552" lon="13.994007">
<ele>94.220</ele>
<time>2020-03-15T08:58:42Z</time>
</trkpt>
<trkpt lat="55.711555" lon="13.994008">
<ele>93.220</ele>
<time>2020-03-15T08:58:43Z</time>
</trkpt>
<trkpt lat="55.711556" lon="13.993999">
<ele>93.220</ele>
<time>2020-03-15T08:58:44Z</time>
</trkpt>
<trkpt lat="55.711558" lon="13.993988">
<ele>93.220</ele>
<time>2020-03-15T08:58:45Z</time>
</trkpt>
<trkpt lat="55.711580" lon="13.993962">
<ele>92.220</ele>
<time>2020-03-15T08:58:48Z</time>
</trkpt>
<trkpt lat="55.711611" lon="13.993914">
<ele>92.219</ele>
<time>2020-03-15T08:58:51Z</time>
</trkpt>
<trkpt lat="55.711638" lon="13.993864">
<ele>93.219</ele>
<time>2020-03-15T08:58:54Z</time>
</trkpt>
<trkpt lat="55.711648" lon="13.993842">
<ele>93.219</ele>
<time>2020-03-15T08:58:55Z</time>
</trkpt>
<trkpt lat="55.711660" lon="13.993810">
<ele>93.219</ele>
<time>2020-03-15T08:58:57Z</time>
</trkpt>
<trkpt lat="55.711677" lon="13.993749">
<ele>93.219</ele>
<time>2020-03-15T08:59:00Z</time>
</trkpt>
<trkpt lat="55.711696" lon="13.993699">
<ele>93.219</ele>
<time>2020-03-15T08:59:03Z</time>
</trkpt>
<trkpt lat="55.711703" lon="13.993684">
<ele>93.219</ele>
<time>2020-03-15T08:59:04Z</time>
</trkpt>
<trkpt lat="55.711711" lon="13.993668">
<ele>93.219</ele>
<time>2020-03-15T08:59:05Z</time>
</trkpt>
<trkpt lat="55.711716" lon="13.993672">
<ele>93.219</ele>
<time>2020-03-15T08:59:06Z</time>
</trkpt>
<trkpt lat="55.711723" lon="13.993661">
<ele>93.219</ele>
<time>2020-03-15T08:59:07Z</time>
</trkpt>
<trkpt lat="55.711727" lon="13.993650">
<ele>93.219</ele>
<time>2020-03-15T08:59:08Z</time>
</trkpt>
<trkpt lat="55.711729" lon="13.993639">
<ele>93.219</ele>
<time>2020-03-15T08:59:09Z</time>
</trkpt>
<trkpt lat="55.711730" lon="13.993624">
<ele>93.219</ele>
<time>2020-03-15T08:59:10Z</time>
</trkpt>
<trkpt lat="55.711733" lon="13.993614">
<ele>93.219</ele>
<time>2020-03-15T08:59:11Z</time>
</trkpt>
<trkpt lat="55.711735" lon="13.993603">
<ele>93.219</ele>
<time>2020-03-15T08:59:12Z</time>
</trkpt>
<trkpt lat="55.711737" lon="13.993591">
<ele>93.219</ele>
<time>2020-03-15T08:59:13Z</time>
</trkpt>
<trkpt lat="55.711741" lon="13.993556">
<ele>94.219</ele>
<time>2020-03-15T08:59:15Z</time>
</trkpt>
<trkpt lat="55.711742" lon="13.993521">
<ele>94.219</ele>
<time>2020-03-15T08:59:17Z</time>
</trkpt>
<trkpt lat="55.711741" lon="13.993499">
<ele>94.219</ele>
<time>2020-03-15T08:59:18Z</time>
</trkpt>
<trkpt lat="55.711743" lon="13.993485">
<ele>94.219</ele>
<time>2020-03-15T08:59:19Z</time>
</trkpt>
<trkpt lat="55.711744" lon="13.993465">
<ele>95.219</ele>
<time>2020-03-15T08:59:20Z</time>
</trkpt>
<trkpt lat="55.711748" lon="13.993451">
<ele>95.219</ele>
<time>2020-03-15T08:59:21Z</time>
</trkpt>
<trkpt lat="55.711785" lon="13.993344">
<ele>94.219</ele>
<time>2020-03-15T08:59:28Z</time>
</trkpt>
<trkpt lat="55.711790" lon="13.993328">
<ele>94.219</ele>
<time>2020-03-15T08:59:29Z</time>
</trkpt>
<trkpt lat="55.711794" lon="13.993305">
<ele>94.219</ele>
<time>2020-03-15T08:59:30Z</time>
</trkpt>
<trkpt lat="55.711798" lon="13.993277">
<ele>93.219</ele>
<time>2020-03-15T08:59:32Z</time>
</trkpt>
<trkpt lat="55.711799" lon="13.993263">
<ele>93.219</ele>
<time>2020-03-15T08:59:33Z</time>
</trkpt>
<trkpt lat="55.711803" lon="13.993242">
<ele>93.219</ele>
<time>2020-03-15T08:59:34Z</time>
</trkpt>
<trkpt lat="55.711808" lon="13.993212">
<ele>93.218</ele>
<time>2020-03-15T08:59:35Z</time>
</trkpt>
<trkpt lat="55.711813" lon="13.993196">
<ele>93.218</ele>
<time>2020-03-15T08:59:36Z</time>
</trkpt>
<trkpt lat="55.711819" lon="13.993172">
<ele>93.218</ele>
<time>2020-03-15T08:59:37Z</time>
</trkpt>
<trkpt lat="55.711840" lon="13.993106">
<ele>92.218</ele>
<time>2020-03-15T08:59:40Z</time>
</trkpt>
<trkpt lat="55.711853" lon="13.993079">
<ele>91.218</ele>
<time>2020-03-15T08:59:42Z</time>
</trkpt>
<trkpt lat="55.711859" lon="13.993067">
<ele>91.218</ele>
<time>2020-03-15T08:59:43Z</time>
</trkpt>
<trkpt lat="55.711862" lon="13.993049">
<ele>90.218</ele>
<time>2020-03-15T08:59:44Z</time>
</trkpt>
<trkpt lat="55.711866" lon="13.992991">
<ele>91.218</ele>
<time>2020-03-15T08:59:47Z</time>
</trkpt>
<trkpt lat="55.711870" lon="13.992972">
<ele>90.218</ele>
<time>2020-03-15T08:59:48Z</time>
</trkpt>
<trkpt lat="55.711872" lon="13.992951">
<ele>90.218</ele>
<time>2020-03-15T08:59:49Z</time>
</trkpt>
<trkpt lat="55.711873" lon="13.992921">
<ele>89.218</ele>
<time>2020-03-15T08:59:50Z</time>
</trkpt>
<trkpt lat="55.711875" lon="13.992895">
<ele>89.218</ele>
<time>2020-03-15T08:59:51Z</time>
</trkpt>
<trkpt lat="55.711874" lon="13.992874">
<ele>89.218</ele>
<time>2020-03-15T08:59:52Z</time>
</trkpt>
<trkpt lat="55.711872" lon="13.992847">
<ele>90.218</ele>
<time>2020-03-15T08:59:53Z</time>
</trkpt>
<trkpt lat="55.711868" lon="13.992823">
<ele>89.218</ele>
<time>2020-03-15T08:59:54Z</time>
</trkpt>
<trkpt lat="55.711863" lon="13.992812">
<ele>89.218</ele>
<time>2020-03-15T08:59:55Z</time>
</trkpt>
<trkpt lat="55.711861" lon="13.992797">
<ele>89.218</ele>
<time>2020-03-15T08:59:56Z</time>
</trkpt>
<trkpt lat="55.711856" lon="13.992778">
<ele>90.218</ele>
<time>2020-03-15T08:59:57Z</time>
</trkpt>
<trkpt lat="55.711844" lon="13.992746">
<ele>89.218</ele>
<time>2020-03-15T08:59:59Z</time>
</trkpt>
<trkpt lat="55.711835" lon="13.992717">
<ele>90.218</ele>
<time>2020-03-15T09:00:00Z</time>
</trkpt>
<trkpt lat="55.711830" lon="13.992697">
<ele>89.218</ele>
<time>2020-03-15T09:00:01Z</time>
</trkpt>
<trkpt lat="55.711828" lon="13.992682">
<ele>90.218</ele>
<time>2020-03-15T09:00:02Z</time>
</trkpt>
<trkpt lat="55.711826" lon="13.992658">
<ele>90.218</ele>
<time>2020-03-15T09:00:03Z</time>
</trkpt>
<trkpt lat="55.711826" lon="13.992609">
<ele>89.218</ele>
<time>2020-03-15T09:00:05Z</time>
</trkpt>
<trkpt lat="55.711818" lon="13.992503">
<ele>90.218</ele>
<time>2020-03-15T09:00:12Z</time>
</trkpt>
<trkpt lat="55.711819" lon="13.992488">
<ele>90.218</ele>
<time>2020-03-15T09:00:13Z</time>
</trkpt>
<trkpt lat="55.711823" lon="13.992479">
<ele>91.218</ele>
<time>2020-03-15T09:00:14Z</time>
</trkpt>
<trkpt lat="55.711823" lon="13.992465">
<ele>91.218</ele>
<time>2020-03-15T09:00:15Z</time>
</trkpt>
<trkpt lat="55.711821" lon="13.992456">
<ele>91.218</ele>
<time>2020-03-15T09:00:16Z</time>
</trkpt>
<trkpt lat="55.711817" lon="13.992446">
<ele>91.218</ele>
<time>2020-03-15T09:00:17Z</time>
</trkpt>
<trkpt lat="55.711816" lon="13.992436">
<ele>91.218</ele>
<time>2020-03-15T09:00:18Z</time>
</trkpt>
<trkpt lat="55.711820" lon="13.992418">
<ele>91.218</ele>
<time>2020-03-15T09:00:19Z</time>
</trkpt>
<trkpt lat="55.711827" lon="13.992379">
<ele>91.217</ele>
<time>2020-03-15T09:00:21Z</time>
</trkpt>
<trkpt lat="55.711826" lon="13.992356">
<ele>91.217</ele>
<time>2020-03-15T09:00:23Z</time>
</trkpt>
<trkpt lat="55.711821" lon="13.992330">
<ele>93.217</ele>
<time>2020-03-15T09:00:24Z</time>
</trkpt>
<trkpt lat="55.711813" lon="13.992260">
<ele>93.217</ele>
<time>2020-03-15T09:00:26Z</time>
</trkpt>
<trkpt lat="55.711812" lon="13.992235">
<ele>94.217</ele>
<time>2020-03-15T09:00:27Z</time>
</trkpt>
<trkpt lat="55.711807" lon="13.992211">
<ele>94.217</ele>
<time>2020-03-15T09:00:29Z</time>
</trkpt>
<trkpt lat="55.711808" lon="13.992164">
<ele>93.217</ele>
<time>2020-03-15T09:00:31Z</time>
</trkpt>
<trkpt lat="55.711810" lon="13.992138">
<ele>93.217</ele>
<time>2020-03-15T09:00:32Z</time>
</trkpt>
<trkpt lat="55.711809" lon="13.992114">
<ele>93.217</ele>
<time>2020-03-15T09:00:33Z</time>
</trkpt>
<trkpt lat="55.711808" lon="13.992104">
<ele>93.217</ele>
<time>2020-03-15T09:00:34Z</time>
</trkpt>
<trkpt lat="55.711803" lon="13.992087">
<ele>93.217</ele>
<time>2020-03-15T09:00:36Z</time>
</trkpt>
<trkpt lat="55.711799" lon="13.992075">
<ele>93.217</ele>
<time>2020-03-15T09:00:37Z</time>
</trkpt>
<trkpt lat="55.711796" lon="13.992059">
<ele>93.217</ele>
<time>2020-03-15T09:00:38Z</time>
</trkpt>
<trkpt lat="55.711795" lon="13.992043">
<ele>93.217</ele>
<time>2020-03-15T09:00:39Z</time>
</trkpt>
<trkpt lat="55.711796" lon="13.992036">
<ele>93.217</ele>
<time>2020-03-15T09:00:39Z</time>
</trkpt>
<trkpt lat="55.711798" lon="13.992011">
<ele>93.217</ele>
<time>2020-03-15T09:00:41Z</time>
</trkpt>
<trkpt lat="55.711801" lon="13.991994">
<ele>92.217</ele>
<time>2020-03-15T09:00:42Z</time>
</trkpt>
<trkpt lat="55.711802" lon="13.991979">
<ele>92.217</ele>
<time>2020-03-15T09:00:43Z</time>
</trkpt>
<trkpt lat="55.711800" lon="13.991960">
<ele>93.217</ele>
<time>2020-03-15T09:00:44Z</time>
</trkpt>
<trkpt lat="55.711798" lon="13.991953">
<ele>93.217</ele>
<time>2020-03-15T09:00:45Z</time>
</trkpt>
<trkpt lat="55.711796" lon="13.991948">
<ele>93.217</ele>
<time>2020-03-15T09:00:46Z</time>
</trkpt>
<trkpt lat="55.711791" lon="13.991933">
<ele>92.217</ele>
<time>2020-03-15T09:00:47Z</time>
</trkpt>
<trkpt lat="55.711781" lon="13.991875">
<ele>93.217</ele>
<time>2020-03-15T09:00:49Z</time>
</trkpt>
<trkpt lat="55.711782" lon="13.991842">
<ele>93.217</ele>
<time>2020-03-15T09:00:51Z</time>
</trkpt>
<trkpt lat="55.711783" lon="13.991825">
<ele>93.217</ele>
<time>2020-03-15T09:00:52Z</time>
</trkpt>
<trkpt lat="55.711791" lon="13.991793">
<ele>94.217</ele>
<time>2020-03-15T09:00:54Z</time>
</trkpt>
<trkpt lat="55.711791" lon="13.991792">
<ele>94.217</ele>
<time>2020-03-15T09:00:54Z</time>
</trkpt>
<trkpt lat="55.711797" lon="13.991764">
<ele>94.217</ele>
<time>2020-03-15T09:00:57Z</time>
</trkpt>
<trkpt lat="55.711809" lon="13.991724">
<ele>93.217</ele>
<time>2020-03-15T09:00:59Z</time>
</trkpt>
<trkpt lat="55.711813" lon="13.991715">
<ele>93.217</ele>
<time>2020-03-15T09:00:59Z</time>
</trkpt>
<trkpt lat="55.711819" lon="13.991692">
<ele>93.217</ele>
<time>2020-03-15T09:01:01Z</time>
</trkpt>
<trkpt lat="55.711822" lon="13.991677">
<ele>93.217</ele>
<time>2020-03-15T09:01:02Z</time>
</trkpt>
<trkpt lat="55.711822" lon="13.991669">
<ele>93.217</ele>
<time>2020-03-15T09:01:03Z</time>
</trkpt>
<trkpt lat="55.711823" lon="13.991662">
<ele>93.217</ele>
<time>2020-03-15T09:01:04Z</time>
</trkpt>
<trkpt lat="55.711827" lon="13.991633">
<ele>93.217</ele>
<time>2020-03-15T09:01:06Z</time>
</trkpt>
<trkpt lat="55.711829" lon="13.991614">
<ele>93.217</ele>
<time>2020-03-15T09:01:07Z</time>
</trkpt>
<trkpt lat="55.711828" lon="13.991595">
<ele>93.217</ele>
<time>2020-03-15T09:01:08Z</time>
</trkpt>
<trkpt lat="55.711826" lon="13.991584">
<ele>93.217</ele>
<time>2020-03-15T09:01:09Z</time>
</trkpt>
<trkpt lat="55.711822" lon="13.991505">
<ele>93.216</ele>
<time>2020-03-15T09:01:12Z</time>
</trkpt>
<trkpt lat="55.711815" lon="13.991479">
<ele>93.216</ele>
<time>2020-03-15T09:01:13Z</time>
</trkpt>
<trkpt lat="55.711790" lon="13.991396">
<ele>91.216</ele>
<time>2020-03-15T09:01:16Z</time>
</trkpt>
<trkpt lat="55.711776" lon="13.991334">
<ele>91.216</ele>
<time>2020-03-15T09:01:18Z</time>
</trkpt>
<trkpt lat="55.711772" lon="13.991305">
<ele>91.216</ele>
<time>2020-03-15T09:01:19Z</time>
</trkpt>
<trkpt lat="55.711769" lon="13.991251">
<ele>92.216</ele>
<time>2020-03-15T09:01:21Z</time>
</trkpt>
<trkpt lat="55.711765" lon="13.991229">
<ele>92.216</ele>
<time>2020-03-15T09:01:22Z</time>
</trkpt>
<trkpt lat="55.711760" lon="13.991207">
<ele>92.216</ele>
<time>2020-03-15T09:01:23Z</time>
</trkpt>
<trkpt lat="55.711754" lon="13.991187">
<ele>92.216</ele>
<time>2020-03-15T09:01:24Z</time>
</trkpt>
<trkpt lat="55.711752" lon="13.991172">
<ele>92.216</ele>
<time>2020-03-15T09:01:24Z</time>
</trkpt>
<trkpt lat="55.711738" lon="13.991098">
<ele>93.216</ele>
<time>2020-03-15T09:01:28Z</time>
</trkpt>
<trkpt lat="55.711734" lon="13.991069">
<ele>93.216</ele>
<time>2020-03-15T09:01:29Z</time>
</trkpt>
<trkpt lat="55.711735" lon="13.991051">
<ele>93.216</ele>
<time>2020-03-15T09:01:29Z</time>
</trkpt>
<trkpt lat="55.711726" lon="13.991026">
<ele>93.216</ele>
<time>2020-03-15T09:01:31Z</time>
</trkpt>
<trkpt lat="55.711721" lon="13.991009">
<ele>94.216</ele>
<time>2020-03-15T09:01:32Z</time>
</trkpt>
<trkpt lat="55.711717" lon="13.990989">
<ele>94.216</ele>
<time>2020-03-15T09:01:33Z</time>
</trkpt>
<trkpt lat="55.711709" lon="13.990924">
<ele>96.216</ele>
<time>2020-03-15T09:01:36Z</time>
</trkpt>
<trkpt lat="55.711708" lon="13.990903">
<ele>96.216</ele>
<time>2020-03-15T09:01:37Z</time>
</trkpt>
<trkpt lat="55.711708" lon="13.990883">
<ele>96.216</ele>
<time>2020-03-15T09:01:38Z</time>
</trkpt>
<trkpt lat="55.711710" lon="13.990866">
<ele>96.216</ele>
<time>2020-03-15T09:01:39Z</time>
</trkpt>
<trkpt lat="55.711714" lon="13.990839">
<ele>97.216</ele>
<time>2020-03-15T09:01:42Z</time>
</trkpt>
<trkpt lat="55.711710" lon="13.990836">
<ele>97.216</ele>
<time>2020-03-15T09:01:43Z</time>
</trkpt>
<trkpt lat="55.711707" lon="13.990821">
<ele>97.216</ele>
<time>2020-03-15T09:01:44Z</time>
</trkpt>
<trkpt lat="55.711708" lon="13.990814">
<ele>97.216</ele>
<time>2020-03-15T09:01:44Z</time>
</trkpt>
<trkpt lat="55.711703" lon="13.990785">
<ele>97.216</ele>
<time>2020-03-15T09:01:46Z</time>
</trkpt>
<trkpt lat="55.711702" lon="13.990765">
<ele>98.216</ele>
<time>2020-03-15T09:01:47Z</time>
</trkpt>
<trkpt lat="55.711703" lon="13.990741">
<ele>98.216</ele>
<time>2020-03-15T09:01:48Z</time>
</trkpt>
<trkpt lat="55.711704" lon="13.990721">
<ele>98.216</ele>
<time>2020-03-15T09:01:49Z</time>
</trkpt>
<trkpt lat="55.711705" lon="13.990694">
<ele>98.216</ele>
<time>2020-03-15T09:01:51Z</time>
</trkpt>
<trkpt lat="55.711707" lon="13.990670">
<ele>98.216</ele>
<time>2020-03-15T09:01:52Z</time>
</trkpt>
<trkpt lat="55.711706" lon="13.990640">
<ele>98.216</ele>
<time>2020-03-15T09:01:53Z</time>
</trkpt>
<trkpt lat="55.711707" lon="13.990610">
<ele>98.216</ele>
<time>2020-03-15T09:01:54Z</time>
</trkpt>
<trkpt lat="55.711710" lon="13.990581">
<ele>97.216</ele>
<time>2020-03-15T09:01:55Z</time>
</trkpt>
<trkpt lat="55.711715" lon="13.990554">
<ele>98.216</ele>
<time>2020-03-15T09:01:56Z</time>
</trkpt>
<trkpt lat="55.711724" lon="13.990516">
<ele>98.216</ele>
<time>2020-03-15T09:01:58Z</time>
</trkpt>
<trkpt lat="55.711727" lon="13.990510">
<ele>98.216</ele>
<time>2020-03-15T09:01:59Z</time>
</trkpt>
<trkpt lat="55.711728" lon="13.990508">
<ele>98.216</ele>
<time>2020-03-15T09:01:59Z</time>
</trkpt>
<trkpt lat="55.711731" lon="13.990506">
<ele>98.216</ele>
<time>2020-03-15T09:02:01Z</time>
</trkpt>
<trkpt lat="55.711740" lon="13.990507">
<ele>97.216</ele>
<time>2020-03-15T09:02:03Z</time>
</trkpt>
<trkpt lat="55.711751" lon="13.990501">
<ele>97.215</ele>
<time>2020-03-15T09:02:04Z</time>
</trkpt>
<trkpt lat="55.711755" lon="13.990495">
<ele>97.215</ele>
<time>2020-03-15T09:02:04Z</time>
</trkpt>
<trkpt lat="55.711774" lon="13.990479">
<ele>98.215</ele>
<time>2020-03-15T09:02:06Z</time>
</trkpt>
<trkpt lat="55.711782" lon="13.990465">
<ele>98.215</ele>
<time>2020-03-15T09:02:07Z</time>
</trkpt>
<trkpt lat="55.711789" lon="13.990449">
<ele>98.215</ele>
<time>2020-03-15T09:02:08Z</time>
</trkpt>
<trkpt lat="55.711795" lon="13.990431">
<ele>98.215</ele>
<time>2020-03-15T09:02:09Z</time>
</trkpt>
<trkpt lat="55.711798" lon="13.990407">
<ele>98.215</ele>
<time>2020-03-15T09:02:11Z</time>
</trkpt>
<trkpt lat="55.711798" lon="13.990403">
<ele>98.215</ele>
<time>2020-03-15T09:02:12Z</time>
</trkpt>
<trkpt lat="55.711800" lon="13.990397">
<ele>98.215</ele>
<time>2020-03-15T09:02:13Z</time>
</trkpt>
<trkpt lat="55.711806" lon="13.990384">
<ele>97.215</ele>
<time>2020-03-15T09:02:14Z</time>
</trkpt>
<trkpt lat="55.711807" lon="13.990379">
<ele>97.215</ele>
<time>2020-03-15T09:02:14Z</time>
</trkpt>
<trkpt lat="55.711812" lon="13.990360">
<ele>97.215</ele>
<time>2020-03-15T09:02:16Z</time>
</trkpt>
<trkpt lat="55.711814" lon="13.990350">
<ele>97.215</ele>
<time>2020-03-15T09:02:17Z</time>
</trkpt>
<trkpt lat="55.711815" lon="13.990332">
<ele>97.215</ele>
<time>2020-03-15T09:02:18Z</time>
</trkpt>
<trkpt lat="55.711815" lon="13.990319">
<ele>97.215</ele>
<time>2020-03-15T09:02:19Z</time>
</trkpt>
<trkpt lat="55.711815" lon="13.990310">
<ele>96.215</ele>
<time>2020-03-15T09:02:20Z</time>
</trkpt>
<trkpt lat="55.711813" lon="13.990299">
<ele>96.215</ele>
<time>2020-03-15T09:02:21Z</time>
</trkpt>
<trkpt lat="55.711812" lon="13.990290">
<ele>96.215</ele>
<time>2020-03-15T09:02:22Z</time>
</trkpt>
<trkpt lat="55.711812" lon="13.990272">
<ele>95.215</ele>
<time>2020-03-15T09:02:24Z</time>
</trkpt>
<trkpt lat="55.711818" lon="13.990253">
<ele>93.215</ele>
<time>2020-03-15T09:02:26Z</time>
</trkpt>
<trkpt lat="55.711821" lon="13.990244">
<ele>93.215</ele>
<time>2020-03-15T09:02:27Z</time>
</trkpt>
<trkpt lat="55.711840" lon="13.990208">
<ele>93.215</ele>
<time>2020-03-15T09:02:30Z</time>
</trkpt>
<trkpt lat="55.711850" lon="13.990197">
<ele>93.215</ele>
<time>2020-03-15T09:02:31Z</time>
</trkpt>
<trkpt lat="55.711855" lon="13.990190">
<ele>93.215</ele>
<time>2020-03-15T09:02:32Z</time>
</trkpt>
<trkpt lat="55.711862" lon="13.990179">
<ele>93.215</ele>
<time>2020-03-15T09:02:34Z</time>
</trkpt>
<trkpt lat="55.711864" lon="13.990176">
<ele>93.215</ele>
<time>2020-03-15T09:02:35Z</time>
</trkpt>
<trkpt lat="55.711870" lon="13.990155">
<ele>95.215</ele>
<time>2020-03-15T09:02:36Z</time>
</trkpt>
<trkpt lat="55.711875" lon="13.990144">
<ele>95.215</ele>
<time>2020-03-15T09:02:37Z</time>
</trkpt>
<trkpt lat="55.711880" lon="13.990132">
<ele>95.215</ele>
<time>2020-03-15T09:02:38Z</time>
</trkpt>
<trkpt lat="55.711890" lon="13.990111">
<ele>95.215</ele>
<time>2020-03-15T09:02:40Z</time>
</trkpt>
<trkpt lat="55.711896" lon="13.990096">
<ele>95.215</ele>
<time>2020-03-15T09:02:41Z</time>
</trkpt>
<trkpt lat="55.711900" lon="13.990087">
<ele>95.215</ele>
<time>2020-03-15T09:02:42Z</time>
</trkpt>
<trkpt lat="55.711944" lon="13.990025">
<ele>94.215</ele>
<time>2020-03-15T09:02:46Z</time>
</trkpt>
<trkpt lat="55.711957" lon="13.990011">
<ele>94.215</ele>
<time>2020-03-15T09:02:47Z</time>
</trkpt>
<trkpt lat="55.711989" lon="13.989981">
<ele>94.215</ele>
<time>2020-03-15T09:02:50Z</time>
</trkpt>
<trkpt lat="55.712000" lon="13.989959">
<ele>95.215</ele>
<time>2020-03-15T09:02:51Z</time>
</trkpt>
<trkpt lat="55.712007" lon="13.989949">
<ele>95.215</ele>
<time>2020-03-15T09:02:52Z</time>
</trkpt>
<trkpt lat="55.712012" lon="13.989938">
<ele>95.215</ele>
<time>2020-03-15T09:02:53Z</time>
</trkpt>
<trkpt lat="55.712023" lon="13.989923">
<ele>95.215</ele>
<time>2020-03-15T09:02:55Z</time>
</trkpt>
<trkpt lat="55.712029" lon="13.989910">
<ele>95.214</ele>
<time>2020-03-15T09:02:56Z</time>
</trkpt>
<trkpt lat="55.712035" lon="13.989902">
<ele>95.214</ele>
<time>2020-03-15T09:02:57Z</time>
</trkpt>
<trkpt lat="55.712046" lon="13.989885">
<ele>95.214</ele>
<time>2020-03-15T09:02:59Z</time>
</trkpt>
<trkpt lat="55.712055" lon="13.989877">
<ele>95.214</ele>
<time>2020-03-15T09:03:00Z</time>
</trkpt>
<trkpt lat="55.712090" lon="13.989838">
<ele>95.214</ele>
<time>2020-03-15T09:03:03Z</time>
</trkpt>
<trkpt lat="55.712105" lon="13.989801">
<ele>96.214</ele>
<time>2020-03-15T09:03:05Z</time>
</trkpt>
<trkpt lat="55.712114" lon="13.989778">
<ele>96.214</ele>
<time>2020-03-15T09:03:06Z</time>
</trkpt>
<trkpt lat="55.712128" lon="13.989753">
<ele>96.214</ele>
<time>2020-03-15T09:03:08Z</time>
</trkpt>
<trkpt lat="55.712133" lon="13.989741">
<ele>96.214</ele>
<time>2020-03-15T09:03:09Z</time>
</trkpt>
<trkpt lat="55.712141" lon="13.989729">
<ele>96.214</ele>
<time>2020-03-15T09:03:10Z</time>
</trkpt>
<trkpt lat="55.712150" lon="13.989706">
<ele>96.214</ele>
<time>2020-03-15T09:03:11Z</time>
</trkpt>
<trkpt lat="55.712159" lon="13.989693">
<ele>96.214</ele>
<time>2020-03-15T09:03:12Z</time>
</trkpt>
<trkpt lat="55.712167" lon="13.989684">
<ele>97.214</ele>
<time>2020-03-15T09:03:13Z</time>
</trkpt>
<trkpt lat="55.712174" lon="13.989678">
<ele>97.214</ele>
<time>2020-03-15T09:03:14Z</time>
</trkpt>
<trkpt lat="55.712181" lon="13.989671">
<ele>97.214</ele>
<time>2020-03-15T09:03:15Z</time>
</trkpt>
<trkpt lat="55.712189" lon="13.989662">
<ele>97.214</ele>
<time>2020-03-15T09:03:16Z</time>
</trkpt>
<trkpt lat="55.712219" lon="13.989646">
<ele>97.214</ele>
<time>2020-03-15T09:03:19Z</time>
</trkpt>
<trkpt lat="55.712262" lon="13.989611">
<ele>98.214</ele>
<time>2020-03-15T09:03:24Z</time>
</trkpt>
<trkpt lat="55.712274" lon="13.989604">
<ele>98.214</ele>
<time>2020-03-15T09:03:25Z</time>
</trkpt>
<trkpt lat="55.712288" lon="13.989597">
<ele>98.214</ele>
<time>2020-03-15T09:03:26Z</time>
</trkpt>
<trkpt lat="55.712298" lon="13.989597">
<ele>98.214</ele>
<time>2020-03-15T09:03:27Z</time>
</trkpt>
<trkpt lat="55.712308" lon="13.989596">
<ele>98.214</ele>
<time>2020-03-15T09:03:28Z</time>
</trkpt>
<trkpt lat="55.712337" lon="13.989583">
<ele>98.214</ele>
<time>2020-03-15T09:03:32Z</time>
</trkpt>
<trkpt lat="55.712345" lon="13.989576">
<ele>98.214</ele>
<time>2020-03-15T09:03:33Z</time>
</trkpt>
<trkpt lat="55.712378" lon="13.989541">
<ele>98.214</ele>
<time>2020-03-15T09:03:36Z</time>
</trkpt>
<trkpt lat="55.712404" lon="13.989518">
<ele>98.214</ele>
<time>2020-03-15T09:03:39Z</time>
</trkpt>
<trkpt lat="55.712414" lon="13.989505">
<ele>98.214</ele>
<time>2020-03-15T09:03:40Z</time>
</trkpt>
<trkpt lat="55.712442" lon="13.989460">
<ele>98.214</ele>
<time>2020-03-15T09:03:43Z</time>
</trkpt>
<trkpt lat="55.712452" lon="13.989447">
<ele>98.214</ele>
<time>2020-03-15T09:03:44Z</time>
</trkpt>
<trkpt lat="55.712470" lon="13.989430">
<ele>98.214</ele>
<time>2020-03-15T09:03:45Z</time>
</trkpt>
<trkpt lat="55.712492" lon="13.989406">
<ele>98.214</ele>
<time>2020-03-15T09:03:48Z</time>
</trkpt>
<trkpt lat="55.712500" lon="13.989399">
<ele>99.214</ele>
<time>2020-03-15T09:03:49Z</time>
</trkpt>
<trkpt lat="55.712507" lon="13.989399">
<ele>99.213</ele>
<time>2020-03-15T09:03:50Z</time>
</trkpt>
<trkpt lat="55.712511" lon="13.989395">
<ele>99.214</ele>
<time>2020-03-15T09:03:50Z</time>
</trkpt>
<trkpt lat="55.712517" lon="13.989389">
<ele>99.213</ele>
<time>2020-03-15T09:03:52Z</time>
</trkpt>
<trkpt lat="55.712520" lon="13.989387">
<ele>99.213</ele>
<time>2020-03-15T09:03:53Z</time>
</trkpt>
<trkpt lat="55.712522" lon="13.989385">
<ele>99.213</ele>
<time>2020-03-15T09:03:54Z</time>
</trkpt>
<trkpt lat="55.712533" lon="13.989378">
<ele>99.213</ele>
<time>2020-03-15T09:03:55Z</time>
</trkpt>
<trkpt lat="55.712554" lon="13.989380">
<ele>99.213</ele>
<time>2020-03-15T09:03:58Z</time>
</trkpt>
<trkpt lat="55.712573" lon="13.989386">
<ele>99.213</ele>
<time>2020-03-15T09:04:00Z</time>
</trkpt>
<trkpt lat="55.712691" lon="13.989390">
<ele>97.213</ele>
<time>2020-03-15T09:04:10Z</time>
</trkpt>
<trkpt lat="55.712745" lon="13.989378">
<ele>96.213</ele>
<time>2020-03-15T09:04:15Z</time>
</trkpt>
<trkpt lat="55.712775" lon="13.989363">
<ele>98.213</ele>
<time>2020-03-15T09:04:19Z</time>
</trkpt>
<trkpt lat="55.712796" lon="13.989361">
<ele>97.213</ele>
<time>2020-03-15T09:04:20Z</time>
</trkpt>
<trkpt lat="55.712826" lon="13.989365">
<ele>97.213</ele>
<time>2020-03-15T09:04:23Z</time>
</trkpt>
<trkpt lat="55.712836" lon="13.989364">
<ele>97.213</ele>
<time>2020-03-15T09:04:24Z</time>
</trkpt>
<trkpt lat="55.712848" lon="13.989360">
<ele>98.213</ele>
<time>2020-03-15T09:04:25Z</time>
</trkpt>
<trkpt lat="55.712859" lon="13.989354">
<ele>98.213</ele>
<time>2020-03-15T09:04:26Z</time>
</trkpt>
<trkpt lat="55.712872" lon="13.989343">
<ele>98.213</ele>
<time>2020-03-15T09:04:27Z</time>
</trkpt>
<trkpt lat="55.712894" lon="13.989332">
<ele>99.213</ele>
<time>2020-03-15T09:04:29Z</time>
</trkpt>
<trkpt lat="55.712915" lon="13.989325">
<ele>99.213</ele>
<time>2020-03-15T09:04:30Z</time>
</trkpt>
<trkpt lat="55.712954" lon="13.989336">
<ele>99.213</ele>
<time>2020-03-15T09:04:34Z</time>
</trkpt>
<trkpt lat="55.712966" lon="13.989336">
<ele>100.213</ele>
<time>2020-03-15T09:04:35Z</time>
</trkpt>
<trkpt lat="55.712979" lon="13.989332">
<ele>99.213</ele>
<time>2020-03-15T09:04:36Z</time>
</trkpt>
<trkpt lat="55.713051" lon="13.989295">
<ele>101.213</ele>
<time>2020-03-15T09:04:41Z</time>
</trkpt>
<trkpt lat="55.713066" lon="13.989282">
<ele>101.213</ele>
<time>2020-03-15T09:04:42Z</time>
</trkpt>
<trkpt lat="55.713079" lon="13.989269">
<ele>102.213</ele>
<time>2020-03-15T09:04:43Z</time>
</trkpt>
<trkpt lat="55.713129" lon="13.989202">
<ele>102.213</ele>
<time>2020-03-15T09:04:47Z</time>
</trkpt>
<trkpt lat="55.713172" lon="13.989160">
<ele>102.213</ele>
<time>2020-03-15T09:04:50Z</time>
</trkpt>
<trkpt lat="55.713190" lon="13.989148">
<ele>103.213</ele>
<time>2020-03-15T09:04:52Z</time>
</trkpt>
<trkpt lat="55.713221" lon="13.989133">
<ele>103.213</ele>
<time>2020-03-15T09:04:54Z</time>
</trkpt>
<trkpt lat="55.713244" lon="13.989124">
<ele>103.213</ele>
<time>2020-03-15T09:04:55Z</time>
</trkpt>
<trkpt lat="55.713262" lon="13.989113">
<ele>103.212</ele>
<time>2020-03-15T09:04:57Z</time>
</trkpt>
<trkpt lat="55.713274" lon="13.989104">
<ele>104.212</ele>
<time>2020-03-15T09:04:58Z</time>
</trkpt>
<trkpt lat="55.713314" lon="13.989060">
<ele>106.212</ele>
<time>2020-03-15T09:05:02Z</time>
</trkpt>
<trkpt lat="55.713452" lon="13.988975">
<ele>106.212</ele>
<time>2020-03-15T09:05:15Z</time>
</trkpt>
<trkpt lat="55.713463" lon="13.988975">
<ele>106.212</ele>
<time>2020-03-15T09:05:16Z</time>
</trkpt>
<trkpt lat="55.713475" lon="13.988976">
<ele>106.212</ele>
<time>2020-03-15T09:05:17Z</time>
</trkpt>
<trkpt lat="55.713500" lon="13.988974">
<ele>106.212</ele>
<time>2020-03-15T09:05:19Z</time>
</trkpt>
<trkpt lat="55.713528" lon="13.988964">
<ele>105.212</ele>
<time>2020-03-15T09:05:21Z</time>
</trkpt>
<trkpt lat="55.713538" lon="13.988958">
<ele>105.212</ele>
<time>2020-03-15T09:05:22Z</time>
</trkpt>
<trkpt lat="55.713543" lon="13.988953">
<ele>104.212</ele>
<time>2020-03-15T09:05:23Z</time>
</trkpt>
<trkpt lat="55.713541" lon="13.988957">
<ele>104.212</ele>
<time>2020-03-15T09:05:24Z</time>
</trkpt>
<trkpt lat="55.713536" lon="13.988961">
<ele>104.212</ele>
<time>2020-03-15T09:05:25Z</time>
</trkpt>
<trkpt lat="55.713520" lon="13.988960">
<ele>101.212</ele>
<time>2020-03-15T09:05:28Z</time>
</trkpt>
<trkpt lat="55.713531" lon="13.988928">
<ele>101.212</ele>
<time>2020-03-15T09:05:30Z</time>
</trkpt>
<trkpt lat="55.713534" lon="13.988906">
<ele>101.212</ele>
<time>2020-03-15T09:05:31Z</time>
</trkpt>
<trkpt lat="55.713533" lon="13.988882">
<ele>102.212</ele>
<time>2020-03-15T09:05:32Z</time>
</trkpt>
<trkpt lat="55.713531" lon="13.988862">
<ele>102.212</ele>
<time>2020-03-15T09:05:33Z</time>
</trkpt>
<trkpt lat="55.713501" lon="13.988735">
<ele>101.212</ele>
<time>2020-03-15T09:05:40Z</time>
</trkpt>
<trkpt lat="55.713495" lon="13.988700">
<ele>101.212</ele>
<time>2020-03-15T09:05:41Z</time>
</trkpt>
<trkpt lat="55.713491" lon="13.988685">
<ele>101.212</ele>
<time>2020-03-15T09:05:42Z</time>
</trkpt>
<trkpt lat="55.713478" lon="13.988598">
<ele>101.212</ele>
<time>2020-03-15T09:05:46Z</time>
</trkpt>
<trkpt lat="55.713478" lon="13.988570">
<ele>101.212</ele>
<time>2020-03-15T09:05:48Z</time>
</trkpt>
<trkpt lat="55.713480" lon="13.988529">
<ele>101.212</ele>
<time>2020-03-15T09:05:50Z</time>
</trkpt>
<trkpt lat="55.713482" lon="13.988511">
<ele>101.212</ele>
<time>2020-03-15T09:05:51Z</time>
</trkpt>
<trkpt lat="55.713482" lon="13.988501">
<ele>101.212</ele>
<time>2020-03-15T09:05:51Z</time>
</trkpt>
<trkpt lat="55.713490" lon="13.988476">
<ele>100.211</ele>
<time>2020-03-15T09:05:53Z</time>
</trkpt>
<trkpt lat="55.713494" lon="13.988458">
<ele>101.211</ele>
<time>2020-03-15T09:05:54Z</time>
</trkpt>
<trkpt lat="55.713497" lon="13.988439">
<ele>101.211</ele>
<time>2020-03-15T09:05:55Z</time>
</trkpt>
<trkpt lat="55.713500" lon="13.988409">
<ele>101.211</ele>
<time>2020-03-15T09:05:56Z</time>
</trkpt>
<trkpt lat="55.713505" lon="13.988383">
<ele>101.211</ele>
<time>2020-03-15T09:05:58Z</time>
</trkpt>
<trkpt lat="55.713536" lon="13.988272">
<ele>103.211</ele>
<time>2020-03-15T09:06:04Z</time>
</trkpt>
<trkpt lat="55.713553" lon="13.988226">
<ele>102.211</ele>
<time>2020-03-15T09:06:06Z</time>
</trkpt>
<trkpt lat="55.713565" lon="13.988209">
<ele>103.211</ele>
<time>2020-03-15T09:06:08Z</time>
</trkpt>
<trkpt lat="55.713610" lon="13.988108">
<ele>103.211</ele>
<time>2020-03-15T09:06:14Z</time>
</trkpt>
<trkpt lat="55.713684" lon="13.987893">
<ele>102.211</ele>
<time>2020-03-15T09:06:25Z</time>
</trkpt>
<trkpt lat="55.713772" lon="13.987726">
<ele>103.210</ele>
<time>2020-03-15T09:06:36Z</time>
</trkpt>
<trkpt lat="55.713786" lon="13.987692">
<ele>103.210</ele>
<time>2020-03-15T09:06:38Z</time>
</trkpt>
<trkpt lat="55.713793" lon="13.987680">
<ele>104.210</ele>
<time>2020-03-15T09:06:39Z</time>
</trkpt>
<trkpt lat="55.713801" lon="13.987668">
<ele>104.210</ele>
<time>2020-03-15T09:06:40Z</time>
</trkpt>
<trkpt lat="55.713833" lon="13.987627">
<ele>104.210</ele>
<time>2020-03-15T09:06:43Z</time>
</trkpt>
<trkpt lat="55.713857" lon="13.987591">
<ele>104.210</ele>
<time>2020-03-15T09:06:45Z</time>
</trkpt>
<trkpt lat="55.713990" lon="13.987303">
<ele>105.210</ele>
<time>2020-03-15T09:06:57Z</time>
</trkpt>
<trkpt lat="55.713987" lon="13.987292">
<ele>105.210</ele>
<time>2020-03-15T09:06:58Z</time>
</trkpt>
<trkpt lat="55.713986" lon="13.987288">
<ele>105.210</ele>
<time>2020-03-15T09:06:59Z</time>
</trkpt>
<trkpt lat="55.713984" lon="13.987288">
<ele>105.210</ele>
<time>2020-03-15T09:07:00Z</time>
</trkpt>
<trkpt lat="55.713979" lon="13.987288">
<ele>106.210</ele>
<time>2020-03-15T09:07:03Z</time>
</trkpt>
<trkpt lat="55.713983" lon="13.987280">
<ele>106.210</ele>
<time>2020-03-15T09:07:04Z</time>
</trkpt>
<trkpt lat="55.713986" lon="13.987270">
<ele>105.210</ele>
<time>2020-03-15T09:07:05Z</time>
</trkpt>
<trkpt lat="55.713986" lon="13.987264">
<ele>105.210</ele>
<time>2020-03-15T09:07:06Z</time>
</trkpt>
<trkpt lat="55.713987" lon="13.987260">
<ele>105.210</ele>
<time>2020-03-15T09:07:07Z</time>
</trkpt>
<trkpt lat="55.713987" lon="13.987258">
<ele>105.210</ele>
<time>2020-03-15T09:07:08Z</time>
</trkpt>
<trkpt lat="55.713986" lon="13.987257">
<ele>105.210</ele>
<time>2020-03-15T09:07:10Z</time>
</trkpt>
<trkpt lat="55.713986" lon="13.987257">
<ele>105.210</ele>
<time>2020-03-15T09:07:11Z</time>
</trkpt>
<trkpt lat="55.713986" lon="13.987257">
<ele>105.210</ele>
<time>2020-03-15T09:07:12Z</time>
</trkpt>
<trkpt lat="55.713988" lon="13.987255">
<ele>106.210</ele>
<time>2020-03-15T09:07:13Z</time>
</trkpt>
<trkpt lat="55.713993" lon="13.987247">
<ele>106.210</ele>
<time>2020-03-15T09:07:14Z</time>
</trkpt>
<trkpt lat="55.713994" lon="13.987246">
<ele>107.210</ele>
<time>2020-03-15T09:07:15Z</time>
</trkpt>
<trkpt lat="55.714049" lon="13.987178">
<ele>107.210</ele>
<time>2020-03-15T09:07:21Z</time>
</trkpt>
<trkpt lat="55.714066" lon="13.987147">
<ele>108.210</ele>
<time>2020-03-15T09:07:23Z</time>
</trkpt>
<trkpt lat="55.714081" lon="13.987125">
<ele>107.209</ele>
<time>2020-03-15T09:07:25Z</time>
</trkpt>
<trkpt lat="55.714086" lon="13.987113">
<ele>108.209</ele>
<time>2020-03-15T09:07:26Z</time>
</trkpt>
<trkpt lat="55.714104" lon="13.987058">
<ele>108.209</ele>
<time>2020-03-15T09:07:29Z</time>
</trkpt>
<trkpt lat="55.714113" lon="13.987039">
<ele>109.209</ele>
<time>2020-03-15T09:07:30Z</time>
</trkpt>
<trkpt lat="55.714140" lon="13.986989">
<ele>109.209</ele>
<time>2020-03-15T09:07:34Z</time>
</trkpt>
<trkpt lat="55.714160" lon="13.986938">
<ele>110.209</ele>
<time>2020-03-15T09:07:37Z</time>
</trkpt>
<trkpt lat="55.714188" lon="13.986818">
<ele>110.209</ele>
<time>2020-03-15T09:07:43Z</time>
</trkpt>
<trkpt lat="55.714202" lon="13.986772">
<ele>109.209</ele>
<time>2020-03-15T09:07:45Z</time>
</trkpt>
<trkpt lat="55.714220" lon="13.986702">
<ele>109.209</ele>
<time>2020-03-15T09:07:49Z</time>
</trkpt>
<trkpt lat="55.714227" lon="13.986681">
<ele>109.209</ele>
<time>2020-03-15T09:07:50Z</time>
</trkpt>
<trkpt lat="55.714238" lon="13.986637">
<ele>109.209</ele>
<time>2020-03-15T09:07:52Z</time>
</trkpt>
<trkpt lat="55.714246" lon="13.986595">
<ele>109.209</ele>
<time>2020-03-15T09:07:54Z</time>
</trkpt>
<trkpt lat="55.714265" lon="13.986524">
<ele>111.209</ele>
<time>2020-03-15T09:07:58Z</time>
</trkpt>
<trkpt lat="55.714288" lon="13.986461">
<ele>114.209</ele>
<time>2020-03-15T09:08:03Z</time>
</trkpt>
<trkpt lat="55.714291" lon="13.986452">
<ele>114.209</ele>
<time>2020-03-15T09:08:04Z</time>
</trkpt>
<trkpt lat="55.714292" lon="13.986439">
<ele>114.209</ele>
<time>2020-03-15T09:08:05Z</time>
</trkpt>
<trkpt lat="55.714295" lon="13.986435">
<ele>114.209</ele>
<time>2020-03-15T09:08:05Z</time>
</trkpt>
<trkpt lat="55.714291" lon="13.986418">
<ele>114.209</ele>
<time>2020-03-15T09:08:07Z</time>
</trkpt>
<trkpt lat="55.714290" lon="13.986407">
<ele>115.209</ele>
<time>2020-03-15T09:08:08Z</time>
</trkpt>
<trkpt lat="55.714288" lon="13.986397">
<ele>115.209</ele>
<time>2020-03-15T09:08:09Z</time>
</trkpt>
<trkpt lat="55.714289" lon="13.986384">
<ele>114.209</ele>
<time>2020-03-15T09:08:10Z</time>
</trkpt>
<trkpt lat="55.714286" lon="13.986374">
<ele>114.208</ele>
<time>2020-03-15T09:08:12Z</time>
</trkpt>
<trkpt lat="55.714289" lon="13.986364">
<ele>113.208</ele>
<time>2020-03-15T09:08:13Z</time>
</trkpt>
<trkpt lat="55.714292" lon="13.986353">
<ele>113.208</ele>
<time>2020-03-15T09:08:14Z</time>
</trkpt>
<trkpt lat="55.714307" lon="13.986323">
<ele>113.208</ele>
<time>2020-03-15T09:08:18Z</time>
</trkpt>
<trkpt lat="55.714340" lon="13.986313">
<ele>111.208</ele>
<time>2020-03-15T09:08:23Z</time>
</trkpt>
<trkpt lat="55.714344" lon="13.986308">
<ele>111.208</ele>
<time>2020-03-15T09:08:24Z</time>
</trkpt>
<trkpt lat="55.714348" lon="13.986302">
<ele>111.208</ele>
<time>2020-03-15T09:08:25Z</time>
</trkpt>
<trkpt lat="55.714353" lon="13.986294">
<ele>111.208</ele>
<time>2020-03-15T09:08:26Z</time>
</trkpt>
<trkpt lat="55.714361" lon="13.986276">
<ele>111.208</ele>
<time>2020-03-15T09:08:27Z</time>
</trkpt>
<trkpt lat="55.714362" lon="13.986265">
<ele>111.208</ele>
<time>2020-03-15T09:08:28Z</time>
</trkpt>
<trkpt lat="55.714374" lon="13.986248">
<ele>110.208</ele>
<time>2020-03-15T09:08:31Z</time>
</trkpt>
<trkpt lat="55.714378" lon="13.986238">
<ele>110.208</ele>
<time>2020-03-15T09:08:32Z</time>
</trkpt>
<trkpt lat="55.714382" lon="13.986227">
<ele>110.208</ele>
<time>2020-03-15T09:08:33Z</time>
</trkpt>
<trkpt lat="55.714387" lon="13.986218">
<ele>110.208</ele>
<time>2020-03-15T09:08:34Z</time>
</trkpt>
<trkpt lat="55.714395" lon="13.986207">
<ele>110.208</ele>
<time>2020-03-15T09:08:35Z</time>
</trkpt>
<trkpt lat="55.714403" lon="13.986191">
<ele>110.208</ele>
<time>2020-03-15T09:08:37Z</time>
</trkpt>
<trkpt lat="55.714405" lon="13.986188">
<ele>110.208</ele>
<time>2020-03-15T09:08:38Z</time>
</trkpt>
<trkpt lat="55.714406" lon="13.986183">
<ele>110.208</ele>
<time>2020-03-15T09:08:40Z</time>
</trkpt>
<trkpt lat="55.714421" lon="13.986166">
<ele>109.208</ele>
<time>2020-03-15T09:08:42Z</time>
</trkpt>
<trkpt lat="55.714479" lon="13.986123">
<ele>108.208</ele>
<time>2020-03-15T09:08:46Z</time>
</trkpt>
<trkpt lat="55.714485" lon="13.986122">
<ele>108.208</ele>
<time>2020-03-15T09:08:46Z</time>
</trkpt>
<trkpt lat="55.714502" lon="13.986104">
<ele>108.208</ele>
<time>2020-03-15T09:08:48Z</time>
</trkpt>
<trkpt lat="55.714541" lon="13.986073">
<ele>107.208</ele>
<time>2020-03-15T09:08:52Z</time>
</trkpt>
<trkpt lat="55.714546" lon="13.986062">
<ele>107.208</ele>
<time>2020-03-15T09:08:53Z</time>
</trkpt>
<trkpt lat="55.714551" lon="13.986048">
<ele>107.208</ele>
<time>2020-03-15T09:08:54Z</time>
</trkpt>
<trkpt lat="55.714556" lon="13.986005">
<ele>106.208</ele>
<time>2020-03-15T09:08:56Z</time>
</trkpt>
<trkpt lat="55.714558" lon="13.985997">
<ele>106.208</ele>
<time>2020-03-15T09:08:56Z</time>
</trkpt>
<trkpt lat="55.714562" lon="13.985962">
<ele>106.208</ele>
<time>2020-03-15T09:08:58Z</time>
</trkpt>
<trkpt lat="55.714566" lon="13.985947">
<ele>106.208</ele>
<time>2020-03-15T09:08:59Z</time>
</trkpt>
<trkpt lat="55.714574" lon="13.985931">
<ele>106.208</ele>
<time>2020-03-15T09:09:00Z</time>
</trkpt>
<trkpt lat="55.714583" lon="13.985920">
<ele>106.208</ele>
<time>2020-03-15T09:09:01Z</time>
</trkpt>
<trkpt lat="55.714592" lon="13.985910">
<ele>106.208</ele>
<time>2020-03-15T09:09:02Z</time>
</trkpt>
<trkpt lat="55.714601" lon="13.985899">
<ele>105.208</ele>
<time>2020-03-15T09:09:03Z</time>
</trkpt>
<trkpt lat="55.714609" lon="13.985885">
<ele>106.208</ele>
<time>2020-03-15T09:09:04Z</time>
</trkpt>
<trkpt lat="55.714622" lon="13.985857">
<ele>106.207</ele>
<time>2020-03-15T09:09:06Z</time>
</trkpt>
<trkpt lat="55.714626" lon="13.985852">
<ele>106.207</ele>
<time>2020-03-15T09:09:06Z</time>
</trkpt>
<trkpt lat="55.714639" lon="13.985843">
<ele>106.207</ele>
<time>2020-03-15T09:09:08Z</time>
</trkpt>
<trkpt lat="55.714653" lon="13.985851">
<ele>106.207</ele>
<time>2020-03-15T09:09:11Z</time>
</trkpt>
<trkpt lat="55.714655" lon="13.985851">
<ele>106.207</ele>
<time>2020-03-15T09:09:12Z</time>
</trkpt>
<trkpt lat="55.714658" lon="13.985782">
<ele>105.207</ele>
<time>2020-03-15T09:09:14Z</time>
</trkpt>
<trkpt lat="55.714661" lon="13.985748">
<ele>105.207</ele>
<time>2020-03-15T09:09:15Z</time>
</trkpt>
<trkpt lat="55.714662" lon="13.985727">
<ele>104.207</ele>
<time>2020-03-15T09:09:16Z</time>
</trkpt>
<trkpt lat="55.714662" lon="13.985722">
<ele>104.207</ele>
<time>2020-03-15T09:09:16Z</time>
</trkpt>
<trkpt lat="55.714659" lon="13.985717">
<ele>102.207</ele>
<time>2020-03-15T09:09:18Z</time>
</trkpt>
<trkpt lat="55.714658" lon="13.985720">
<ele>102.207</ele>
<time>2020-03-15T09:09:19Z</time>
</trkpt>
<trkpt lat="55.714658" lon="13.985727">
<ele>102.207</ele>
<time>2020-03-15T09:09:22Z</time>
</trkpt>
<trkpt lat="55.714658" lon="13.985728">
<ele>102.207</ele>
<time>2020-03-15T09:09:23Z</time>
</trkpt>
<trkpt lat="55.714651" lon="13.985732">
<ele>101.207</ele>
<time>2020-03-15T09:09:24Z</time>
</trkpt>
<trkpt lat="55.714642" lon="13.985717">
<ele>101.207</ele>
<time>2020-03-15T09:09:25Z</time>
</trkpt>
<trkpt lat="55.714630" lon="13.985686">
<ele>101.207</ele>
<time>2020-03-15T09:09:26Z</time>
</trkpt>
<trkpt lat="55.714617" lon="13.985666">
<ele>101.207</ele>
<time>2020-03-15T09:09:28Z</time>
</trkpt>
<trkpt lat="55.714605" lon="13.985641">
<ele>100.207</ele>
<time>2020-03-15T09:09:30Z</time>
</trkpt>
<trkpt lat="55.714600" lon="13.985638">
<ele>100.207</ele>
<time>2020-03-15T09:09:31Z</time>
</trkpt>
<trkpt lat="55.714600" lon="13.985639">
<ele>101.207</ele>
<time>2020-03-15T09:09:32Z</time>
</trkpt>
<trkpt lat="55.714601" lon="13.985634">
<ele>101.207</ele>
<time>2020-03-15T09:09:33Z</time>
</trkpt>
<trkpt lat="55.714603" lon="13.985629">
<ele>101.207</ele>
<time>2020-03-15T09:09:34Z</time>
</trkpt>
<trkpt lat="55.714606" lon="13.985621">
<ele>101.207</ele>
<time>2020-03-15T09:09:35Z</time>
</trkpt>
<trkpt lat="55.714590" lon="13.985574">
<ele>101.207</ele>
<time>2020-03-15T09:09:36Z</time>
</trkpt>
<trkpt lat="55.714565" lon="13.985531">
<ele>101.207</ele>
<time>2020-03-15T09:09:38Z</time>
</trkpt>
<trkpt lat="55.714554" lon="13.985508">
<ele>101.207</ele>
<time>2020-03-15T09:09:39Z</time>
</trkpt>
<trkpt lat="55.714545" lon="13.985486">
<ele>101.207</ele>
<time>2020-03-15T09:09:40Z</time>
</trkpt>
<trkpt lat="55.714537" lon="13.985470">
<ele>101.207</ele>
<time>2020-03-15T09:09:41Z</time>
</trkpt>
<trkpt lat="55.714520" lon="13.985447">
<ele>101.207</ele>
<time>2020-03-15T09:09:43Z</time>
</trkpt>
<trkpt lat="55.714495" lon="13.985406">
<ele>101.207</ele>
<time>2020-03-15T09:09:46Z</time>
</trkpt>
<trkpt lat="55.714481" lon="13.985378">
<ele>101.207</ele>
<time>2020-03-15T09:09:48Z</time>
</trkpt>
<trkpt lat="55.714473" lon="13.985369">
<ele>101.207</ele>
<time>2020-03-15T09:09:49Z</time>
</trkpt>
<trkpt lat="55.714468" lon="13.985364">
<ele>101.207</ele>
<time>2020-03-15T09:09:50Z</time>
</trkpt>
<trkpt lat="55.714462" lon="13.985361">
<ele>101.207</ele>
<time>2020-03-15T09:09:51Z</time>
</trkpt>
<trkpt lat="55.714451" lon="13.985353">
<ele>101.207</ele>
<time>2020-03-15T09:09:52Z</time>
</trkpt>
<trkpt lat="55.714440" lon="13.985340">
<ele>100.207</ele>
<time>2020-03-15T09:09:53Z</time>
</trkpt>
<trkpt lat="55.714431" lon="13.985327">
<ele>100.207</ele>
<time>2020-03-15T09:09:54Z</time>
</trkpt>
<trkpt lat="55.714397" lon="13.985264">
<ele>100.207</ele>
<time>2020-03-15T09:09:58Z</time>
</trkpt>
<trkpt lat="55.714342" lon="13.985187">
<ele>99.207</ele>
<time>2020-03-15T09:10:03Z</time>
</trkpt>
<trkpt lat="55.714335" lon="13.985168">
<ele>99.207</ele>
<time>2020-03-15T09:10:05Z</time>
</trkpt>
<trkpt lat="55.714326" lon="13.985119">
<ele>99.207</ele>
<time>2020-03-15T09:10:08Z</time>
</trkpt>
<trkpt lat="55.714317" lon="13.985096">
<ele>99.207</ele>
<time>2020-03-15T09:10:10Z</time>
</trkpt>
<trkpt lat="55.714309" lon="13.985079">
<ele>99.207</ele>
<time>2020-03-15T09:10:11Z</time>
</trkpt>
<trkpt lat="55.714282" lon="13.985037">
<ele>99.207</ele>
<time>2020-03-15T09:10:13Z</time>
</trkpt>
<trkpt lat="55.714270" lon="13.985021">
<ele>98.207</ele>
<time>2020-03-15T09:10:15Z</time>
</trkpt>
<trkpt lat="55.714261" lon="13.985007">
<ele>99.207</ele>
<time>2020-03-15T09:10:16Z</time>
</trkpt>
<trkpt lat="55.714251" lon="13.984994">
<ele>98.207</ele>
<time>2020-03-15T09:10:17Z</time>
</trkpt>
<trkpt lat="55.714234" lon="13.984978">
<ele>98.207</ele>
<time>2020-03-15T09:10:18Z</time>
</trkpt>
<trkpt lat="55.714216" lon="13.984965">
<ele>96.207</ele>
<time>2020-03-15T09:10:20Z</time>
</trkpt>
<trkpt lat="55.714206" lon="13.984954">
<ele>96.207</ele>
<time>2020-03-15T09:10:21Z</time>
</trkpt>
<trkpt lat="55.714200" lon="13.984942">
<ele>96.207</ele>
<time>2020-03-15T09:10:22Z</time>
</trkpt>
<trkpt lat="55.714190" lon="13.984917">
<ele>96.207</ele>
<time>2020-03-15T09:10:23Z</time>
</trkpt>
<trkpt lat="55.714183" lon="13.984894">
<ele>96.207</ele>
<time>2020-03-15T09:10:25Z</time>
</trkpt>
<trkpt lat="55.714177" lon="13.984878">
<ele>97.207</ele>
<time>2020-03-15T09:10:26Z</time>
</trkpt>
<trkpt lat="55.714170" lon="13.984866">
<ele>96.207</ele>
<time>2020-03-15T09:10:27Z</time>
</trkpt>
<trkpt lat="55.714160" lon="13.984854">
<ele>97.207</ele>
<time>2020-03-15T09:10:28Z</time>
</trkpt>
<trkpt lat="55.714154" lon="13.984846">
<ele>97.207</ele>
<time>2020-03-15T09:10:28Z</time>
</trkpt>
<trkpt lat="55.714130" lon="13.984827">
<ele>95.207</ele>
<time>2020-03-15T09:10:31Z</time>
</trkpt>
<trkpt lat="55.714109" lon="13.984807">
<ele>95.207</ele>
<time>2020-03-15T09:10:33Z</time>
</trkpt>
<trkpt lat="55.714102" lon="13.984800">
<ele>95.207</ele>
<time>2020-03-15T09:10:33Z</time>
</trkpt>
<trkpt lat="55.714088" lon="13.984790">
<ele>95.207</ele>
<time>2020-03-15T09:10:35Z</time>
</trkpt>
<trkpt lat="55.714030" lon="13.984727">
<ele>94.207</ele>
<time>2020-03-15T09:10:40Z</time>
</trkpt>
<trkpt lat="55.713998" lon="13.984682">
<ele>92.206</ele>
<time>2020-03-15T09:10:43Z</time>
</trkpt>
<trkpt lat="55.713990" lon="13.984667">
<ele>92.207</ele>
<time>2020-03-15T09:10:44Z</time>
</trkpt>
<trkpt lat="55.713987" lon="13.984646">
<ele>92.206</ele>
<time>2020-03-15T09:10:45Z</time>
</trkpt>
<trkpt lat="55.713988" lon="13.984607">
<ele>92.206</ele>
<time>2020-03-15T09:10:47Z</time>
</trkpt>
<trkpt lat="55.713992" lon="13.984586">
<ele>92.206</ele>
<time>2020-03-15T09:10:48Z</time>
</trkpt>
<trkpt lat="55.713993" lon="13.984573">
<ele>92.206</ele>
<time>2020-03-15T09:10:48Z</time>
</trkpt>
<trkpt lat="55.713999" lon="13.984540">
<ele>92.206</ele>
<time>2020-03-15T09:10:50Z</time>
</trkpt>
<trkpt lat="55.714003" lon="13.984476">
<ele>92.206</ele>
<time>2020-03-15T09:10:53Z</time>
</trkpt>
<trkpt lat="55.714015" lon="13.984421">
<ele>91.206</ele>
<time>2020-03-15T09:10:56Z</time>
</trkpt>
<trkpt lat="55.714022" lon="13.984397">
<ele>92.206</ele>
<time>2020-03-15T09:10:57Z</time>
</trkpt>
<trkpt lat="55.714028" lon="13.984383">
<ele>92.206</ele>
<time>2020-03-15T09:10:58Z</time>
</trkpt>
<trkpt lat="55.714031" lon="13.984373">
<ele>92.206</ele>
<time>2020-03-15T09:10:58Z</time>
</trkpt>
<trkpt lat="55.714040" lon="13.984358">
<ele>91.206</ele>
<time>2020-03-15T09:11:00Z</time>
</trkpt>
<trkpt lat="55.714054" lon="13.984317">
<ele>91.206</ele>
<time>2020-03-15T09:11:02Z</time>
</trkpt>
<trkpt lat="55.714071" lon="13.984231">
<ele>93.206</ele>
<time>2020-03-15T09:11:06Z</time>
</trkpt>
<trkpt lat="55.714077" lon="13.984212">
<ele>93.206</ele>
<time>2020-03-15T09:11:07Z</time>
</trkpt>
<trkpt lat="55.714085" lon="13.984194">
<ele>93.206</ele>
<time>2020-03-15T09:11:08Z</time>
</trkpt>
<trkpt lat="55.714090" lon="13.984182">
<ele>93.206</ele>
<time>2020-03-15T09:11:08Z</time>
</trkpt>
<trkpt lat="55.714098" lon="13.984165">
<ele>93.206</ele>
<time>2020-03-15T09:11:10Z</time>
</trkpt>
<trkpt lat="55.714100" lon="13.984165">
<ele>92.206</ele>
<time>2020-03-15T09:11:11Z</time>
</trkpt>
<trkpt lat="55.714096" lon="13.984167">
<ele>92.206</ele>
<time>2020-03-15T09:11:12Z</time>
</trkpt>
<trkpt lat="55.714094" lon="13.984173">
<ele>92.206</ele>
<time>2020-03-15T09:11:13Z</time>
</trkpt>
<trkpt lat="55.714094" lon="13.984172">
<ele>92.206</ele>
<time>2020-03-15T09:11:13Z</time>
</trkpt>
<trkpt lat="55.714097" lon="13.984176">
<ele>91.206</ele>
<time>2020-03-15T09:11:15Z</time>
</trkpt>
<trkpt lat="55.714102" lon="13.984167">
<ele>91.206</ele>
<time>2020-03-15T09:11:16Z</time>
</trkpt>
<trkpt lat="55.714105" lon="13.984159">
<ele>92.206</ele>
<time>2020-03-15T09:11:17Z</time>
</trkpt>
<trkpt lat="55.714106" lon="13.984157">
<ele>92.206</ele>
<time>2020-03-15T09:11:18Z</time>
</trkpt>
<trkpt lat="55.714106" lon="13.984156">
<ele>92.206</ele>
<time>2020-03-15T09:11:18Z</time>
</trkpt>
<trkpt lat="55.714108" lon="13.984164">
<ele>92.206</ele>
<time>2020-03-15T09:11:22Z</time>
</trkpt>
<trkpt lat="55.714109" lon="13.984165">
<ele>92.206</ele>
<time>2020-03-15T09:11:23Z</time>
</trkpt>
<trkpt lat="55.714109" lon="13.984166">
<ele>92.206</ele>
<time>2020-03-15T09:11:25Z</time>
</trkpt>
<trkpt lat="55.714126" lon="13.984166">
<ele>93.206</ele>
<time>2020-03-15T09:11:28Z</time>
</trkpt>
<trkpt lat="55.714127" lon="13.984173">
<ele>92.206</ele>
<time>2020-03-15T09:11:30Z</time>
</trkpt>
<trkpt lat="55.714129" lon="13.984164">
<ele>92.206</ele>
<time>2020-03-15T09:11:34Z</time>
</trkpt>
<trkpt lat="55.714129" lon="13.984163">
<ele>92.206</ele>
<time>2020-03-15T09:11:35Z</time>
</trkpt>
<trkpt lat="55.714129" lon="13.984163">
<ele>92.206</ele>
<time>2020-03-15T09:11:36Z</time>
</trkpt>
<trkpt lat="55.714129" lon="13.984163">
<ele>92.206</ele>
<time>2020-03-15T09:11:37Z</time>
</trkpt>
<trkpt lat="55.714125" lon="13.984161">
<ele>93.206</ele>
<time>2020-03-15T09:11:38Z</time>
</trkpt>
<trkpt lat="55.714134" lon="13.984123">
<ele>93.206</ele>
<time>2020-03-15T09:11:39Z</time>
</trkpt>
<trkpt lat="55.714129" lon="13.984047">
<ele>93.206</ele>
<time>2020-03-15T09:11:40Z</time>
</trkpt>
<trkpt lat="55.714107" lon="13.983979">
<ele>93.206</ele>
<time>2020-03-15T09:11:41Z</time>
</trkpt>
<trkpt lat="55.714081" lon="13.983941">
<ele>93.206</ele>
<time>2020-03-15T09:11:42Z</time>
</trkpt>
<trkpt lat="55.714059" lon="13.983922">
<ele>94.206</ele>
<time>2020-03-15T09:11:43Z</time>
</trkpt>
<trkpt lat="55.714043" lon="13.983932">
<ele>94.206</ele>
<time>2020-03-15T09:11:44Z</time>
</trkpt>
<trkpt lat="55.714016" lon="13.983970">
<ele>94.206</ele>
<time>2020-03-15T09:11:45Z</time>
</trkpt>
<trkpt lat="55.713998" lon="13.984016">
<ele>94.206</ele>
<time>2020-03-15T09:11:47Z</time>
</trkpt>
<trkpt lat="55.713992" lon="13.984105">
<ele>95.206</ele>
<time>2020-03-15T09:11:50Z</time>
</trkpt>
<trkpt lat="55.713985" lon="13.984132">
<ele>95.206</ele>
<time>2020-03-15T09:11:51Z</time>
</trkpt>
<trkpt lat="55.713961" lon="13.984183">
<ele>95.206</ele>
<time>2020-03-15T09:11:54Z</time>
</trkpt>
<trkpt lat="55.713964" lon="13.984188">
<ele>95.206</ele>
<time>2020-03-15T09:11:55Z</time>
</trkpt>
<trkpt lat="55.713962" lon="13.984200">
<ele>95.206</ele>
<time>2020-03-15T09:11:56Z</time>
</trkpt>
<trkpt lat="55.713958" lon="13.984216">
<ele>95.206</ele>
<time>2020-03-15T09:11:58Z</time>
</trkpt>
<trkpt lat="55.713962" lon="13.984215">
<ele>95.206</ele>
<time>2020-03-15T09:11:59Z</time>
</trkpt>
<trkpt lat="55.713966" lon="13.984216">
<ele>95.206</ele>
<time>2020-03-15T09:12:00Z</time>
</trkpt>
<trkpt lat="55.713966" lon="13.984211">
<ele>94.206</ele>
<time>2020-03-15T09:12:01Z</time>
</trkpt>
<trkpt lat="55.713957" lon="13.984206">
<ele>94.206</ele>
<time>2020-03-15T09:12:02Z</time>
</trkpt>
<trkpt lat="55.713944" lon="13.984189">
<ele>93.206</ele>
<time>2020-03-15T09:12:03Z</time>
</trkpt>
<trkpt lat="55.713941" lon="13.984163">
<ele>93.206</ele>
<time>2020-03-15T09:12:04Z</time>
</trkpt>
<trkpt lat="55.713947" lon="13.984122">
<ele>93.206</ele>
<time>2020-03-15T09:12:05Z</time>
</trkpt>
<trkpt lat="55.713954" lon="13.984090">
<ele>93.206</ele>
<time>2020-03-15T09:12:06Z</time>
</trkpt>
<trkpt lat="55.713965" lon="13.984063">
<ele>93.206</ele>
<time>2020-03-15T09:12:07Z</time>
</trkpt>
<trkpt lat="55.713988" lon="13.984025">
<ele>93.206</ele>
<time>2020-03-15T09:12:09Z</time>
</trkpt>
<trkpt lat="55.713999" lon="13.984014">
<ele>92.206</ele>
<time>2020-03-15T09:12:10Z</time>
</trkpt>
<trkpt lat="55.714003" lon="13.984011">
<ele>93.206</ele>
<time>2020-03-15T09:12:11Z</time>
</trkpt>
<trkpt lat="55.714014" lon="13.984010">
<ele>93.206</ele>
<time>2020-03-15T09:12:12Z</time>
</trkpt>
<trkpt lat="55.714023" lon="13.984013">
<ele>92.206</ele>
<time>2020-03-15T09:12:13Z</time>
</trkpt>
<trkpt lat="55.714029" lon="13.984017">
<ele>92.206</ele>
<time>2020-03-15T09:12:14Z</time>
</trkpt>
<trkpt lat="55.714037" lon="13.984021">
<ele>92.206</ele>
<time>2020-03-15T09:12:15Z</time>
</trkpt>
<trkpt lat="55.714041" lon="13.984011">
<ele>92.206</ele>
<time>2020-03-15T09:12:16Z</time>
</trkpt>
<trkpt lat="55.714046" lon="13.983987">
<ele>92.206</ele>
<time>2020-03-15T09:12:17Z</time>
</trkpt>
<trkpt lat="55.714053" lon="13.983930">
<ele>92.206</ele>
<time>2020-03-15T09:12:19Z</time>
</trkpt>
<trkpt lat="55.714054" lon="13.983879">
<ele>93.206</ele>
<time>2020-03-15T09:12:21Z</time>
</trkpt>
<trkpt lat="55.714053" lon="13.983857">
<ele>92.205</ele>
<time>2020-03-15T09:12:22Z</time>
</trkpt>
<trkpt lat="55.714055" lon="13.983837">
<ele>92.205</ele>
<time>2020-03-15T09:12:23Z</time>
</trkpt>
<trkpt lat="55.714059" lon="13.983822">
<ele>92.205</ele>
<time>2020-03-15T09:12:24Z</time>
</trkpt>
<trkpt lat="55.714059" lon="13.983815">
<ele>92.205</ele>
<time>2020-03-15T09:12:23Z</time>
</trkpt>
<trkpt lat="55.714065" lon="13.983809">
<ele>92.205</ele>
<time>2020-03-15T09:12:25Z</time>
</trkpt>
<trkpt lat="55.714070" lon="13.983794">
<ele>92.205</ele>
<time>2020-03-15T09:12:26Z</time>
</trkpt>
<trkpt lat="55.714072" lon="13.983783">
<ele>92.205</ele>
<time>2020-03-15T09:12:27Z</time>
</trkpt>
<trkpt lat="55.714070" lon="13.983769">
<ele>92.205</ele>
<time>2020-03-15T09:12:28Z</time>
</trkpt>
<trkpt lat="55.714065" lon="13.983762">
<ele>92.205</ele>
<time>2020-03-15T09:12:29Z</time>
</trkpt>
<trkpt lat="55.714063" lon="13.983758">
<ele>92.205</ele>
<time>2020-03-15T09:12:29Z</time>
</trkpt>
<trkpt lat="55.714051" lon="13.983780">
<ele>91.205</ele>
<time>2020-03-15T09:12:31Z</time>
</trkpt>
<trkpt lat="55.714043" lon="13.983784">
<ele>90.205</ele>
<time>2020-03-15T09:12:32Z</time>
</trkpt>
<trkpt lat="55.714037" lon="13.983778">
<ele>90.205</ele>
<time>2020-03-15T09:12:33Z</time>
</trkpt>
<trkpt lat="55.714035" lon="13.983771">
<ele>91.205</ele>
<time>2020-03-15T09:12:34Z</time>
</trkpt>
<trkpt lat="55.714033" lon="13.983770">
<ele>91.205</ele>
<time>2020-03-15T09:12:34Z</time>
</trkpt>
<trkpt lat="55.714029" lon="13.983753">
<ele>90.205</ele>
<time>2020-03-15T09:12:36Z</time>
</trkpt>
<trkpt lat="55.714028" lon="13.983723">
<ele>90.205</ele>
<time>2020-03-15T09:12:38Z</time>
</trkpt>
<trkpt lat="55.714032" lon="13.983706">
<ele>90.205</ele>
<time>2020-03-15T09:12:39Z</time>
</trkpt>
<trkpt lat="55.714033" lon="13.983701">
<ele>90.205</ele>
<time>2020-03-15T09:12:39Z</time>
</trkpt>
<trkpt lat="55.714055" lon="13.983662">
<ele>90.205</ele>
<time>2020-03-15T09:12:42Z</time>
</trkpt>
<trkpt lat="55.714060" lon="13.983647">
<ele>90.205</ele>
<time>2020-03-15T09:12:43Z</time>
</trkpt>
<trkpt lat="55.714063" lon="13.983637">
<ele>91.205</ele>
<time>2020-03-15T09:12:44Z</time>
</trkpt>
<trkpt lat="55.714064" lon="13.983632">
<ele>91.205</ele>
<time>2020-03-15T09:12:44Z</time>
</trkpt>
<trkpt lat="55.714056" lon="13.983616">
<ele>90.205</ele>
<time>2020-03-15T09:12:46Z</time>
</trkpt>
<trkpt lat="55.714053" lon="13.983595">
<ele>91.205</ele>
<time>2020-03-15T09:12:48Z</time>
</trkpt>
<trkpt lat="55.714049" lon="13.983559">
<ele>91.205</ele>
<time>2020-03-15T09:12:51Z</time>
</trkpt>
<trkpt lat="55.714047" lon="13.983545">
<ele>91.205</ele>
<time>2020-03-15T09:12:52Z</time>
</trkpt>
<trkpt lat="55.714043" lon="13.983529">
<ele>91.205</ele>
<time>2020-03-15T09:12:53Z</time>
</trkpt>
<trkpt lat="55.714038" lon="13.983517">
<ele>91.205</ele>
<time>2020-03-15T09:12:54Z</time>
</trkpt>
<trkpt lat="55.714036" lon="13.983510">
<ele>91.205</ele>
<time>2020-03-15T09:12:54Z</time>
</trkpt>
<trkpt lat="55.714030" lon="13.983486">
<ele>90.205</ele>
<time>2020-03-15T09:12:56Z</time>
</trkpt>
<trkpt lat="55.714019" lon="13.983411">
<ele>91.205</ele>
<time>2020-03-15T09:12:59Z</time>
</trkpt>
<trkpt lat="55.714001" lon="13.983324">
<ele>92.205</ele>
<time>2020-03-15T09:13:04Z</time>
</trkpt>
<trkpt lat="55.714001" lon="13.983306">
<ele>92.205</ele>
<time>2020-03-15T09:13:05Z</time>
</trkpt>
<trkpt lat="55.714002" lon="13.983287">
<ele>93.205</ele>
<time>2020-03-15T09:13:06Z</time>
</trkpt>
<trkpt lat="55.714004" lon="13.983267">
<ele>93.205</ele>
<time>2020-03-15T09:13:07Z</time>
</trkpt>
<trkpt lat="55.714005" lon="13.983250">
<ele>93.205</ele>
<time>2020-03-15T09:13:08Z</time>
</trkpt>
<trkpt lat="55.714001" lon="13.983220">
<ele>93.205</ele>
<time>2020-03-15T09:13:09Z</time>
</trkpt>
<trkpt lat="55.713992" lon="13.983177">
<ele>94.205</ele>
<time>2020-03-15T09:13:12Z</time>
</trkpt>
<trkpt lat="55.713990" lon="13.983160">
<ele>95.205</ele>
<time>2020-03-15T09:13:13Z</time>
</trkpt>
<trkpt lat="55.713989" lon="13.983142">
<ele>95.205</ele>
<time>2020-03-15T09:13:14Z</time>
</trkpt>
<trkpt lat="55.713997" lon="13.982970">
<ele>97.205</ele>
<time>2020-03-15T09:13:23Z</time>
</trkpt>
<trkpt lat="55.713999" lon="13.982948">
<ele>97.205</ele>
<time>2020-03-15T09:13:24Z</time>
</trkpt>
<trkpt lat="55.714000" lon="13.982931">
<ele>98.205</ele>
<time>2020-03-15T09:13:25Z</time>
</trkpt>
<trkpt lat="55.714000" lon="13.982920">
<ele>98.205</ele>
<time>2020-03-15T09:13:26Z</time>
</trkpt>
<trkpt lat="55.713999" lon="13.982908">
<ele>98.205</ele>
<time>2020-03-15T09:13:27Z</time>
</trkpt>
<trkpt lat="55.713998" lon="13.982895">
<ele>97.205</ele>
<time>2020-03-15T09:13:28Z</time>
</trkpt>
<trkpt lat="55.714005" lon="13.982824">
<ele>96.204</ele>
<time>2020-03-15T09:13:32Z</time>
</trkpt>
<trkpt lat="55.714005" lon="13.982802">
<ele>95.204</ele>
<time>2020-03-15T09:13:33Z</time>
</trkpt>
<trkpt lat="55.714006" lon="13.982779">
<ele>96.204</ele>
<time>2020-03-15T09:13:34Z</time>
</trkpt>
<trkpt lat="55.714006" lon="13.982663">
<ele>94.204</ele>
<time>2020-03-15T09:13:39Z</time>
</trkpt>
<trkpt lat="55.714011" lon="13.982638">
<ele>94.204</ele>
<time>2020-03-15T09:13:41Z</time>
</trkpt>
<trkpt lat="55.714016" lon="13.982623">
<ele>95.204</ele>
<time>2020-03-15T09:13:42Z</time>
</trkpt>
<trkpt lat="55.714034" lon="13.982538">
<ele>94.204</ele>
<time>2020-03-15T09:13:47Z</time>
</trkpt>
<trkpt lat="55.714042" lon="13.982489">
<ele>95.204</ele>
<time>2020-03-15T09:13:50Z</time>
</trkpt>
<trkpt lat="55.714046" lon="13.982473">
<ele>95.204</ele>
<time>2020-03-15T09:13:51Z</time>
</trkpt>
<trkpt lat="55.714051" lon="13.982441">
<ele>95.204</ele>
<time>2020-03-15T09:13:53Z</time>
</trkpt>
<trkpt lat="55.714063" lon="13.982386">
<ele>95.204</ele>
<time>2020-03-15T09:13:56Z</time>
</trkpt>
<trkpt lat="55.714069" lon="13.982351">
<ele>95.204</ele>
<time>2020-03-15T09:13:58Z</time>
</trkpt>
<trkpt lat="55.714072" lon="13.982333">
<ele>95.204</ele>
<time>2020-03-15T09:13:59Z</time>
</trkpt>
<trkpt lat="55.714075" lon="13.982312">
<ele>95.204</ele>
<time>2020-03-15T09:14:00Z</time>
</trkpt>
<trkpt lat="55.714086" lon="13.982211">
<ele>96.204</ele>
<time>2020-03-15T09:14:05Z</time>
</trkpt>
<trkpt lat="55.714095" lon="13.982161">
<ele>96.204</ele>
<time>2020-03-15T09:14:08Z</time>
</trkpt>
<trkpt lat="55.714110" lon="13.982092">
<ele>97.203</ele>
<time>2020-03-15T09:14:12Z</time>
</trkpt>
<trkpt lat="55.714122" lon="13.982018">
<ele>97.203</ele>
<time>2020-03-15T09:14:15Z</time>
</trkpt>
<trkpt lat="55.714125" lon="13.981983">
<ele>97.203</ele>
<time>2020-03-15T09:14:17Z</time>
</trkpt>
<trkpt lat="55.714129" lon="13.981962">
<ele>97.203</ele>
<time>2020-03-15T09:14:18Z</time>
</trkpt>
<trkpt lat="55.714132" lon="13.981942">
<ele>97.203</ele>
<time>2020-03-15T09:14:19Z</time>
</trkpt>
<trkpt lat="55.714134" lon="13.981923">
<ele>97.203</ele>
<time>2020-03-15T09:14:20Z</time>
</trkpt>
<trkpt lat="55.714136" lon="13.981911">
<ele>97.203</ele>
<time>2020-03-15T09:14:20Z</time>
</trkpt>
<trkpt lat="55.714136" lon="13.981881">
<ele>97.203</ele>
<time>2020-03-15T09:14:22Z</time>
</trkpt>
<trkpt lat="55.714143" lon="13.981844">
<ele>97.203</ele>
<time>2020-03-15T09:14:24Z</time>
</trkpt>
<trkpt lat="55.714157" lon="13.981798">
<ele>98.203</ele>
<time>2020-03-15T09:14:27Z</time>
</trkpt>
<trkpt lat="55.714171" lon="13.981760">
<ele>98.203</ele>
<time>2020-03-15T09:14:29Z</time>
</trkpt>
<trkpt lat="55.714185" lon="13.981702">
<ele>98.203</ele>
<time>2020-03-15T09:14:32Z</time>
</trkpt>
<trkpt lat="55.714188" lon="13.981683">
<ele>98.203</ele>
<time>2020-03-15T09:14:33Z</time>
</trkpt>
<trkpt lat="55.714190" lon="13.981665">
<ele>98.203</ele>
<time>2020-03-15T09:14:34Z</time>
</trkpt>
<trkpt lat="55.714210" lon="13.981563">
<ele>98.203</ele>
<time>2020-03-15T09:14:39Z</time>
</trkpt>
<trkpt lat="55.714220" lon="13.981527">
<ele>99.203</ele>
<time>2020-03-15T09:14:40Z</time>
</trkpt>
<trkpt lat="55.714228" lon="13.981470">
<ele>98.203</ele>
<time>2020-03-15T09:14:43Z</time>
</trkpt>
<trkpt lat="55.714232" lon="13.981454">
<ele>98.203</ele>
<time>2020-03-15T09:14:44Z</time>
</trkpt>
<trkpt lat="55.714242" lon="13.981428">
<ele>98.203</ele>
<time>2020-03-15T09:14:45Z</time>
</trkpt>
<trkpt lat="55.714248" lon="13.981410">
<ele>98.203</ele>
<time>2020-03-15T09:14:47Z</time>
</trkpt>
<trkpt lat="55.714267" lon="13.981367">
<ele>98.203</ele>
<time>2020-03-15T09:14:50Z</time>
</trkpt>
<trkpt lat="55.714273" lon="13.981356">
<ele>98.202</ele>
<time>2020-03-15T09:14:50Z</time>
</trkpt>
<trkpt lat="55.714279" lon="13.981343">
<ele>98.202</ele>
<time>2020-03-15T09:14:52Z</time>
</trkpt>
<trkpt lat="55.714285" lon="13.981323">
<ele>98.202</ele>
<time>2020-03-15T09:14:53Z</time>
</trkpt>
<trkpt lat="55.714291" lon="13.981301">
<ele>98.202</ele>
<time>2020-03-15T09:14:54Z</time>
</trkpt>
<trkpt lat="55.714295" lon="13.981279">
<ele>98.202</ele>
<time>2020-03-15T09:14:55Z</time>
</trkpt>
<trkpt lat="55.714301" lon="13.981226">
<ele>98.202</ele>
<time>2020-03-15T09:14:57Z</time>
</trkpt>
<trkpt lat="55.714307" lon="13.981204">
<ele>98.202</ele>
<time>2020-03-15T09:14:58Z</time>
</trkpt>
<trkpt lat="55.714338" lon="13.981126">
<ele>99.202</ele>
<time>2020-03-15T09:15:02Z</time>
</trkpt>
<trkpt lat="55.714351" lon="13.981098">
<ele>99.202</ele>
<time>2020-03-15T09:15:04Z</time>
</trkpt>
<trkpt lat="55.714362" lon="13.981069">
<ele>99.202</ele>
<time>2020-03-15T09:15:05Z</time>
</trkpt>
<trkpt lat="55.714396" lon="13.980921">
<ele>99.202</ele>
<time>2020-03-15T09:15:14Z</time>
</trkpt>
<trkpt lat="55.714406" lon="13.980894">
<ele>100.202</ele>
<time>2020-03-15T09:15:15Z</time>
</trkpt>
<trkpt lat="55.714430" lon="13.980773">
<ele>101.202</ele>
<time>2020-03-15T09:15:22Z</time>
</trkpt>
<trkpt lat="55.714468" lon="13.980657">
<ele>101.202</ele>
<time>2020-03-15T09:15:29Z</time>
</trkpt>
<trkpt lat="55.714474" lon="13.980645">
<ele>101.202</ele>
<time>2020-03-15T09:15:30Z</time>
</trkpt>
<trkpt lat="55.714480" lon="13.980631">
<ele>100.202</ele>
<time>2020-03-15T09:15:31Z</time>
</trkpt>
<trkpt lat="55.714506" lon="13.980540">
<ele>100.201</ele>
<time>2020-03-15T09:15:37Z</time>
</trkpt>
<trkpt lat="55.714525" lon="13.980483">
<ele>101.201</ele>
<time>2020-03-15T09:15:40Z</time>
</trkpt>
<trkpt lat="55.714543" lon="13.980399">
<ele>100.201</ele>
<time>2020-03-15T09:15:45Z</time>
</trkpt>
<trkpt lat="55.714553" lon="13.980333">
<ele>101.201</ele>
<time>2020-03-15T09:15:48Z</time>
</trkpt>
<trkpt lat="55.714558" lon="13.980314">
<ele>101.201</ele>
<time>2020-03-15T09:15:49Z</time>
</trkpt>
<trkpt lat="55.714568" lon="13.980284">
<ele>102.201</ele>
<time>2020-03-15T09:15:50Z</time>
</trkpt>
<trkpt lat="55.714574" lon="13.980270">
<ele>102.201</ele>
<time>2020-03-15T09:15:52Z</time>
</trkpt>
<trkpt lat="55.714611" lon="13.980178">
<ele>103.201</ele>
<time>2020-03-15T09:15:58Z</time>
</trkpt>
<trkpt lat="55.714633" lon="13.980136">
<ele>103.201</ele>
<time>2020-03-15T09:16:00Z</time>
</trkpt>
<trkpt lat="55.714648" lon="13.980095">
<ele>103.201</ele>
<time>2020-03-15T09:16:03Z</time>
</trkpt>
<trkpt lat="55.714655" lon="13.980080">
<ele>103.201</ele>
<time>2020-03-15T09:16:04Z</time>
</trkpt>
<trkpt lat="55.714661" lon="13.980064">
<ele>104.201</ele>
<time>2020-03-15T09:16:05Z</time>
</trkpt>
<trkpt lat="55.714667" lon="13.980049">
<ele>104.201</ele>
<time>2020-03-15T09:16:06Z</time>
</trkpt>
<trkpt lat="55.714672" lon="13.980031">
<ele>104.201</ele>
<time>2020-03-15T09:16:07Z</time>
</trkpt>
<trkpt lat="55.714678" lon="13.980022">
<ele>104.201</ele>
<time>2020-03-15T09:16:08Z</time>
</trkpt>
<trkpt lat="55.714683" lon="13.980013">
<ele>104.201</ele>
<time>2020-03-15T09:16:09Z</time>
</trkpt>
<trkpt lat="55.714689" lon="13.980002">
<ele>104.201</ele>
<time>2020-03-15T09:16:10Z</time>
</trkpt>
<trkpt lat="55.714694" lon="13.979988">
<ele>104.201</ele>
<time>2020-03-15T09:16:11Z</time>
</trkpt>
<trkpt lat="55.714700" lon="13.979969">
<ele>104.201</ele>
<time>2020-03-15T09:16:12Z</time>
</trkpt>
<trkpt lat="55.714715" lon="13.979944">
<ele>104.201</ele>
<time>2020-03-15T09:16:14Z</time>
</trkpt>
<trkpt lat="55.714729" lon="13.979906">
<ele>104.201</ele>
<time>2020-03-15T09:16:16Z</time>
</trkpt>
<trkpt lat="55.714763" lon="13.979770">
<ele>105.200</ele>
<time>2020-03-15T09:16:22Z</time>
</trkpt>
<trkpt lat="55.714769" lon="13.979760">
<ele>105.200</ele>
<time>2020-03-15T09:16:23Z</time>
</trkpt>
<trkpt lat="55.714778" lon="13.979747">
<ele>105.200</ele>
<time>2020-03-15T09:16:24Z</time>
</trkpt>
<trkpt lat="55.714797" lon="13.979728">
<ele>105.200</ele>
<time>2020-03-15T09:16:26Z</time>
</trkpt>
<trkpt lat="55.714806" lon="13.979714">
<ele>106.200</ele>
<time>2020-03-15T09:16:27Z</time>
</trkpt>
<trkpt lat="55.714905" lon="13.979619">
<ele>107.200</ele>
<time>2020-03-15T09:16:37Z</time>
</trkpt>
<trkpt lat="55.714958" lon="13.979597">
<ele>107.200</ele>
<time>2020-03-15T09:16:42Z</time>
</trkpt>
<trkpt lat="55.714969" lon="13.979595">
<ele>107.200</ele>
<time>2020-03-15T09:16:43Z</time>
</trkpt>
<trkpt lat="55.714981" lon="13.979591">
<ele>107.200</ele>
<time>2020-03-15T09:16:44Z</time>
</trkpt>
<trkpt lat="55.715004" lon="13.979580">
<ele>108.200</ele>
<time>2020-03-15T09:16:46Z</time>
</trkpt>
<trkpt lat="55.715039" lon="13.979551">
<ele>108.200</ele>
<time>2020-03-15T09:16:49Z</time>
</trkpt>
<trkpt lat="55.715111" lon="13.979472">
<ele>109.200</ele>
<time>2020-03-15T09:16:55Z</time>
</trkpt>
<trkpt lat="55.715120" lon="13.979457">
<ele>109.200</ele>
<time>2020-03-15T09:16:56Z</time>
</trkpt>
<trkpt lat="55.715138" lon="13.979415">
<ele>109.200</ele>
<time>2020-03-15T09:16:58Z</time>
</trkpt>
<trkpt lat="55.715145" lon="13.979401">
<ele>109.200</ele>
<time>2020-03-15T09:16:59Z</time>
</trkpt>
<trkpt lat="55.715172" lon="13.979323">
<ele>108.199</ele>
<time>2020-03-15T09:17:04Z</time>
</trkpt>
<trkpt lat="55.715178" lon="13.979311">
<ele>108.199</ele>
<time>2020-03-15T09:17:05Z</time>
</trkpt>
<trkpt lat="55.715184" lon="13.979299">
<ele>108.199</ele>
<time>2020-03-15T09:17:06Z</time>
</trkpt>
<trkpt lat="55.715188" lon="13.979285">
<ele>108.199</ele>
<time>2020-03-15T09:17:07Z</time>
</trkpt>
<trkpt lat="55.715192" lon="13.979292">
<ele>109.199</ele>
<time>2020-03-15T09:17:08Z</time>
</trkpt>
<trkpt lat="55.715196" lon="13.979288">
<ele>109.199</ele>
<time>2020-03-15T09:17:09Z</time>
</trkpt>
<trkpt lat="55.715198" lon="13.979285">
<ele>109.199</ele>
<time>2020-03-15T09:17:10Z</time>
</trkpt>
<trkpt lat="55.715200" lon="13.979282">
<ele>109.199</ele>
<time>2020-03-15T09:17:11Z</time>
</trkpt>
<trkpt lat="55.715199" lon="13.979277">
<ele>109.199</ele>
<time>2020-03-15T09:17:12Z</time>
</trkpt>
<trkpt lat="55.715200" lon="13.979275">
<ele>109.199</ele>
<time>2020-03-15T09:17:13Z</time>
</trkpt>
<trkpt lat="55.715200" lon="13.979273">
<ele>109.199</ele>
<time>2020-03-15T09:17:14Z</time>
</trkpt>
<trkpt lat="55.715200" lon="13.979272">
<ele>109.199</ele>
<time>2020-03-15T09:17:15Z</time>
</trkpt>
<trkpt lat="55.715201" lon="13.979270">
<ele>108.199</ele>
<time>2020-03-15T09:17:16Z</time>
</trkpt>
<trkpt lat="55.715203" lon="13.979265">
<ele>108.199</ele>
<time>2020-03-15T09:17:17Z</time>
</trkpt>
<trkpt lat="55.715205" lon="13.979258">
<ele>108.199</ele>
<time>2020-03-15T09:17:18Z</time>
</trkpt>
<trkpt lat="55.715207" lon="13.979244">
<ele>109.199</ele>
<time>2020-03-15T09:17:19Z</time>
</trkpt>
<trkpt lat="55.715217" lon="13.979223">
<ele>110.199</ele>
<time>2020-03-15T09:17:21Z</time>
</trkpt>
<trkpt lat="55.715220" lon="13.979216">
<ele>110.199</ele>
<time>2020-03-15T09:17:21Z</time>
</trkpt>
<trkpt lat="55.715251" lon="13.979181">
<ele>110.199</ele>
<time>2020-03-15T09:17:25Z</time>
</trkpt>
<trkpt lat="55.715265" lon="13.979160">
<ele>110.199</ele>
<time>2020-03-15T09:17:26Z</time>
</trkpt>
<trkpt lat="55.715306" lon="13.979076">
<ele>109.199</ele>
<time>2020-03-15T09:17:31Z</time>
</trkpt>
<trkpt lat="55.715330" lon="13.979007">
<ele>109.199</ele>
<time>2020-03-15T09:17:35Z</time>
</trkpt>
<trkpt lat="55.715371" lon="13.978843">
<ele>108.199</ele>
<time>2020-03-15T09:17:43Z</time>
</trkpt>
<trkpt lat="55.715387" lon="13.978801">
<ele>108.199</ele>
<time>2020-03-15T09:17:46Z</time>
</trkpt>
<trkpt lat="55.715399" lon="13.978750">
<ele>106.199</ele>
<time>2020-03-15T09:17:49Z</time>
</trkpt>
<trkpt lat="55.715412" lon="13.978718">
<ele>105.198</ele>
<time>2020-03-15T09:17:51Z</time>
</trkpt>
<trkpt lat="55.715431" lon="13.978645">
<ele>104.198</ele>
<time>2020-03-15T09:17:55Z</time>
</trkpt>
<trkpt lat="55.715435" lon="13.978626">
<ele>104.198</ele>
<time>2020-03-15T09:17:56Z</time>
</trkpt>
<trkpt lat="55.715437" lon="13.978614">
<ele>104.198</ele>
<time>2020-03-15T09:17:56Z</time>
</trkpt>
<trkpt lat="55.715446" lon="13.978586">
<ele>104.198</ele>
<time>2020-03-15T09:17:58Z</time>
</trkpt>
<trkpt lat="55.715494" lon="13.978482">
<ele>105.198</ele>
<time>2020-03-15T09:18:04Z</time>
</trkpt>
<trkpt lat="55.715555" lon="13.978250">
<ele>105.198</ele>
<time>2020-03-15T09:18:14Z</time>
</trkpt>
<trkpt lat="55.715576" lon="13.978194">
<ele>106.198</ele>
<time>2020-03-15T09:18:16Z</time>
</trkpt>
<trkpt lat="55.715585" lon="13.978174">
<ele>106.198</ele>
<time>2020-03-15T09:18:18Z</time>
</trkpt>
<trkpt lat="55.715603" lon="13.978145">
<ele>106.198</ele>
<time>2020-03-15T09:18:20Z</time>
</trkpt>
<trkpt lat="55.715634" lon="13.978106">
<ele>107.198</ele>
<time>2020-03-15T09:18:23Z</time>
</trkpt>
<trkpt lat="55.715681" lon="13.978024">
<ele>107.197</ele>
<time>2020-03-15T09:18:28Z</time>
</trkpt>
<trkpt lat="55.715701" lon="13.978002">
<ele>107.197</ele>
<time>2020-03-15T09:18:30Z</time>
</trkpt>
<trkpt lat="55.715711" lon="13.977988">
<ele>107.197</ele>
<time>2020-03-15T09:18:31Z</time>
</trkpt>
<trkpt lat="55.715719" lon="13.977971">
<ele>106.197</ele>
<time>2020-03-15T09:18:32Z</time>
</trkpt>
<trkpt lat="55.715726" lon="13.977949">
<ele>106.197</ele>
<time>2020-03-15T09:18:33Z</time>
</trkpt>
<trkpt lat="55.715761" lon="13.977858">
<ele>105.197</ele>
<time>2020-03-15T09:18:38Z</time>
</trkpt>
<trkpt lat="55.715770" lon="13.977840">
<ele>105.197</ele>
<time>2020-03-15T09:18:39Z</time>
</trkpt>
<trkpt lat="55.715826" lon="13.977776">
<ele>107.197</ele>
<time>2020-03-15T09:18:45Z</time>
</trkpt>
<trkpt lat="55.715898" lon="13.977669">
<ele>105.197</ele>
<time>2020-03-15T09:18:52Z</time>
</trkpt>
<trkpt lat="55.716136" lon="13.977466">
<ele>105.196</ele>
<time>2020-03-15T09:19:15Z</time>
</trkpt>
<trkpt lat="55.716159" lon="13.977439">
<ele>106.196</ele>
<time>2020-03-15T09:19:17Z</time>
</trkpt>
<trkpt lat="55.716195" lon="13.977404">
<ele>106.196</ele>
<time>2020-03-15T09:19:21Z</time>
</trkpt>
<trkpt lat="55.716246" lon="13.977364">
<ele>106.196</ele>
<time>2020-03-15T09:19:25Z</time>
</trkpt>
<trkpt lat="55.716484" lon="13.977110">
<ele>106.196</ele>
<time>2020-03-15T09:19:47Z</time>
</trkpt>
<trkpt lat="55.716494" lon="13.977094">
<ele>106.196</ele>
<time>2020-03-15T09:19:49Z</time>
</trkpt>
<trkpt lat="55.716502" lon="13.977084">
<ele>106.196</ele>
<time>2020-03-15T09:19:50Z</time>
</trkpt>
<trkpt lat="55.716509" lon="13.977072">
<ele>107.196</ele>
<time>2020-03-15T09:19:51Z</time>
</trkpt>
<trkpt lat="55.716517" lon="13.977059">
<ele>107.196</ele>
<time>2020-03-15T09:19:52Z</time>
</trkpt>
<trkpt lat="55.716523" lon="13.977050">
<ele>107.196</ele>
<time>2020-03-15T09:19:52Z</time>
</trkpt>
<trkpt lat="55.716531" lon="13.977032">
<ele>108.195</ele>
<time>2020-03-15T09:19:54Z</time>
</trkpt>
<trkpt lat="55.716556" lon="13.977002">
<ele>109.195</ele>
<time>2020-03-15T09:19:57Z</time>
</trkpt>
<trkpt lat="55.716564" lon="13.976991">
<ele>109.195</ele>
<time>2020-03-15T09:19:59Z</time>
</trkpt>
<trkpt lat="55.716571" lon="13.976982">
<ele>109.195</ele>
<time>2020-03-15T09:20:00Z</time>
</trkpt>
<trkpt lat="55.716586" lon="13.976961">
<ele>109.195</ele>
<time>2020-03-15T09:20:02Z</time>
</trkpt>
<trkpt lat="55.716589" lon="13.976955">
<ele>109.195</ele>
<time>2020-03-15T09:20:02Z</time>
</trkpt>
<trkpt lat="55.716596" lon="13.976933">
<ele>109.195</ele>
<time>2020-03-15T09:20:04Z</time>
</trkpt>
<trkpt lat="55.716600" lon="13.976922">
<ele>109.195</ele>
<time>2020-03-15T09:20:05Z</time>
</trkpt>
<trkpt lat="55.716604" lon="13.976916">
<ele>109.195</ele>
<time>2020-03-15T09:20:06Z</time>
</trkpt>
<trkpt lat="55.716605" lon="13.976915">
<ele>109.195</ele>
<time>2020-03-15T09:20:07Z</time>
</trkpt>
<trkpt lat="55.716605" lon="13.976915">
<ele>109.195</ele>
<time>2020-03-15T09:20:07Z</time>
</trkpt>
<trkpt lat="55.716605" lon="13.976914">
<ele>109.195</ele>
<time>2020-03-15T09:20:09Z</time>
</trkpt>
<trkpt lat="55.716605" lon="13.976914">
<ele>109.195</ele>
<time>2020-03-15T09:20:10Z</time>
</trkpt>
<trkpt lat="55.716606" lon="13.976913">
<ele>109.195</ele>
<time>2020-03-15T09:20:12Z</time>
</trkpt>
<trkpt lat="55.716606" lon="13.976913">
<ele>109.195</ele>
<time>2020-03-15T09:20:15Z</time>
</trkpt>
<trkpt lat="55.716606" lon="13.976913">
<ele>109.195</ele>
<time>2020-03-15T09:20:17Z</time>
</trkpt>
<trkpt lat="55.716606" lon="13.976913">
<ele>109.195</ele>
<time>2020-03-15T09:20:27Z</time>
</trkpt>
<trkpt lat="55.716609" lon="13.976912">
<ele>111.195</ele>
<time>2020-03-15T09:20:30Z</time>
</trkpt>
<trkpt lat="55.716612" lon="13.976913">
<ele>111.195</ele>
<time>2020-03-15T09:20:34Z</time>
</trkpt>
<trkpt lat="55.716612" lon="13.976913">
<ele>111.195</ele>
<time>2020-03-15T09:20:35Z</time>
</trkpt>
<trkpt lat="55.716631" lon="13.976913">
<ele>111.195</ele>
<time>2020-03-15T09:21:19Z</time>
</trkpt>
<trkpt lat="55.716630" lon="13.976910">
<ele>108.195</ele>
<time>2020-03-15T09:21:21Z</time>
</trkpt>
<trkpt lat="55.716630" lon="13.976909">
<ele>108.195</ele>
<time>2020-03-15T09:21:22Z</time>
</trkpt>
<trkpt lat="55.716630" lon="13.976909">
<ele>108.195</ele>
<time>2020-03-15T09:21:23Z</time>
</trkpt>
<trkpt lat="55.716630" lon="13.976908">
<ele>108.195</ele>
<time>2020-03-15T09:21:24Z</time>
</trkpt>
<trkpt lat="55.716630" lon="13.976908">
<ele>108.195</ele>
<time>2020-03-15T09:21:25Z</time>
</trkpt>
<trkpt lat="55.716630" lon="13.976908">
<ele>108.195</ele>
<time>2020-03-15T09:21:27Z</time>
</trkpt>
<trkpt lat="55.716630" lon="13.976908">
<ele>108.195</ele>
<time>2020-03-15T09:21:41Z</time>
</trkpt>
<trkpt lat="55.716627" lon="13.976906">
<ele>109.195</ele>
<time>2020-03-15T09:21:44Z</time>
</trkpt>
<trkpt lat="55.716627" lon="13.976906">
<ele>109.195</ele>
<time>2020-03-15T09:21:45Z</time>
</trkpt>
<trkpt lat="55.716627" lon="13.976906">
<ele>109.195</ele>
<time>2020-03-15T09:21:46Z</time>
</trkpt>
<trkpt lat="55.716627" lon="13.976906">
<ele>109.195</ele>
<time>2020-03-15T09:21:47Z</time>
</trkpt>
<trkpt lat="55.716626" lon="13.976905">
<ele>109.195</ele>
<time>2020-03-15T09:21:51Z</time>
</trkpt>
<trkpt lat="55.716626" lon="13.976909">
<ele>108.195</ele>
<time>2020-03-15T09:21:52Z</time>
</trkpt>
<trkpt lat="55.716626" lon="13.976912">
<ele>108.195</ele>
<time>2020-03-15T09:21:53Z</time>
</trkpt>
<trkpt lat="55.716626" lon="13.976914">
<ele>108.195</ele>
<time>2020-03-15T09:21:54Z</time>
</trkpt>
<trkpt lat="55.716627" lon="13.976916">
<ele>108.195</ele>
<time>2020-03-15T09:21:56Z</time>
</trkpt>
<trkpt lat="55.716627" lon="13.976917">
<ele>108.195</ele>
<time>2020-03-15T09:21:57Z</time>
</trkpt>
<trkpt lat="55.716627" lon="13.976917">
<ele>108.195</ele>
<time>2020-03-15T09:21:58Z</time>
</trkpt>
<trkpt lat="55.716627" lon="13.976918">
<ele>108.195</ele>
<time>2020-03-15T09:22:16Z</time>
</trkpt>
<trkpt lat="55.716619" lon="13.976930">
<ele>108.195</ele>
<time>2020-03-15T09:22:17Z</time>
</trkpt>
<trkpt lat="55.716589" lon="13.976942">
<ele>107.195</ele>
<time>2020-03-15T09:22:19Z</time>
</trkpt>
<trkpt lat="55.716575" lon="13.976951">
<ele>106.195</ele>
<time>2020-03-15T09:22:20Z</time>
</trkpt>
<trkpt lat="55.716567" lon="13.976961">
<ele>106.195</ele>
<time>2020-03-15T09:22:21Z</time>
</trkpt>
<trkpt lat="55.716560" lon="13.976977">
<ele>106.195</ele>
<time>2020-03-15T09:22:22Z</time>
</trkpt>
<trkpt lat="55.716544" lon="13.977040">
<ele>107.195</ele>
<time>2020-03-15T09:22:25Z</time>
</trkpt>
<trkpt lat="55.716519" lon="13.977108">
<ele>106.196</ele>
<time>2020-03-15T09:22:28Z</time>
</trkpt>
<trkpt lat="55.716465" lon="13.977188">
<ele>104.196</ele>
<time>2020-03-15T09:22:33Z</time>
</trkpt>
<trkpt lat="55.716441" lon="13.977212">
<ele>104.196</ele>
<time>2020-03-15T09:22:35Z</time>
</trkpt>
<trkpt lat="55.716427" lon="13.977222">
<ele>104.196</ele>
<time>2020-03-15T09:22:36Z</time>
</trkpt>
<trkpt lat="55.716414" lon="13.977235">
<ele>104.196</ele>
<time>2020-03-15T09:22:37Z</time>
</trkpt>
<trkpt lat="55.716364" lon="13.977304">
<ele>102.196</ele>
<time>2020-03-15T09:22:42Z</time>
</trkpt>
<trkpt lat="55.716167" lon="13.977520">
<ele>103.196</ele>
<time>2020-03-15T09:23:01Z</time>
</trkpt>
<trkpt lat="55.716158" lon="13.977536">
<ele>104.196</ele>
<time>2020-03-15T09:23:02Z</time>
</trkpt>
<trkpt lat="55.716144" lon="13.977565">
<ele>103.196</ele>
<time>2020-03-15T09:23:03Z</time>
</trkpt>
<trkpt lat="55.716108" lon="13.977655">
<ele>103.197</ele>
<time>2020-03-15T09:23:08Z</time>
</trkpt>
<trkpt lat="55.716106" lon="13.977677">
<ele>103.197</ele>
<time>2020-03-15T09:23:10Z</time>
</trkpt>
<trkpt lat="55.716108" lon="13.977688">
<ele>102.197</ele>
<time>2020-03-15T09:23:11Z</time>
</trkpt>
<trkpt lat="55.716110" lon="13.977697">
<ele>102.197</ele>
<time>2020-03-15T09:23:12Z</time>
</trkpt>
<trkpt lat="55.716114" lon="13.977705">
<ele>101.197</ele>
<time>2020-03-15T09:23:13Z</time>
</trkpt>
<trkpt lat="55.716116" lon="13.977710">
<ele>101.197</ele>
<time>2020-03-15T09:23:13Z</time>
</trkpt>
<trkpt lat="55.716146" lon="13.977704">
<ele>100.197</ele>
<time>2020-03-15T09:23:17Z</time>
</trkpt>
<trkpt lat="55.716164" lon="13.977694">
<ele>100.196</ele>
<time>2020-03-15T09:23:18Z</time>
</trkpt>
<trkpt lat="55.716184" lon="13.977691">
<ele>100.196</ele>
<time>2020-03-15T09:23:20Z</time>
</trkpt>
<trkpt lat="55.716197" lon="13.977693">
<ele>100.196</ele>
<time>2020-03-15T09:23:21Z</time>
</trkpt>
<trkpt lat="55.716245" lon="13.977710">
<ele>100.196</ele>
<time>2020-03-15T09:23:25Z</time>
</trkpt>
<trkpt lat="55.716274" lon="13.977714">
<ele>101.196</ele>
<time>2020-03-15T09:23:28Z</time>
</trkpt>
<trkpt lat="55.716286" lon="13.977718">
<ele>100.196</ele>
<time>2020-03-15T09:23:29Z</time>
</trkpt>
<trkpt lat="55.716362" lon="13.977768">
<ele>100.196</ele>
<time>2020-03-15T09:23:36Z</time>
</trkpt>
<trkpt lat="55.716386" lon="13.977797">
<ele>99.196</ele>
<time>2020-03-15T09:23:38Z</time>
</trkpt>
<trkpt lat="55.716393" lon="13.977814">
<ele>99.196</ele>
<time>2020-03-15T09:23:40Z</time>
</trkpt>
<trkpt lat="55.716409" lon="13.977837">
<ele>99.196</ele>
<time>2020-03-15T09:23:42Z</time>
</trkpt>
<trkpt lat="55.716414" lon="13.977852">
<ele>99.196</ele>
<time>2020-03-15T09:23:43Z</time>
</trkpt>
<trkpt lat="55.716419" lon="13.977862">
<ele>99.196</ele>
<time>2020-03-15T09:23:43Z</time>
</trkpt>
<trkpt lat="55.716428" lon="13.977963">
<ele>98.196</ele>
<time>2020-03-15T09:23:48Z</time>
</trkpt>
<trkpt lat="55.716432" lon="13.977984">
<ele>98.197</ele>
<time>2020-03-15T09:23:49Z</time>
</trkpt>
<trkpt lat="55.716438" lon="13.978007">
<ele>98.197</ele>
<time>2020-03-15T09:23:50Z</time>
</trkpt>
<trkpt lat="55.716445" lon="13.978024">
<ele>97.197</ele>
<time>2020-03-15T09:23:51Z</time>
</trkpt>
<trkpt lat="55.716522" lon="13.978132">
<ele>98.197</ele>
<time>2020-03-15T09:23:58Z</time>
</trkpt>
<trkpt lat="55.716537" lon="13.978147">
<ele>98.197</ele>
<time>2020-03-15T09:24:00Z</time>
</trkpt>
<trkpt lat="55.716609" lon="13.978245">
<ele>98.197</ele>
<time>2020-03-15T09:24:07Z</time>
</trkpt>
<trkpt lat="55.716626" lon="13.978274">
<ele>98.197</ele>
<time>2020-03-15T09:24:08Z</time>
</trkpt>
<trkpt lat="55.716660" lon="13.978363">
<ele>98.197</ele>
<time>2020-03-15T09:24:13Z</time>
</trkpt>
<trkpt lat="55.716668" lon="13.978390">
<ele>97.197</ele>
<time>2020-03-15T09:24:15Z</time>
</trkpt>
<trkpt lat="55.716673" lon="13.978430">
<ele>97.197</ele>
<time>2020-03-15T09:24:17Z</time>
</trkpt>
<trkpt lat="55.716689" lon="13.978510">
<ele>97.197</ele>
<time>2020-03-15T09:24:21Z</time>
</trkpt>
<trkpt lat="55.716692" lon="13.978529">
<ele>97.197</ele>
<time>2020-03-15T09:24:22Z</time>
</trkpt>
<trkpt lat="55.716700" lon="13.978564">
<ele>97.197</ele>
<time>2020-03-15T09:24:24Z</time>
</trkpt>
<trkpt lat="55.716702" lon="13.978579">
<ele>97.197</ele>
<time>2020-03-15T09:24:25Z</time>
</trkpt>
<trkpt lat="55.716710" lon="13.978615">
<ele>96.197</ele>
<time>2020-03-15T09:24:28Z</time>
</trkpt>
<trkpt lat="55.716715" lon="13.978628">
<ele>97.197</ele>
<time>2020-03-15T09:24:29Z</time>
</trkpt>
<trkpt lat="55.716725" lon="13.978648">
<ele>96.197</ele>
<time>2020-03-15T09:24:31Z</time>
</trkpt>
<trkpt lat="55.716730" lon="13.978658">
<ele>96.197</ele>
<time>2020-03-15T09:24:32Z</time>
</trkpt>
<trkpt lat="55.716736" lon="13.978668">
<ele>97.197</ele>
<time>2020-03-15T09:24:33Z</time>
</trkpt>
<trkpt lat="55.716742" lon="13.978680">
<ele>97.197</ele>
<time>2020-03-15T09:24:34Z</time>
</trkpt>
<trkpt lat="55.716750" lon="13.978692">
<ele>97.197</ele>
<time>2020-03-15T09:24:35Z</time>
</trkpt>
<trkpt lat="55.716774" lon="13.978732">
<ele>97.197</ele>
<time>2020-03-15T09:24:38Z</time>
</trkpt>
<trkpt lat="55.716788" lon="13.978762">
<ele>97.197</ele>
<time>2020-03-15T09:24:40Z</time>
</trkpt>
<trkpt lat="55.716798" lon="13.978776">
<ele>97.197</ele>
<time>2020-03-15T09:24:41Z</time>
</trkpt>
<trkpt lat="55.716817" lon="13.978802">
<ele>96.197</ele>
<time>2020-03-15T09:24:43Z</time>
</trkpt>
<trkpt lat="55.716825" lon="13.978816">
<ele>97.197</ele>
<time>2020-03-15T09:24:44Z</time>
</trkpt>
<trkpt lat="55.716832" lon="13.978832">
<ele>96.197</ele>
<time>2020-03-15T09:24:45Z</time>
</trkpt>
<trkpt lat="55.716849" lon="13.978879">
<ele>97.197</ele>
<time>2020-03-15T09:24:48Z</time>
</trkpt>
<trkpt lat="55.716863" lon="13.978911">
<ele>96.197</ele>
<time>2020-03-15T09:24:50Z</time>
</trkpt>
<trkpt lat="55.716875" lon="13.978934">
<ele>96.197</ele>
<time>2020-03-15T09:24:52Z</time>
</trkpt>
<trkpt lat="55.716881" lon="13.978943">
<ele>96.197</ele>
<time>2020-03-15T09:24:53Z</time>
</trkpt>
<trkpt lat="55.716885" lon="13.978937">
<ele>97.197</ele>
<time>2020-03-15T09:24:54Z</time>
</trkpt>
<trkpt lat="55.716887" lon="13.978944">
<ele>97.197</ele>
<time>2020-03-15T09:24:55Z</time>
</trkpt>
<trkpt lat="55.716896" lon="13.978959">
<ele>97.197</ele>
<time>2020-03-15T09:24:59Z</time>
</trkpt>
<trkpt lat="55.716897" lon="13.978965">
<ele>97.197</ele>
<time>2020-03-15T09:25:00Z</time>
</trkpt>
<trkpt lat="55.716898" lon="13.978967">
<ele>97.197</ele>
<time>2020-03-15T09:25:01Z</time>
</trkpt>
<trkpt lat="55.716921" lon="13.978981">
<ele>99.197</ele>
<time>2020-03-15T09:25:06Z</time>
</trkpt>
<trkpt lat="55.716926" lon="13.978992">
<ele>99.197</ele>
<time>2020-03-15T09:25:07Z</time>
</trkpt>
<trkpt lat="55.716928" lon="13.978995">
<ele>99.197</ele>
<time>2020-03-15T09:25:08Z</time>
</trkpt>
<trkpt lat="55.716940" lon="13.979027">
<ele>100.197</ele>
<time>2020-03-15T09:25:10Z</time>
</trkpt>
<trkpt lat="55.716947" lon="13.979043">
<ele>100.197</ele>
<time>2020-03-15T09:25:11Z</time>
</trkpt>
<trkpt lat="55.716964" lon="13.979072">
<ele>100.197</ele>
<time>2020-03-15T09:25:13Z</time>
</trkpt>
<trkpt lat="55.716972" lon="13.979083">
<ele>100.197</ele>
<time>2020-03-15T09:25:14Z</time>
</trkpt>
<trkpt lat="55.716980" lon="13.979090">
<ele>100.197</ele>
<time>2020-03-15T09:25:16Z</time>
</trkpt>
<trkpt lat="55.716985" lon="13.979100">
<ele>101.197</ele>
<time>2020-03-15T09:25:17Z</time>
</trkpt>
<trkpt lat="55.716997" lon="13.979139">
<ele>101.197</ele>
<time>2020-03-15T09:25:19Z</time>
</trkpt>
<trkpt lat="55.717023" lon="13.979205">
<ele>102.197</ele>
<time>2020-03-15T09:25:22Z</time>
</trkpt>
<trkpt lat="55.717038" lon="13.979233">
<ele>102.197</ele>
<time>2020-03-15T09:25:24Z</time>
</trkpt>
<trkpt lat="55.717041" lon="13.979245">
<ele>102.197</ele>
<time>2020-03-15T09:25:26Z</time>
</trkpt>
<trkpt lat="55.717039" lon="13.979243">
<ele>102.197</ele>
<time>2020-03-15T09:25:27Z</time>
</trkpt>
<trkpt lat="55.717028" lon="13.979289">
<ele>103.198</ele>
<time>2020-03-15T09:25:32Z</time>
</trkpt>
<trkpt lat="55.717026" lon="13.979309">
<ele>103.198</ele>
<time>2020-03-15T09:25:34Z</time>
</trkpt>
<trkpt lat="55.717041" lon="13.979334">
<ele>103.198</ele>
<time>2020-03-15T09:25:36Z</time>
</trkpt>
<trkpt lat="55.717053" lon="13.979350">
<ele>104.198</ele>
<time>2020-03-15T09:25:38Z</time>
</trkpt>
<trkpt lat="55.717055" lon="13.979358">
<ele>104.198</ele>
<time>2020-03-15T09:25:39Z</time>
</trkpt>
<trkpt lat="55.717055" lon="13.979358">
<ele>104.198</ele>
<time>2020-03-15T09:25:39Z</time>
</trkpt>
<trkpt lat="55.717049" lon="13.979376">
<ele>104.198</ele>
<time>2020-03-15T09:25:41Z</time>
</trkpt>
<trkpt lat="55.717044" lon="13.979380">
<ele>104.198</ele>
<time>2020-03-15T09:25:42Z</time>
</trkpt>
<trkpt lat="55.717038" lon="13.979388">
<ele>105.198</ele>
<time>2020-03-15T09:25:43Z</time>
</trkpt>
<trkpt lat="55.717033" lon="13.979390">
<ele>105.198</ele>
<time>2020-03-15T09:25:44Z</time>
</trkpt>
<trkpt lat="55.717017" lon="13.979404">
<ele>106.198</ele>
<time>2020-03-15T09:25:47Z</time>
</trkpt>
<trkpt lat="55.717010" lon="13.979412">
<ele>106.198</ele>
<time>2020-03-15T09:25:48Z</time>
</trkpt>
<trkpt lat="55.717004" lon="13.979420">
<ele>105.198</ele>
<time>2020-03-15T09:25:49Z</time>
</trkpt>
<trkpt lat="55.716997" lon="13.979431">
<ele>105.198</ele>
<time>2020-03-15T09:25:50Z</time>
</trkpt>
<trkpt lat="55.716993" lon="13.979442">
<ele>104.198</ele>
<time>2020-03-15T09:25:51Z</time>
</trkpt>
<trkpt lat="55.716978" lon="13.979469">
<ele>104.198</ele>
<time>2020-03-15T09:25:54Z</time>
</trkpt>
<trkpt lat="55.716975" lon="13.979477">
<ele>104.198</ele>
<time>2020-03-15T09:25:59Z</time>
</trkpt>
<trkpt lat="55.716968" lon="13.979490">
<ele>106.198</ele>
<time>2020-03-15T09:26:01Z</time>
</trkpt>
<trkpt lat="55.716963" lon="13.979501">
<ele>106.198</ele>
<time>2020-03-15T09:26:02Z</time>
</trkpt>
<trkpt lat="55.716954" lon="13.979526">
<ele>105.198</ele>
<time>2020-03-15T09:26:04Z</time>
</trkpt>
<trkpt lat="55.716954" lon="13.979526">
<ele>105.198</ele>
<time>2020-03-15T09:26:04Z</time>
</trkpt>
<trkpt lat="55.716947" lon="13.979546">
<ele>105.198</ele>
<time>2020-03-15T09:26:06Z</time>
</trkpt>
<trkpt lat="55.716942" lon="13.979556">
<ele>105.198</ele>
<time>2020-03-15T09:26:07Z</time>
</trkpt>
<trkpt lat="55.716936" lon="13.979578">
<ele>106.198</ele>
<time>2020-03-15T09:26:09Z</time>
</trkpt>
<trkpt lat="55.716935" lon="13.979580">
<ele>106.198</ele>
<time>2020-03-15T09:26:09Z</time>
</trkpt>
<trkpt lat="55.716934" lon="13.979595">
<ele>106.198</ele>
<time>2020-03-15T09:26:11Z</time>
</trkpt>
<trkpt lat="55.716934" lon="13.979603">
<ele>106.198</ele>
<time>2020-03-15T09:26:13Z</time>
</trkpt>
<trkpt lat="55.716931" lon="13.979608">
<ele>107.198</ele>
<time>2020-03-15T09:26:14Z</time>
</trkpt>
<trkpt lat="55.716931" lon="13.979609">
<ele>107.198</ele>
<time>2020-03-15T09:26:14Z</time>
</trkpt>
<trkpt lat="55.716923" lon="13.979621">
<ele>108.198</ele>
<time>2020-03-15T09:26:16Z</time>
</trkpt>
<trkpt lat="55.716917" lon="13.979634">
<ele>107.198</ele>
<time>2020-03-15T09:26:17Z</time>
</trkpt>
<trkpt lat="55.716913" lon="13.979648">
<ele>107.198</ele>
<time>2020-03-15T09:26:19Z</time>
</trkpt>
<trkpt lat="55.716902" lon="13.979668">
<ele>107.198</ele>
<time>2020-03-15T09:26:21Z</time>
</trkpt>
<trkpt lat="55.716898" lon="13.979680">
<ele>107.198</ele>
<time>2020-03-15T09:26:23Z</time>
</trkpt>
<trkpt lat="55.716895" lon="13.979685">
<ele>107.198</ele>
<time>2020-03-15T09:26:24Z</time>
</trkpt>
<trkpt lat="55.716894" lon="13.979691">
<ele>107.198</ele>
<time>2020-03-15T09:26:24Z</time>
</trkpt>
<trkpt lat="55.716886" lon="13.979709">
<ele>106.198</ele>
<time>2020-03-15T09:26:26Z</time>
</trkpt>
<trkpt lat="55.716880" lon="13.979725">
<ele>107.198</ele>
<time>2020-03-15T09:26:27Z</time>
</trkpt>
<trkpt lat="55.716875" lon="13.979733">
<ele>106.198</ele>
<time>2020-03-15T09:26:28Z</time>
</trkpt>
<trkpt lat="55.716871" lon="13.979749">
<ele>106.198</ele>
<time>2020-03-15T09:26:29Z</time>
</trkpt>
<trkpt lat="55.716874" lon="13.979765">
<ele>106.198</ele>
<time>2020-03-15T09:26:29Z</time>
</trkpt>
<trkpt lat="55.716865" lon="13.979786">
<ele>106.198</ele>
<time>2020-03-15T09:26:31Z</time>
</trkpt>
<trkpt lat="55.716862" lon="13.979797">
<ele>106.198</ele>
<time>2020-03-15T09:26:32Z</time>
</trkpt>
<trkpt lat="55.716847" lon="13.979836">
<ele>106.198</ele>
<time>2020-03-15T09:26:34Z</time>
</trkpt>
<trkpt lat="55.716836" lon="13.979856">
<ele>107.198</ele>
<time>2020-03-15T09:26:36Z</time>
</trkpt>
<trkpt lat="55.716831" lon="13.979869">
<ele>107.198</ele>
<time>2020-03-15T09:26:37Z</time>
</trkpt>
<trkpt lat="55.716823" lon="13.979899">
<ele>107.198</ele>
<time>2020-03-15T09:26:39Z</time>
</trkpt>
<trkpt lat="55.716819" lon="13.979910">
<ele>107.199</ele>
<time>2020-03-15T09:26:39Z</time>
</trkpt>
<trkpt lat="55.716817" lon="13.979936">
<ele>107.199</ele>
<time>2020-03-15T09:26:41Z</time>
</trkpt>
<trkpt lat="55.716814" lon="13.979953">
<ele>107.199</ele>
<time>2020-03-15T09:26:42Z</time>
</trkpt>
<trkpt lat="55.716809" lon="13.979972">
<ele>108.199</ele>
<time>2020-03-15T09:26:43Z</time>
</trkpt>
<trkpt lat="55.716806" lon="13.979980">
<ele>108.199</ele>
<time>2020-03-15T09:26:44Z</time>
</trkpt>
<trkpt lat="55.716805" lon="13.979983">
<ele>108.199</ele>
<time>2020-03-15T09:26:44Z</time>
</trkpt>
<trkpt lat="55.716805" lon="13.980000">
<ele>108.199</ele>
<time>2020-03-15T09:26:46Z</time>
</trkpt>
<trkpt lat="55.716804" lon="13.980015">
<ele>107.199</ele>
<time>2020-03-15T09:26:47Z</time>
</trkpt>
<trkpt lat="55.716805" lon="13.980035">
<ele>108.199</ele>
<time>2020-03-15T09:26:49Z</time>
</trkpt>
<trkpt lat="55.716804" lon="13.980042">
<ele>108.199</ele>
<time>2020-03-15T09:26:49Z</time>
</trkpt>
<trkpt lat="55.716808" lon="13.980088">
<ele>110.199</ele>
<time>2020-03-15T09:26:53Z</time>
</trkpt>
<trkpt lat="55.716804" lon="13.980103">
<ele>110.199</ele>
<time>2020-03-15T09:26:54Z</time>
</trkpt>
<trkpt lat="55.716773" lon="13.980146">
<ele>109.199</ele>
<time>2020-03-15T09:26:57Z</time>
</trkpt>
<trkpt lat="55.716766" lon="13.980165">
<ele>108.199</ele>
<time>2020-03-15T09:26:59Z</time>
</trkpt>
<trkpt lat="55.716766" lon="13.980172">
<ele>108.199</ele>
<time>2020-03-15T09:27:00Z</time>
</trkpt>
<trkpt lat="55.716767" lon="13.980177">
<ele>108.199</ele>
<time>2020-03-15T09:27:01Z</time>
</trkpt>
<trkpt lat="55.716770" lon="13.980189">
<ele>109.199</ele>
<time>2020-03-15T09:27:02Z</time>
</trkpt>
<trkpt lat="55.716770" lon="13.980204">
<ele>109.199</ele>
<time>2020-03-15T09:27:03Z</time>
</trkpt>
<trkpt lat="55.716773" lon="13.980223">
<ele>109.199</ele>
<time>2020-03-15T09:27:04Z</time>
</trkpt>
<trkpt lat="55.716771" lon="13.980227">
<ele>109.199</ele>
<time>2020-03-15T09:27:04Z</time>
</trkpt>
<trkpt lat="55.716811" lon="13.980337">
<ele>109.199</ele>
<time>2020-03-15T09:27:09Z</time>
</trkpt>
<trkpt lat="55.716831" lon="13.980476">
<ele>108.199</ele>
<time>2020-03-15T09:27:14Z</time>
</trkpt>
<trkpt lat="55.716832" lon="13.980551">
<ele>111.199</ele>
<time>2020-03-15T09:27:19Z</time>
</trkpt>
<trkpt lat="55.716834" lon="13.980562">
<ele>111.199</ele>
<time>2020-03-15T09:27:19Z</time>
</trkpt>
<trkpt lat="55.716834" lon="13.980608">
<ele>112.199</ele>
<time>2020-03-15T09:27:22Z</time>
</trkpt>
<trkpt lat="55.716833" lon="13.980626">
<ele>111.199</ele>
<time>2020-03-15T09:27:23Z</time>
</trkpt>
<trkpt lat="55.716823" lon="13.980661">
<ele>111.199</ele>
<time>2020-03-15T09:27:24Z</time>
</trkpt>
<trkpt lat="55.716815" lon="13.980692">
<ele>112.199</ele>
<time>2020-03-15T09:27:26Z</time>
</trkpt>
<trkpt lat="55.716811" lon="13.980730">
<ele>112.200</ele>
<time>2020-03-15T09:27:28Z</time>
</trkpt>
<trkpt lat="55.716811" lon="13.980745">
<ele>112.200</ele>
<time>2020-03-15T09:27:30Z</time>
</trkpt>
<trkpt lat="55.716804" lon="13.980800">
<ele>113.200</ele>
<time>2020-03-15T09:27:33Z</time>
</trkpt>
<trkpt lat="55.716803" lon="13.980814">
<ele>113.200</ele>
<time>2020-03-15T09:27:34Z</time>
</trkpt>
<trkpt lat="55.716808" lon="13.980847">
<ele>113.200</ele>
<time>2020-03-15T09:27:36Z</time>
</trkpt>
<trkpt lat="55.716813" lon="13.980868">
<ele>113.200</ele>
<time>2020-03-15T09:27:37Z</time>
</trkpt>
<trkpt lat="55.716814" lon="13.980883">
<ele>113.200</ele>
<time>2020-03-15T09:27:38Z</time>
</trkpt>
<trkpt lat="55.716811" lon="13.980956">
<ele>112.200</ele>
<time>2020-03-15T09:27:42Z</time>
</trkpt>
<trkpt lat="55.716797" lon="13.981009">
<ele>112.200</ele>
<time>2020-03-15T09:27:45Z</time>
</trkpt>
<trkpt lat="55.716792" lon="13.981021">
<ele>112.200</ele>
<time>2020-03-15T09:27:47Z</time>
</trkpt>
<trkpt lat="55.716766" lon="13.981133">
<ele>113.200</ele>
<time>2020-03-15T09:27:52Z</time>
</trkpt>
<trkpt lat="55.716763" lon="13.981131">
<ele>113.200</ele>
<time>2020-03-15T09:27:53Z</time>
</trkpt>
<trkpt lat="55.716760" lon="13.981141">
<ele>113.200</ele>
<time>2020-03-15T09:27:54Z</time>
</trkpt>
<trkpt lat="55.716754" lon="13.981160">
<ele>112.200</ele>
<time>2020-03-15T09:27:55Z</time>
</trkpt>
<trkpt lat="55.716747" lon="13.981195">
<ele>111.200</ele>
<time>2020-03-15T09:27:57Z</time>
</trkpt>
<trkpt lat="55.716742" lon="13.981231">
<ele>111.200</ele>
<time>2020-03-15T09:27:59Z</time>
</trkpt>
<trkpt lat="55.716741" lon="13.981286">
<ele>111.200</ele>
<time>2020-03-15T09:28:02Z</time>
</trkpt>
<trkpt lat="55.716742" lon="13.981301">
<ele>111.200</ele>
<time>2020-03-15T09:28:03Z</time>
</trkpt>
<trkpt lat="55.716742" lon="13.981322">
<ele>111.200</ele>
<time>2020-03-15T09:28:04Z</time>
</trkpt>
<trkpt lat="55.716744" lon="13.981340">
<ele>111.200</ele>
<time>2020-03-15T09:28:05Z</time>
</trkpt>
<trkpt lat="55.716755" lon="13.981424">
<ele>110.200</ele>
<time>2020-03-15T09:28:09Z</time>
</trkpt>
<trkpt lat="55.716756" lon="13.981446">
<ele>111.200</ele>
<time>2020-03-15T09:28:10Z</time>
</trkpt>
<trkpt lat="55.716755" lon="13.981470">
<ele>110.200</ele>
<time>2020-03-15T09:28:11Z</time>
</trkpt>
<trkpt lat="55.716743" lon="13.981547">
<ele>110.201</ele>
<time>2020-03-15T09:28:14Z</time>
</trkpt>
<trkpt lat="55.716724" lon="13.981626">
<ele>110.201</ele>
<time>2020-03-15T09:28:18Z</time>
</trkpt>
<trkpt lat="55.716722" lon="13.981648">
<ele>111.201</ele>
<time>2020-03-15T09:28:19Z</time>
</trkpt>
<trkpt lat="55.716719" lon="13.981692">
<ele>111.201</ele>
<time>2020-03-15T09:28:21Z</time>
</trkpt>
<trkpt lat="55.716717" lon="13.981708">
<ele>111.201</ele>
<time>2020-03-15T09:28:22Z</time>
</trkpt>
<trkpt lat="55.716712" lon="13.981726">
<ele>111.201</ele>
<time>2020-03-15T09:28:23Z</time>
</trkpt>
<trkpt lat="55.716705" lon="13.981748">
<ele>111.201</ele>
<time>2020-03-15T09:28:24Z</time>
</trkpt>
<trkpt lat="55.716698" lon="13.981767">
<ele>111.201</ele>
<time>2020-03-15T09:28:25Z</time>
</trkpt>
<trkpt lat="55.716690" lon="13.981766">
<ele>111.201</ele>
<time>2020-03-15T09:28:26Z</time>
</trkpt>
<trkpt lat="55.716686" lon="13.981774">
<ele>111.201</ele>
<time>2020-03-15T09:28:27Z</time>
</trkpt>
<trkpt lat="55.716679" lon="13.981792">
<ele>111.201</ele>
<time>2020-03-15T09:28:29Z</time>
</trkpt>
<trkpt lat="55.716677" lon="13.981804">
<ele>111.201</ele>
<time>2020-03-15T09:28:30Z</time>
</trkpt>
<trkpt lat="55.716676" lon="13.981811">
<ele>111.201</ele>
<time>2020-03-15T09:28:30Z</time>
</trkpt>
<trkpt lat="55.716682" lon="13.981845">
<ele>112.201</ele>
<time>2020-03-15T09:28:34Z</time>
</trkpt>
<trkpt lat="55.716682" lon="13.981854">
<ele>112.201</ele>
<time>2020-03-15T09:28:35Z</time>
</trkpt>
<trkpt lat="55.716679" lon="13.981873">
<ele>112.201</ele>
<time>2020-03-15T09:28:40Z</time>
</trkpt>
<trkpt lat="55.716679" lon="13.981873">
<ele>112.201</ele>
<time>2020-03-15T09:28:40Z</time>
</trkpt>
<trkpt lat="55.716688" lon="13.981906">
<ele>111.201</ele>
<time>2020-03-15T09:28:43Z</time>
</trkpt>
<trkpt lat="55.716692" lon="13.981916">
<ele>111.201</ele>
<time>2020-03-15T09:28:44Z</time>
</trkpt>
<trkpt lat="55.716700" lon="13.981931">
<ele>111.201</ele>
<time>2020-03-15T09:28:47Z</time>
</trkpt>
<trkpt lat="55.716705" lon="13.981935">
<ele>112.201</ele>
<time>2020-03-15T09:28:48Z</time>
</trkpt>
<trkpt lat="55.716707" lon="13.981939">
<ele>113.201</ele>
<time>2020-03-15T09:28:49Z</time>
</trkpt>
<trkpt lat="55.716708" lon="13.981944">
<ele>113.201</ele>
<time>2020-03-15T09:28:50Z</time>
</trkpt>
<trkpt lat="55.716709" lon="13.981946">
<ele>113.201</ele>
<time>2020-03-15T09:28:50Z</time>
</trkpt>
<trkpt lat="55.716707" lon="13.981949">
<ele>114.201</ele>
<time>2020-03-15T09:28:53Z</time>
</trkpt>
<trkpt lat="55.716702" lon="13.981956">
<ele>115.201</ele>
<time>2020-03-15T09:28:54Z</time>
</trkpt>
<trkpt lat="55.716696" lon="13.981956">
<ele>114.201</ele>
<time>2020-03-15T09:28:55Z</time>
</trkpt>
<trkpt lat="55.716694" lon="13.981957">
<ele>114.201</ele>
<time>2020-03-15T09:28:55Z</time>
</trkpt>
<trkpt lat="55.716691" lon="13.981939">
<ele>115.201</ele>
<time>2020-03-15T09:28:58Z</time>
</trkpt>
<trkpt lat="55.716692" lon="13.981932">
<ele>114.201</ele>
<time>2020-03-15T09:28:59Z</time>
</trkpt>
<trkpt lat="55.716687" lon="13.981928">
<ele>116.201</ele>
<time>2020-03-15T09:29:01Z</time>
</trkpt>
<trkpt lat="55.716686" lon="13.981929">
<ele>116.201</ele>
<time>2020-03-15T09:29:01Z</time>
</trkpt>
<trkpt lat="55.716681" lon="13.981924">
<ele>115.201</ele>
<time>2020-03-15T09:29:03Z</time>
</trkpt>
<trkpt lat="55.716680" lon="13.981932">
<ele>115.201</ele>
<time>2020-03-15T09:29:04Z</time>
</trkpt>
<trkpt lat="55.716679" lon="13.981934">
<ele>115.201</ele>
<time>2020-03-15T09:29:05Z</time>
</trkpt>
<trkpt lat="55.716679" lon="13.981935">
<ele>115.201</ele>
<time>2020-03-15T09:29:06Z</time>
</trkpt>
<trkpt lat="55.716679" lon="13.981937">
<ele>115.201</ele>
<time>2020-03-15T09:29:08Z</time>
</trkpt>
<trkpt lat="55.716679" lon="13.981937">
<ele>115.201</ele>
<time>2020-03-15T09:29:09Z</time>
</trkpt>
<trkpt lat="55.716679" lon="13.981937">
<ele>115.201</ele>
<time>2020-03-15T09:29:10Z</time>
</trkpt>
<trkpt lat="55.716679" lon="13.981938">
<ele>115.201</ele>
<time>2020-03-15T09:29:11Z</time>
</trkpt>
<trkpt lat="55.716678" lon="13.981938">
<ele>115.201</ele>
<time>2020-03-15T09:29:13Z</time>
</trkpt>
<trkpt lat="55.716673" lon="13.981926">
<ele>115.201</ele>
<time>2020-03-15T09:29:14Z</time>
</trkpt>
<trkpt lat="55.716668" lon="13.981923">
<ele>114.201</ele>
<time>2020-03-15T09:29:15Z</time>
</trkpt>
<trkpt lat="55.716665" lon="13.981922">
<ele>114.201</ele>
<time>2020-03-15T09:29:16Z</time>
</trkpt>
<trkpt lat="55.716660" lon="13.981921">
<ele>114.201</ele>
<time>2020-03-15T09:29:17Z</time>
</trkpt>
<trkpt lat="55.716654" lon="13.981917">
<ele>114.201</ele>
<time>2020-03-15T09:29:20Z</time>
</trkpt>
<trkpt lat="55.716654" lon="13.981917">
<ele>114.201</ele>
<time>2020-03-15T09:29:21Z</time>
</trkpt>
<trkpt lat="55.716653" lon="13.981916">
<ele>114.201</ele>
<time>2020-03-15T09:29:21Z</time>
</trkpt>
<trkpt lat="55.716653" lon="13.981916">
<ele>114.201</ele>
<time>2020-03-15T09:29:25Z</time>
</trkpt>
<trkpt lat="55.716653" lon="13.981916">
<ele>114.201</ele>
<time>2020-03-15T09:29:26Z</time>
</trkpt>
<trkpt lat="55.716653" lon="13.981916">
<ele>114.201</ele>
<time>2020-03-15T09:29:28Z</time>
</trkpt>
<trkpt lat="55.716653" lon="13.981915">
<ele>114.201</ele>
<time>2020-03-15T09:29:29Z</time>
</trkpt>
<trkpt lat="55.716650" lon="13.981906">
<ele>114.201</ele>
<time>2020-03-15T09:29:30Z</time>
</trkpt>
<trkpt lat="55.716650" lon="13.981889">
<ele>114.201</ele>
<time>2020-03-15T09:29:31Z</time>
</trkpt>
<trkpt lat="55.716651" lon="13.981856">
<ele>115.201</ele>
<time>2020-03-15T09:29:33Z</time>
</trkpt>
<trkpt lat="55.716648" lon="13.981820">
<ele>115.201</ele>
<time>2020-03-15T09:29:35Z</time>
</trkpt>
<trkpt lat="55.716647" lon="13.981821">
<ele>115.201</ele>
<time>2020-03-15T09:29:35Z</time>
</trkpt>
<trkpt lat="55.716647" lon="13.981824">
<ele>115.201</ele>
<time>2020-03-15T09:29:35Z</time>
</trkpt>
<trkpt lat="55.716644" lon="13.981828">
<ele>115.201</ele>
<time>2020-03-15T09:29:36Z</time>
</trkpt>
<trkpt lat="55.716643" lon="13.981831">
<ele>117.201</ele>
<time>2020-03-15T09:29:38Z</time>
</trkpt>
<trkpt lat="55.716641" lon="13.981833">
<ele>117.201</ele>
<time>2020-03-15T09:29:38Z</time>
</trkpt>
<trkpt lat="55.716635" lon="13.981829">
<ele>116.201</ele>
<time>2020-03-15T09:29:40Z</time>
</trkpt>
<trkpt lat="55.716630" lon="13.981824">
<ele>116.201</ele>
<time>2020-03-15T09:29:41Z</time>
</trkpt>
<trkpt lat="55.716629" lon="13.981815">
<ele>116.201</ele>
<time>2020-03-15T09:29:41Z</time>
</trkpt>
<trkpt lat="55.716625" lon="13.981813">
<ele>116.201</ele>
<time>2020-03-15T09:29:42Z</time>
</trkpt>
<trkpt lat="55.716622" lon="13.981806">
<ele>116.201</ele>
<time>2020-03-15T09:29:42Z</time>
</trkpt>
<trkpt lat="55.716618" lon="13.981802">
<ele>116.201</ele>
<time>2020-03-15T09:29:43Z</time>
</trkpt>
<trkpt lat="55.716615" lon="13.981794">
<ele>116.201</ele>
<time>2020-03-15T09:29:43Z</time>
</trkpt>
<trkpt lat="55.716612" lon="13.981789">
<ele>116.201</ele>
<time>2020-03-15T09:29:45Z</time>
</trkpt>
<trkpt lat="55.716605" lon="13.981764">
<ele>116.201</ele>
<time>2020-03-15T09:29:46Z</time>
</trkpt>
<trkpt lat="55.716603" lon="13.981756">
<ele>116.201</ele>
<time>2020-03-15T09:29:47Z</time>
</trkpt>
<trkpt lat="55.716589" lon="13.981726">
<ele>117.201</ele>
<time>2020-03-15T09:29:49Z</time>
</trkpt>
<trkpt lat="55.716579" lon="13.981701">
<ele>117.201</ele>
<time>2020-03-15T09:29:51Z</time>
</trkpt>
<trkpt lat="55.716578" lon="13.981694">
<ele>117.201</ele>
<time>2020-03-15T09:29:51Z</time>
</trkpt>
<trkpt lat="55.716575" lon="13.981688">
<ele>117.201</ele>
<time>2020-03-15T09:29:52Z</time>
</trkpt>
<trkpt lat="55.716558" lon="13.981635">
<ele>118.201</ele>
<time>2020-03-15T09:29:55Z</time>
</trkpt>
<trkpt lat="55.716519" lon="13.981543">
<ele>119.201</ele>
<time>2020-03-15T09:30:01Z</time>
</trkpt>
<trkpt lat="55.716506" lon="13.981518">
<ele>118.201</ele>
<time>2020-03-15T09:30:02Z</time>
</trkpt>
<trkpt lat="55.716481" lon="13.981479">
<ele>118.201</ele>
<time>2020-03-15T09:30:04Z</time>
</trkpt>
<trkpt lat="55.716458" lon="13.981449">
<ele>119.201</ele>
<time>2020-03-15T09:30:06Z</time>
</trkpt>
<trkpt lat="55.716412" lon="13.981407">
<ele>118.201</ele>
<time>2020-03-15T09:30:10Z</time>
</trkpt>
<trkpt lat="55.716386" lon="13.981393">
<ele>117.201</ele>
<time>2020-03-15T09:30:12Z</time>
</trkpt>
<trkpt lat="55.716373" lon="13.981389">
<ele>117.201</ele>
<time>2020-03-15T09:30:13Z</time>
</trkpt>
<trkpt lat="55.716358" lon="13.981388">
<ele>116.201</ele>
<time>2020-03-15T09:30:14Z</time>
</trkpt>
<trkpt lat="55.716329" lon="13.981392">
<ele>116.201</ele>
<time>2020-03-15T09:30:16Z</time>
</trkpt>
<trkpt lat="55.716316" lon="13.981392">
<ele>116.201</ele>
<time>2020-03-15T09:30:18Z</time>
</trkpt>
<trkpt lat="55.716273" lon="13.981397">
<ele>116.201</ele>
<time>2020-03-15T09:30:21Z</time>
</trkpt>
<trkpt lat="55.716245" lon="13.981405">
<ele>117.201</ele>
<time>2020-03-15T09:30:23Z</time>
</trkpt>
<trkpt lat="55.716225" lon="13.981419">
<ele>116.201</ele>
<time>2020-03-15T09:30:24Z</time>
</trkpt>
<trkpt lat="55.716218" lon="13.981422">
<ele>116.201</ele>
<time>2020-03-15T09:30:25Z</time>
</trkpt>
<trkpt lat="55.716205" lon="13.981432">
<ele>116.201</ele>
<time>2020-03-15T09:30:27Z</time>
</trkpt>
<trkpt lat="55.716198" lon="13.981438">
<ele>116.201</ele>
<time>2020-03-15T09:30:27Z</time>
</trkpt>
<trkpt lat="55.716091" lon="13.981644">
<ele>112.201</ele>
<time>2020-03-15T09:30:40Z</time>
</trkpt>
<trkpt lat="55.716085" lon="13.981853">
<ele>110.201</ele>
<time>2020-03-15T09:30:45Z</time>
</trkpt>
<trkpt lat="55.716096" lon="13.982037">
<ele>107.202</ele>
<time>2020-03-15T09:30:51Z</time>
</trkpt>
<trkpt lat="55.716095" lon="13.982097">
<ele>107.202</ele>
<time>2020-03-15T09:30:54Z</time>
</trkpt>
<trkpt lat="55.716098" lon="13.982153">
<ele>107.202</ele>
<time>2020-03-15T09:30:56Z</time>
</trkpt>
<trkpt lat="55.716102" lon="13.982185">
<ele>107.202</ele>
<time>2020-03-15T09:30:58Z</time>
</trkpt>
<trkpt lat="55.716103" lon="13.982207">
<ele>106.202</ele>
<time>2020-03-15T09:30:59Z</time>
</trkpt>
<trkpt lat="55.716115" lon="13.982276">
<ele>107.202</ele>
<time>2020-03-15T09:31:02Z</time>
</trkpt>
<trkpt lat="55.716121" lon="13.982301">
<ele>108.202</ele>
<time>2020-03-15T09:31:03Z</time>
</trkpt>
<trkpt lat="55.716134" lon="13.982384">
<ele>108.202</ele>
<time>2020-03-15T09:31:06Z</time>
</trkpt>
<trkpt lat="55.716142" lon="13.982448">
<ele>108.202</ele>
<time>2020-03-15T09:31:10Z</time>
</trkpt>
<trkpt lat="55.716147" lon="13.982477">
<ele>108.202</ele>
<time>2020-03-15T09:31:11Z</time>
</trkpt>
<trkpt lat="55.716154" lon="13.982498">
<ele>109.202</ele>
<time>2020-03-15T09:31:13Z</time>
</trkpt>
<trkpt lat="55.716159" lon="13.982511">
<ele>109.202</ele>
<time>2020-03-15T09:31:14Z</time>
</trkpt>
<trkpt lat="55.716170" lon="13.982534">
<ele>110.202</ele>
<time>2020-03-15T09:31:16Z</time>
</trkpt>
<trkpt lat="55.716175" lon="13.982545">
<ele>110.202</ele>
<time>2020-03-15T09:31:17Z</time>
</trkpt>
<trkpt lat="55.716181" lon="13.982536">
<ele>111.202</ele>
<time>2020-03-15T09:31:18Z</time>
</trkpt>
<trkpt lat="55.716195" lon="13.982556">
<ele>112.202</ele>
<time>2020-03-15T09:31:20Z</time>
</trkpt>
<trkpt lat="55.716209" lon="13.982575">
<ele>111.202</ele>
<time>2020-03-15T09:31:21Z</time>
</trkpt>
<trkpt lat="55.716233" lon="13.982600">
<ele>112.202</ele>
<time>2020-03-15T09:31:24Z</time>
</trkpt>
<trkpt lat="55.716295" lon="13.982699">
<ele>112.202</ele>
<time>2020-03-15T09:31:30Z</time>
</trkpt>
<trkpt lat="55.716303" lon="13.982714">
<ele>112.202</ele>
<time>2020-03-15T09:31:31Z</time>
</trkpt>
<trkpt lat="55.716322" lon="13.982757">
<ele>112.202</ele>
<time>2020-03-15T09:31:33Z</time>
</trkpt>
<trkpt lat="55.716339" lon="13.982790">
<ele>112.202</ele>
<time>2020-03-15T09:31:35Z</time>
</trkpt>
<trkpt lat="55.716385" lon="13.982860">
<ele>113.202</ele>
<time>2020-03-15T09:31:40Z</time>
</trkpt>
<trkpt lat="55.716410" lon="13.982904">
<ele>114.202</ele>
<time>2020-03-15T09:31:43Z</time>
</trkpt>
<trkpt lat="55.716418" lon="13.982915">
<ele>114.202</ele>
<time>2020-03-15T09:31:44Z</time>
</trkpt>
<trkpt lat="55.716424" lon="13.982928">
<ele>114.202</ele>
<time>2020-03-15T09:31:45Z</time>
</trkpt>
<trkpt lat="55.716436" lon="13.982956">
<ele>114.202</ele>
<time>2020-03-15T09:31:47Z</time>
</trkpt>
<trkpt lat="55.716443" lon="13.982971">
<ele>114.202</ele>
<time>2020-03-15T09:31:48Z</time>
</trkpt>
<trkpt lat="55.716452" lon="13.982984">
<ele>114.202</ele>
<time>2020-03-15T09:31:49Z</time>
</trkpt>
<trkpt lat="55.716478" lon="13.983015">
<ele>115.203</ele>
<time>2020-03-15T09:31:51Z</time>
</trkpt>
<trkpt lat="55.716492" lon="13.983040">
<ele>116.203</ele>
<time>2020-03-15T09:31:52Z</time>
</trkpt>
<trkpt lat="55.716500" lon="13.983061">
<ele>116.203</ele>
<time>2020-03-15T09:31:54Z</time>
</trkpt>
<trkpt lat="55.716517" lon="13.983115">
<ele>117.203</ele>
<time>2020-03-15T09:31:57Z</time>
</trkpt>
<trkpt lat="55.716522" lon="13.983109">
<ele>117.203</ele>
<time>2020-03-15T09:31:59Z</time>
</trkpt>
<trkpt lat="55.716526" lon="13.983115">
<ele>117.203</ele>
<time>2020-03-15T09:32:00Z</time>
</trkpt>
<trkpt lat="55.716529" lon="13.983121">
<ele>117.203</ele>
<time>2020-03-15T09:32:01Z</time>
</trkpt>
<trkpt lat="55.716567" lon="13.983158">
<ele>118.203</ele>
<time>2020-03-15T09:32:05Z</time>
</trkpt>
<trkpt lat="55.716596" lon="13.983189">
<ele>118.203</ele>
<time>2020-03-15T09:32:07Z</time>
</trkpt>
<trkpt lat="55.716609" lon="13.983206">
<ele>119.203</ele>
<time>2020-03-15T09:32:09Z</time>
</trkpt>
<trkpt lat="55.716618" lon="13.983211">
<ele>120.203</ele>
<time>2020-03-15T09:32:10Z</time>
</trkpt>
<trkpt lat="55.716630" lon="13.983224">
<ele>120.203</ele>
<time>2020-03-15T09:32:12Z</time>
</trkpt>
<trkpt lat="55.716643" lon="13.983235">
<ele>120.203</ele>
<time>2020-03-15T09:32:13Z</time>
</trkpt>
<trkpt lat="55.716819" lon="13.983514">
<ele>121.203</ele>
<time>2020-03-15T09:32:31Z</time>
</trkpt>
<trkpt lat="55.716825" lon="13.983534">
<ele>121.203</ele>
<time>2020-03-15T09:32:32Z</time>
</trkpt>
<trkpt lat="55.716828" lon="13.983532">
<ele>121.203</ele>
<time>2020-03-15T09:32:33Z</time>
</trkpt>
<trkpt lat="55.716830" lon="13.983558">
<ele>121.203</ele>
<time>2020-03-15T09:32:37Z</time>
</trkpt>
<trkpt lat="55.716832" lon="13.983560">
<ele>117.203</ele>
<time>2020-03-15T09:32:38Z</time>
</trkpt>
<trkpt lat="55.716833" lon="13.983562">
<ele>116.203</ele>
<time>2020-03-15T09:32:39Z</time>
</trkpt>
<trkpt lat="55.716835" lon="13.983563">
<ele>116.203</ele>
<time>2020-03-15T09:32:40Z</time>
</trkpt>
<trkpt lat="55.716840" lon="13.983566">
<ele>116.203</ele>
<time>2020-03-15T09:32:40Z</time>
</trkpt>
<trkpt lat="55.716844" lon="13.983572">
<ele>116.203</ele>
<time>2020-03-15T09:32:43Z</time>
</trkpt>
<trkpt lat="55.716850" lon="13.983590">
<ele>116.203</ele>
<time>2020-03-15T09:32:46Z</time>
</trkpt>
<trkpt lat="55.716850" lon="13.983598">
<ele>116.203</ele>
<time>2020-03-15T09:32:47Z</time>
</trkpt>
<trkpt lat="55.716850" lon="13.983610">
<ele>116.203</ele>
<time>2020-03-15T09:32:49Z</time>
</trkpt>
<trkpt lat="55.716853" lon="13.983621">
<ele>116.203</ele>
<time>2020-03-15T09:32:50Z</time>
</trkpt>
<trkpt lat="55.716856" lon="13.983622">
<ele>116.203</ele>
<time>2020-03-15T09:32:50Z</time>
</trkpt>
<trkpt lat="55.716859" lon="13.983624">
<ele>115.203</ele>
<time>2020-03-15T09:32:50Z</time>
</trkpt>
<trkpt lat="55.716863" lon="13.983629">
<ele>115.203</ele>
<time>2020-03-15T09:32:51Z</time>
</trkpt>
<trkpt lat="55.716865" lon="13.983635">
<ele>116.203</ele>
<time>2020-03-15T09:32:52Z</time>
</trkpt>
<trkpt lat="55.716867" lon="13.983644">
<ele>116.203</ele>
<time>2020-03-15T09:32:53Z</time>
</trkpt>
<trkpt lat="55.716871" lon="13.983659">
<ele>116.203</ele>
<time>2020-03-15T09:32:54Z</time>
</trkpt>
<trkpt lat="55.716872" lon="13.983666">
<ele>116.203</ele>
<time>2020-03-15T09:32:55Z</time>
</trkpt>
<trkpt lat="55.716874" lon="13.983716">
<ele>116.203</ele>
<time>2020-03-15T09:32:58Z</time>
</trkpt>
<trkpt lat="55.716890" lon="13.983813">
<ele>116.203</ele>
<time>2020-03-15T09:33:04Z</time>
</trkpt>
<trkpt lat="55.716899" lon="13.983898">
<ele>117.203</ele>
<time>2020-03-15T09:33:08Z</time>
</trkpt>
<trkpt lat="55.716913" lon="13.983976">
<ele>119.203</ele>
<time>2020-03-15T09:33:11Z</time>
</trkpt>
<trkpt lat="55.716917" lon="13.983994">
<ele>119.203</ele>
<time>2020-03-15T09:33:12Z</time>
</trkpt>
<trkpt lat="55.716921" lon="13.984021">
<ele>119.203</ele>
<time>2020-03-15T09:33:13Z</time>
</trkpt>
<trkpt lat="55.716934" lon="13.984082">
<ele>120.203</ele>
<time>2020-03-15T09:33:16Z</time>
</trkpt>
<trkpt lat="55.716950" lon="13.984133">
<ele>119.203</ele>
<time>2020-03-15T09:33:19Z</time>
</trkpt>
<trkpt lat="55.716954" lon="13.984145">
<ele>118.203</ele>
<time>2020-03-15T09:33:19Z</time>
</trkpt>
<trkpt lat="55.716957" lon="13.984154">
<ele>118.203</ele>
<time>2020-03-15T09:33:20Z</time>
</trkpt>
<trkpt lat="55.716960" lon="13.984167">
<ele>119.203</ele>
<time>2020-03-15T09:33:20Z</time>
</trkpt>
<trkpt lat="55.716974" lon="13.984228">
<ele>118.203</ele>
<time>2020-03-15T09:33:23Z</time>
</trkpt>
<trkpt lat="55.717005" lon="13.984444">
<ele>115.204</ele>
<time>2020-03-15T09:33:34Z</time>
</trkpt>
<trkpt lat="55.717009" lon="13.984506">
<ele>116.204</ele>
<time>2020-03-15T09:33:37Z</time>
</trkpt>
<trkpt lat="55.717005" lon="13.984752">
<ele>114.204</ele>
<time>2020-03-15T09:33:49Z</time>
</trkpt>
<trkpt lat="55.716998" lon="13.984851">
<ele>112.204</ele>
<time>2020-03-15T09:33:52Z</time>
</trkpt>
<trkpt lat="55.716998" lon="13.984879">
<ele>112.204</ele>
<time>2020-03-15T09:33:54Z</time>
</trkpt>
<trkpt lat="55.716943" lon="13.985340">
<ele>114.205</ele>
<time>2020-03-15T09:34:15Z</time>
</trkpt>
<trkpt lat="55.716943" lon="13.985386">
<ele>113.205</ele>
<time>2020-03-15T09:34:17Z</time>
</trkpt>
<trkpt lat="55.716943" lon="13.985403">
<ele>113.205</ele>
<time>2020-03-15T09:34:17Z</time>
</trkpt>
<trkpt lat="55.716947" lon="13.985431">
<ele>113.205</ele>
<time>2020-03-15T09:34:19Z</time>
</trkpt>
<trkpt lat="55.716948" lon="13.985472">
<ele>112.205</ele>
<time>2020-03-15T09:34:21Z</time>
</trkpt>
<trkpt lat="55.716948" lon="13.985508">
<ele>112.205</ele>
<time>2020-03-15T09:34:22Z</time>
</trkpt>
<trkpt lat="55.716939" lon="13.985618">
<ele>112.205</ele>
<time>2020-03-15T09:34:27Z</time>
</trkpt>
<trkpt lat="55.716940" lon="13.985664">
<ele>111.205</ele>
<time>2020-03-15T09:34:30Z</time>
</trkpt>
<trkpt lat="55.716949" lon="13.985747">
<ele>112.205</ele>
<time>2020-03-15T09:34:35Z</time>
</trkpt>
<trkpt lat="55.717008" lon="13.986107">
<ele>113.205</ele>
<time>2020-03-15T09:34:54Z</time>
</trkpt>
<trkpt lat="55.717022" lon="13.986252">
<ele>112.206</ele>
<time>2020-03-15T09:35:00Z</time>
</trkpt>
<trkpt lat="55.717020" lon="13.986274">
<ele>111.206</ele>
<time>2020-03-15T09:35:01Z</time>
</trkpt>
<trkpt lat="55.717017" lon="13.986295">
<ele>111.206</ele>
<time>2020-03-15T09:35:02Z</time>
</trkpt>
<trkpt lat="55.717015" lon="13.986316">
<ele>110.206</ele>
<time>2020-03-15T09:35:03Z</time>
</trkpt>
<trkpt lat="55.717012" lon="13.986339">
<ele>110.206</ele>
<time>2020-03-15T09:35:04Z</time>
</trkpt>
<trkpt lat="55.717011" lon="13.986356">
<ele>110.206</ele>
<time>2020-03-15T09:35:05Z</time>
</trkpt>
<trkpt lat="55.717013" lon="13.986408">
<ele>110.206</ele>
<time>2020-03-15T09:35:08Z</time>
</trkpt>
<trkpt lat="55.717015" lon="13.986425">
<ele>110.206</ele>
<time>2020-03-15T09:35:09Z</time>
</trkpt>
<trkpt lat="55.717015" lon="13.986441">
<ele>109.206</ele>
<time>2020-03-15T09:35:10Z</time>
</trkpt>
<trkpt lat="55.717018" lon="13.986507">
<ele>110.206</ele>
<time>2020-03-15T09:35:14Z</time>
</trkpt>
<trkpt lat="55.717018" lon="13.986494">
<ele>110.206</ele>
<time>2020-03-15T09:35:15Z</time>
</trkpt>
<trkpt lat="55.717017" lon="13.986506">
<ele>110.206</ele>
<time>2020-03-15T09:35:17Z</time>
</trkpt>
<trkpt lat="55.717016" lon="13.986518">
<ele>109.206</ele>
<time>2020-03-15T09:35:18Z</time>
</trkpt>
<trkpt lat="55.717016" lon="13.986592">
<ele>109.206</ele>
<time>2020-03-15T09:35:22Z</time>
</trkpt>
<trkpt lat="55.716981" lon="13.986918">
<ele>110.206</ele>
<time>2020-03-15T09:35:38Z</time>
</trkpt>
<trkpt lat="55.716974" lon="13.987022">
<ele>109.207</ele>
<time>2020-03-15T09:35:43Z</time>
</trkpt>
<trkpt lat="55.716969" lon="13.987062">
<ele>109.207</ele>
<time>2020-03-15T09:35:45Z</time>
</trkpt>
<trkpt lat="55.716962" lon="13.987095">
<ele>110.207</ele>
<time>2020-03-15T09:35:47Z</time>
</trkpt>
<trkpt lat="55.716959" lon="13.987115">
<ele>109.207</ele>
<time>2020-03-15T09:35:48Z</time>
</trkpt>
<trkpt lat="55.716962" lon="13.987184">
<ele>110.207</ele>
<time>2020-03-15T09:35:51Z</time>
</trkpt>
<trkpt lat="55.716959" lon="13.987291">
<ele>110.207</ele>
<time>2020-03-15T09:35:56Z</time>
</trkpt>
<trkpt lat="55.716953" lon="13.987324">
<ele>110.207</ele>
<time>2020-03-15T09:35:58Z</time>
</trkpt>
<trkpt lat="55.716951" lon="13.987343">
<ele>110.207</ele>
<time>2020-03-15T09:35:59Z</time>
</trkpt>
<trkpt lat="55.716952" lon="13.987443">
<ele>109.207</ele>
<time>2020-03-15T09:36:04Z</time>
</trkpt>
<trkpt lat="55.716947" lon="13.987500">
<ele>110.207</ele>
<time>2020-03-15T09:36:07Z</time>
</trkpt>
<trkpt lat="55.716944" lon="13.987518">
<ele>110.207</ele>
<time>2020-03-15T09:36:08Z</time>
</trkpt>
<trkpt lat="55.716942" lon="13.987536">
<ele>111.207</ele>
<time>2020-03-15T09:36:09Z</time>
</trkpt>
<trkpt lat="55.716941" lon="13.987552">
<ele>110.207</ele>
<time>2020-03-15T09:36:10Z</time>
</trkpt>
<trkpt lat="55.716939" lon="13.987571">
<ele>110.207</ele>
<time>2020-03-15T09:36:11Z</time>
</trkpt>
<trkpt lat="55.716936" lon="13.987588">
<ele>109.207</ele>
<time>2020-03-15T09:36:12Z</time>
</trkpt>
<trkpt lat="55.716928" lon="13.987647">
<ele>110.207</ele>
<time>2020-03-15T09:36:16Z</time>
</trkpt>
<trkpt lat="55.716921" lon="13.987690">
<ele>110.207</ele>
<time>2020-03-15T09:36:18Z</time>
</trkpt>
<trkpt lat="55.716916" lon="13.987710">
<ele>109.207</ele>
<time>2020-03-15T09:36:19Z</time>
</trkpt>
<trkpt lat="55.716909" lon="13.987730">
<ele>110.207</ele>
<time>2020-03-15T09:36:20Z</time>
</trkpt>
<trkpt lat="55.716901" lon="13.987760">
<ele>109.207</ele>
<time>2020-03-15T09:36:22Z</time>
</trkpt>
<trkpt lat="55.716901" lon="13.987773">
<ele>109.207</ele>
<time>2020-03-15T09:36:23Z</time>
</trkpt>
<trkpt lat="55.716896" lon="13.987806">
<ele>109.207</ele>
<time>2020-03-15T09:36:25Z</time>
</trkpt>
<trkpt lat="55.716889" lon="13.987825">
<ele>109.207</ele>
<time>2020-03-15T09:36:26Z</time>
</trkpt>
<trkpt lat="55.716874" lon="13.987858">
<ele>109.208</ele>
<time>2020-03-15T09:36:28Z</time>
</trkpt>
<trkpt lat="55.716867" lon="13.987876">
<ele>109.208</ele>
<time>2020-03-15T09:36:29Z</time>
</trkpt>
<trkpt lat="55.716863" lon="13.987897">
<ele>110.208</ele>
<time>2020-03-15T09:36:30Z</time>
</trkpt>
<trkpt lat="55.716860" lon="13.987918">
<ele>110.208</ele>
<time>2020-03-15T09:36:31Z</time>
</trkpt>
<trkpt lat="55.716851" lon="13.987963">
<ele>110.208</ele>
<time>2020-03-15T09:36:33Z</time>
</trkpt>
<trkpt lat="55.716842" lon="13.987986">
<ele>111.208</ele>
<time>2020-03-15T09:36:35Z</time>
</trkpt>
<trkpt lat="55.716798" lon="13.988074">
<ele>111.208</ele>
<time>2020-03-15T09:36:40Z</time>
</trkpt>
<trkpt lat="55.716742" lon="13.988234">
<ele>111.208</ele>
<time>2020-03-15T09:36:48Z</time>
</trkpt>
<trkpt lat="55.716735" lon="13.988250">
<ele>110.208</ele>
<time>2020-03-15T09:36:50Z</time>
</trkpt>
<trkpt lat="55.716705" lon="13.988338">
<ele>110.208</ele>
<time>2020-03-15T09:36:56Z</time>
</trkpt>
<trkpt lat="55.716689" lon="13.988416">
<ele>111.208</ele>
<time>2020-03-15T09:37:00Z</time>
</trkpt>
<trkpt lat="55.716682" lon="13.988440">
<ele>111.208</ele>
<time>2020-03-15T09:37:01Z</time>
</trkpt>
<trkpt lat="55.716674" lon="13.988463">
<ele>111.208</ele>
<time>2020-03-15T09:37:02Z</time>
</trkpt>
<trkpt lat="55.716625" lon="13.988656">
<ele>112.209</ele>
<time>2020-03-15T09:37:10Z</time>
</trkpt>
<trkpt lat="55.716589" lon="13.988762">
<ele>113.209</ele>
<time>2020-03-15T09:37:16Z</time>
</trkpt>
<trkpt lat="55.716558" lon="13.988895">
<ele>111.209</ele>
<time>2020-03-15T09:37:23Z</time>
</trkpt>
<trkpt lat="55.716553" lon="13.988911">
<ele>112.209</ele>
<time>2020-03-15T09:37:24Z</time>
</trkpt>
<trkpt lat="55.716549" lon="13.988897">
<ele>112.209</ele>
<time>2020-03-15T09:37:25Z</time>
</trkpt>
<trkpt lat="55.716546" lon="13.988902">
<ele>111.209</ele>
<time>2020-03-15T09:37:26Z</time>
</trkpt>
<trkpt lat="55.716542" lon="13.988909">
<ele>112.209</ele>
<time>2020-03-15T09:37:27Z</time>
</trkpt>
<trkpt lat="55.716537" lon="13.988922">
<ele>111.209</ele>
<time>2020-03-15T09:37:28Z</time>
</trkpt>
<trkpt lat="55.716535" lon="13.988937">
<ele>111.209</ele>
<time>2020-03-15T09:37:29Z</time>
</trkpt>
<trkpt lat="55.716534" lon="13.988958">
<ele>111.209</ele>
<time>2020-03-15T09:37:30Z</time>
</trkpt>
<trkpt lat="55.716535" lon="13.988973">
<ele>112.209</ele>
<time>2020-03-15T09:37:31Z</time>
</trkpt>
<trkpt lat="55.716540" lon="13.989013">
<ele>111.209</ele>
<time>2020-03-15T09:37:33Z</time>
</trkpt>
<trkpt lat="55.716560" lon="13.989094">
<ele>111.209</ele>
<time>2020-03-15T09:37:37Z</time>
</trkpt>
<trkpt lat="55.716565" lon="13.989112">
<ele>111.209</ele>
<time>2020-03-15T09:37:38Z</time>
</trkpt>
<trkpt lat="55.716573" lon="13.989130">
<ele>110.209</ele>
<time>2020-03-15T09:37:39Z</time>
</trkpt>
<trkpt lat="55.716582" lon="13.989147">
<ele>110.209</ele>
<time>2020-03-15T09:37:40Z</time>
</trkpt>
<trkpt lat="55.716687" lon="13.989555">
<ele>113.210</ele>
<time>2020-03-15T09:38:00Z</time>
</trkpt>
<trkpt lat="55.716713" lon="13.989630">
<ele>115.210</ele>
<time>2020-03-15T09:38:04Z</time>
</trkpt>
<trkpt lat="55.716727" lon="13.989657">
<ele>116.210</ele>
<time>2020-03-15T09:38:05Z</time>
</trkpt>
<trkpt lat="55.716733" lon="13.989662">
<ele>117.210</ele>
<time>2020-03-15T09:38:06Z</time>
</trkpt>
<trkpt lat="55.716733" lon="13.989669">
<ele>116.210</ele>
<time>2020-03-15T09:38:07Z</time>
</trkpt>
<trkpt lat="55.716732" lon="13.989672">
<ele>115.210</ele>
<time>2020-03-15T09:38:08Z</time>
</trkpt>
<trkpt lat="55.716730" lon="13.989679">
<ele>115.210</ele>
<time>2020-03-15T09:38:09Z</time>
</trkpt>
<trkpt lat="55.716734" lon="13.989688">
<ele>114.210</ele>
<time>2020-03-15T09:38:10Z</time>
</trkpt>
<trkpt lat="55.716737" lon="13.989697">
<ele>114.210</ele>
<time>2020-03-15T09:38:12Z</time>
</trkpt>
<trkpt lat="55.716740" lon="13.989704">
<ele>114.210</ele>
<time>2020-03-15T09:38:13Z</time>
</trkpt>
<trkpt lat="55.716743" lon="13.989703">
<ele>114.210</ele>
<time>2020-03-15T09:38:14Z</time>
</trkpt>
<trkpt lat="55.716745" lon="13.989705">
<ele>114.210</ele>
<time>2020-03-15T09:38:15Z</time>
</trkpt>
<trkpt lat="55.716746" lon="13.989703">
<ele>114.210</ele>
<time>2020-03-15T09:38:16Z</time>
</trkpt>
<trkpt lat="55.716748" lon="13.989705">
<ele>114.210</ele>
<time>2020-03-15T09:38:17Z</time>
</trkpt>
<trkpt lat="55.716749" lon="13.989705">
<ele>114.210</ele>
<time>2020-03-15T09:38:18Z</time>
</trkpt>
<trkpt lat="55.716752" lon="13.989703">
<ele>114.210</ele>
<time>2020-03-15T09:38:18Z</time>
</trkpt>
<trkpt lat="55.716756" lon="13.989709">
<ele>113.210</ele>
<time>2020-03-15T09:38:19Z</time>
</trkpt>
<trkpt lat="55.716760" lon="13.989718">
<ele>112.210</ele>
<time>2020-03-15T09:38:20Z</time>
</trkpt>
<trkpt lat="55.716773" lon="13.989756">
<ele>112.210</ele>
<time>2020-03-15T09:38:23Z</time>
</trkpt>
<trkpt lat="55.716775" lon="13.989761">
<ele>112.210</ele>
<time>2020-03-15T09:38:24Z</time>
</trkpt>
<trkpt lat="55.716781" lon="13.989780">
<ele>112.210</ele>
<time>2020-03-15T09:38:25Z</time>
</trkpt>
<trkpt lat="55.716784" lon="13.989786">
<ele>112.210</ele>
<time>2020-03-15T09:38:26Z</time>
</trkpt>
<trkpt lat="55.716797" lon="13.989816">
<ele>111.210</ele>
<time>2020-03-15T09:38:27Z</time>
</trkpt>
<trkpt lat="55.716800" lon="13.989824">
<ele>111.210</ele>
<time>2020-03-15T09:38:28Z</time>
</trkpt>
<trkpt lat="55.716805" lon="13.989835">
<ele>111.210</ele>
<time>2020-03-15T09:38:29Z</time>
</trkpt>
<trkpt lat="55.716857" lon="13.990043">
<ele>111.210</ele>
<time>2020-03-15T09:38:39Z</time>
</trkpt>
<trkpt lat="55.716866" lon="13.990105">
<ele>112.210</ele>
<time>2020-03-15T09:38:41Z</time>
</trkpt>
<trkpt lat="55.716871" lon="13.990133">
<ele>112.210</ele>
<time>2020-03-15T09:38:42Z</time>
</trkpt>
<trkpt lat="55.716873" lon="13.990156">
<ele>112.210</ele>
<time>2020-03-15T09:38:43Z</time>
</trkpt>
<trkpt lat="55.716874" lon="13.990210">
<ele>111.210</ele>
<time>2020-03-15T09:38:46Z</time>
</trkpt>
<trkpt lat="55.716871" lon="13.990278">
<ele>111.210</ele>
<time>2020-03-15T09:38:49Z</time>
</trkpt>
<trkpt lat="55.716860" lon="13.990359">
<ele>112.211</ele>
<time>2020-03-15T09:38:52Z</time>
</trkpt>
<trkpt lat="55.716803" lon="13.990618">
<ele>114.211</ele>
<time>2020-03-15T09:39:06Z</time>
</trkpt>
<trkpt lat="55.716797" lon="13.990636">
<ele>114.211</ele>
<time>2020-03-15T09:39:07Z</time>
</trkpt>
<trkpt lat="55.716790" lon="13.990654">
<ele>114.211</ele>
<time>2020-03-15T09:39:08Z</time>
</trkpt>
<trkpt lat="55.716779" lon="13.990674">
<ele>113.211</ele>
<time>2020-03-15T09:39:10Z</time>
</trkpt>
<trkpt lat="55.716776" lon="13.990681">
<ele>113.211</ele>
<time>2020-03-15T09:39:10Z</time>
</trkpt>
<trkpt lat="55.716773" lon="13.990696">
<ele>112.211</ele>
<time>2020-03-15T09:39:12Z</time>
</trkpt>
<trkpt lat="55.716776" lon="13.990706">
<ele>112.211</ele>
<time>2020-03-15T09:39:12Z</time>
</trkpt>
<trkpt lat="55.716774" lon="13.990751">
<ele>113.211</ele>
<time>2020-03-15T09:39:15Z</time>
</trkpt>
<trkpt lat="55.716767" lon="13.990813">
<ele>114.211</ele>
<time>2020-03-15T09:39:17Z</time>
</trkpt>
<trkpt lat="55.716747" lon="13.990877">
<ele>112.211</ele>
<time>2020-03-15T09:39:25Z</time>
</trkpt>
<trkpt lat="55.716742" lon="13.990899">
<ele>113.211</ele>
<time>2020-03-15T09:39:27Z</time>
</trkpt>
<trkpt lat="55.716732" lon="13.990926">
<ele>114.211</ele>
<time>2020-03-15T09:39:29Z</time>
</trkpt>
<trkpt lat="55.716727" lon="13.990944">
<ele>114.211</ele>
<time>2020-03-15T09:39:30Z</time>
</trkpt>
<trkpt lat="55.716725" lon="13.990972">
<ele>115.211</ele>
<time>2020-03-15T09:39:32Z</time>
</trkpt>
<trkpt lat="55.716716" lon="13.991007">
<ele>115.211</ele>
<time>2020-03-15T09:39:34Z</time>
</trkpt>
<trkpt lat="55.716702" lon="13.991074">
<ele>115.212</ele>
<time>2020-03-15T09:39:37Z</time>
</trkpt>
<trkpt lat="55.716697" lon="13.991090">
<ele>115.212</ele>
<time>2020-03-15T09:39:38Z</time>
</trkpt>
<trkpt lat="55.716676" lon="13.991179">
<ele>114.212</ele>
<time>2020-03-15T09:39:42Z</time>
</trkpt>
<trkpt lat="55.716642" lon="13.991261">
<ele>113.212</ele>
<time>2020-03-15T09:39:46Z</time>
</trkpt>
<trkpt lat="55.716612" lon="13.991317">
<ele>111.212</ele>
<time>2020-03-15T09:39:49Z</time>
</trkpt>
<trkpt lat="55.716600" lon="13.991342">
<ele>110.212</ele>
<time>2020-03-15T09:39:50Z</time>
</trkpt>
<trkpt lat="55.716582" lon="13.991374">
<ele>110.212</ele>
<time>2020-03-15T09:39:52Z</time>
</trkpt>
<trkpt lat="55.716545" lon="13.991417">
<ele>109.212</ele>
<time>2020-03-15T09:39:56Z</time>
</trkpt>
<trkpt lat="55.716533" lon="13.991427">
<ele>108.212</ele>
<time>2020-03-15T09:39:57Z</time>
</trkpt>
<trkpt lat="55.716501" lon="13.991439">
<ele>109.212</ele>
<time>2020-03-15T09:40:00Z</time>
</trkpt>
<trkpt lat="55.716480" lon="13.991457">
<ele>110.212</ele>
<time>2020-03-15T09:40:02Z</time>
</trkpt>
<trkpt lat="55.716470" lon="13.991463">
<ele>110.212</ele>
<time>2020-03-15T09:40:03Z</time>
</trkpt>
<trkpt lat="55.716442" lon="13.991498">
<ele>111.212</ele>
<time>2020-03-15T09:40:06Z</time>
</trkpt>
<trkpt lat="55.716429" lon="13.991518">
<ele>111.212</ele>
<time>2020-03-15T09:40:07Z</time>
</trkpt>
<trkpt lat="55.716420" lon="13.991529">
<ele>110.212</ele>
<time>2020-03-15T09:40:08Z</time>
</trkpt>
<trkpt lat="55.716394" lon="13.991567">
<ele>110.212</ele>
<time>2020-03-15T09:40:11Z</time>
</trkpt>
<trkpt lat="55.716384" lon="13.991585">
<ele>110.212</ele>
<time>2020-03-15T09:40:12Z</time>
</trkpt>
<trkpt lat="55.716375" lon="13.991598">
<ele>110.212</ele>
<time>2020-03-15T09:40:13Z</time>
</trkpt>
<trkpt lat="55.716367" lon="13.991610">
<ele>110.212</ele>
<time>2020-03-15T09:40:14Z</time>
</trkpt>
<trkpt lat="55.716358" lon="13.991621">
<ele>110.212</ele>
<time>2020-03-15T09:40:15Z</time>
</trkpt>
<trkpt lat="55.716351" lon="13.991633">
<ele>110.212</ele>
<time>2020-03-15T09:40:16Z</time>
</trkpt>
<trkpt lat="55.716344" lon="13.991647">
<ele>110.212</ele>
<time>2020-03-15T09:40:17Z</time>
</trkpt>
<trkpt lat="55.716315" lon="13.991684">
<ele>109.213</ele>
<time>2020-03-15T09:40:21Z</time>
</trkpt>
<trkpt lat="55.716304" lon="13.991701">
<ele>109.213</ele>
<time>2020-03-15T09:40:22Z</time>
</trkpt>
<trkpt lat="55.716283" lon="13.991723">
<ele>109.213</ele>
<time>2020-03-15T09:40:24Z</time>
</trkpt>
<trkpt lat="55.716257" lon="13.991754">
<ele>110.213</ele>
<time>2020-03-15T09:40:27Z</time>
</trkpt>
<trkpt lat="55.716239" lon="13.991773">
<ele>112.213</ele>
<time>2020-03-15T09:40:29Z</time>
</trkpt>
<trkpt lat="55.716216" lon="13.991805">
<ele>114.213</ele>
<time>2020-03-15T09:40:31Z</time>
</trkpt>
<trkpt lat="55.716203" lon="13.991828">
<ele>115.213</ele>
<time>2020-03-15T09:40:32Z</time>
</trkpt>
<trkpt lat="55.716190" lon="13.991846">
<ele>115.213</ele>
<time>2020-03-15T09:40:33Z</time>
</trkpt>
<trkpt lat="55.716181" lon="13.991862">
<ele>115.213</ele>
<time>2020-03-15T09:40:34Z</time>
</trkpt>
<trkpt lat="55.716157" lon="13.991914">
<ele>116.213</ele>
<time>2020-03-15T09:40:36Z</time>
</trkpt>
<trkpt lat="55.716145" lon="13.991947">
<ele>115.213</ele>
<time>2020-03-15T09:40:37Z</time>
</trkpt>
<trkpt lat="55.716123" lon="13.991994">
<ele>115.213</ele>
<time>2020-03-15T09:40:39Z</time>
</trkpt>
<trkpt lat="55.716100" lon="13.992053">
<ele>114.213</ele>
<time>2020-03-15T09:40:41Z</time>
</trkpt>
<trkpt lat="55.716088" lon="13.992086">
<ele>114.213</ele>
<time>2020-03-15T09:40:42Z</time>
</trkpt>
<trkpt lat="55.716078" lon="13.992104">
<ele>113.213</ele>
<time>2020-03-15T09:40:43Z</time>
</trkpt>
<trkpt lat="55.716055" lon="13.992136">
<ele>113.213</ele>
<time>2020-03-15T09:40:45Z</time>
</trkpt>
<trkpt lat="55.716032" lon="13.992177">
<ele>114.213</ele>
<time>2020-03-15T09:40:47Z</time>
</trkpt>
<trkpt lat="55.715986" lon="13.992234">
<ele>114.214</ele>
<time>2020-03-15T09:40:51Z</time>
</trkpt>
<trkpt lat="55.715966" lon="13.992269">
<ele>113.214</ele>
<time>2020-03-15T09:40:53Z</time>
</trkpt>
<trkpt lat="55.715958" lon="13.992287">
<ele>113.214</ele>
<time>2020-03-15T09:40:54Z</time>
</trkpt>
<trkpt lat="55.715951" lon="13.992301">
<ele>113.214</ele>
<time>2020-03-15T09:40:55Z</time>
</trkpt>
<trkpt lat="55.715943" lon="13.992315">
<ele>113.214</ele>
<time>2020-03-15T09:40:56Z</time>
</trkpt>
<trkpt lat="55.715935" lon="13.992331">
<ele>113.214</ele>
<time>2020-03-15T09:40:57Z</time>
</trkpt>
<trkpt lat="55.715929" lon="13.992349">
<ele>113.214</ele>
<time>2020-03-15T09:40:58Z</time>
</trkpt>
<trkpt lat="55.715923" lon="13.992368">
<ele>113.214</ele>
<time>2020-03-15T09:40:59Z</time>
</trkpt>
<trkpt lat="55.715917" lon="13.992364">
<ele>114.214</ele>
<time>2020-03-15T09:41:00Z</time>
</trkpt>
<trkpt lat="55.715913" lon="13.992369">
<ele>114.214</ele>
<time>2020-03-15T09:41:01Z</time>
</trkpt>
<trkpt lat="55.715910" lon="13.992373">
<ele>114.214</ele>
<time>2020-03-15T09:41:01Z</time>
</trkpt>
<trkpt lat="55.715904" lon="13.992386">
<ele>114.214</ele>
<time>2020-03-15T09:41:03Z</time>
</trkpt>
<trkpt lat="55.715888" lon="13.992409">
<ele>115.214</ele>
<time>2020-03-15T09:41:05Z</time>
</trkpt>
<trkpt lat="55.715873" lon="13.992437">
<ele>115.214</ele>
<time>2020-03-15T09:41:06Z</time>
</trkpt>
<trkpt lat="55.715850" lon="13.992493">
<ele>114.214</ele>
<time>2020-03-15T09:41:10Z</time>
</trkpt>
<trkpt lat="55.715833" lon="13.992555">
<ele>114.214</ele>
<time>2020-03-15T09:41:14Z</time>
</trkpt>
<trkpt lat="55.715818" lon="13.992596">
<ele>116.214</ele>
<time>2020-03-15T09:41:16Z</time>
</trkpt>
<trkpt lat="55.715803" lon="13.992658">
<ele>117.214</ele>
<time>2020-03-15T09:41:21Z</time>
</trkpt>
<trkpt lat="55.715795" lon="13.992681">
<ele>117.214</ele>
<time>2020-03-15T09:41:23Z</time>
</trkpt>
<trkpt lat="55.715781" lon="13.992714">
<ele>116.214</ele>
<time>2020-03-15T09:41:25Z</time>
</trkpt>
<trkpt lat="55.715770" lon="13.992737">
<ele>116.214</ele>
<time>2020-03-15T09:41:26Z</time>
</trkpt>
<trkpt lat="55.715755" lon="13.992760">
<ele>116.214</ele>
<time>2020-03-15T09:41:29Z</time>
</trkpt>
<trkpt lat="55.715735" lon="13.992778">
<ele>115.214</ele>
<time>2020-03-15T09:41:31Z</time>
</trkpt>
<trkpt lat="55.715714" lon="13.992801">
<ele>116.215</ele>
<time>2020-03-15T09:41:33Z</time>
</trkpt>
<trkpt lat="55.715706" lon="13.992815">
<ele>116.215</ele>
<time>2020-03-15T09:41:34Z</time>
</trkpt>
<trkpt lat="55.715699" lon="13.992830">
<ele>116.215</ele>
<time>2020-03-15T09:41:35Z</time>
</trkpt>
<trkpt lat="55.715682" lon="13.992858">
<ele>116.215</ele>
<time>2020-03-15T09:41:36Z</time>
</trkpt>
<trkpt lat="55.715674" lon="13.992882">
<ele>116.215</ele>
<time>2020-03-15T09:41:38Z</time>
</trkpt>
<trkpt lat="55.715668" lon="13.992894">
<ele>116.215</ele>
<time>2020-03-15T09:41:39Z</time>
</trkpt>
<trkpt lat="55.715663" lon="13.992906">
<ele>116.215</ele>
<time>2020-03-15T09:41:40Z</time>
</trkpt>
<trkpt lat="55.715659" lon="13.992922">
<ele>116.215</ele>
<time>2020-03-15T09:41:41Z</time>
</trkpt>
<trkpt lat="55.715655" lon="13.992933">
<ele>116.215</ele>
<time>2020-03-15T09:41:41Z</time>
</trkpt>
<trkpt lat="55.715647" lon="13.992968">
<ele>116.215</ele>
<time>2020-03-15T09:41:44Z</time>
</trkpt>
<trkpt lat="55.715439" lon="13.993288">
<ele>114.215</ele>
<time>2020-03-15T09:42:05Z</time>
</trkpt>
<trkpt lat="55.715425" lon="13.993318">
<ele>115.215</ele>
<time>2020-03-15T09:42:06Z</time>
</trkpt>
<trkpt lat="55.715407" lon="13.993348">
<ele>114.215</ele>
<time>2020-03-15T09:42:07Z</time>
</trkpt>
<trkpt lat="55.715411" lon="13.993354">
<ele>115.215</ele>
<time>2020-03-15T09:42:08Z</time>
</trkpt>
<trkpt lat="55.715414" lon="13.993365">
<ele>115.215</ele>
<time>2020-03-15T09:42:10Z</time>
</trkpt>
<trkpt lat="55.715414" lon="13.993372">
<ele>115.215</ele>
<time>2020-03-15T09:42:10Z</time>
</trkpt>
<trkpt lat="55.715412" lon="13.993377">
<ele>116.215</ele>
<time>2020-03-15T09:42:10Z</time>
</trkpt>
<trkpt lat="55.715413" lon="13.993380">
<ele>116.215</ele>
<time>2020-03-15T09:42:11Z</time>
</trkpt>
<trkpt lat="55.715409" lon="13.993386">
<ele>116.215</ele>
<time>2020-03-15T09:42:11Z</time>
</trkpt>
<trkpt lat="55.715409" lon="13.993388">
<ele>116.215</ele>
<time>2020-03-15T09:42:12Z</time>
</trkpt>
<trkpt lat="55.715406" lon="13.993392">
<ele>116.215</ele>
<time>2020-03-15T09:42:13Z</time>
</trkpt>
<trkpt lat="55.715406" lon="13.993396">
<ele>116.215</ele>
<time>2020-03-15T09:42:13Z</time>
</trkpt>
<trkpt lat="55.715401" lon="13.993403">
<ele>117.216</ele>
<time>2020-03-15T09:42:14Z</time>
</trkpt>
<trkpt lat="55.715386" lon="13.993417">
<ele>119.216</ele>
<time>2020-03-15T09:42:16Z</time>
</trkpt>
<trkpt lat="55.715378" lon="13.993428">
<ele>120.216</ele>
<time>2020-03-15T09:42:17Z</time>
</trkpt>
<trkpt lat="55.715374" lon="13.993435">
<ele>121.216</ele>
<time>2020-03-15T09:42:18Z</time>
</trkpt>
<trkpt lat="55.715367" lon="13.993444">
<ele>121.216</ele>
<time>2020-03-15T09:42:16Z</time>
</trkpt>
<trkpt lat="55.715349" lon="13.993479">
<ele>121.216</ele>
<time>2020-03-15T09:42:18Z</time>
</trkpt>
<trkpt lat="55.715342" lon="13.993483">
<ele>123.216</ele>
<time>2020-03-15T09:42:22Z</time>
</trkpt>
<trkpt lat="55.715135" lon="13.993798">
<ele>122.216</ele>
<time>2020-03-15T09:42:39Z</time>
</trkpt>
<trkpt lat="55.714943" lon="13.994000">
<ele>120.217</ele>
<time>2020-03-15T09:42:58Z</time>
</trkpt>
<trkpt lat="55.714920" lon="13.994040">
<ele>120.217</ele>
<time>2020-03-15T09:43:01Z</time>
</trkpt>
<trkpt lat="55.714888" lon="13.994083">
<ele>119.217</ele>
<time>2020-03-15T09:43:05Z</time>
</trkpt>
<trkpt lat="55.714877" lon="13.994102">
<ele>119.217</ele>
<time>2020-03-15T09:43:06Z</time>
</trkpt>
<trkpt lat="55.714867" lon="13.994116">
<ele>119.217</ele>
<time>2020-03-15T09:43:07Z</time>
</trkpt>
<trkpt lat="55.714856" lon="13.994136">
<ele>118.217</ele>
<time>2020-03-15T09:43:09Z</time>
</trkpt>
<trkpt lat="55.714829" lon="13.994197">
<ele>115.217</ele>
<time>2020-03-15T09:43:12Z</time>
</trkpt>
<trkpt lat="55.714822" lon="13.994219">
<ele>115.217</ele>
<time>2020-03-15T09:43:13Z</time>
</trkpt>
<trkpt lat="55.714820" lon="13.994230">
<ele>116.217</ele>
<time>2020-03-15T09:43:13Z</time>
</trkpt>
<trkpt lat="55.714817" lon="13.994238">
<ele>116.217</ele>
<time>2020-03-15T09:43:14Z</time>
</trkpt>
<trkpt lat="55.714817" lon="13.994255">
<ele>117.217</ele>
<time>2020-03-15T09:43:15Z</time>
</trkpt>
<trkpt lat="55.714814" lon="13.994261">
<ele>116.217</ele>
<time>2020-03-15T09:43:16Z</time>
</trkpt>
<trkpt lat="55.714808" lon="13.994289">
<ele>116.217</ele>
<time>2020-03-15T09:43:17Z</time>
</trkpt>
<trkpt lat="55.714807" lon="13.994298">
<ele>116.217</ele>
<time>2020-03-15T09:43:17Z</time>
</trkpt>
<trkpt lat="55.714791" lon="13.994357">
<ele>115.217</ele>
<time>2020-03-15T09:43:21Z</time>
</trkpt>
<trkpt lat="55.714754" lon="13.994583">
<ele>114.217</ele>
<time>2020-03-15T09:43:33Z</time>
</trkpt>
<trkpt lat="55.714749" lon="13.994867">
<ele>112.218</ele>
<time>2020-03-15T09:43:49Z</time>
</trkpt>
<trkpt lat="55.714768" lon="13.995021">
<ele>112.218</ele>
<time>2020-03-15T09:43:55Z</time>
</trkpt>
<trkpt lat="55.714768" lon="13.995069">
<ele>113.218</ele>
<time>2020-03-15T09:43:56Z</time>
</trkpt>
<trkpt lat="55.714764" lon="13.995109">
<ele>112.218</ele>
<time>2020-03-15T09:43:58Z</time>
</trkpt>
<trkpt lat="55.714751" lon="13.995189">
<ele>112.218</ele>
<time>2020-03-15T09:44:01Z</time>
</trkpt>
<trkpt lat="55.714748" lon="13.995200">
<ele>112.218</ele>
<time>2020-03-15T09:44:03Z</time>
</trkpt>
<trkpt lat="55.714739" lon="13.995258">
<ele>112.218</ele>
<time>2020-03-15T09:44:06Z</time>
</trkpt>
<trkpt lat="55.714736" lon="13.995309">
<ele>112.218</ele>
<time>2020-03-15T09:44:09Z</time>
</trkpt>
<trkpt lat="55.714707" lon="13.995482">
<ele>111.219</ele>
<time>2020-03-15T09:44:16Z</time>
</trkpt>
<trkpt lat="55.714703" lon="13.995529">
<ele>111.219</ele>
<time>2020-03-15T09:44:18Z</time>
</trkpt>
<trkpt lat="55.714705" lon="13.995589">
<ele>110.219</ele>
<time>2020-03-15T09:44:20Z</time>
</trkpt>
<trkpt lat="55.714706" lon="13.995599">
<ele>110.219</ele>
<time>2020-03-15T09:44:21Z</time>
</trkpt>
<trkpt lat="55.714711" lon="13.995675">
<ele>110.219</ele>
<time>2020-03-15T09:44:24Z</time>
</trkpt>
<trkpt lat="55.714711" lon="13.995692">
<ele>110.219</ele>
<time>2020-03-15T09:44:25Z</time>
</trkpt>
<trkpt lat="55.714695" lon="13.995840">
<ele>108.219</ele>
<time>2020-03-15T09:44:30Z</time>
</trkpt>
<trkpt lat="55.714687" lon="13.996005">
<ele>105.219</ele>
<time>2020-03-15T09:44:35Z</time>
</trkpt>
<trkpt lat="55.714668" lon="13.996117">
<ele>105.219</ele>
<time>2020-03-15T09:44:39Z</time>
</trkpt>
<trkpt lat="55.714663" lon="13.996123">
<ele>105.219</ele>
<time>2020-03-15T09:44:40Z</time>
</trkpt>
<trkpt lat="55.714659" lon="13.996141">
<ele>104.219</ele>
<time>2020-03-15T09:44:41Z</time>
</trkpt>
<trkpt lat="55.714658" lon="13.996152">
<ele>104.219</ele>
<time>2020-03-15T09:44:42Z</time>
</trkpt>
<trkpt lat="55.714654" lon="13.996175">
<ele>105.219</ele>
<time>2020-03-15T09:44:43Z</time>
</trkpt>
<trkpt lat="55.714648" lon="13.996200">
<ele>105.219</ele>
<time>2020-03-15T09:44:45Z</time>
</trkpt>
<trkpt lat="55.714640" lon="13.996245">
<ele>105.219</ele>
<time>2020-03-15T09:44:47Z</time>
</trkpt>
<trkpt lat="55.714636" lon="13.996279">
<ele>104.219</ele>
<time>2020-03-15T09:44:48Z</time>
</trkpt>
<trkpt lat="55.714632" lon="13.996300">
<ele>104.219</ele>
<time>2020-03-15T09:44:49Z</time>
</trkpt>
<trkpt lat="55.714631" lon="13.996320">
<ele>104.219</ele>
<time>2020-03-15T09:44:50Z</time>
</trkpt>
<trkpt lat="55.714631" lon="13.996344">
<ele>103.219</ele>
<time>2020-03-15T09:44:51Z</time>
</trkpt>
<trkpt lat="55.714634" lon="13.996388">
<ele>102.219</ele>
<time>2020-03-15T09:44:52Z</time>
</trkpt>
<trkpt lat="55.714642" lon="13.996459">
<ele>102.220</ele>
<time>2020-03-15T09:44:55Z</time>
</trkpt>
<trkpt lat="55.714644" lon="13.996458">
<ele>102.220</ele>
<time>2020-03-15T09:44:56Z</time>
</trkpt>
<trkpt lat="55.714646" lon="13.996485">
<ele>102.220</ele>
<time>2020-03-15T09:44:57Z</time>
</trkpt>
<trkpt lat="55.714650" lon="13.996571">
<ele>101.220</ele>
<time>2020-03-15T09:45:01Z</time>
</trkpt>
<trkpt lat="55.714650" lon="13.996739">
<ele>98.220</ele>
<time>2020-03-15T09:45:07Z</time>
</trkpt>
<trkpt lat="55.714654" lon="13.996759">
<ele>97.220</ele>
<time>2020-03-15T09:45:09Z</time>
</trkpt>
<trkpt lat="55.714657" lon="13.996780">
<ele>97.220</ele>
<time>2020-03-15T09:45:11Z</time>
</trkpt>
<trkpt lat="55.714660" lon="13.996796">
<ele>99.220</ele>
<time>2020-03-15T09:45:12Z</time>
</trkpt>
<trkpt lat="55.714678" lon="13.996918">
<ele>99.220</ele>
<time>2020-03-15T09:45:20Z</time>
</trkpt>
<trkpt lat="55.714681" lon="13.996969">
<ele>99.220</ele>
<time>2020-03-15T09:45:22Z</time>
</trkpt>
<trkpt lat="55.714686" lon="13.997005">
<ele>98.220</ele>
<time>2020-03-15T09:45:25Z</time>
</trkpt>
<trkpt lat="55.714689" lon="13.997019">
<ele>97.220</ele>
<time>2020-03-15T09:45:26Z</time>
</trkpt>
<trkpt lat="55.714691" lon="13.997037">
<ele>97.220</ele>
<time>2020-03-15T09:45:27Z</time>
</trkpt>
<trkpt lat="55.714690" lon="13.997043">
<ele>97.220</ele>
<time>2020-03-15T09:45:29Z</time>
</trkpt>
<trkpt lat="55.714689" lon="13.997046">
<ele>97.220</ele>
<time>2020-03-15T09:45:30Z</time>
</trkpt>
<trkpt lat="55.714688" lon="13.997048">
<ele>97.220</ele>
<time>2020-03-15T09:45:31Z</time>
</trkpt>
<trkpt lat="55.714682" lon="13.997051">
<ele>99.220</ele>
<time>2020-03-15T09:45:32Z</time>
</trkpt>
<trkpt lat="55.714675" lon="13.997049">
<ele>100.220</ele>
<time>2020-03-15T09:45:35Z</time>
</trkpt>
<trkpt lat="55.714672" lon="13.997049">
<ele>101.220</ele>
<time>2020-03-15T09:45:36Z</time>
</trkpt>
<trkpt lat="55.714668" lon="13.997076">
<ele>101.220</ele>
<time>2020-03-15T09:45:38Z</time>
</trkpt>
<trkpt lat="55.714663" lon="13.997098">
<ele>101.220</ele>
<time>2020-03-15T09:45:39Z</time>
</trkpt>
<trkpt lat="55.714653" lon="13.997120">
<ele>101.220</ele>
<time>2020-03-15T09:45:40Z</time>
</trkpt>
<trkpt lat="55.714650" lon="13.997138">
<ele>101.220</ele>
<time>2020-03-15T09:45:41Z</time>
</trkpt>
<trkpt lat="55.714647" lon="13.997168">
<ele>101.220</ele>
<time>2020-03-15T09:45:42Z</time>
</trkpt>
<trkpt lat="55.714651" lon="13.997185">
<ele>102.220</ele>
<time>2020-03-15T09:45:44Z</time>
</trkpt>
<trkpt lat="55.714650" lon="13.997228">
<ele>102.220</ele>
<time>2020-03-15T09:45:47Z</time>
</trkpt>
<trkpt lat="55.714648" lon="13.997253">
<ele>102.220</ele>
<time>2020-03-15T09:45:50Z</time>
</trkpt>
<trkpt lat="55.714650" lon="13.997273">
<ele>102.220</ele>
<time>2020-03-15T09:45:51Z</time>
</trkpt>
<trkpt lat="55.714652" lon="13.997314">
<ele>101.220</ele>
<time>2020-03-15T09:45:52Z</time>
</trkpt>
<trkpt lat="55.714650" lon="13.997349">
<ele>101.221</ele>
<time>2020-03-15T09:45:54Z</time>
</trkpt>
<trkpt lat="55.714543" lon="13.997868">
<ele>102.221</ele>
<time>2020-03-15T09:46:22Z</time>
</trkpt>
<trkpt lat="55.714543" lon="13.997888">
<ele>101.221</ele>
<time>2020-03-15T09:46:23Z</time>
</trkpt>
<trkpt lat="55.714542" lon="13.997895">
<ele>101.221</ele>
<time>2020-03-15T09:46:24Z</time>
</trkpt>
<trkpt lat="55.714543" lon="13.997920">
<ele>100.221</ele>
<time>2020-03-15T09:46:26Z</time>
</trkpt>
<trkpt lat="55.714542" lon="13.997945">
<ele>101.221</ele>
<time>2020-03-15T09:46:27Z</time>
</trkpt>
<trkpt lat="55.714540" lon="13.997946">
<ele>102.221</ele>
<time>2020-03-15T09:46:28Z</time>
</trkpt>
<trkpt lat="55.714539" lon="13.997948">
<ele>102.221</ele>
<time>2020-03-15T09:46:29Z</time>
</trkpt>
<trkpt lat="55.714538" lon="13.997951">
<ele>102.221</ele>
<time>2020-03-15T09:46:29Z</time>
</trkpt>
<trkpt lat="55.714539" lon="13.997955">
<ele>102.221</ele>
<time>2020-03-15T09:46:30Z</time>
</trkpt>
<trkpt lat="55.714535" lon="13.997964">
<ele>102.221</ele>
<time>2020-03-15T09:46:31Z</time>
</trkpt>
<trkpt lat="55.714531" lon="13.997972">
<ele>102.221</ele>
<time>2020-03-15T09:46:32Z</time>
</trkpt>
<trkpt lat="55.714528" lon="13.997989">
<ele>102.221</ele>
<time>2020-03-15T09:46:33Z</time>
</trkpt>
<trkpt lat="55.714526" lon="13.997996">
<ele>102.221</ele>
<time>2020-03-15T09:46:34Z</time>
</trkpt>
<trkpt lat="55.714524" lon="13.998005">
<ele>102.221</ele>
<time>2020-03-15T09:46:34Z</time>
</trkpt>
<trkpt lat="55.714522" lon="13.998012">
<ele>102.221</ele>
<time>2020-03-15T09:46:35Z</time>
</trkpt>
<trkpt lat="55.714520" lon="13.998026">
<ele>101.221</ele>
<time>2020-03-15T09:46:36Z</time>
</trkpt>
<trkpt lat="55.714513" lon="13.998055">
<ele>101.222</ele>
<time>2020-03-15T09:46:37Z</time>
</trkpt>
<trkpt lat="55.714511" lon="13.998068">
<ele>100.222</ele>
<time>2020-03-15T09:46:38Z</time>
</trkpt>
<trkpt lat="55.714509" lon="13.998077">
<ele>100.222</ele>
<time>2020-03-15T09:46:38Z</time>
</trkpt>
<trkpt lat="55.714504" lon="13.998103">
<ele>101.222</ele>
<time>2020-03-15T09:46:39Z</time>
</trkpt>
<trkpt lat="55.714485" lon="13.998290">
<ele>102.222</ele>
<time>2020-03-15T09:46:44Z</time>
</trkpt>
<trkpt lat="55.714480" lon="13.998310">
<ele>102.222</ele>
<time>2020-03-15T09:46:45Z</time>
</trkpt>
<trkpt lat="55.714473" lon="13.998326">
<ele>102.222</ele>
<time>2020-03-15T09:46:46Z</time>
</trkpt>
<trkpt lat="55.714466" lon="13.998340">
<ele>101.222</ele>
<time>2020-03-15T09:46:47Z</time>
</trkpt>
<trkpt lat="55.714460" lon="13.998352">
<ele>100.222</ele>
<time>2020-03-15T09:46:48Z</time>
</trkpt>
<trkpt lat="55.714454" lon="13.998362">
<ele>100.222</ele>
<time>2020-03-15T09:46:49Z</time>
</trkpt>
<trkpt lat="55.714449" lon="13.998351">
<ele>100.222</ele>
<time>2020-03-15T09:46:50Z</time>
</trkpt>
<trkpt lat="55.714445" lon="13.998361">
<ele>100.222</ele>
<time>2020-03-15T09:46:51Z</time>
</trkpt>
<trkpt lat="55.714443" lon="13.998372">
<ele>100.222</ele>
<time>2020-03-15T09:46:52Z</time>
</trkpt>
<trkpt lat="55.714442" lon="13.998387">
<ele>100.222</ele>
<time>2020-03-15T09:46:53Z</time>
</trkpt>
<trkpt lat="55.714439" lon="13.998399">
<ele>101.222</ele>
<time>2020-03-15T09:46:54Z</time>
</trkpt>
<trkpt lat="55.714436" lon="13.998409">
<ele>101.222</ele>
<time>2020-03-15T09:46:55Z</time>
</trkpt>
<trkpt lat="55.714430" lon="13.998420">
<ele>101.222</ele>
<time>2020-03-15T09:46:56Z</time>
</trkpt>
<trkpt lat="55.714411" lon="13.998444">
<ele>101.222</ele>
<time>2020-03-15T09:46:58Z</time>
</trkpt>
<trkpt lat="55.714403" lon="13.998452">
<ele>101.222</ele>
<time>2020-03-15T09:46:59Z</time>
</trkpt>
<trkpt lat="55.714381" lon="13.998480">
<ele>101.222</ele>
<time>2020-03-15T09:47:02Z</time>
</trkpt>
<trkpt lat="55.714371" lon="13.998500">
<ele>102.222</ele>
<time>2020-03-15T09:47:04Z</time>
</trkpt>
<trkpt lat="55.714341" lon="13.998533">
<ele>103.222</ele>
<time>2020-03-15T09:47:07Z</time>
</trkpt>
<trkpt lat="55.714330" lon="13.998548">
<ele>102.222</ele>
<time>2020-03-15T09:47:08Z</time>
</trkpt>
<trkpt lat="55.714320" lon="13.998560">
<ele>102.222</ele>
<time>2020-03-15T09:47:09Z</time>
</trkpt>
<trkpt lat="55.714310" lon="13.998569">
<ele>102.222</ele>
<time>2020-03-15T09:47:10Z</time>
</trkpt>
<trkpt lat="55.714299" lon="13.998582">
<ele>103.222</ele>
<time>2020-03-15T09:47:11Z</time>
</trkpt>
<trkpt lat="55.714291" lon="13.998595">
<ele>103.222</ele>
<time>2020-03-15T09:47:12Z</time>
</trkpt>
<trkpt lat="55.714284" lon="13.998610">
<ele>103.222</ele>
<time>2020-03-15T09:47:13Z</time>
</trkpt>
<trkpt lat="55.714278" lon="13.998618">
<ele>104.222</ele>
<time>2020-03-15T09:47:15Z</time>
</trkpt>
<trkpt lat="55.714263" lon="13.998631">
<ele>105.222</ele>
<time>2020-03-15T09:47:17Z</time>
</trkpt>
<trkpt lat="55.714256" lon="13.998641">
<ele>105.222</ele>
<time>2020-03-15T09:47:18Z</time>
</trkpt>
<trkpt lat="55.714250" lon="13.998648">
<ele>106.222</ele>
<time>2020-03-15T09:47:19Z</time>
</trkpt>
<trkpt lat="55.714247" lon="13.998654">
<ele>107.223</ele>
<time>2020-03-15T09:47:20Z</time>
</trkpt>
<trkpt lat="55.714245" lon="13.998660">
<ele>107.223</ele>
<time>2020-03-15T09:47:21Z</time>
</trkpt>
<trkpt lat="55.714242" lon="13.998665">
<ele>108.223</ele>
<time>2020-03-15T09:47:22Z</time>
</trkpt>
<trkpt lat="55.714241" lon="13.998669">
<ele>109.223</ele>
<time>2020-03-15T09:47:23Z</time>
</trkpt>
<trkpt lat="55.714240" lon="13.998666">
<ele>111.223</ele>
<time>2020-03-15T09:47:24Z</time>
</trkpt>
<trkpt lat="55.714236" lon="13.998667">
<ele>113.223</ele>
<time>2020-03-15T09:47:25Z</time>
</trkpt>
<trkpt lat="55.714228" lon="13.998671">
<ele>117.223</ele>
<time>2020-03-15T09:47:27Z</time>
</trkpt>
<trkpt lat="55.714217" lon="13.998680">
<ele>119.223</ele>
<time>2020-03-15T09:47:30Z</time>
</trkpt>
<trkpt lat="55.714202" lon="13.998701">
<ele>126.223</ele>
<time>2020-03-15T09:47:32Z</time>
</trkpt>
<trkpt lat="55.713998" lon="13.999074">
<ele>123.224</ele>
<time>2020-03-15T09:47:45Z</time>
</trkpt>
<trkpt lat="55.713988" lon="13.999100">
<ele>123.224</ele>
<time>2020-03-15T09:47:46Z</time>
</trkpt>
<trkpt lat="55.713974" lon="13.999139">
<ele>122.224</ele>
<time>2020-03-15T09:47:47Z</time>
</trkpt>
<trkpt lat="55.713965" lon="13.999153">
<ele>121.224</ele>
<time>2020-03-15T09:47:49Z</time>
</trkpt>
<trkpt lat="55.713955" lon="13.999169">
<ele>121.224</ele>
<time>2020-03-15T09:47:50Z</time>
</trkpt>
<trkpt lat="55.713946" lon="13.999189">
<ele>121.224</ele>
<time>2020-03-15T09:47:51Z</time>
</trkpt>
<trkpt lat="55.713935" lon="13.999207">
<ele>120.224</ele>
<time>2020-03-15T09:47:52Z</time>
</trkpt>
<trkpt lat="55.713902" lon="13.999277">
<ele>118.224</ele>
<time>2020-03-15T09:47:55Z</time>
</trkpt>
<trkpt lat="55.713867" lon="13.999385">
<ele>117.224</ele>
<time>2020-03-15T09:47:59Z</time>
</trkpt>
<trkpt lat="55.713858" lon="13.999405">
<ele>117.224</ele>
<time>2020-03-15T09:48:00Z</time>
</trkpt>
<trkpt lat="55.713851" lon="13.999428">
<ele>116.224</ele>
<time>2020-03-15T09:48:01Z</time>
</trkpt>
<trkpt lat="55.713834" lon="13.999498">
<ele>115.224</ele>
<time>2020-03-15T09:48:04Z</time>
</trkpt>
<trkpt lat="55.713827" lon="13.999520">
<ele>115.224</ele>
<time>2020-03-15T09:48:05Z</time>
</trkpt>
<trkpt lat="55.713771" lon="13.999665">
<ele>115.224</ele>
<time>2020-03-15T09:48:12Z</time>
</trkpt>
<trkpt lat="55.713763" lon="13.999746">
<ele>113.224</ele>
<time>2020-03-15T09:48:16Z</time>
</trkpt>
<trkpt lat="55.713748" lon="13.999811">
<ele>113.224</ele>
<time>2020-03-15T09:48:19Z</time>
</trkpt>
<trkpt lat="55.713743" lon="13.999831">
<ele>113.225</ele>
<time>2020-03-15T09:48:20Z</time>
</trkpt>
<trkpt lat="55.713735" lon="13.999851">
<ele>113.225</ele>
<time>2020-03-15T09:48:21Z</time>
</trkpt>
<trkpt lat="55.713725" lon="13.999870">
<ele>112.225</ele>
<time>2020-03-15T09:48:22Z</time>
</trkpt>
<trkpt lat="55.713719" lon="13.999884">
<ele>112.225</ele>
<time>2020-03-15T09:48:22Z</time>
</trkpt>
<trkpt lat="55.713700" lon="13.999902">
<ele>112.225</ele>
<time>2020-03-15T09:48:25Z</time>
</trkpt>
<trkpt lat="55.713673" lon="13.999935">
<ele>111.225</ele>
<time>2020-03-15T09:48:28Z</time>
</trkpt>
<trkpt lat="55.713631" lon="14.000003">
<ele>110.225</ele>
<time>2020-03-15T09:48:32Z</time>
</trkpt>
<trkpt lat="55.713572" lon="14.000116">
<ele>109.225</ele>
<time>2020-03-15T09:48:38Z</time>
</trkpt>
<trkpt lat="55.713563" lon="14.000137">
<ele>109.225</ele>
<time>2020-03-15T09:48:39Z</time>
</trkpt>
<trkpt lat="55.713556" lon="14.000158">
<ele>108.225</ele>
<time>2020-03-15T09:48:40Z</time>
</trkpt>
<trkpt lat="55.713546" lon="14.000199">
<ele>108.225</ele>
<time>2020-03-15T09:48:42Z</time>
</trkpt>
<trkpt lat="55.713542" lon="14.000220">
<ele>108.225</ele>
<time>2020-03-15T09:48:43Z</time>
</trkpt>
<trkpt lat="55.713536" lon="14.000239">
<ele>107.225</ele>
<time>2020-03-15T09:48:44Z</time>
</trkpt>
<trkpt lat="55.713522" lon="14.000277">
<ele>107.225</ele>
<time>2020-03-15T09:48:46Z</time>
</trkpt>
<trkpt lat="55.713506" lon="14.000312">
<ele>107.225</ele>
<time>2020-03-15T09:48:48Z</time>
</trkpt>
<trkpt lat="55.713502" lon="14.000322">
<ele>107.225</ele>
<time>2020-03-15T09:48:48Z</time>
</trkpt>
<trkpt lat="55.713484" lon="14.000394">
<ele>108.225</ele>
<time>2020-03-15T09:48:53Z</time>
</trkpt>
<trkpt lat="55.713483" lon="14.000407">
<ele>108.225</ele>
<time>2020-03-15T09:48:55Z</time>
</trkpt>
<trkpt lat="55.713480" lon="14.000416">
<ele>108.225</ele>
<time>2020-03-15T09:48:56Z</time>
</trkpt>
<trkpt lat="55.713474" lon="14.000443">
<ele>109.225</ele>
<time>2020-03-15T09:48:58Z</time>
</trkpt>
<trkpt lat="55.713473" lon="14.000457">
<ele>109.225</ele>
<time>2020-03-15T09:49:00Z</time>
</trkpt>
<trkpt lat="55.713472" lon="14.000462">
<ele>109.225</ele>
<time>2020-03-15T09:49:01Z</time>
</trkpt>
<trkpt lat="55.713472" lon="14.000467">
<ele>109.225</ele>
<time>2020-03-15T09:49:02Z</time>
</trkpt>
<trkpt lat="55.713472" lon="14.000473">
<ele>109.225</ele>
<time>2020-03-15T09:49:03Z</time>
</trkpt>
<trkpt lat="55.713467" lon="14.000495">
<ele>111.226</ele>
<time>2020-03-15T09:49:05Z</time>
</trkpt>
<trkpt lat="55.713463" lon="14.000509">
<ele>110.226</ele>
<time>2020-03-15T09:49:06Z</time>
</trkpt>
<trkpt lat="55.713459" lon="14.000526">
<ele>110.226</ele>
<time>2020-03-15T09:49:07Z</time>
</trkpt>
<trkpt lat="55.713455" lon="14.000544">
<ele>110.226</ele>
<time>2020-03-15T09:49:08Z</time>
</trkpt>
<trkpt lat="55.713451" lon="14.000557">
<ele>110.226</ele>
<time>2020-03-15T09:49:08Z</time>
</trkpt>
<trkpt lat="55.713449" lon="14.000579">
<ele>110.226</ele>
<time>2020-03-15T09:49:10Z</time>
</trkpt>
<trkpt lat="55.713440" lon="14.000593">
<ele>110.226</ele>
<time>2020-03-15T09:49:11Z</time>
</trkpt>
<trkpt lat="55.713400" lon="14.000669">
<ele>107.226</ele>
<time>2020-03-15T09:49:15Z</time>
</trkpt>
<trkpt lat="55.713381" lon="14.000697">
<ele>107.226</ele>
<time>2020-03-15T09:49:17Z</time>
</trkpt>
<trkpt lat="55.713366" lon="14.000723">
<ele>107.226</ele>
<time>2020-03-15T09:49:18Z</time>
</trkpt>
<trkpt lat="55.713344" lon="14.000786">
<ele>106.226</ele>
<time>2020-03-15T09:49:21Z</time>
</trkpt>
<trkpt lat="55.713336" lon="14.000814">
<ele>105.226</ele>
<time>2020-03-15T09:49:22Z</time>
</trkpt>
<trkpt lat="55.713326" lon="14.000842">
<ele>106.226</ele>
<time>2020-03-15T09:49:23Z</time>
</trkpt>
<trkpt lat="55.713312" lon="14.000863">
<ele>107.226</ele>
<time>2020-03-15T09:49:26Z</time>
</trkpt>
<trkpt lat="55.713304" lon="14.000880">
<ele>107.226</ele>
<time>2020-03-15T09:49:27Z</time>
</trkpt>
<trkpt lat="55.713294" lon="14.000907">
<ele>108.226</ele>
<time>2020-03-15T09:49:28Z</time>
</trkpt>
<trkpt lat="55.713287" lon="14.000934">
<ele>108.226</ele>
<time>2020-03-15T09:49:30Z</time>
</trkpt>
<trkpt lat="55.713252" lon="14.001040">
<ele>109.226</ele>
<time>2020-03-15T09:49:35Z</time>
</trkpt>
<trkpt lat="55.713247" lon="14.001053">
<ele>108.226</ele>
<time>2020-03-15T09:49:36Z</time>
</trkpt>
<trkpt lat="55.713246" lon="14.001053">
<ele>108.226</ele>
<time>2020-03-15T09:49:36Z</time>
</trkpt>
<trkpt lat="55.713247" lon="14.001053">
<ele>107.226</ele>
<time>2020-03-15T09:49:37Z</time>
</trkpt>
<trkpt lat="55.713248" lon="14.001053">
<ele>108.226</ele>
<time>2020-03-15T09:49:38Z</time>
</trkpt>
<trkpt lat="55.713249" lon="14.001055">
<ele>108.226</ele>
<time>2020-03-15T09:49:38Z</time>
</trkpt>
<trkpt lat="55.713249" lon="14.001056">
<ele>109.226</ele>
<time>2020-03-15T09:49:39Z</time>
</trkpt>
<trkpt lat="55.713249" lon="14.001067">
<ele>109.226</ele>
<time>2020-03-15T09:49:40Z</time>
</trkpt>
<trkpt lat="55.713251" lon="14.001071">
<ele>109.226</ele>
<time>2020-03-15T09:49:42Z</time>
</trkpt>
<trkpt lat="55.713249" lon="14.001077">
<ele>109.226</ele>
<time>2020-03-15T09:49:43Z</time>
</trkpt>
<trkpt lat="55.713248" lon="14.001083">
<ele>109.226</ele>
<time>2020-03-15T09:49:45Z</time>
</trkpt>
<trkpt lat="55.713248" lon="14.001088">
<ele>109.226</ele>
<time>2020-03-15T09:49:47Z</time>
</trkpt>
<trkpt lat="55.713247" lon="14.001089">
<ele>109.226</ele>
<time>2020-03-15T09:49:48Z</time>
</trkpt>
<trkpt lat="55.713247" lon="14.001090">
<ele>109.226</ele>
<time>2020-03-15T09:49:49Z</time>
</trkpt>
<trkpt lat="55.713247" lon="14.001094">
<ele>111.226</ele>
<time>2020-03-15T09:49:50Z</time>
</trkpt>
<trkpt lat="55.713246" lon="14.001098">
<ele>111.226</ele>
<time>2020-03-15T09:49:51Z</time>
</trkpt>
<trkpt lat="55.713243" lon="14.001102">
<ele>111.226</ele>
<time>2020-03-15T09:49:52Z</time>
</trkpt>
<trkpt lat="55.713241" lon="14.001108">
<ele>111.226</ele>
<time>2020-03-15T09:49:52Z</time>
</trkpt>
<trkpt lat="55.713242" lon="14.001123">
<ele>111.226</ele>
<time>2020-03-15T09:49:53Z</time>
</trkpt>
<trkpt lat="55.713138" lon="14.002170">
<ele>111.228</ele>
<time>2020-03-15T09:50:31Z</time>
</trkpt>
<trkpt lat="55.713044" lon="14.002531">
<ele>111.228</ele>
<time>2020-03-15T09:50:46Z</time>
</trkpt>
<trkpt lat="55.713041" lon="14.002539">
<ele>111.228</ele>
<time>2020-03-15T09:50:47Z</time>
</trkpt>
<trkpt lat="55.712981" lon="14.002829">
<ele>112.229</ele>
<time>2020-03-15T09:51:02Z</time>
</trkpt>
<trkpt lat="55.712941" lon="14.003189">
<ele>110.229</ele>
<time>2020-03-15T09:51:19Z</time>
</trkpt>
<trkpt lat="55.712934" lon="14.003217">
<ele>111.229</ele>
<time>2020-03-15T09:51:23Z</time>
</trkpt>
<trkpt lat="55.712910" lon="14.003345">
<ele>110.229</ele>
<time>2020-03-15T09:51:33Z</time>
</trkpt>
<trkpt lat="55.712906" lon="14.003445">
<ele>109.229</ele>
<time>2020-03-15T09:51:36Z</time>
</trkpt>
<trkpt lat="55.712910" lon="14.003806">
<ele>110.230</ele>
<time>2020-03-15T09:51:48Z</time>
</trkpt>
<trkpt lat="55.712913" lon="14.003827">
<ele>110.230</ele>
<time>2020-03-15T09:51:49Z</time>
</trkpt>
<trkpt lat="55.712917" lon="14.003900">
<ele>111.230</ele>
<time>2020-03-15T09:51:51Z</time>
</trkpt>
<trkpt lat="55.712922" lon="14.003946">
<ele>111.230</ele>
<time>2020-03-15T09:51:53Z</time>
</trkpt>
<trkpt lat="55.712929" lon="14.004045">
<ele>110.230</ele>
<time>2020-03-15T09:51:57Z</time>
</trkpt>
<trkpt lat="55.712913" lon="14.004470">
<ele>111.231</ele>
<time>2020-03-15T09:52:14Z</time>
</trkpt>
<trkpt lat="55.712910" lon="14.004500">
<ele>112.231</ele>
<time>2020-03-15T09:52:15Z</time>
</trkpt>
<trkpt lat="55.712908" lon="14.004515">
<ele>112.231</ele>
<time>2020-03-15T09:52:17Z</time>
</trkpt>
<trkpt lat="55.712906" lon="14.004537">
<ele>112.231</ele>
<time>2020-03-15T09:52:18Z</time>
</trkpt>
<trkpt lat="55.712904" lon="14.004648">
<ele>112.231</ele>
<time>2020-03-15T09:52:22Z</time>
</trkpt>
<trkpt lat="55.712902" lon="14.004680">
<ele>112.231</ele>
<time>2020-03-15T09:52:23Z</time>
</trkpt>
<trkpt lat="55.712901" lon="14.004708">
<ele>113.231</ele>
<time>2020-03-15T09:52:25Z</time>
</trkpt>
<trkpt lat="55.712876" lon="14.004873">
<ele>111.231</ele>
<time>2020-03-15T09:52:32Z</time>
</trkpt>
<trkpt lat="55.712872" lon="14.004891">
<ele>110.231</ele>
<time>2020-03-15T09:52:33Z</time>
</trkpt>
<trkpt lat="55.712862" lon="14.004945">
<ele>110.231</ele>
<time>2020-03-15T09:52:35Z</time>
</trkpt>
<trkpt lat="55.712857" lon="14.004967">
<ele>110.231</ele>
<time>2020-03-15T09:52:36Z</time>
</trkpt>
<trkpt lat="55.712844" lon="14.005008">
<ele>110.231</ele>
<time>2020-03-15T09:52:38Z</time>
</trkpt>
<trkpt lat="55.712829" lon="14.005046">
<ele>110.231</ele>
<time>2020-03-15T09:52:41Z</time>
</trkpt>
<trkpt lat="55.712818" lon="14.005070">
<ele>110.231</ele>
<time>2020-03-15T09:52:41Z</time>
</trkpt>
<trkpt lat="55.712786" lon="14.005126">
<ele>110.232</ele>
<time>2020-03-15T09:52:46Z</time>
</trkpt>
<trkpt lat="55.712708" lon="14.005355">
<ele>111.232</ele>
<time>2020-03-15T09:52:59Z</time>
</trkpt>
<trkpt lat="55.712704" lon="14.005361">
<ele>111.232</ele>
<time>2020-03-15T09:53:00Z</time>
</trkpt>
<trkpt lat="55.712697" lon="14.005373">
<ele>112.232</ele>
<time>2020-03-15T09:53:01Z</time>
</trkpt>
<trkpt lat="55.712693" lon="14.005382">
<ele>113.232</ele>
<time>2020-03-15T09:53:02Z</time>
</trkpt>
<trkpt lat="55.712690" lon="14.005382">
<ele>113.232</ele>
<time>2020-03-15T09:53:02Z</time>
</trkpt>
<trkpt lat="55.712686" lon="14.005382">
<ele>114.232</ele>
<time>2020-03-15T09:53:03Z</time>
</trkpt>
<trkpt lat="55.712679" lon="14.005386">
<ele>115.232</ele>
<time>2020-03-15T09:53:04Z</time>
</trkpt>
<trkpt lat="55.712675" lon="14.005390">
<ele>117.232</ele>
<time>2020-03-15T09:53:04Z</time>
</trkpt>
<trkpt lat="55.712674" lon="14.005394">
<ele>117.232</ele>
<time>2020-03-15T09:53:05Z</time>
</trkpt>
<trkpt lat="55.712672" lon="14.005402">
<ele>118.232</ele>
<time>2020-03-15T09:53:07Z</time>
</trkpt>
<trkpt lat="55.712654" lon="14.005443">
<ele>118.232</ele>
<time>2020-03-15T09:53:10Z</time>
</trkpt>
<trkpt lat="55.712640" lon="14.005490">
<ele>118.232</ele>
<time>2020-03-15T09:53:13Z</time>
</trkpt>
<trkpt lat="55.712605" lon="14.005660">
<ele>117.232</ele>
<time>2020-03-15T09:53:21Z</time>
</trkpt>
<trkpt lat="55.712559" lon="14.006042">
<ele>118.233</ele>
<time>2020-03-15T09:53:38Z</time>
</trkpt>
<trkpt lat="55.712563" lon="14.006103">
<ele>119.233</ele>
<time>2020-03-15T09:53:41Z</time>
</trkpt>
<trkpt lat="55.712562" lon="14.006151">
<ele>119.233</ele>
<time>2020-03-15T09:53:43Z</time>
</trkpt>
<trkpt lat="55.712565" lon="14.006186">
<ele>119.233</ele>
<time>2020-03-15T09:53:44Z</time>
</trkpt>
<trkpt lat="55.712564" lon="14.006208">
<ele>119.233</ele>
<time>2020-03-15T09:53:45Z</time>
</trkpt>
<trkpt lat="55.712561" lon="14.006230">
<ele>118.233</ele>
<time>2020-03-15T09:53:46Z</time>
</trkpt>
<trkpt lat="55.712558" lon="14.006260">
<ele>118.233</ele>
<time>2020-03-15T09:53:47Z</time>
</trkpt>
<trkpt lat="55.712553" lon="14.006287">
<ele>118.233</ele>
<time>2020-03-15T09:53:48Z</time>
</trkpt>
<trkpt lat="55.712552" lon="14.006305">
<ele>118.233</ele>
<time>2020-03-15T09:53:48Z</time>
</trkpt>
<trkpt lat="55.712513" lon="14.006512">
<ele>115.233</ele>
<time>2020-03-15T09:53:55Z</time>
</trkpt>
<trkpt lat="55.712508" lon="14.006529">
<ele>115.234</ele>
<time>2020-03-15T09:53:56Z</time>
</trkpt>
<trkpt lat="55.712503" lon="14.006551">
<ele>113.233</ele>
<time>2020-03-15T09:53:57Z</time>
</trkpt>
<trkpt lat="55.712500" lon="14.006579">
<ele>113.234</ele>
<time>2020-03-15T09:53:58Z</time>
</trkpt>
<trkpt lat="55.712500" lon="14.006603">
<ele>112.234</ele>
<time>2020-03-15T09:53:59Z</time>
</trkpt>
<trkpt lat="55.712500" lon="14.006621">
<ele>112.234</ele>
<time>2020-03-15T09:54:00Z</time>
</trkpt>
<trkpt lat="55.712500" lon="14.006642">
<ele>112.234</ele>
<time>2020-03-15T09:54:01Z</time>
</trkpt>
<trkpt lat="55.712505" lon="14.006670">
<ele>111.234</ele>
<time>2020-03-15T09:54:03Z</time>
</trkpt>
<trkpt lat="55.712506" lon="14.006677">
<ele>111.234</ele>
<time>2020-03-15T09:54:03Z</time>
</trkpt>
<trkpt lat="55.712499" lon="14.006714">
<ele>111.234</ele>
<time>2020-03-15T09:54:06Z</time>
</trkpt>
<trkpt lat="55.712496" lon="14.006734">
<ele>111.234</ele>
<time>2020-03-15T09:54:07Z</time>
</trkpt>
<trkpt lat="55.712494" lon="14.006769">
<ele>110.234</ele>
<time>2020-03-15T09:54:08Z</time>
</trkpt>
<trkpt lat="55.712486" lon="14.006809">
<ele>110.234</ele>
<time>2020-03-15T09:54:10Z</time>
</trkpt>
<trkpt lat="55.712477" lon="14.006846">
<ele>109.234</ele>
<time>2020-03-15T09:54:12Z</time>
</trkpt>
<trkpt lat="55.712469" lon="14.006872">
<ele>110.234</ele>
<time>2020-03-15T09:54:13Z</time>
</trkpt>
<trkpt lat="55.712459" lon="14.006878">
<ele>109.234</ele>
<time>2020-03-15T09:54:15Z</time>
</trkpt>
<trkpt lat="55.712428" lon="14.006906">
<ele>110.234</ele>
<time>2020-03-15T09:54:18Z</time>
</trkpt>
<trkpt lat="55.712422" lon="14.006913">
<ele>110.234</ele>
<time>2020-03-15T09:54:18Z</time>
</trkpt>
<trkpt lat="55.712403" lon="14.006924">
<ele>110.234</ele>
<time>2020-03-15T09:54:20Z</time>
</trkpt>
<trkpt lat="55.712311" lon="14.006935">
<ele>109.234</ele>
<time>2020-03-15T09:54:27Z</time>
</trkpt>
<trkpt lat="55.712254" lon="14.006960">
<ele>109.234</ele>
<time>2020-03-15T09:54:31Z</time>
</trkpt>
<trkpt lat="55.712242" lon="14.006967">
<ele>109.234</ele>
<time>2020-03-15T09:54:32Z</time>
</trkpt>
<trkpt lat="55.712207" lon="14.007002">
<ele>108.234</ele>
<time>2020-03-15T09:54:35Z</time>
</trkpt>
<trkpt lat="55.712195" lon="14.007009">
<ele>108.234</ele>
<time>2020-03-15T09:54:36Z</time>
</trkpt>
<trkpt lat="55.712165" lon="14.007019">
<ele>108.234</ele>
<time>2020-03-15T09:54:38Z</time>
</trkpt>
<trkpt lat="55.712136" lon="14.007038">
<ele>106.234</ele>
<time>2020-03-15T09:54:41Z</time>
</trkpt>
<trkpt lat="55.712122" lon="14.007045">
<ele>106.234</ele>
<time>2020-03-15T09:54:42Z</time>
</trkpt>
<trkpt lat="55.712099" lon="14.007061">
<ele>105.234</ele>
<time>2020-03-15T09:54:43Z</time>
</trkpt>
<trkpt lat="55.711937" lon="14.007221">
<ele>104.235</ele>
<time>2020-03-15T09:54:58Z</time>
</trkpt>
<trkpt lat="55.711926" lon="14.007236">
<ele>103.235</ele>
<time>2020-03-15T09:54:59Z</time>
</trkpt>
<trkpt lat="55.711914" lon="14.007256">
<ele>103.235</ele>
<time>2020-03-15T09:55:00Z</time>
</trkpt>
<trkpt lat="55.711881" lon="14.007301">
<ele>101.235</ele>
<time>2020-03-15T09:55:03Z</time>
</trkpt>
<trkpt lat="55.711855" lon="14.007328">
<ele>101.235</ele>
<time>2020-03-15T09:55:05Z</time>
</trkpt>
<trkpt lat="55.711828" lon="14.007347">
<ele>102.235</ele>
<time>2020-03-15T09:55:07Z</time>
</trkpt>
<trkpt lat="55.711817" lon="14.007353">
<ele>102.235</ele>
<time>2020-03-15T09:55:08Z</time>
</trkpt>
<trkpt lat="55.711792" lon="14.007373">
<ele>101.235</ele>
<time>2020-03-15T09:55:10Z</time>
</trkpt>
<trkpt lat="55.711780" lon="14.007385">
<ele>101.235</ele>
<time>2020-03-15T09:55:11Z</time>
</trkpt>
<trkpt lat="55.711768" lon="14.007400">
<ele>101.235</ele>
<time>2020-03-15T09:55:12Z</time>
</trkpt>
<trkpt lat="55.711618" lon="14.007538">
<ele>101.235</ele>
<time>2020-03-15T09:55:23Z</time>
</trkpt>
<trkpt lat="55.711558" lon="14.007617">
<ele>100.235</ele>
<time>2020-03-15T09:55:31Z</time>
</trkpt>
<trkpt lat="55.711437" lon="14.007720">
<ele>97.236</ele>
<time>2020-03-15T09:55:43Z</time>
</trkpt>
<trkpt lat="55.711427" lon="14.007732">
<ele>97.236</ele>
<time>2020-03-15T09:55:44Z</time>
</trkpt>
<trkpt lat="55.711399" lon="14.007760">
<ele>97.236</ele>
<time>2020-03-15T09:55:47Z</time>
</trkpt>
<trkpt lat="55.711376" lon="14.007794">
<ele>98.236</ele>
<time>2020-03-15T09:55:49Z</time>
</trkpt>
<trkpt lat="55.711362" lon="14.007818">
<ele>97.236</ele>
<time>2020-03-15T09:55:51Z</time>
</trkpt>
<trkpt lat="55.711341" lon="14.007849">
<ele>96.236</ele>
<time>2020-03-15T09:55:53Z</time>
</trkpt>
<trkpt lat="55.711325" lon="14.007878">
<ele>95.236</ele>
<time>2020-03-15T09:55:54Z</time>
</trkpt>
<trkpt lat="55.711310" lon="14.007894">
<ele>95.236</ele>
<time>2020-03-15T09:55:56Z</time>
</trkpt>
<trkpt lat="55.711206" lon="14.007970">
<ele>95.236</ele>
<time>2020-03-15T09:56:04Z</time>
</trkpt>
<trkpt lat="55.711178" lon="14.007999">
<ele>95.236</ele>
<time>2020-03-15T09:56:07Z</time>
</trkpt>
<trkpt lat="55.711167" lon="14.008013">
<ele>94.236</ele>
<time>2020-03-15T09:56:08Z</time>
</trkpt>
<trkpt lat="55.711158" lon="14.008028">
<ele>94.236</ele>
<time>2020-03-15T09:56:09Z</time>
</trkpt>
<trkpt lat="55.711140" lon="14.008054">
<ele>94.236</ele>
<time>2020-03-15T09:56:11Z</time>
</trkpt>
<trkpt lat="55.711098" lon="14.008094">
<ele>94.236</ele>
<time>2020-03-15T09:56:14Z</time>
</trkpt>
<trkpt lat="55.711087" lon="14.008107">
<ele>94.236</ele>
<time>2020-03-15T09:56:16Z</time>
</trkpt>
<trkpt lat="55.711068" lon="14.008123">
<ele>94.236</ele>
<time>2020-03-15T09:56:18Z</time>
</trkpt>
<trkpt lat="55.711057" lon="14.008128">
<ele>95.236</ele>
<time>2020-03-15T09:56:19Z</time>
</trkpt>
<trkpt lat="55.711023" lon="14.008139">
<ele>94.236</ele>
<time>2020-03-15T09:56:22Z</time>
</trkpt>
<trkpt lat="55.711012" lon="14.008144">
<ele>94.237</ele>
<time>2020-03-15T09:56:23Z</time>
</trkpt>
<trkpt lat="55.710992" lon="14.008164">
<ele>94.237</ele>
<time>2020-03-15T09:56:25Z</time>
</trkpt>
<trkpt lat="55.710971" lon="14.008189">
<ele>94.237</ele>
<time>2020-03-15T09:56:27Z</time>
</trkpt>
<trkpt lat="55.710963" lon="14.008203">
<ele>94.237</ele>
<time>2020-03-15T09:56:28Z</time>
</trkpt>
<trkpt lat="55.710953" lon="14.008220">
<ele>93.237</ele>
<time>2020-03-15T09:56:29Z</time>
</trkpt>
<trkpt lat="55.710947" lon="14.008230">
<ele>93.237</ele>
<time>2020-03-15T09:56:29Z</time>
</trkpt>
<trkpt lat="55.710939" lon="14.008248">
<ele>93.237</ele>
<time>2020-03-15T09:56:31Z</time>
</trkpt>
<trkpt lat="55.710900" lon="14.008302">
<ele>93.237</ele>
<time>2020-03-15T09:56:34Z</time>
</trkpt>
<trkpt lat="55.710841" lon="14.008400">
<ele>91.237</ele>
<time>2020-03-15T09:56:40Z</time>
</trkpt>
<trkpt lat="55.710830" lon="14.008423">
<ele>91.237</ele>
<time>2020-03-15T09:56:41Z</time>
</trkpt>
<trkpt lat="55.710786" lon="14.008475">
<ele>91.237</ele>
<time>2020-03-15T09:56:44Z</time>
</trkpt>
<trkpt lat="55.710738" lon="14.008522">
<ele>91.237</ele>
<time>2020-03-15T09:56:49Z</time>
</trkpt>
<trkpt lat="55.710669" lon="14.008610">
<ele>89.237</ele>
<time>2020-03-15T09:56:56Z</time>
</trkpt>
<trkpt lat="55.710659" lon="14.008618">
<ele>89.237</ele>
<time>2020-03-15T09:56:57Z</time>
</trkpt>
<trkpt lat="55.710608" lon="14.008649">
<ele>89.237</ele>
<time>2020-03-15T09:57:01Z</time>
</trkpt>
<trkpt lat="55.710597" lon="14.008654">
<ele>89.237</ele>
<time>2020-03-15T09:57:02Z</time>
</trkpt>
<trkpt lat="55.710572" lon="14.008672">
<ele>89.237</ele>
<time>2020-03-15T09:57:04Z</time>
</trkpt>
<trkpt lat="55.710553" lon="14.008689">
<ele>89.237</ele>
<time>2020-03-15T09:57:05Z</time>
</trkpt>
<trkpt lat="55.710535" lon="14.008702">
<ele>89.238</ele>
<time>2020-03-15T09:57:07Z</time>
</trkpt>
<trkpt lat="55.710525" lon="14.008706">
<ele>90.238</ele>
<time>2020-03-15T09:57:08Z</time>
</trkpt>
<trkpt lat="55.710513" lon="14.008714">
<ele>90.238</ele>
<time>2020-03-15T09:57:09Z</time>
</trkpt>
<trkpt lat="55.710496" lon="14.008721">
<ele>90.238</ele>
<time>2020-03-15T09:57:10Z</time>
</trkpt>
<trkpt lat="55.710466" lon="14.008742">
<ele>90.238</ele>
<time>2020-03-15T09:57:13Z</time>
</trkpt>
<trkpt lat="55.710430" lon="14.008758">
<ele>90.238</ele>
<time>2020-03-15T09:57:15Z</time>
</trkpt>
<trkpt lat="55.710370" lon="14.008794">
<ele>91.238</ele>
<time>2020-03-15T09:57:20Z</time>
</trkpt>
<trkpt lat="55.710358" lon="14.008804">
<ele>91.238</ele>
<time>2020-03-15T09:57:21Z</time>
</trkpt>
<trkpt lat="55.710174" lon="14.008859">
<ele>95.238</ele>
<time>2020-03-15T09:57:35Z</time>
</trkpt>
<trkpt lat="55.710159" lon="14.008869">
<ele>95.238</ele>
<time>2020-03-15T09:57:37Z</time>
</trkpt>
<trkpt lat="55.710115" lon="14.008891">
<ele>93.238</ele>
<time>2020-03-15T09:57:40Z</time>
</trkpt>
<trkpt lat="55.710102" lon="14.008908">
<ele>92.238</ele>
<time>2020-03-15T09:57:42Z</time>
</trkpt>
<trkpt lat="55.710091" lon="14.008914">
<ele>91.238</ele>
<time>2020-03-15T09:57:43Z</time>
</trkpt>
<trkpt lat="55.710080" lon="14.008923">
<ele>91.238</ele>
<time>2020-03-15T09:57:44Z</time>
</trkpt>
<trkpt lat="55.710071" lon="14.008934">
<ele>91.238</ele>
<time>2020-03-15T09:57:45Z</time>
</trkpt>
<trkpt lat="55.710063" lon="14.008941">
<ele>91.238</ele>
<time>2020-03-15T09:57:45Z</time>
</trkpt>
<trkpt lat="55.710049" lon="14.008960">
<ele>91.238</ele>
<time>2020-03-15T09:57:47Z</time>
</trkpt>
<trkpt lat="55.710012" lon="14.008999">
<ele>91.238</ele>
<time>2020-03-15T09:57:50Z</time>
</trkpt>
<trkpt lat="55.709988" lon="14.009037">
<ele>92.238</ele>
<time>2020-03-15T09:57:53Z</time>
</trkpt>
<trkpt lat="55.709980" lon="14.009052">
<ele>92.239</ele>
<time>2020-03-15T09:57:54Z</time>
</trkpt>
<trkpt lat="55.709956" lon="14.009107">
<ele>92.239</ele>
<time>2020-03-15T09:57:57Z</time>
</trkpt>
<trkpt lat="55.709916" lon="14.009170">
<ele>92.239</ele>
<time>2020-03-15T09:58:00Z</time>
</trkpt>
<trkpt lat="55.709904" lon="14.009195">
<ele>92.239</ele>
<time>2020-03-15T09:58:02Z</time>
</trkpt>
<trkpt lat="55.709884" lon="14.009219">
<ele>92.239</ele>
<time>2020-03-15T09:58:04Z</time>
</trkpt>
<trkpt lat="55.709877" lon="14.009234">
<ele>92.239</ele>
<time>2020-03-15T09:58:05Z</time>
</trkpt>
<trkpt lat="55.709860" lon="14.009262">
<ele>91.239</ele>
<time>2020-03-15T09:58:07Z</time>
</trkpt>
<trkpt lat="55.709824" lon="14.009311">
<ele>90.239</ele>
<time>2020-03-15T09:58:10Z</time>
</trkpt>
<trkpt lat="55.709811" lon="14.009332">
<ele>90.239</ele>
<time>2020-03-15T09:58:12Z</time>
</trkpt>
<trkpt lat="55.709776" lon="14.009368">
<ele>89.239</ele>
<time>2020-03-15T09:58:15Z</time>
</trkpt>
<trkpt lat="55.709766" lon="14.009374">
<ele>90.239</ele>
<time>2020-03-15T09:58:17Z</time>
</trkpt>
<trkpt lat="55.709758" lon="14.009382">
<ele>90.239</ele>
<time>2020-03-15T09:58:18Z</time>
</trkpt>
<trkpt lat="55.709742" lon="14.009409">
<ele>90.239</ele>
<time>2020-03-15T09:58:20Z</time>
</trkpt>
<trkpt lat="55.709734" lon="14.009424">
<ele>90.239</ele>
<time>2020-03-15T09:58:21Z</time>
</trkpt>
<trkpt lat="55.709721" lon="14.009460">
<ele>89.239</ele>
<time>2020-03-15T09:58:23Z</time>
</trkpt>
<trkpt lat="55.709718" lon="14.009478">
<ele>89.239</ele>
<time>2020-03-15T09:58:24Z</time>
</trkpt>
<trkpt lat="55.709716" lon="14.009493">
<ele>90.239</ele>
<time>2020-03-15T09:58:25Z</time>
</trkpt>
<trkpt lat="55.709707" lon="14.009519">
<ele>91.239</ele>
<time>2020-03-15T09:58:27Z</time>
</trkpt>
<trkpt lat="55.709679" lon="14.009569">
<ele>91.239</ele>
<time>2020-03-15T09:58:30Z</time>
</trkpt>
<trkpt lat="55.709667" lon="14.009583">
<ele>91.239</ele>
<time>2020-03-15T09:58:32Z</time>
</trkpt>
<trkpt lat="55.709634" lon="14.009635">
<ele>91.240</ele>
<time>2020-03-15T09:58:35Z</time>
</trkpt>
<trkpt lat="55.709622" lon="14.009650">
<ele>91.240</ele>
<time>2020-03-15T09:58:37Z</time>
</trkpt>
<trkpt lat="55.709589" lon="14.009678">
<ele>92.240</ele>
<time>2020-03-15T09:58:41Z</time>
</trkpt>
<trkpt lat="55.709580" lon="14.009687">
<ele>92.240</ele>
<time>2020-03-15T09:58:42Z</time>
</trkpt>
<trkpt lat="55.709571" lon="14.009701">
<ele>92.240</ele>
<time>2020-03-15T09:58:43Z</time>
</trkpt>
<trkpt lat="55.709545" lon="14.009728">
<ele>92.240</ele>
<time>2020-03-15T09:58:45Z</time>
</trkpt>
<trkpt lat="55.709532" lon="14.009743">
<ele>92.240</ele>
<time>2020-03-15T09:58:47Z</time>
</trkpt>
<trkpt lat="55.709522" lon="14.009753">
<ele>91.240</ele>
<time>2020-03-15T09:58:48Z</time>
</trkpt>
<trkpt lat="55.709498" lon="14.009782">
<ele>91.240</ele>
<time>2020-03-15T09:58:50Z</time>
</trkpt>
<trkpt lat="55.709487" lon="14.009793">
<ele>90.240</ele>
<time>2020-03-15T09:58:51Z</time>
</trkpt>
<trkpt lat="55.709476" lon="14.009810">
<ele>90.240</ele>
<time>2020-03-15T09:58:52Z</time>
</trkpt>
<trkpt lat="55.709466" lon="14.009825">
<ele>89.240</ele>
<time>2020-03-15T09:58:53Z</time>
</trkpt>
<trkpt lat="55.709442" lon="14.009878">
<ele>89.240</ele>
<time>2020-03-15T09:58:56Z</time>
</trkpt>
<trkpt lat="55.709349" lon="14.009989">
<ele>89.240</ele>
<time>2020-03-15T09:59:04Z</time>
</trkpt>
<trkpt lat="55.709332" lon="14.010004">
<ele>89.240</ele>
<time>2020-03-15T09:59:06Z</time>
</trkpt>
<trkpt lat="55.709319" lon="14.010011">
<ele>89.240</ele>
<time>2020-03-15T09:59:07Z</time>
</trkpt>
<trkpt lat="55.709295" lon="14.010028">
<ele>88.240</ele>
<time>2020-03-15T09:59:09Z</time>
</trkpt>
<trkpt lat="55.709285" lon="14.010040">
<ele>89.240</ele>
<time>2020-03-15T09:59:10Z</time>
</trkpt>
<trkpt lat="55.709218" lon="14.010155">
<ele>82.040</ele>
<time>2020-03-15T09:59:16Z</time>
</trkpt>
<trkpt lat="55.709146" lon="14.010233">
<ele>82.041</ele>
<time>2020-03-15T09:59:22Z</time>
</trkpt>
<trkpt lat="55.709129" lon="14.010261">
<ele>82.041</ele>
<time>2020-03-15T09:59:24Z</time>
</trkpt>
<trkpt lat="55.709107" lon="14.010306">
<ele>82.041</ele>
<time>2020-03-15T09:59:28Z</time>
</trkpt>
<trkpt lat="55.709070" lon="14.010324">
<ele>82.041</ele>
<time>2020-03-15T09:59:30Z</time>
</trkpt>
<trkpt lat="55.709011" lon="14.010365">
<ele>82.041</ele>
<time>2020-03-15T09:59:34Z</time>
</trkpt>
<trkpt lat="55.708995" lon="14.010372">
<ele>82.041</ele>
<time>2020-03-15T09:59:36Z</time>
</trkpt>
<trkpt lat="55.708985" lon="14.010377">
<ele>82.041</ele>
<time>2020-03-15T09:59:37Z</time>
</trkpt>
<trkpt lat="55.708956" lon="14.010401">
<ele>82.041</ele>
<time>2020-03-15T09:59:40Z</time>
</trkpt>
<trkpt lat="55.708945" lon="14.010414">
<ele>82.041</ele>
<time>2020-03-15T09:59:41Z</time>
</trkpt>
<trkpt lat="55.708935" lon="14.010428">
<ele>82.041</ele>
<time>2020-03-15T09:59:42Z</time>
</trkpt>
<trkpt lat="55.708914" lon="14.010467">
<ele>82.041</ele>
<time>2020-03-15T09:59:44Z</time>
</trkpt>
<trkpt lat="55.708899" lon="14.010479">
<ele>82.041</ele>
<time>2020-03-15T09:59:46Z</time>
</trkpt>
<trkpt lat="55.708856" lon="14.010491">
<ele>82.041</ele>
<time>2020-03-15T09:59:51Z</time>
</trkpt>
<trkpt lat="55.708839" lon="14.010562">
<ele>82.041</ele>
<time>2020-03-15T09:59:53Z</time>
</trkpt>
<trkpt lat="55.708833" lon="14.010597">
<ele>82.041</ele>
<time>2020-03-15T09:59:54Z</time>
</trkpt>
<trkpt lat="55.708831" lon="14.010623">
<ele>82.041</ele>
<time>2020-03-15T09:59:56Z</time>
</trkpt>
<trkpt lat="55.708832" lon="14.010636">
<ele>82.041</ele>
<time>2020-03-15T09:59:57Z</time>
</trkpt>
<trkpt lat="55.708838" lon="14.010670">
<ele>82.041</ele>
<time>2020-03-15T09:59:59Z</time>
</trkpt>
<trkpt lat="55.708838" lon="14.010686">
<ele>82.041</ele>
<time>2020-03-15T10:00:00Z</time>
</trkpt>
<trkpt lat="55.708835" lon="14.010700">
<ele>82.041</ele>
<time>2020-03-15T10:00:01Z</time>
</trkpt>
<trkpt lat="55.708830" lon="14.010714">
<ele>82.041</ele>
<time>2020-03-15T10:00:02Z</time>
</trkpt>
<trkpt lat="55.708814" lon="14.010744">
<ele>82.041</ele>
<time>2020-03-15T10:00:04Z</time>
</trkpt>
<trkpt lat="55.708782" lon="14.010822">
<ele>82.042</ele>
<time>2020-03-15T10:00:09Z</time>
</trkpt>
<trkpt lat="55.708775" lon="14.010843">
<ele>82.042</ele>
<time>2020-03-15T10:00:10Z</time>
</trkpt>
<trkpt lat="55.708769" lon="14.010865">
<ele>82.042</ele>
<time>2020-03-15T10:00:11Z</time>
</trkpt>
<trkpt lat="55.708766" lon="14.010891">
<ele>82.042</ele>
<time>2020-03-15T10:00:12Z</time>
</trkpt>
<trkpt lat="55.708768" lon="14.010942">
<ele>82.042</ele>
<time>2020-03-15T10:00:14Z</time>
</trkpt>
<trkpt lat="55.708765" lon="14.010950">
<ele>82.042</ele>
<time>2020-03-15T10:00:14Z</time>
</trkpt>
<trkpt lat="55.708767" lon="14.010979">
<ele>82.042</ele>
<time>2020-03-15T10:00:16Z</time>
</trkpt>
<trkpt lat="55.708800" lon="14.011130">
<ele>82.042</ele>
<time>2020-03-15T10:00:23Z</time>
</trkpt>
<trkpt lat="55.708808" lon="14.011156">
<ele>82.042</ele>
<time>2020-03-15T10:00:24Z</time>
</trkpt>
<trkpt lat="55.708814" lon="14.011183">
<ele>82.042</ele>
<time>2020-03-15T10:00:26Z</time>
</trkpt>
<trkpt lat="55.708816" lon="14.011203">
<ele>82.042</ele>
<time>2020-03-15T10:00:27Z</time>
</trkpt>
<trkpt lat="55.708819" lon="14.011247">
<ele>82.042</ele>
<time>2020-03-15T10:00:29Z</time>
</trkpt>
<trkpt lat="55.708819" lon="14.011269">
<ele>82.042</ele>
<time>2020-03-15T10:00:30Z</time>
</trkpt>
<trkpt lat="55.708823" lon="14.011308">
<ele>82.042</ele>
<time>2020-03-15T10:00:32Z</time>
</trkpt>
<trkpt lat="55.708835" lon="14.011375">
<ele>82.042</ele>
<time>2020-03-15T10:00:36Z</time>
</trkpt>
<trkpt lat="55.708838" lon="14.011373">
<ele>82.042</ele>
<time>2020-03-15T10:00:37Z</time>
</trkpt>
<trkpt lat="55.708840" lon="14.011383">
<ele>82.042</ele>
<time>2020-03-15T10:00:38Z</time>
</trkpt>
<trkpt lat="55.708842" lon="14.011394">
<ele>82.042</ele>
<time>2020-03-15T10:00:39Z</time>
</trkpt>
<trkpt lat="55.708845" lon="14.011410">
<ele>82.042</ele>
<time>2020-03-15T10:00:40Z</time>
</trkpt>
<trkpt lat="55.708850" lon="14.011425">
<ele>82.042</ele>
<time>2020-03-15T10:00:41Z</time>
</trkpt>
<trkpt lat="55.708858" lon="14.011463">
<ele>82.042</ele>
<time>2020-03-15T10:00:43Z</time>
</trkpt>
<trkpt lat="55.708864" lon="14.011510">
<ele>82.042</ele>
<time>2020-03-15T10:00:46Z</time>
</trkpt>
<trkpt lat="55.708856" lon="14.011628">
<ele>82.042</ele>
<time>2020-03-15T10:00:53Z</time>
</trkpt>
<trkpt lat="55.708837" lon="14.011741">
<ele>82.043</ele>
<time>2020-03-15T10:00:59Z</time>
</trkpt>
<trkpt lat="55.708836" lon="14.011761">
<ele>82.043</ele>
<time>2020-03-15T10:01:00Z</time>
</trkpt>
<trkpt lat="55.708838" lon="14.011844">
<ele>82.043</ele>
<time>2020-03-15T10:01:04Z</time>
</trkpt>
<trkpt lat="55.708842" lon="14.011894">
<ele>84.243</ele>
<time>2020-03-15T10:01:06Z</time>
</trkpt>
<trkpt lat="55.708843" lon="14.011933">
<ele>84.243</ele>
<time>2020-03-15T10:01:08Z</time>
</trkpt>
<trkpt lat="55.708837" lon="14.012013">
<ele>84.243</ele>
<time>2020-03-15T10:01:11Z</time>
</trkpt>
<trkpt lat="55.708834" lon="14.012028">
<ele>84.243</ele>
<time>2020-03-15T10:01:13Z</time>
</trkpt>
<trkpt lat="55.708826" lon="14.012126">
<ele>83.243</ele>
<time>2020-03-15T10:01:18Z</time>
</trkpt>
<trkpt lat="55.708826" lon="14.012146">
<ele>83.243</ele>
<time>2020-03-15T10:01:19Z</time>
</trkpt>
<trkpt lat="55.708830" lon="14.012214">
<ele>83.243</ele>
<time>2020-03-15T10:01:21Z</time>
</trkpt>
<trkpt lat="55.708842" lon="14.012275">
<ele>83.243</ele>
<time>2020-03-15T10:01:24Z</time>
</trkpt>
<trkpt lat="55.708848" lon="14.012297">
<ele>84.243</ele>
<time>2020-03-15T10:01:25Z</time>
</trkpt>
<trkpt lat="55.708869" lon="14.012360">
<ele>83.243</ele>
<time>2020-03-15T10:01:28Z</time>
</trkpt>
<trkpt lat="55.708938" lon="14.012706">
<ele>81.244</ele>
<time>2020-03-15T10:01:41Z</time>
</trkpt>
<trkpt lat="55.708942" lon="14.012711">
<ele>82.244</ele>
<time>2020-03-15T10:01:43Z</time>
</trkpt>
<trkpt lat="55.708945" lon="14.012726">
<ele>82.244</ele>
<time>2020-03-15T10:01:44Z</time>
</trkpt>
<trkpt lat="55.708949" lon="14.012748">
<ele>82.244</ele>
<time>2020-03-15T10:01:45Z</time>
</trkpt>
<trkpt lat="55.708961" lon="14.012805">
<ele>82.244</ele>
<time>2020-03-15T10:01:48Z</time>
</trkpt>
<trkpt lat="55.708966" lon="14.012820">
<ele>82.244</ele>
<time>2020-03-15T10:01:49Z</time>
</trkpt>
<trkpt lat="55.708973" lon="14.012844">
<ele>82.244</ele>
<time>2020-03-15T10:01:51Z</time>
</trkpt>
<trkpt lat="55.709017" lon="14.012940">
<ele>81.244</ele>
<time>2020-03-15T10:01:57Z</time>
</trkpt>
<trkpt lat="55.709119" lon="14.013363">
<ele>77.244</ele>
<time>2020-03-15T10:02:15Z</time>
</trkpt>
<trkpt lat="55.709138" lon="14.013513">
<ele>78.244</ele>
<time>2020-03-15T10:02:22Z</time>
</trkpt>
<trkpt lat="55.709141" lon="14.013553">
<ele>77.244</ele>
<time>2020-03-15T10:02:24Z</time>
</trkpt>
<trkpt lat="55.709146" lon="14.013578">
<ele>78.244</ele>
<time>2020-03-15T10:02:25Z</time>
</trkpt>
<trkpt lat="55.709152" lon="14.013568">
<ele>78.244</ele>
<time>2020-03-15T10:02:27Z</time>
</trkpt>
<trkpt lat="55.709161" lon="14.013591">
<ele>78.244</ele>
<time>2020-03-15T10:02:29Z</time>
</trkpt>
<trkpt lat="55.709166" lon="14.013606">
<ele>78.244</ele>
<time>2020-03-15T10:02:30Z</time>
</trkpt>
<trkpt lat="55.709172" lon="14.013628">
<ele>77.244</ele>
<time>2020-03-15T10:02:31Z</time>
</trkpt>
<trkpt lat="55.709177" lon="14.013655">
<ele>78.244</ele>
<time>2020-03-15T10:02:32Z</time>
</trkpt>
<trkpt lat="55.709192" lon="14.013755">
<ele>77.245</ele>
<time>2020-03-15T10:02:37Z</time>
</trkpt>
<trkpt lat="55.709193" lon="14.013768">
<ele>77.245</ele>
<time>2020-03-15T10:02:38Z</time>
</trkpt>
<trkpt lat="55.709199" lon="14.013837">
<ele>77.245</ele>
<time>2020-03-15T10:02:43Z</time>
</trkpt>
<trkpt lat="55.709202" lon="14.013850">
<ele>77.245</ele>
<time>2020-03-15T10:02:44Z</time>
</trkpt>
<trkpt lat="55.709205" lon="14.013872">
<ele>77.245</ele>
<time>2020-03-15T10:02:45Z</time>
</trkpt>
<trkpt lat="55.709215" lon="14.013930">
<ele>75.245</ele>
<time>2020-03-15T10:02:50Z</time>
</trkpt>
<trkpt lat="55.709233" lon="14.014074">
<ele>75.245</ele>
<time>2020-03-15T10:02:58Z</time>
</trkpt>
<trkpt lat="55.709239" lon="14.014224">
<ele>76.245</ele>
<time>2020-03-15T10:03:03Z</time>
</trkpt>
<trkpt lat="55.709237" lon="14.014268">
<ele>76.245</ele>
<time>2020-03-15T10:03:05Z</time>
</trkpt>
<trkpt lat="55.709236" lon="14.014279">
<ele>76.245</ele>
<time>2020-03-15T10:03:06Z</time>
</trkpt>
<trkpt lat="55.709235" lon="14.014309">
<ele>76.245</ele>
<time>2020-03-15T10:03:08Z</time>
</trkpt>
<trkpt lat="55.709231" lon="14.014346">
<ele>76.245</ele>
<time>2020-03-15T10:03:10Z</time>
</trkpt>
<trkpt lat="55.709233" lon="14.014431">
<ele>75.245</ele>
<time>2020-03-15T10:03:13Z</time>
</trkpt>
<trkpt lat="55.709228" lon="14.014530">
<ele>74.245</ele>
<time>2020-03-15T10:03:17Z</time>
</trkpt>
<trkpt lat="55.709228" lon="14.014660">
<ele>71.245</ele>
<time>2020-03-15T10:03:24Z</time>
</trkpt>
<trkpt lat="55.709218" lon="14.014756">
<ele>70.246</ele>
<time>2020-03-15T10:03:29Z</time>
</trkpt>
<trkpt lat="55.709217" lon="14.014775">
<ele>70.246</ele>
<time>2020-03-15T10:03:30Z</time>
</trkpt>
<trkpt lat="55.709197" lon="14.014923">
<ele>70.246</ele>
<time>2020-03-15T10:03:37Z</time>
</trkpt>
<trkpt lat="55.709196" lon="14.014951">
<ele>70.246</ele>
<time>2020-03-15T10:03:38Z</time>
</trkpt>
<trkpt lat="55.709183" lon="14.015022">
<ele>70.246</ele>
<time>2020-03-15T10:03:42Z</time>
</trkpt>
<trkpt lat="55.709179" lon="14.015048">
<ele>70.246</ele>
<time>2020-03-15T10:03:43Z</time>
</trkpt>
<trkpt lat="55.709176" lon="14.015066">
<ele>70.246</ele>
<time>2020-03-15T10:03:44Z</time>
</trkpt>
<trkpt lat="55.709173" lon="14.015088">
<ele>70.246</ele>
<time>2020-03-15T10:03:45Z</time>
</trkpt>
<trkpt lat="55.709170" lon="14.015106">
<ele>70.246</ele>
<time>2020-03-15T10:03:46Z</time>
</trkpt>
<trkpt lat="55.709150" lon="14.015284">
<ele>69.246</ele>
<time>2020-03-15T10:03:55Z</time>
</trkpt>
<trkpt lat="55.709148" lon="14.015281">
<ele>69.246</ele>
<time>2020-03-15T10:03:56Z</time>
</trkpt>
<trkpt lat="55.709147" lon="14.015290">
<ele>69.246</ele>
<time>2020-03-15T10:03:57Z</time>
</trkpt>
<trkpt lat="55.709145" lon="14.015301">
<ele>70.246</ele>
<time>2020-03-15T10:03:58Z</time>
</trkpt>
<trkpt lat="55.709146" lon="14.015324">
<ele>69.246</ele>
<time>2020-03-15T10:04:00Z</time>
</trkpt>
<trkpt lat="55.709144" lon="14.015387">
<ele>68.246</ele>
<time>2020-03-15T10:04:04Z</time>
</trkpt>
<trkpt lat="55.709143" lon="14.015404">
<ele>68.246</ele>
<time>2020-03-15T10:04:05Z</time>
</trkpt>
<trkpt lat="55.709136" lon="14.015450">
<ele>68.246</ele>
<time>2020-03-15T10:04:07Z</time>
</trkpt>
<trkpt lat="55.709132" lon="14.015503">
<ele>68.246</ele>
<time>2020-03-15T10:04:10Z</time>
</trkpt>
<trkpt lat="55.709124" lon="14.015708">
<ele>67.247</ele>
<time>2020-03-15T10:04:20Z</time>
</trkpt>
<trkpt lat="55.709127" lon="14.015790">
<ele>66.247</ele>
<time>2020-03-15T10:04:23Z</time>
</trkpt>
<trkpt lat="55.709126" lon="14.015810">
<ele>65.247</ele>
<time>2020-03-15T10:04:24Z</time>
</trkpt>
<trkpt lat="55.709124" lon="14.015830">
<ele>65.247</ele>
<time>2020-03-15T10:04:25Z</time>
</trkpt>
<trkpt lat="55.709121" lon="14.015851">
<ele>64.247</ele>
<time>2020-03-15T10:04:26Z</time>
</trkpt>
<trkpt lat="55.709112" lon="14.015888">
<ele>64.247</ele>
<time>2020-03-15T10:04:28Z</time>
</trkpt>
<trkpt lat="55.709109" lon="14.015889">
<ele>64.247</ele>
<time>2020-03-15T10:04:29Z</time>
</trkpt>
<trkpt lat="55.709100" lon="14.015936">
<ele>65.247</ele>
<time>2020-03-15T10:04:32Z</time>
</trkpt>
<trkpt lat="55.709097" lon="14.015957">
<ele>65.247</ele>
<time>2020-03-15T10:04:33Z</time>
</trkpt>
<trkpt lat="55.709094" lon="14.015988">
<ele>65.247</ele>
<time>2020-03-15T10:04:34Z</time>
</trkpt>
<trkpt lat="55.709094" lon="14.016012">
<ele>64.247</ele>
<time>2020-03-15T10:04:35Z</time>
</trkpt>
<trkpt lat="55.709099" lon="14.016066">
<ele>64.247</ele>
<time>2020-03-15T10:04:37Z</time>
</trkpt>
<trkpt lat="55.709105" lon="14.016100">
<ele>64.247</ele>
<time>2020-03-15T10:04:39Z</time>
</trkpt>
<trkpt lat="55.709108" lon="14.016125">
<ele>63.247</ele>
<time>2020-03-15T10:04:41Z</time>
</trkpt>
<trkpt lat="55.709109" lon="14.016146">
<ele>63.247</ele>
<time>2020-03-15T10:04:42Z</time>
</trkpt>
<trkpt lat="55.709108" lon="14.016166">
<ele>63.247</ele>
<time>2020-03-15T10:04:44Z</time>
</trkpt>
<trkpt lat="55.709093" lon="14.016253">
<ele>62.247</ele>
<time>2020-03-15T10:04:49Z</time>
</trkpt>
<trkpt lat="55.709079" lon="14.016315">
<ele>60.247</ele>
<time>2020-03-15T10:04:52Z</time>
</trkpt>
<trkpt lat="55.709062" lon="14.016414">
<ele>59.247</ele>
<time>2020-03-15T10:04:56Z</time>
</trkpt>
<trkpt lat="55.709058" lon="14.016460">
<ele>59.247</ele>
<time>2020-03-15T10:04:57Z</time>
</trkpt>
<trkpt lat="55.709057" lon="14.016500">
<ele>59.248</ele>
<time>2020-03-15T10:04:59Z</time>
</trkpt>
<trkpt lat="55.709044" lon="14.016653">
<ele>59.248</ele>
<time>2020-03-15T10:05:04Z</time>
</trkpt>
<trkpt lat="55.709041" lon="14.016759">
<ele>60.248</ele>
<time>2020-03-15T10:05:07Z</time>
</trkpt>
<trkpt lat="55.709039" lon="14.016792">
<ele>59.248</ele>
<time>2020-03-15T10:05:09Z</time>
</trkpt>
<trkpt lat="55.709036" lon="14.016813">
<ele>59.248</ele>
<time>2020-03-15T10:05:10Z</time>
</trkpt>
<trkpt lat="55.709025" lon="14.016864">
<ele>57.248</ele>
<time>2020-03-15T10:05:12Z</time>
</trkpt>
<trkpt lat="55.709017" lon="14.016887">
<ele>58.248</ele>
<time>2020-03-15T10:05:14Z</time>
</trkpt>
<trkpt lat="55.709010" lon="14.016900">
<ele>58.248</ele>
<time>2020-03-15T10:05:15Z</time>
</trkpt>
<trkpt lat="55.709002" lon="14.016911">
<ele>58.248</ele>
<time>2020-03-15T10:05:16Z</time>
</trkpt>
<trkpt lat="55.708994" lon="14.016918">
<ele>58.248</ele>
<time>2020-03-15T10:05:17Z</time>
</trkpt>
<trkpt lat="55.708989" lon="14.016924">
<ele>58.248</ele>
<time>2020-03-15T10:05:17Z</time>
</trkpt>
<trkpt lat="55.708974" lon="14.016930">
<ele>58.248</ele>
<time>2020-03-15T10:05:19Z</time>
</trkpt>
<trkpt lat="55.708964" lon="14.016935">
<ele>58.248</ele>
<time>2020-03-15T10:05:20Z</time>
</trkpt>
<trkpt lat="55.708954" lon="14.016944">
<ele>58.248</ele>
<time>2020-03-15T10:05:21Z</time>
</trkpt>
<trkpt lat="55.708918" lon="14.016987">
<ele>57.248</ele>
<time>2020-03-15T10:05:24Z</time>
</trkpt>
<trkpt lat="55.708804" lon="14.017069">
<ele>55.248</ele>
<time>2020-03-15T10:05:32Z</time>
</trkpt>
<trkpt lat="55.708789" lon="14.017086">
<ele>54.248</ele>
<time>2020-03-15T10:05:34Z</time>
</trkpt>
<trkpt lat="55.708778" lon="14.017102">
<ele>54.248</ele>
<time>2020-03-15T10:05:35Z</time>
</trkpt>
<trkpt lat="55.708768" lon="14.017118">
<ele>54.248</ele>
<time>2020-03-15T10:05:36Z</time>
</trkpt>
<trkpt lat="55.708761" lon="14.017134">
<ele>54.248</ele>
<time>2020-03-15T10:05:37Z</time>
</trkpt>
<trkpt lat="55.708755" lon="14.017144">
<ele>54.249</ele>
<time>2020-03-15T10:05:37Z</time>
</trkpt>
<trkpt lat="55.708749" lon="14.017172">
<ele>54.249</ele>
<time>2020-03-15T10:05:39Z</time>
</trkpt>
<trkpt lat="55.708728" lon="14.017232">
<ele>54.249</ele>
<time>2020-03-15T10:05:42Z</time>
</trkpt>
<trkpt lat="55.708708" lon="14.017277">
<ele>54.249</ele>
<time>2020-03-15T10:05:44Z</time>
</trkpt>
<trkpt lat="55.708663" lon="14.017399">
<ele>53.249</ele>
<time>2020-03-15T10:05:49Z</time>
</trkpt>
<trkpt lat="55.708603" lon="14.017672">
<ele>53.249</ele>
<time>2020-03-15T10:06:01Z</time>
</trkpt>
<trkpt lat="55.708594" lon="14.017740">
<ele>53.249</ele>
<time>2020-03-15T10:06:04Z</time>
</trkpt>
<trkpt lat="55.708588" lon="14.017823">
<ele>54.249</ele>
<time>2020-03-15T10:06:08Z</time>
</trkpt>
<trkpt lat="55.708590" lon="14.017944">
<ele>55.250</ele>
<time>2020-03-15T10:06:14Z</time>
</trkpt>
<trkpt lat="55.708594" lon="14.018027">
<ele>55.250</ele>
<time>2020-03-15T10:06:18Z</time>
</trkpt>
<trkpt lat="55.708596" lon="14.018049">
<ele>55.250</ele>
<time>2020-03-15T10:06:19Z</time>
</trkpt>
<trkpt lat="55.708620" lon="14.018172">
<ele>55.250</ele>
<time>2020-03-15T10:06:25Z</time>
</trkpt>
<trkpt lat="55.708648" lon="14.018274">
<ele>56.250</ele>
<time>2020-03-15T10:06:30Z</time>
</trkpt>
<trkpt lat="55.708666" lon="14.018359">
<ele>58.250</ele>
<time>2020-03-15T10:06:34Z</time>
</trkpt>
<trkpt lat="55.708675" lon="14.018391">
<ele>58.250</ele>
<time>2020-03-15T10:06:36Z</time>
</trkpt>
<trkpt lat="55.708681" lon="14.018406">
<ele>58.250</ele>
<time>2020-03-15T10:06:37Z</time>
</trkpt>
<trkpt lat="55.708690" lon="14.018446">
<ele>58.250</ele>
<time>2020-03-15T10:06:39Z</time>
</trkpt>
<trkpt lat="55.708694" lon="14.018466">
<ele>57.250</ele>
<time>2020-03-15T10:06:40Z</time>
</trkpt>
<trkpt lat="55.708695" lon="14.018484">
<ele>57.250</ele>
<time>2020-03-15T10:06:41Z</time>
</trkpt>
<trkpt lat="55.708716" lon="14.018632">
<ele>59.250</ele>
<time>2020-03-15T10:06:48Z</time>
</trkpt>
<trkpt lat="55.708720" lon="14.018649">
<ele>59.250</ele>
<time>2020-03-15T10:06:49Z</time>
</trkpt>
<trkpt lat="55.708725" lon="14.018662">
<ele>59.250</ele>
<time>2020-03-15T10:06:50Z</time>
</trkpt>
<trkpt lat="55.708737" lon="14.018692">
<ele>60.250</ele>
<time>2020-03-15T10:06:52Z</time>
</trkpt>
<trkpt lat="55.708746" lon="14.018719">
<ele>60.250</ele>
<time>2020-03-15T10:06:52Z</time>
</trkpt>
<trkpt lat="55.708770" lon="14.018820">
<ele>60.250</ele>
<time>2020-03-15T10:06:57Z</time>
</trkpt>
<trkpt lat="55.708835" lon="14.019027">
<ele>60.251</ele>
<time>2020-03-15T10:07:10Z</time>
</trkpt>
<trkpt lat="55.708847" lon="14.019054">
<ele>60.251</ele>
<time>2020-03-15T10:07:12Z</time>
</trkpt>
<trkpt lat="55.708853" lon="14.019068">
<ele>60.251</ele>
<time>2020-03-15T10:07:13Z</time>
</trkpt>
<trkpt lat="55.708858" lon="14.019084">
<ele>60.251</ele>
<time>2020-03-15T10:07:14Z</time>
</trkpt>
<trkpt lat="55.708889" lon="14.019221">
<ele>60.251</ele>
<time>2020-03-15T10:07:20Z</time>
</trkpt>
<trkpt lat="55.708893" lon="14.019252">
<ele>60.251</ele>
<time>2020-03-15T10:07:21Z</time>
</trkpt>
<trkpt lat="55.708936" lon="14.019444">
<ele>62.251</ele>
<time>2020-03-15T10:07:29Z</time>
</trkpt>
<trkpt lat="55.708959" lon="14.019513">
<ele>62.251</ele>
<time>2020-03-15T10:07:33Z</time>
</trkpt>
<trkpt lat="55.709059" lon="14.019922">
<ele>64.252</ele>
<time>2020-03-15T10:07:50Z</time>
</trkpt>
<trkpt lat="55.709074" lon="14.019966">
<ele>64.252</ele>
<time>2020-03-15T10:07:52Z</time>
</trkpt>
<trkpt lat="55.709079" lon="14.019992">
<ele>64.252</ele>
<time>2020-03-15T10:07:53Z</time>
</trkpt>
<trkpt lat="55.709085" lon="14.020018">
<ele>64.252</ele>
<time>2020-03-15T10:07:54Z</time>
</trkpt>
<trkpt lat="55.709103" lon="14.020062">
<ele>65.252</ele>
<time>2020-03-15T10:07:56Z</time>
</trkpt>
<trkpt lat="55.709134" lon="14.020122">
<ele>69.252</ele>
<time>2020-03-15T10:08:00Z</time>
</trkpt>
<trkpt lat="55.709159" lon="14.020210">
<ele>76.252</ele>
<time>2020-03-15T10:08:05Z</time>
</trkpt>
<trkpt lat="55.709161" lon="14.020231">
<ele>77.252</ele>
<time>2020-03-15T10:08:06Z</time>
</trkpt>
<trkpt lat="55.709161" lon="14.020244">
<ele>78.252</ele>
<time>2020-03-15T10:08:07Z</time>
</trkpt>
<trkpt lat="55.709158" lon="14.020261">
<ele>80.252</ele>
<time>2020-03-15T10:08:08Z</time>
</trkpt>
<trkpt lat="55.709167" lon="14.020281">
<ele>80.252</ele>
<time>2020-03-15T10:08:10Z</time>
</trkpt>
<trkpt lat="55.709191" lon="14.020297">
<ele>81.252</ele>
<time>2020-03-15T10:08:12Z</time>
</trkpt>
<trkpt lat="55.709211" lon="14.020315">
<ele>81.252</ele>
<time>2020-03-15T10:08:13Z</time>
</trkpt>
<trkpt lat="55.709223" lon="14.020316">
<ele>81.252</ele>
<time>2020-03-15T10:08:15Z</time>
</trkpt>
<trkpt lat="55.709230" lon="14.020314">
<ele>81.252</ele>
<time>2020-03-15T10:08:16Z</time>
</trkpt>
<trkpt lat="55.709234" lon="14.020307">
<ele>81.252</ele>
<time>2020-03-15T10:08:17Z</time>
</trkpt>
<trkpt lat="55.709229" lon="14.020300">
<ele>82.252</ele>
<time>2020-03-15T10:08:18Z</time>
</trkpt>
<trkpt lat="55.709228" lon="14.020293">
<ele>82.252</ele>
<time>2020-03-15T10:08:20Z</time>
</trkpt>
<trkpt lat="55.709244" lon="14.020270">
<ele>81.252</ele>
<time>2020-03-15T10:08:23Z</time>
</trkpt>
<trkpt lat="55.709249" lon="14.020260">
<ele>81.252</ele>
<time>2020-03-15T10:08:24Z</time>
</trkpt>
<trkpt lat="55.709259" lon="14.020231">
<ele>82.252</ele>
<time>2020-03-15T10:08:26Z</time>
</trkpt>
<trkpt lat="55.709261" lon="14.020212">
<ele>82.252</ele>
<time>2020-03-15T10:08:27Z</time>
</trkpt>
<trkpt lat="55.709260" lon="14.020195">
<ele>82.252</ele>
<time>2020-03-15T10:08:28Z</time>
</trkpt>
<trkpt lat="55.709259" lon="14.020188">
<ele>82.252</ele>
<time>2020-03-15T10:08:28Z</time>
</trkpt>
<trkpt lat="55.709263" lon="14.020189">
<ele>82.252</ele>
<time>2020-03-15T10:08:30Z</time>
</trkpt>
<trkpt lat="55.709268" lon="14.020198">
<ele>82.252</ele>
<time>2020-03-15T10:08:33Z</time>
</trkpt>
<trkpt lat="55.709268" lon="14.020199">
<ele>82.252</ele>
<time>2020-03-15T10:08:35Z</time>
</trkpt>
<trkpt lat="55.709269" lon="14.020199">
<ele>82.252</ele>
<time>2020-03-15T10:08:36Z</time>
</trkpt>
<trkpt lat="55.709269" lon="14.020200">
<ele>82.252</ele>
<time>2020-03-15T10:08:37Z</time>
</trkpt>
<trkpt lat="55.709269" lon="14.020200">
<ele>82.252</ele>
<time>2020-03-15T10:08:42Z</time>
</trkpt>
<trkpt lat="55.709269" lon="14.020200">
<ele>82.252</ele>
<time>2020-03-15T10:08:58Z</time>
</trkpt>
<trkpt lat="55.709291" lon="14.020214">
<ele>83.252</ele>
<time>2020-03-15T10:09:00Z</time>
</trkpt>
<trkpt lat="55.709302" lon="14.020227">
<ele>83.252</ele>
<time>2020-03-15T10:09:01Z</time>
</trkpt>
<trkpt lat="55.709310" lon="14.020244">
<ele>83.252</ele>
<time>2020-03-15T10:09:02Z</time>
</trkpt>
<trkpt lat="55.709315" lon="14.020271">
<ele>83.252</ele>
<time>2020-03-15T10:09:03Z</time>
</trkpt>
<trkpt lat="55.709314" lon="14.020293">
<ele>83.252</ele>
<time>2020-03-15T10:09:04Z</time>
</trkpt>
<trkpt lat="55.709304" lon="14.020316">
<ele>83.252</ele>
<time>2020-03-15T10:09:05Z</time>
</trkpt>
<trkpt lat="55.709288" lon="14.020345">
<ele>82.252</ele>
<time>2020-03-15T10:09:07Z</time>
</trkpt>
<trkpt lat="55.709284" lon="14.020345">
<ele>82.252</ele>
<time>2020-03-15T10:09:08Z</time>
</trkpt>
<trkpt lat="55.709282" lon="14.020342">
<ele>82.252</ele>
<time>2020-03-15T10:09:09Z</time>
</trkpt>
<trkpt lat="55.709281" lon="14.020338">
<ele>82.252</ele>
<time>2020-03-15T10:09:10Z</time>
</trkpt>
<trkpt lat="55.709279" lon="14.020339">
<ele>82.252</ele>
<time>2020-03-15T10:09:11Z</time>
</trkpt>
<trkpt lat="55.709273" lon="14.020353">
<ele>81.252</ele>
<time>2020-03-15T10:09:13Z</time>
</trkpt>
<trkpt lat="55.709271" lon="14.020358">
<ele>81.252</ele>
<time>2020-03-15T10:09:14Z</time>
</trkpt>
<trkpt lat="55.709274" lon="14.020367">
<ele>81.252</ele>
<time>2020-03-15T10:09:15Z</time>
</trkpt>
<trkpt lat="55.709275" lon="14.020371">
<ele>81.252</ele>
<time>2020-03-15T10:09:16Z</time>
</trkpt>
<trkpt lat="55.709276" lon="14.020374">
<ele>81.252</ele>
<time>2020-03-15T10:09:17Z</time>
</trkpt>
<trkpt lat="55.709276" lon="14.020375">
<ele>81.252</ele>
<time>2020-03-15T10:09:18Z</time>
</trkpt>
<trkpt lat="55.709277" lon="14.020376">
<ele>81.252</ele>
<time>2020-03-15T10:09:19Z</time>
</trkpt>
<trkpt lat="55.709277" lon="14.020377">
<ele>81.252</ele>
<time>2020-03-15T10:09:20Z</time>
</trkpt>
<trkpt lat="55.709277" lon="14.020377">
<ele>81.252</ele>
<time>2020-03-15T10:09:21Z</time>
</trkpt>
<trkpt lat="55.709277" lon="14.020377">
<ele>81.252</ele>
<time>2020-03-15T10:09:33Z</time>
</trkpt>
<trkpt lat="55.709251" lon="14.020440">
<ele>83.252</ele>
<time>2020-03-15T10:09:54Z</time>
</trkpt>
<trkpt lat="55.709253" lon="14.020440">
<ele>84.252</ele>
<time>2020-03-15T10:09:55Z</time>
</trkpt>
<trkpt lat="55.709245" lon="14.020483">
<ele>85.252</ele>
<time>2020-03-15T10:09:57Z</time>
</trkpt>
</trkseg>
</trk>
</gpx>
